Unity Editor version:    6000.7.0a5 (a15235a53881)
Branch:                  trunk
Build type:              Release
Batch mode:              YES
macOS version:           Version 26.6.2 (Build 25G83)
Darwin version:          25.6.0
Architecture:            arm64
Running under Rosetta:   NO
Available memory:        65536 MB
Date:                    2026-09-10T16:45:53Z
VBCSCompilerPreWarmer: pre-warm launched (dotnet PID 18667)
VBCSCompiler prewarm took 2.26 ms

The following diagnostic switches are modified from their default values:
	DebugAllocatorMode: ReleaseMemory (default DecommitMemory)

[Licensing::Module] Trying to connect to existing licensing client channel...
[Licensing::IpcConnector] Successfully connected to: "LicenseClient-ilseoblee" at "2026-09-10T16:45:53.319079Z"
Launching external process: /Applications/Unity/Hub/Editor/6000.7.0a5/Unity.app/Contents/Helpers/PackageManager/Server/UnityPackageManager

COMMAND LINE ARGUMENTS:
/Applications/Unity/Hub/Editor/6000.7.0a5/Unity.app/Contents/MacOS/Unity
-batchmode
-nographics
-quit
-projectPath
/Users/ilseoblee/workspace/seoul-kenshi-wt/unity-poc-mac/Game
-executeMethod
Janseon.Foundation.Editor.FoundationProjectBuilder.BuildStandaloneOsxDevelopmentPlayer
-buildOutput
/Users/ilseoblee/workspace/seoul-kenshi-wt/unity-poc-mac/.omo/evidence/unity-html-poc-ui-parity/task-07/player/Targeting.app
-logFile
/Users/ilseoblee/workspace/seoul-kenshi-wt/unity-poc-mac/.omo/evidence/unity-html-poc-ui-parity/task-07/build.log
Successfully changed project path to: /Users/ilseoblee/workspace/seoul-kenshi-wt/unity-poc-mac/Game
/Users/ilseoblee/workspace/seoul-kenshi-wt/unity-poc-mac/Game
[UnityMemory] Configuration Parameters - Can be set up in boot.config
    "memorysetup-temp-allocator-size-gi-baking-worker=262144"
    "memorysetup-temp-allocator-size-gi-baking-worker=262144"
    "memorysetup-temp-allocator-size-gi-baking-worker=262144"
    "memorysetup-temp-allocator-size-gi-baking-worker=262144"
    "memorysetup-temp-allocator-size-gi-baking-worker=262144"
    "memorysetup-temp-allocator-size-nav-mesh-worker=65536"
    "memorysetup-temp-allocator-size-audio-worker=65536"
    "memorysetup-temp-allocator-size-cloud-worker=32768"
    "memorysetup-entities-archetype-allocator-budget=16777216"
    "memorysetup-entities-query-allocator-budget=16777216"
    "memorysetup-temp-allocator-size-preload-manager=33554432"
    "memorysetup-remapper-allocator-initial-capacity=32768"
    "memorysetup-temp-allocator-size-gfx=262144"
    "memorysetup-allocator-temp-initial-block-size-main=262144"
    "memorysetup-allocator-temp-initial-block-size-worker=262144"
    "memorysetup-temp-allocator-size-background-worker=32768"
    "memorysetup-temp-allocator-size-job-worker=262144"
    "memorysetup-bucket-allocator-granularity=16"
    "memorysetup-bucket-allocator-bucket-count=8"
    "memorysetup-bucket-allocator-block-size=33554432"
    "memorysetup-bucket-allocator-block-count=8"
    "memorysetup-main-allocator-block-size=16777216"
    "memorysetup-thread-allocator-block-size=16777216"
    "memorysetup-main-allocator-mimalloc-enabled=1"
    "memorysetup-gfx-main-allocator-block-size=16777216"
    "memorysetup-gfx-thread-allocator-block-size=16777216"
    "memorysetup-cache-allocator-block-size=4194304"
    "memorysetup-typetree-allocator-block-size=2097152"
    "memorysetup-profiler-bucket-allocator-granularity=16"
    "memorysetup-profiler-bucket-allocator-bucket-count=8"
    "memorysetup-profiler-bucket-allocator-block-size=33554432"
    "memorysetup-profiler-bucket-allocator-block-count=8"
    "memorysetup-profiler-allocator-block-size=16777216"
    "memorysetup-profiler-editor-allocator-block-size=1048576"
    "memorysetup-temp-allocator-size-main=16777216"
    "memorysetup-job-temp-allocator-block-size=2097152"
    "memorysetup-job-temp-allocator-block-size-background=1048576"
    "memorysetup-job-temp-allocator-reduction-small-platforms=262144"
Logging is directed to a specific file, skipping project log.
Player connection [8286970240]  Target information:

Player connection [8286970240]  * "[IP] 192.168.0.218 [Port] 55504 [Flags] 2 [Guid] 2685892380 [EditorId] 2685892380 [Version] 1048832 [Id] OSXEditor(0,MacBook-Pro-2.local) [Debug] 1 [PackageName] OSXEditor [ProjectName] Editor" 

Player connection [8286970240]  * "[IP] 192.168.0.205 [Port] 55504 [Flags] 2 [Guid] 2685892380 [EditorId] 2685892380 [Version] 1048832 [Id] OSXEditor(0,MacBook-Pro-2.local) [Debug] 1 [PackageName] OSXEditor [ProjectName] Editor" 

Player connection [8286970240]  * "[IP] 100.71.30.111 [Port] 55504 [Flags] 2 [Guid] 2685892380 [EditorId] 2685892380 [Version] 1048832 [Id] OSXEditor(0,MacBook-Pro-2.local) [Debug] 1 [PackageName] OSXEditor [ProjectName] Editor" 

Player connection [8286970240] Host joined multi-casting on [225.0.0.222:54997]...
Player connection [8286970240] Host joined alternative multi-casting on [225.0.0.222:34997]...
Input System module state changed to: Initialized.
[Physics::Module] Initialized fallback backend.
[Physics::Module] Id: 0xdecafbad
[Package Manager] Connected to IPC stream "Upm-18654" after 0.1 seconds.
[Licensing::Module] Licensing is not yet initialized.
Launching external process: /Applications/Unity/Hub/Editor/6000.7.0a5/Unity.app/Contents/Helpers/UnityLicensingClient.app/Contents/MacOS/Unity.Licensing.Client
[Licensing::Client] Error: HandshakeResponse reported an error:
	ResponseCode: 505
	ResponseStatus: Unsupported protocol version '1.19.0-rc.1'.
[Licensing::Module] Error: Failed to handshake to channel: "LicenseClient-ilseoblee"
[Licensing::IpcConnector] LicenseClient-ilseoblee channel disconnected successfully.
[Licensing::IpcConnector] Channel LicenseClient-ilseoblee-6000.7.0 doesn't exist
[Licensing::Module] Successfully launched the LicensingClient (PId: 18685)
Initialising UDS system complete:
  - System type: Client
  - Resource namespace: bc31946deaae9c39d09efafd19ef4cc7
  - Shared memory size: 1073741824
  - Command buffer id: 1052672
  - Command buffer size: 8192
  - Hashmap size: 4194304
  - Service connected: false
[Licensing::IpcConnector] Successfully connected to: "LicenseClient-ilseoblee-6000.7.0" at "2026-09-10T16:45:53.883648Z"
[Licensing::Client] Handshaking with LicensingClient:
  Version:                 1.19.0-rc.1+a1d64c6
  Session Id:              11aad87923cc4ca881c5b497262e0102
  Correlation Id:          d1242e980bee06c97ebc1edf2d7ffc53
  External correlation Id: 7280902615515305539
  Machine Id:              JxhzwWg3pWfWMny3n9AfODBHuIE=
[Licensing::Module] Successfully connected to LicensingClient on channel: "LicenseClient-ilseoblee-6000.7.0" (connect: 0.39s, validation: 0.00s, handshake: 0.05s)
[Licensing::IpcConnector] Successfully connected to: "LicenseClient-ilseoblee-6000.7.0-notifications" at "2026-09-10T16:45:53.937241Z"
[Licensing::Module] Connected to LicensingClient (PId: 18685, launch time: 0.00, total connection time: 0.44s)
[Licensing::Module] Error: Access token is unavailable; failed to update
[Licensing::Client] Successfully resolved entitlement details
[Licensing::Module] License group:
  Id: 86166-UnityPersXXXX
  Product: Unity Personal
  Type: Assigned
  Expiration: Unlimited
[Licensing::Client] Successfully updated license, isAsync: True, time: 0.00
[Licensing::Client] Successfully resolved entitlement details
[Licensing::Module] Licensing Background thread has ended after 0.62s
[Licensing::Module] Licensing is initialized (took 0.49s).
[Licensing::Client] Successfully resolved entitlement details
Library Redirect Path: Library/
Launching Unity Data Store - /Applications/Unity/Hub/Editor/6000.7.0a5/Unity.app/Contents/Helpers/Unity.DataStore 
Unity Data Store artifact dir = Library/DataStore, working dir = /Users/ilseoblee/workspace/seoul-kenshi-wt/unity-poc-mac/Game[Physics::Module] Selected backend.
[Physics::Module] Name: PhysX
[Physics::Module] Id: 0xf2b8ea05
[Physics::Module] SDK Version: 4.1.2
[Physics::Module] Integration Version: 1.0.0
[Physics::Module] Threading Mode: Multi-Threaded
Unity Data Store running and initialised
Initialize engine version: 6000.7.0a5 (a15235a53881)
[EntityIdStore] init: VM path (explicit commit), pageSize=16384, blockCount=262144, entitiesPerBlock=1024, slots reserved=4294967296 bytes
[Subsystems] Discovering subsystems at path /Applications/Unity/Hub/Editor/6000.7.0a5/Unity.app/Contents/Resources/UnitySubsystems
[Subsystems] Discovering subsystems at path /Users/ilseoblee/workspace/seoul-kenshi-wt/unity-poc-mac/Game/Assets
Forcing GfxDevice: Null
GfxDevice: creating device client; kGfxThreadingModeNonThreaded
NullGfxDevice:
    Version:  NULL 1.0 [1.0]
    Renderer: Null Device
    Vendor:   Unity Technologies
Initialize mono
Mono path[0] = '/Applications/Unity/Hub/Editor/6000.7.0a5/Unity.app/Contents/Resources/Scripting/Managed'
Mono path[1] = '/Applications/Unity/Hub/Editor/6000.7.0a5/Unity.app/Contents/Resources/Scripting/BCLExtensions/runtime/netstandard2.1'
Mono path[2] = '/Applications/Unity/Hub/Editor/6000.7.0a5/Unity.app/Contents/Resources/Scripting/MonoBleedingEdge/lib/mono/unityjit-macos'
Mono config path = '/Applications/Unity/Hub/Editor/6000.7.0a5/Unity.app/Contents/Resources/Scripting/MonoBleedingEdge/etc'
Using monoOptions --debugger-agent=transport=dt_socket,embedding=1,server=y,suspend=n,address=127.0.0.1:56654
CodeReloadManager initialized
ImportWorker Server TCP listen port: 0
AcceleratorClientConnectionCallback - disconnected - :0
Begin MonoManager ReloadAssembly
Registering precompiled unity dll's ...
Register platform support module: /Applications/Unity/Hub/Editor/6000.7.0a5/PlaybackEngines/WebGLSupport/UnityEditor.WebGL.Extensions.dll
Register platform support module: /Applications/Unity/Hub/Editor/6000.7.0a5/PlaybackEngines/MacStandaloneSupport/UnityEditor.OSXStandalone.Extensions.dll
Register platform support module: /Applications/Unity/Hub/Editor/6000.7.0a5/PlaybackEngines/WindowsStandaloneSupport/UnityEditor.WindowsStandalone.Extensions.dll
[Licensing::Client] Successfully resolved entitlement details
Register platform support module: /Applications/Unity/Hub/Editor/6000.7.0a5/PlaybackEngines/AndroidPlayer/UnityEditor.Android.Extensions.dll
[Licensing::Client] Successfully resolved entitlement details
Register platform support module: /Applications/Unity/Hub/Editor/6000.7.0a5/PlaybackEngines/iOSSupport/UnityEditor.iOS.Extensions.dll
Register platform support module: /Applications/Unity/Hub/Editor/6000.7.0a5/PlaybackEngines/LinuxStandaloneSupport/UnityEditor.LinuxStandalone.Extensions.dll
Registered in 0.001299 seconds.
[MODES] ModeService[none].Initialize
[MODES] ModeService[none].LoadModes
[MODES] Loading mode Default (0) for mode-current-id-잔선: 서울
Package Manager log level set to [2]
Native extension for LinuxStandalone target not found
[usbmuxd] Start listen thread
[usbmuxd] Listen thread started
[usbmuxd] Send listen message
Native extension for iOS target not found
Native extension for Android target not found
Native extension for WindowsStandalone target not found
Native extension for OSXStandalone target not found
Native extension for WebGL target not found
[Licensing::Client] Successfully resolved entitlement details
Diagnostic switches are active and may impact performance or degrade your user experience. Switches can be configured through the Diagnostics section in the Preferences window.
	DebugAllocatorMode: 0
ScheduleIndexationOnStartup MainProcess:False IndexOnStartup:False
Scripting: successfully reloaded assembly
- Finished resetting the current domain, in  2.974 seconds
Domain Reload Profiling: 3220ms
	BeginReloadAssembly (49ms)
		CreateAndSetChildDomain (11ms)
	RebuildCommonClasses (3ms)
	RebuildNativeTypeToScriptingClass (7ms)
	initialDomainReloadingComplete (25ms)
	LoadAllAssembliesAndSetupDomain (162ms)
		LoadAssemblies (38ms)
		TypeCache.Refresh (97ms)
			TypeCache.ScanAssembly (90ms)
		AnalyzeDomain (0ms)
	FinalizeReload (2974ms)
		SetupLoadedEditorAssemblies (0ms)
			InitializePlatformSupportModulesInManaged (22ms)
			BeforeProcessingInitializeOnLoad (72ms)
			ProcessInitializeOnLoadAttributes (27ms)
			ProcessInitializeOnLoadMethodAttributes (2731ms)
[Licensing::Client] Successfully resolved entitlement details
Application.AssetDatabase Initial Refresh Start
[Package Manager] Restoring resolved packages state from cache
[Licensing::Client] Successfully resolved entitlement details
[Package Manager] Registered 59 packages:
  Packages from [https://packages.unity.com]:
    com.unity.ide.rider@3.0.38 (location: /Users/ilseoblee/workspace/seoul-kenshi-wt/unity-poc-mac/Game/Library/PackageCache/com.unity.ide.rider@1f60b3138684)
    com.unity.ide.visualstudio@2.0.26 (location: /Users/ilseoblee/workspace/seoul-kenshi-wt/unity-poc-mac/Game/Library/PackageCache/com.unity.ide.visualstudio@a99d56dec63f)
    com.unity.inputsystem@1.20.0 (location: /Users/ilseoblee/workspace/seoul-kenshi-wt/unity-poc-mac/Game/Library/PackageCache/com.unity.inputsystem@7a4e1a2a8194)
    com.unity.nuget.newtonsoft-json@3.2.2 (location: /Users/ilseoblee/workspace/seoul-kenshi-wt/unity-poc-mac/Game/Library/PackageCache/com.unity.nuget.newtonsoft-json@4dfd81071c64)
    com.unity.searcher@4.9.5 (location: /Users/ilseoblee/workspace/seoul-kenshi-wt/unity-poc-mac/Game/Library/PackageCache/com.unity.searcher@a463122f2c00)
    com.unity.nuget.mono-cecil@1.11.6 (location: /Users/ilseoblee/workspace/seoul-kenshi-wt/unity-poc-mac/Game/Library/PackageCache/com.unity.nuget.mono-cecil@ecb9724e46ff)
  Built-in packages:
    com.unity.render-pipelines.universal@17.7.0 (location: /Users/ilseoblee/workspace/seoul-kenshi-wt/unity-poc-mac/Game/Library/PackageCache/com.unity.render-pipelines.universal@c657e0850617)
    com.unity.test-framework@1.8.0 (location: /Users/ilseoblee/workspace/seoul-kenshi-wt/unity-poc-mac/Game/Library/PackageCache/com.unity.test-framework@4c309923fa3b)
    com.unity.ugui@2.7.0 (location: /Users/ilseoblee/workspace/seoul-kenshi-wt/unity-poc-mac/Game/Library/PackageCache/com.unity.ugui@8e276752998c)
    com.unity.modules.accessibility@1.0.0 (location: /Users/ilseoblee/workspace/seoul-kenshi-wt/unity-poc-mac/Game/Library/PackageCache/com.unity.modules.accessibility)
    com.unity.modules.adaptiveperformance@1.0.0 (location: /Users/ilseoblee/workspace/seoul-kenshi-wt/unity-poc-mac/Game/Library/PackageCache/com.unity.modules.adaptiveperformance)
    com.unity.modules.ai@1.0.0 (location: /Users/ilseoblee/workspace/seoul-kenshi-wt/unity-poc-mac/Game/Library/PackageCache/com.unity.modules.ai)
    com.unity.modules.androidjni@1.0.0 (location: /Users/ilseoblee/workspace/seoul-kenshi-wt/unity-poc-mac/Game/Library/PackageCache/com.unity.modules.androidjni)
    com.unity.modules.animation@1.0.0 (location: /Users/ilseoblee/workspace/seoul-kenshi-wt/unity-poc-mac/Game/Library/PackageCache/com.unity.modules.animation)
    com.unity.modules.assetbundle@1.0.0 (location: /Users/ilseoblee/workspace/seoul-kenshi-wt/unity-poc-mac/Game/Library/PackageCache/com.unity.modules.assetbundle)
    com.unity.modules.audio@1.0.0 (location: /Users/ilseoblee/workspace/seoul-kenshi-wt/unity-poc-mac/Game/Library/PackageCache/com.unity.modules.audio)
    com.unity.modules.cloth@1.0.0 (location: /Users/ilseoblee/workspace/seoul-kenshi-wt/unity-poc-mac/Game/Library/PackageCache/com.unity.modules.cloth)
    com.unity.modules.director@1.0.0 (location: /Users/ilseoblee/workspace/seoul-kenshi-wt/unity-poc-mac/Game/Library/PackageCache/com.unity.modules.director)
    com.unity.modules.imageconversion@1.0.0 (location: /Users/ilseoblee/workspace/seoul-kenshi-wt/unity-poc-mac/Game/Library/PackageCache/com.unity.modules.imageconversion)
    com.unity.modules.imgui@1.0.0 (location: /Users/ilseoblee/workspace/seoul-kenshi-wt/unity-poc-mac/Game/Library/PackageCache/com.unity.modules.imgui)
    com.unity.modules.jsonserialize@1.0.0 (location: /Users/ilseoblee/workspace/seoul-kenshi-wt/unity-poc-mac/Game/Library/PackageCache/com.unity.modules.jsonserialize)
    com.unity.modules.particlesystem@1.0.0 (location: /Users/ilseoblee/workspace/seoul-kenshi-wt/unity-poc-mac/Game/Library/PackageCache/com.unity.modules.particlesystem)
    com.unity.modules.physics@1.0.0 (location: /Users/ilseoblee/workspace/seoul-kenshi-wt/unity-poc-mac/Game/Library/PackageCache/com.unity.modules.physics)
    com.unity.modules.physics2d@1.0.0 (location: /Users/ilseoblee/workspace/seoul-kenshi-wt/unity-poc-mac/Game/Library/PackageCache/com.unity.modules.physics2d)
    com.unity.modules.physicscore2d@1.0.0 (location: /Users/ilseoblee/workspace/seoul-kenshi-wt/unity-poc-mac/Game/Library/PackageCache/com.unity.modules.physicscore2d)
    com.unity.modules.screencapture@1.0.0 (location: /Users/ilseoblee/workspace/seoul-kenshi-wt/unity-poc-mac/Game/Library/PackageCache/com.unity.modules.screencapture)
    com.unity.modules.smartstrings@1.0.0 (location: /Users/ilseoblee/workspace/seoul-kenshi-wt/unity-poc-mac/Game/Library/PackageCache/com.unity.modules.smartstrings)
    com.unity.modules.terrain@1.0.0 (location: /Users/ilseoblee/workspace/seoul-kenshi-wt/unity-poc-mac/Game/Library/PackageCache/com.unity.modules.terrain)
    com.unity.modules.terrainphysics@1.0.0 (location: /Users/ilseoblee/workspace/seoul-kenshi-wt/unity-poc-mac/Game/Library/PackageCache/com.unity.modules.terrainphysics)
    com.unity.modules.tetgen@1.0.0 (location: /Users/ilseoblee/workspace/seoul-kenshi-wt/unity-poc-mac/Game/Library/PackageCache/com.unity.modules.tetgen)
    com.unity.modules.tilemap@1.0.0 (location: /Users/ilseoblee/workspace/seoul-kenshi-wt/unity-poc-mac/Game/Library/PackageCache/com.unity.modules.tilemap)
    com.unity.modules.timelinefoundation@1.0.0 (location: /Users/ilseoblee/workspace/seoul-kenshi-wt/unity-poc-mac/Game/Library/PackageCache/com.unity.modules.timelinefoundation)
    com.unity.modules.ui@1.0.0 (location: /Users/ilseoblee/workspace/seoul-kenshi-wt/unity-poc-mac/Game/Library/PackageCache/com.unity.modules.ui)
    com.unity.modules.uielements@1.0.0 (location: /Users/ilseoblee/workspace/seoul-kenshi-wt/unity-poc-mac/Game/Library/PackageCache/com.unity.modules.uielements)
    com.unity.modules.umbra@1.0.0 (location: /Users/ilseoblee/workspace/seoul-kenshi-wt/unity-poc-mac/Game/Library/PackageCache/com.unity.modules.umbra)
    com.unity.modules.unityanalytics@1.0.0 (location: /Users/ilseoblee/workspace/seoul-kenshi-wt/unity-poc-mac/Game/Library/PackageCache/com.unity.modules.unityanalytics)
    com.unity.modules.unitywebrequest@1.0.0 (location: /Users/ilseoblee/workspace/seoul-kenshi-wt/unity-poc-mac/Game/Library/PackageCache/com.unity.modules.unitywebrequest)
    com.unity.modules.unitywebrequestassetbundle@1.0.0 (location: /Users/ilseoblee/workspace/seoul-kenshi-wt/unity-poc-mac/Game/Library/PackageCache/com.unity.modules.unitywebrequestassetbundle)
    com.unity.modules.unitywebrequestaudio@1.0.0 (location: /Users/ilseoblee/workspace/seoul-kenshi-wt/unity-poc-mac/Game/Library/PackageCache/com.unity.modules.unitywebrequestaudio)
    com.unity.modules.unitywebrequesttexture@1.0.0 (location: /Users/ilseoblee/workspace/seoul-kenshi-wt/unity-poc-mac/Game/Library/PackageCache/com.unity.modules.unitywebrequesttexture)
    com.unity.modules.unitywebrequestwww@1.0.0 (location: /Users/ilseoblee/workspace/seoul-kenshi-wt/unity-poc-mac/Game/Library/PackageCache/com.unity.modules.unitywebrequestwww)
    com.unity.modules.vectorgraphics@1.0.0 (location: /Users/ilseoblee/workspace/seoul-kenshi-wt/unity-poc-mac/Game/Library/PackageCache/com.unity.modules.vectorgraphics)
    com.unity.modules.vehicles@1.0.0 (location: /Users/ilseoblee/workspace/seoul-kenshi-wt/unity-poc-mac/Game/Library/PackageCache/com.unity.modules.vehicles)
    com.unity.modules.video@1.0.0 (location: /Users/ilseoblee/workspace/seoul-kenshi-wt/unity-poc-mac/Game/Library/PackageCache/com.unity.modules.video)
    com.unity.modules.wind@1.0.0 (location: /Users/ilseoblee/workspace/seoul-kenshi-wt/unity-poc-mac/Game/Library/PackageCache/com.unity.modules.wind)
    com.unity.modules.xr@1.0.0 (location: /Users/ilseoblee/workspace/seoul-kenshi-wt/unity-poc-mac/Game/Library/PackageCache/com.unity.modules.xr)
    com.unity.modules.subsystems@1.0.0 (location: /Users/ilseoblee/workspace/seoul-kenshi-wt/unity-poc-mac/Game/Library/PackageCache/com.unity.modules.subsystems)
    com.unity.modules.hierarchycore@1.0.0 (location: /Users/ilseoblee/workspace/seoul-kenshi-wt/unity-poc-mac/Game/Library/PackageCache/com.unity.modules.hierarchycore)
    com.unity.ext.nunit@2.1.1 (location: /Users/ilseoblee/workspace/seoul-kenshi-wt/unity-poc-mac/Game/Library/PackageCache/com.unity.ext.nunit@f6178be85c6e)
    com.unity.render-pipelines.core@17.7.0 (location: /Users/ilseoblee/workspace/seoul-kenshi-wt/unity-poc-mac/Game/Library/PackageCache/com.unity.render-pipelines.core@c86064616c0c)
    com.unity.shadergraph@17.7.0 (location: /Users/ilseoblee/workspace/seoul-kenshi-wt/unity-poc-mac/Game/Library/PackageCache/com.unity.shadergraph@f32f227ad317)
    com.unity.render-pipelines.universal-config@17.7.0 (location: /Users/ilseoblee/workspace/seoul-kenshi-wt/unity-poc-mac/Game/Library/PackageCache/com.unity.render-pipelines.universal-config@767fc04a69c2)
    com.unity.graph-authoring@1.0.0 (location: /Users/ilseoblee/workspace/seoul-kenshi-wt/unity-poc-mac/Game/Library/PackageCache/com.unity.graph-authoring@cfd2588851ee)
    com.unity.burst@2.0.0 (location: /Users/ilseoblee/workspace/seoul-kenshi-wt/unity-poc-mac/Game/Library/PackageCache/com.unity.burst@626e66ab421b)
    com.unity.collections@6.7.0 (location: /Users/ilseoblee/workspace/seoul-kenshi-wt/unity-poc-mac/Game/Library/PackageCache/com.unity.collections@642e35c36221)
    com.unity.profiling.core@1.0.3 (location: /Users/ilseoblee/workspace/seoul-kenshi-wt/unity-poc-mac/Game/Library/PackageCache/com.unity.profiling.core@9f367c25a5d3)
    com.unity.test-framework.performance@6.6.0 (location: /Users/ilseoblee/workspace/seoul-kenshi-wt/unity-poc-mac/Game/Library/PackageCache/com.unity.test-framework.performance@2779acc3f9c0)
  Local packages:
    com.islee.unity-remote@file:/Users/ilseoblee/workspace/seoul-kenshi-wt/unity-poc-mac/tools/unity-remote/unity-package (location: /Users/ilseoblee/workspace/seoul-kenshi-wt/unity-poc-mac/tools/unity-remote/unity-package)
  Git packages:
    jp.hadashikick.vcontainer@https://github.com/hadashiA/VContainer.git?path=VContainer/Assets/VContainer#1.19.0 (location: /Users/ilseoblee/workspace/seoul-kenshi-wt/unity-poc-mac/Game/Library/PackageCache/jp.hadashikick.vcontainer@dcf16cda6a65)
[Subsystems] No new subsystems found in resolved package list.
[Package Manager] Done registering packages in 0.00 seconds
ADB: OOP importers: 'AudioImporter' is OOP-eligible (per-importer)
ADB: OOP importers: 'ComputeShaderImporter' is OOP-eligible (per-importer)
ADB: OOP importers: 'FBXImporter' is OOP-eligible (per-importer)
ADB: OOP importers: 'Mesh3DSImporter' is OOP-eligible (per-importer)
ADB: OOP importers: 'PrefabImporter' is OOP-eligible (per-importer)
ADB: OOP importers: 'RayTracingShaderImporter' is OOP-eligible (per-importer)
ADB: OOP importers: 'ShaderImporter' is OOP-eligible (per-importer)
ADB: OOP importers: 'TextScriptImporter' is OOP-eligible (per-importer)
ADB: OOP importers: 'TextureImporter' is OOP-eligible (per-importer)
ADB: OOP importers: 'TrueTypeFontImporter' is OOP-eligible (per-importer)
ADB: OOP importers: 'VideoClipImporter' is OOP-eligible (per-importer)
ADB: OOP importers: queue -1003 composition: TextureImporter, TextureImporter, TextureImporter, TextureImporter, TextureImporter, TextureImporter, TextureImporter, TextureImporter, TextureImporter, TextureImporter, TextureImporter, TextureImporter, TextureImporter, TextureImporter, TextureImporter (only the named importers above run OOP; the rest stay in-process)
ADB: OOP importers: queue -1001 composition: ShaderImporter, ComputeShaderImporter, RayTracingShaderImporter (only the named importers above run OOP; the rest stay in-process)
ADB: OOP importers: queue 2 composition: TrueTypeFontImporter, TrueTypeFontImporter, TrueTypeFontImporter, TrueTypeFontImporter (only the named importers above run OOP; the rest stay in-process)
ADB: OOP importers: queue 100 composition: Mesh3DSImporter, FBXImporter, FBXImporter, FBXImporter, FBXImporter, FBXImporter, FBXImporter, FBXImporter, FBXImporter, FBXImporter, FBXImporter (only the named importers above run OOP; the rest stay in-process)
ADB: OOP importers: queue 1050 composition: TextScriptImporter, TextScriptImporter, TextScriptImporter, TextScriptImporter, TextScriptImporter, TextScriptImporter, TextScriptImporter, TextScriptImporter, TextScriptImporter, TextScriptImporter, TextScriptImporter, TextScriptImporter (only the named importers above run OOP; the rest stay in-process)
ADB: OOP importers: queue 1100 composition: AudioImporter, AudioImporter, AudioImporter, AudioImporter, AudioImporter, AudioImporter, AudioImporter, AudioImporter, AudioImporter, AudioImporter (only the named importers above run OOP; the rest stay in-process)
ADB: OOP importers: queue 1500 composition: PrefabImporter (only the named importers above run OOP; the rest stay in-process)
ADB: OOP importers: queue 1700 composition: VideoClipImporter, VideoClipImporter, VideoClipImporter, VideoClipImporter, VideoClipImporter, VideoClipImporter, VideoClipImporter, VideoClipImporter, VideoClipImporter, VideoClipImporter (only the named importers above run OOP; the rest stay in-process)
Starting: /Applications/Unity/Hub/Editor/6000.7.0a5/Unity.app/Contents/Resources/BuildPipeline/bee_backend --ipc --defer-dag-verification --dagfile="Library/Bee/200b0aE.dag" --continue-on-failure --profile="Library/Bee/backend1.traceevents" ScriptAssemblies
WorkingDir: /Users/ilseoblee/workspace/seoul-kenshi-wt/unity-poc-mac/Game
DisplayProgressbar: Compiling Scripts
warn: Unity.ILPP.Runner.PostProcessingAssemblyLoadContext[0]
      Assembly unityeditor.ios.extensions.xcode has duplicate hint path. Ignoring "/Applications/Unity/Hub/Editor/6000.7.0a5/PlaybackEngines/iOSSupport/UnityEditor.iOS.Extensions.Xcode.dll" in favor of "/Applications/Unity/Hub/Editor/6000.7.0a5/PlaybackEngines/MacStandaloneSupport/UnityEditor.iOS.Extensions.Xcode.dll"
warn: Unity.ILPP.Runner.PostProcessingAssemblyLoadContext[0]
      Assembly system.runtime.interopservices.windowsruntime has duplicate hint path. Ignoring "/Applications/Unity/Hub/Editor/6000.7.0a5/Unity.app/Contents/Resources/Scripting/UnityReferenceAssemblies/unity-4.8-api/Facades/System.Runtime.InteropServices.WindowsRuntime.dll" in favor of "/Applications/Unity/Hub/Editor/6000.7.0a5/Unity.app/Contents/Resources/Scripting/NetStandard/Extensions/2.0.0/System.Runtime.InteropServices.WindowsRuntime.dll"
warn: Unity.ILPP.Runner.PostProcessingAssemblyLoadContext[0]
      Assembly system.componentmodel.composition has duplicate hint path. Ignoring "/Applications/Unity/Hub/Editor/6000.7.0a5/Unity.app/Contents/Resources/Scripting/UnityReferenceAssemblies/unity-4.8-api/System.ComponentModel.Composition.dll" in favor of "/Applications/Unity/Hub/Editor/6000.7.0a5/Unity.app/Contents/Resources/Scripting/NetStandard/compat/2.1.0/shims/netfx/System.ComponentModel.Composition.dll"
ExitCode: 0 Duration: 0s162ms
[588/763    0s] ILPP-Configuration Library/ilpp-configuration.nevergeneratedoutput
*** Tundra build success (0.15 seconds), 1 items updated, 763 evaluated
AssetDatabase: script compilation time: 0.440183s
Begin MonoManager ReloadAssembly
Total cache size 268303384
Total cache size after purge 268303384, took 00:00:00.0801030
Symbol file LoadedFromMemory is not a mono symbol file
'Packages/com.unity.render-pipelines.core/Editor/Deprecated.cs' contains partial class of Unity.Object, exactly 1 of the partial classes needs to be in a file with the same filename. This is to know the one that can be referenced from ie. GameObjects
'Packages/com.unity.render-pipelines.core/Editor/Deprecated.cs' contains partial class of Unity.Object, exactly 1 of the partial classes needs to be in a file with the same filename. This is to know the one that can be referenced from ie. GameObjects
[MODES] ModeService[none].Initialize
[MODES] ModeService[none].LoadModes
Native extension for LinuxStandalone target not found
Native extension for iOS target not found
Native extension for Android target not found
Native extension for WindowsStandalone target not found
Native extension for OSXStandalone target not found
Native extension for WebGL target not found
ScheduleIndexationOnStartup MainProcess:True IndexOnStartup:True
Diagnostic switches are active and may impact performance or degrade your user experience. Switches can be configured through the Diagnostics section in the Preferences window.
	DebugAllocatorMode: 0
Scripting: successfully reloaded assembly
- Finished resetting the current domain, in  0.292 seconds
Domain Reload Profiling: 619ms
	BeginReloadAssembly (88ms)
		DisableScriptedObjects (6ms)
		CreateAndSetChildDomain (16ms)
	RebuildCommonClasses (3ms)
	RebuildNativeTypeToScriptingClass (6ms)
	initialDomainReloadingComplete (23ms)
	LoadAllAssembliesAndSetupDomain (206ms)
		LoadAssemblies (86ms)
		TypeCache.Refresh (44ms)
			TypeCache.ScanAssembly (37ms)
		AnalyzeDomain (17ms)
			BuildScriptInfoCaches (15ms)
	FinalizeReload (292ms)
		SetupLoadedEditorAssemblies (0ms)
			InitializePlatformSupportModulesInManaged (7ms)
			BeforeProcessingInitializeOnLoad (41ms)
			ProcessInitializeOnLoadAttributes (45ms)
			ProcessInitializeOnLoadMethodAttributes (27ms)
		AwakeInstancesAfterBackupRestoration (8ms)
Starting new worker id: 0 with log in /Users/ilseoblee/workspace/seoul-kenshi-wt/unity-poc-mac/Game/Logs/AssetImportWorkerHW0.log
Worker ready: AssetImportWorkerHW0 0

Asset Pipeline Refresh (id=4506657c5b7ac44e9a1888b995622873): Total: 2.655 seconds - Initiated by InitialRefreshV2(ForceSynchronousImport)
	(Values over 0.05ms)
	Summary:
		Imports: total=0 (actual=0, local cache=0, cache server=0)
		Asset DB Process Time: managed=0 ms, native=564 ms
		Asset DB Callback time: managed=1306 ms, native=2 ms
		Scripting: domain reloads=1, domain reload time=340 ms, compile time=441 ms, other=0 ms
		Project Asset Count: scripts=1015, non-scripts=2834
		Asset File Changes: new=0, changed=0, moved=0, deleted=0
		Scan Filter Count: 1
	InvokePackagesCallback: 3.467ms
	ApplyChangesToAssetFolders: 0.160ms
	Scan: 182.642ms
	Collect global state as custom dependencies: 2.824ms
	CategorizeScriptCompilationAssets: 8.892ms
	ProcessAssetsWithTransientArtifactChanges: 14.411ms
	CategorizeAssets: 25.882ms
	CompileScripts: 440.932ms
	ImportOutOfDateAssets: 295.025ms (293.471ms without children)
		UnloadImportedAssets: 0.106ms
		EnsureUptoDateAssetsAreRegisteredWithGuidPM: 0.256ms
		ImportSchedulerStart: 1.192ms
	PostProcessAllAssets: 1306.919ms
		MonoPostProcessAllAssets: 1306.897ms
			UniversalRenderPipelineGlobalSettingsPostprocessor.OnPostprocessAllAssets 1298.166ms
			SyncVS.PostprocessSyncProject 3.387ms
			SpeedTree9Postprocessor.OnPostprocessAllAssets 0.644ms
			EditModeScopePostprocessor.OnPostprocessAllAssets 0.537ms
			ShaderReflectionAssetPostProcessor.OnPostprocessAllAssets 0.204ms
			TerrainToolbarOverlayPostProcessor.OnPostprocessAllAssets 0.108ms
			ReferencedClipsPostProcessor.OnPostprocessAllAssets 0.102ms
			WindowAssetPostprocessingWatcher.OnPostprocessAllAssets 0.100ms
			InputActionAssetPostprocessor.OnPostprocessAllAssets 0.097ms
			AssetDatabaseCallbacks.OnPostprocessAllAssets 0.066ms
			ProjectSettingsPostprocessor.OnPostprocessAllAssets 0.060ms
	UnloadStreamsBegin: 0.925ms
	PersistCurrentRevisions: 0.073ms
	GenerateScriptTypeHashes: 0.755ms
	GenerateScriptTypeSerializationHashes: 1.552ms
	Untracked: 369.297ms

Application.AssetDatabase Initial Refresh End
Shader Hidden/ChartRasterizerHardware is not supported: GPU does not support conservative rasterization
Shader Hidden/ChartRasterizerHardware is not supported: GPU does not support conservative rasterization
Scanning for USB devices : 0.250ms
Initializing Unity extensions:
Unloading 266 Unused Serialized files (Serialized files now loaded: 0)
Unloading 3872 unused Assets / (5.2 MB). Loaded Objects now: 4869.
Memory consumption went from 0.50 GB to 508.8 MB.
Total: 5.442584 ms (FindLiveObjects: 0.249291 ms CreateObjectMapping: 0.053542 ms MarkObjects: 3.982667 ms  DeleteObjects: 1.107625 ms)

BUILD_OSX_DEV_BEGIN output=/Users/ilseoblee/workspace/seoul-kenshi-wt/unity-poc-mac/.omo/evidence/unity-html-poc-ui-parity/task-07/player/Targeting.app scenes=Assets/Scenes/Bootstrap.unity,Assets/Scenes/MainTitle.unity,Assets/Scenes/Foundation.unity development=1 allowDebugging=0
UnityEngine.Debug:ExtractStackTraceNoAlloc (byte*,int,string)
UnityEngine.StackTraceUtility:ExtractStackTrace () (at /Users/bokken/build/output/unity/unity/Runtime/Export/Scripting/StackTrace.cs:23)
UnityEngine.DebugLogHandler:Internal_Log (UnityEngine.LogType,UnityEngine.LogOption,string,UnityEngine.Object)
UnityEngine.DebugLogHandler:LogFormat (UnityEngine.LogType,UnityEngine.Object,string,object[])
UnityEngine.Logger:Log (UnityEngine.LogType,object)
UnityEngine.Debug:Log (object)
Janseon.Foundation.Editor.FoundationProjectBuilder:BuildStandaloneOsxDevelopmentPlayer () (at Assets/Janseon/Foundation/Editor/FoundationProjectBuilder.cs:536)

(Filename: Assets/Janseon/Foundation/Editor/FoundationProjectBuilder.cs Line: 536)

[TestRunBuilder] Creating new file 'Assets/Resources/PerformanceTestRunInfo.json' (3003 bytes)
UnityEngine.Debug:ExtractStackTraceNoAlloc (byte*,int,string)
UnityEngine.StackTraceUtility:ExtractStackTrace () (at /Users/bokken/build/output/unity/unity/Runtime/Export/Scripting/StackTrace.cs:23)
UnityEngine.DebugLogHandler:Internal_Log (UnityEngine.LogType,UnityEngine.LogOption,string,UnityEngine.Object)
UnityEngine.DebugLogHandler:LogFormat (UnityEngine.LogType,UnityEngine.Object,string,object[])
UnityEngine.Logger:Log (UnityEngine.LogType,object)
UnityEngine.Debug:Log (object)
Unity.PerformanceTesting.Editor.TestRunBuilder:SaveToStorage (object,string) (at ./Library/PackageCache/com.unity.test-framework.performance@2779acc3f9c0/Editor/TestRunBuilder.cs:242)
Unity.PerformanceTesting.Editor.TestRunBuilder:OnPreprocessBuild (UnityEditor.Build.Reporting.BuildReport) (at ./Library/PackageCache/com.unity.test-framework.performance@2779acc3f9c0/Editor/TestRunBuilder.cs:35)
UnityEditor.Build.BuildPipelineInterfaces/<>c__DisplayClass18_0:<OnBuildPreProcess>b__1 (UnityEditor.Build.IPreprocessBuildWithReport) (at /Users/bokken/build/output/unity/unity/Editor/Mono/BuildPipeline/BuildPipelineInterfaces.cs:1145)
UnityEditor.Build.BuildPipelineInterfaces:InvokeCallbackInterfacesPair<UnityEditor.Build.IPreprocessBuild, UnityEditor.Build.IPreprocessBuildWithReport> (System.Collections.Generic.List`1<UnityEditor.Build.IPreprocessBuild>,System.Action`1<UnityEditor.Build.IPreprocessBuild>,System.Collections.Generic.List`1<UnityEditor.Build.IPreprocessBuildWithReport>,System.Action`1<UnityEditor.Build.IPreprocessBuildWithReport>,bool,bool&) (at /Users/bokken/build/output/unity/unity/Editor/Mono/BuildPipeline/BuildPipelineInterfaces.cs:1102)
UnityEditor.Build.BuildPipelineInterfaces:InvokeCallbackInterfacesPair<UnityEditor.Build.IPreprocessBuild, UnityEditor.Build.IPreprocessBuildWithReport> (System.Collections.Generic.List`1<UnityEditor.Build.IPreprocessBuild>,System.Action`1<UnityEditor.Build.IPreprocessBuild>,System.Collections.Generic.List`1<UnityEditor.Build.IPreprocessBuildWithReport>,System.Action`1<UnityEditor.Build.IPreprocessBuildWithReport>,bool) (at /Users/bokken/build/output/unity/unity/Editor/Mono/BuildPipeline/BuildPipelineInterfaces.cs:1067)
UnityEditor.Build.BuildPipelineInterfaces:OnBuildPreProcess (UnityEditor.Build.Reporting.BuildReport) (at /Users/bokken/build/output/unity/unity/Editor/Mono/BuildPipeline/BuildPipelineInterfaces.cs:1136)
UnityEditor.BuildPipeline:BuildPlayerInternal (string[],string,string,UnityEditor.BuildTargetGroup,UnityEditor.BuildTarget,int,UnityEditor.BuildOptions,string[],string[],bool)
UnityEditor.BuildPipeline:BuildPlayer (UnityEditor.BuildPlayerOptions) (at /Users/bokken/build/output/unity/unity/Editor/Mono/BuildPipeline/BuildPipeline.bindings.cs:270)
Janseon.Foundation.Editor.FoundationProjectBuilder:BuildStandaloneOsxDevelopmentPlayer () (at Assets/Janseon/Foundation/Editor/FoundationProjectBuilder.cs:541)

(Filename: ./Library/PackageCache/com.unity.test-framework.performance@2779acc3f9c0/Editor/TestRunBuilder.cs Line: 242)

[TestRunBuilder] Creating new file 'Assets/Resources/PerformanceTestRunSettings.json' (23 bytes)
UnityEngine.Debug:ExtractStackTraceNoAlloc (byte*,int,string)
UnityEngine.StackTraceUtility:ExtractStackTrace () (at /Users/bokken/build/output/unity/unity/Runtime/Export/Scripting/StackTrace.cs:23)
UnityEngine.DebugLogHandler:Internal_Log (UnityEngine.LogType,UnityEngine.LogOption,string,UnityEngine.Object)
UnityEngine.DebugLogHandler:LogFormat (UnityEngine.LogType,UnityEngine.Object,string,object[])
UnityEngine.Logger:Log (UnityEngine.LogType,object)
UnityEngine.Debug:Log (object)
Unity.PerformanceTesting.Editor.TestRunBuilder:SaveToStorage (object,string) (at ./Library/PackageCache/com.unity.test-framework.performance@2779acc3f9c0/Editor/TestRunBuilder.cs:242)
Unity.PerformanceTesting.Editor.TestRunBuilder:OnPreprocessBuild (UnityEditor.Build.Reporting.BuildReport) (at ./Library/PackageCache/com.unity.test-framework.performance@2779acc3f9c0/Editor/TestRunBuilder.cs:38)
UnityEditor.Build.BuildPipelineInterfaces/<>c__DisplayClass18_0:<OnBuildPreProcess>b__1 (UnityEditor.Build.IPreprocessBuildWithReport) (at /Users/bokken/build/output/unity/unity/Editor/Mono/BuildPipeline/BuildPipelineInterfaces.cs:1145)
UnityEditor.Build.BuildPipelineInterfaces:InvokeCallbackInterfacesPair<UnityEditor.Build.IPreprocessBuild, UnityEditor.Build.IPreprocessBuildWithReport> (System.Collections.Generic.List`1<UnityEditor.Build.IPreprocessBuild>,System.Action`1<UnityEditor.Build.IPreprocessBuild>,System.Collections.Generic.List`1<UnityEditor.Build.IPreprocessBuildWithReport>,System.Action`1<UnityEditor.Build.IPreprocessBuildWithReport>,bool,bool&) (at /Users/bokken/build/output/unity/unity/Editor/Mono/BuildPipeline/BuildPipelineInterfaces.cs:1102)
UnityEditor.Build.BuildPipelineInterfaces:InvokeCallbackInterfacesPair<UnityEditor.Build.IPreprocessBuild, UnityEditor.Build.IPreprocessBuildWithReport> (System.Collections.Generic.List`1<UnityEditor.Build.IPreprocessBuild>,System.Action`1<UnityEditor.Build.IPreprocessBuild>,System.Collections.Generic.List`1<UnityEditor.Build.IPreprocessBuildWithReport>,System.Action`1<UnityEditor.Build.IPreprocessBuildWithReport>,bool) (at /Users/bokken/build/output/unity/unity/Editor/Mono/BuildPipeline/BuildPipelineInterfaces.cs:1067)
UnityEditor.Build.BuildPipelineInterfaces:OnBuildPreProcess (UnityEditor.Build.Reporting.BuildReport) (at /Users/bokken/build/output/unity/unity/Editor/Mono/BuildPipeline/BuildPipelineInterfaces.cs:1136)
UnityEditor.BuildPipeline:BuildPlayerInternal (string[],string,string,UnityEditor.BuildTargetGroup,UnityEditor.BuildTarget,int,UnityEditor.BuildOptions,string[],string[],bool)
UnityEditor.BuildPipeline:BuildPlayer (UnityEditor.BuildPlayerOptions) (at /Users/bokken/build/output/unity/unity/Editor/Mono/BuildPipeline/BuildPipeline.bindings.cs:270)
Janseon.Foundation.Editor.FoundationProjectBuilder:BuildStandaloneOsxDevelopmentPlayer () (at Assets/Janseon/Foundation/Editor/FoundationProjectBuilder.cs:541)

(Filename: ./Library/PackageCache/com.unity.test-framework.performance@2779acc3f9c0/Editor/TestRunBuilder.cs Line: 242)

Importing 'GUID: 4b5cdc861f9d54f019c0b7e3344d8040 - Path: Assets/TextMesh Pro/Resources/Fonts & Materials/NanumGothic SDF.asset' with importer (NativeFormatImporter)
Imported 'GUID: 4b5cdc861f9d54f019c0b7e3344d8040' -> (Import Result ID: '0e4e16ae6a09408589c50990f6823ca6') in 0.003 seconds [static dependencies only]. Details - ImportResultOutputID=c1f3ec3717bf414b617a17457c3b7b37 DependenciesID=28da9521b90c6baed2f00c461a9abad8 StaticDependenciesID=ab9b41e714ec43a02d062ea10fee9f53 
Asset Pipeline Refresh (id=61bfcb82b2d4042158b108c112cba1ff): Total: 0.080 seconds - Initiated by StopAssetImportingV2(NoUpdateAssetOptions)
Found installed macOS SDK 26.5.
Launching external process: /Applications/Unity/Hub/Editor/6000.7.0a5/Unity.app/Contents/Helpers/UnityShaderCompiler
Launched and connected shader compiler UnityShaderCompiler after 0.04 seconds
Starting: /Applications/Unity/Hub/Editor/6000.7.0a5/Unity.app/Contents/Resources/BuildPipeline/bee_backend --ipc --defer-dag-verification --dagfile="Library/Bee/200b0aESkipCompile.dag" --continue-on-failure --profile="Library/Bee/backend1.traceevents" ScriptAssembliesAndTypeDB
WorkingDir: /Users/ilseoblee/workspace/seoul-kenshi-wt/unity-poc-mac/Game
ExitCode: 4 Duration: 0s15ms
[             ] Require frontend run.  Library/Bee/200b0aESkipCompile.dag couldn't be loaded
Starting: /Applications/Unity/Hub/Editor/6000.7.0a5/Unity.app/Contents/Resources/Scripting/DotNetSdk/dotnet "/Applications/Unity/Hub/Editor/6000.7.0a5/Unity.app/Contents/Resources/BuildPipeline/ScriptCompilationBuildProgram.exe" "Library/Bee/200b0aESkipCompile.dag.json" "Library/Bee/200b0aESkipCompile-inputdata.json" "Library/Bee/buildprogram0.traceevents"
WorkingDir: /Users/ilseoblee/workspace/seoul-kenshi-wt/unity-poc-mac/Game
ExitCode: 0 Duration: 0s151ms
Starting: /Applications/Unity/Hub/Editor/6000.7.0a5/Unity.app/Contents/Resources/BuildPipeline/bee_backend --ipc --defer-dag-verification --dagfile="Library/Bee/200b0aESkipCompile.dag" --continue-on-failure --dagfilejson="Library/Bee/200b0aESkipCompile.dag.json" --profile="Library/Bee/backend2.traceevents" ScriptAssembliesAndTypeDB
WorkingDir: /Users/ilseoblee/workspace/seoul-kenshi-wt/unity-poc-mac/Game
ExitCode: 0 Duration: 0s849ms
Finished compiling graph: 5 nodes, 6 flattened edges (6 ToBuild, 0 ToUse), maximum node priority 3
[2/3        0s] BuildPlayerDataGenerator Library/BuildPlayerData/Editor/TypeDb-All.json
*** Tundra build success (0.83 seconds), 1 items updated, 3 evaluated
Total cache size 268303384
Total cache size after purge 268303384, took 00:00:00.0889760
Importing 'GUID: 11824a41cfb154375a1af52a2a852981 - Path: Assets/Resources/PerformanceTestRunInfo.json' with importer (TextScriptImporter)
Imported 'GUID: 11824a41cfb154375a1af52a2a852981' -> (Import Result ID: '6ae2acaf4299a51e868efdbc905b9470') in 0.001 seconds [static dependencies only]. Details - ImportResultOutputID=82fd35b0bdb4eaa927ded5de7b0d00da DependenciesID=015b8114550f3feebd49a6d35f43f236 StaticDependenciesID=5a58a55673f8eb90a8c7e688b374259d 
Importing 'GUID: a2810b71c827c4ef6aad7852b9d42ebf - Path: Assets/Resources/PerformanceTestRunSettings.json' with importer (TextScriptImporter)
Imported 'GUID: a2810b71c827c4ef6aad7852b9d42ebf' -> (Import Result ID: '398fab9d40a64eb09f9628458541c9b0') in 0.000 seconds [static dependencies only]. Details - ImportResultOutputID=e95bae5a16479bdd924b98be836cc17c DependenciesID=025705331d51473b8b7c32954508aac4 StaticDependenciesID=4f637a770287167f1aef86a41fbb98c1 
Asset Pipeline Refresh (id=8a5d4914db38940b79308ad9a4eaa4d6): Total: 0.070 seconds - Initiated by RefreshV2(NoUpdateAssetOptions)
[ScriptCompilation] Requested script compilation because: Recompiling scripts for player build.
BuildPlayer: start building target 2
Starting: /Applications/Unity/Hub/Editor/6000.7.0a5/Unity.app/Contents/Resources/BuildPipeline/bee_backend --ipc --defer-dag-verification --dagfile="Library/Bee/200b0aPDev.dag" --continue-on-failure --profile="Library/Bee/backend1.traceevents" ScriptAssembliesAndTypeDB
WorkingDir: /Users/ilseoblee/workspace/seoul-kenshi-wt/unity-poc-mac/Game
Starting: /Applications/Unity/Hub/Editor/6000.7.0a5/Unity.app/Contents/Resources/Scripting/DotNetSdk/dotnet "/Applications/Unity/Hub/Editor/6000.7.0a5/Unity.app/Contents/Resources/BuildPipeline/ScriptCompilationBuildProgram.exe" "Library/Bee/200b0aPDev.dag.json" "Library/Bee/200b0aPDev-inputdata.json" "Library/Bee/buildprogram0.traceevents"
WorkingDir: /Users/ilseoblee/workspace/seoul-kenshi-wt/unity-poc-mac/Game
ExitCode: 4 Duration: 0s115ms
[             ] Require frontend run.  Library/Bee/200b0aPDev.dag couldn't be loaded
ExitCode: 0 Duration: 0s395ms
Starting: /Applications/Unity/Hub/Editor/6000.7.0a5/Unity.app/Contents/Resources/BuildPipeline/bee_backend --ipc --defer-dag-verification --dagfile="Library/Bee/200b0aPDev.dag" --continue-on-failure --dagfilejson="Library/Bee/200b0aPDev.dag.json" --profile="Library/Bee/backend2.traceevents" ScriptAssembliesAndTypeDB
WorkingDir: /Users/ilseoblee/workspace/seoul-kenshi-wt/unity-poc-mac/Game
warn: Unity.ILPP.Runner.PostProcessingAssemblyLoadContext[0]
      Assembly unityeditor.ios.extensions.xcode has duplicate hint path. Ignoring "/Applications/Unity/Hub/Editor/6000.7.0a5/PlaybackEngines/iOSSupport/UnityEditor.iOS.Extensions.Xcode.dll" in favor of "/Applications/Unity/Hub/Editor/6000.7.0a5/PlaybackEngines/MacStandaloneSupport/UnityEditor.iOS.Extensions.Xcode.dll"
warn: Unity.ILPP.Runner.PostProcessingAssemblyLoadContext[0]
      Assembly system.runtime.interopservices.windowsruntime has duplicate hint path. Ignoring "/Applications/Unity/Hub/Editor/6000.7.0a5/Unity.app/Contents/Resources/Scripting/UnityReferenceAssemblies/unity-4.8-api/Facades/System.Runtime.InteropServices.WindowsRuntime.dll" in favor of "/Applications/Unity/Hub/Editor/6000.7.0a5/Unity.app/Contents/Resources/Scripting/NetStandard/Extensions/2.0.0/System.Runtime.InteropServices.WindowsRuntime.dll"
warn: Unity.ILPP.Runner.PostProcessingAssemblyLoadContext[0]
      Assembly system.componentmodel.composition has duplicate hint path. Ignoring "/Applications/Unity/Hub/Editor/6000.7.0a5/Unity.app/Contents/Resources/Scripting/UnityReferenceAssemblies/unity-4.8-api/System.ComponentModel.Composition.dll" in favor of "/Applications/Unity/Hub/Editor/6000.7.0a5/Unity.app/Contents/Resources/Scripting/NetStandard/compat/2.1.0/shims/netfx/System.ComponentModel.Composition.dll"
ExitCode: 0 Duration: 3s815ms
Finished compiling graph: 578 nodes, 6076 flattened edges (5200 ToBuild, 70 ToUse), maximum node priority 293
[ 34/577    0s] WriteText Library/Bee/artifacts/StandaloneOSX_CodeGen/UnityEngine.TestRunner.rsp2
[ 35/577    0s] WriteText Library/Bee/artifacts/StandaloneOSX_CodeGen/UnityEngine.TestRunner.UnityAdditionalFile.txt
[ 36/577    0s] WriteText Library/Bee/artifacts/200b0aPDev.dag/UnityEngine.UI.rsp2
[ 37/577    0s] WriteText Library/Bee/artifacts/200b0aPDev.dag/UnityEngine.UI.UnityAdditionalFile.txt
[164/577    0s] WriteText Library/Bee/artifacts/StandaloneOSX_CodeGen/UnityEngine.TestRunner.rsp
[165/577    0s] WriteText Library/Bee/artifacts/StandaloneOSX_CodeGen/UnityEngine.UI.rsp2
[166/577    0s] WriteText Library/Bee/artifacts/StandaloneOSX_CodeGen/UnityEngine.UI.UnityAdditionalFile.txt
[167/577    0s] WriteText Library/Bee/artifacts/StandaloneOSX_CodeGen/UnityEngine.TestRunner.dll.mvfrm.rsp
[168/577    0s] MovedFromExtractor Library/Bee/artifacts/mvdfrm/UnityEngine.MathematicsModule.dll_6C42480655F7402E.mvfrm
[169/577    0s] MovedFromExtractor Library/Bee/artifacts/mvdfrm/UnityEngine.VectorGraphicsModule.dll_138DE0CA5A6B4F9A.mvfrm
[170/577    0s] MovedFromExtractor Library/Bee/artifacts/mvdfrm/UnityEngine.TextCoreTextEngineModule.dll_C7874A02B6487787.mvfrm
[171/577    0s] MovedFromExtractor Library/Bee/artifacts/mvdfrm/UnityEngine.VFXModule.dll_DE3A3820AB19CB50.mvfrm
[172/577    0s] MovedFromExtractor Library/Bee/artifacts/mvdfrm/UnityEngine.VideoModule.dll_D6D4D53D3B3779E3.mvfrm
[173/577    0s] MovedFromExtractor Library/Bee/artifacts/mvdfrm/UnityEngine.dll_AF031D5A689C0A5A.mvfrm
[174/577    0s] MovedFromExtractor Library/Bee/artifacts/mvdfrm/UnityEngine.VehiclesModule.dll_55304D55122E95C3.mvfrm
[175/577    0s] MovedFromExtractor Library/Bee/artifacts/mvdfrm/UnityEngine.StreamingModule.dll_B7DF8CF5172AA78A.mvfrm
[176/577    0s] MovedFromExtractor Library/Bee/artifacts/mvdfrm/UnityEngine.WindModule.dll_BB49855A7C077BB4.mvfrm
[177/577    0s] MovedFromExtractor Library/Bee/artifacts/mvdfrm/UnityEngine.VirtualTexturingModule.dll_B7802C30FDC84829.mvfrm
[178/577    0s] MovedFromExtractor Library/Bee/artifacts/mvdfrm/UnityEngine.SubsystemsModule.dll_7F0D2BD306A1CAB0.mvfrm
[179/577    0s] MovedFromExtractor Library/Bee/artifacts/mvdfrm/UnityEngine.TerrainModule.dll_FE934AB75D4EA5BD.mvfrm
[180/577    0s] MovedFromExtractor Library/Bee/artifacts/mvdfrm/UnityEngine.XRModule.dll_37FA13227E2C34F6.mvfrm
[181/577    0s] MovedFromExtractor Library/Bee/artifacts/mvdfrm/UnityEngine.TerrainPhysicsModule.dll_7CC15368E1A7D3DE.mvfrm
[182/577    0s] MovedFromExtractor Library/Bee/artifacts/mvdfrm/UnityEngine.TextCoreFontEngineModule.dll_7F9F139126C4BE69.mvfrm
[183/577    0s] MovedFromExtractor Library/Bee/artifacts/mvdfrm/UnityEngine.TLSModule.dll_5D5B9FB1D4AC61E3.mvfrm
[184/577    0s] MovedFromExtractor Library/Bee/artifacts/mvdfrm/UnityEngine.TetgenModule.dll_CFDBB0C5EB488699.mvfrm
[185/577    0s] MovedFromExtractor-Combine Library/Bee/artifacts/StandaloneOSX_CodeGen/UnityEngine.TestRunner.dll.mvfrm
[186/577    0s] MovedFromExtractor Library/Bee/artifacts/mvdfrm/UnityEngine.UnityAnalyticsCommonModule.dll_97B7C02CA13B3B68.mvfrm
[187/577    0s] MovedFromExtractor Library/Bee/artifacts/mvdfrm/UnityEngine.UnityCurlModule.dll_366740D637B6E239.mvfrm
[188/577    0s] MovedFromExtractor Library/Bee/artifacts/mvdfrm/UnityEngine.UnityWebRequestAssetBundleModule.dll_2996A8AD06447FDE.mvfrm
[189/577    0s] MovedFromExtractor Library/Bee/artifacts/mvdfrm/UnityEngine.UnityWebRequestModule.dll_CB14E87284599598.mvfrm
[190/577    0s] MovedFromExtractor Library/Bee/artifacts/mvdfrm/UnityEngine.UnityWebRequestAudioModule.dll_747556C70DBD67A2.mvfrm
[191/577    0s] MovedFromExtractor Library/Bee/artifacts/mvdfrm/UnityEngine.UIModule.dll_B269299853376220.mvfrm
[192/577    0s] MovedFromExtractor Library/Bee/artifacts/mvdfrm/UnityEngine.UmbraModule.dll_2C9FFCEB05CC09B1.mvfrm
[193/577    0s] MovedFromExtractor Library/Bee/artifacts/mvdfrm/UnityEngine.UnityAnalyticsModule.dll_9BE61B5F748C2B4D.mvfrm
[194/577    0s] MovedFromExtractor Library/Bee/artifacts/mvdfrm/Unity.Scripting.dll_FD16B5091C1DB861.mvfrm
[195/577    0s] MovedFromExtractor Library/Bee/artifacts/mvdfrm/UnityEngine.UnityWebRequestWWWModule.dll_92498F5EA60833F3.mvfrm
[196/577    0s] MovedFromExtractor Library/Bee/artifacts/mvdfrm/UnityEngine.UnityWebRequestTextureModule.dll_EFFFE129518225B7.mvfrm
[197/577    0s] MovedFromExtractor Library/Bee/artifacts/mvdfrm/UnityEngine.ARModule.dll_7068506E540DBB3D.mvfrm
[198/577    0s] MovedFromExtractor Library/Bee/artifacts/mvdfrm/UnityEngine.UnityConsentModule.dll_AD1907CFB44BE7D1.mvfrm
[199/577    0s] MovedFromExtractor Library/Bee/artifacts/mvdfrm/UnityEngine.UnityConnectModule.dll_DB7370A3A7415181.mvfrm
[200/577    0s] MovedFromExtractor Library/Bee/artifacts/mvdfrm/UnityEngine.AIModule.dll_B6F58B6AF6F05C74.mvfrm
[201/577    0s] MovedFromExtractor Library/Bee/artifacts/mvdfrm/UnityEngine.AccessibilityModule.dll_E116443F3C664B26.mvfrm
[201/577    0s] Csc Library/Bee/artifacts/StandaloneOSX_CodeGen/UnityEngine.TestRunner.dll (+2 others) [CacheHit 1a8f92b00a36c841589619ed60dbe21e00000000000000000000000000000006]
[202/577    0s] Csc Library/Bee/artifacts/StandaloneOSX_CodeGen/UnityEngine.TestRunner.dll (+2 others)
[204/577    0s] MovedFromExtractor Library/Bee/artifacts/mvdfrm/UnityEngine.UIElementsModule.dll_834B8D3B09CE06A7.mvfrm
[205/577    0s] MovedFromExtractor Library/Bee/artifacts/mvdfrm/UnityEngine.U2DRuntimeModule.dll_4FE97C99D6FD40BD.mvfrm
[206/577    0s] MovedFromExtractor Library/Bee/artifacts/mvdfrm/UnityEngine.TimelineFoundationModule.dll_81E4929DC11723A0.mvfrm
[207/577    0s] MovedFromExtractor Library/Bee/artifacts/mvdfrm/UnityEngine.TilemapModule.dll_9D8FB238750B86C6.mvfrm
[208/577    0s] MovedFromExtractor Library/Bee/artifacts/mvdfrm/UnityEngine.AndroidJNIModule.dll_00E608C650A95C32.mvfrm
[209/577    0s] MovedFromExtractor Library/Bee/artifacts/mvdfrm/UnityEngine.AudioModule.dll_B1CB50D278A55E3E.mvfrm
[210/577    0s] MovedFromExtractor Library/Bee/artifacts/mvdfrm/UnityEngine.ClusterInputModule.dll_6DB061AA5E41239C.mvfrm
[211/577    0s] MovedFromExtractor Library/Bee/artifacts/mvdfrm/UnityEngine.BurstModule.dll_1AC3422A9FFB7628.mvfrm
[212/577    0s] MovedFromExtractor Library/Bee/artifacts/mvdfrm/UnityEngine.ClothModule.dll_18B3ADCD52C23D22.mvfrm
[213/577    0s] MovedFromExtractor Library/Bee/artifacts/mvdfrm/UnityEngine.ContentLoadModule.dll_E043F36DB001F0E7.mvfrm
[214/577    0s] MovedFromExtractor Library/Bee/artifacts/mvdfrm/UnityEngine.AdaptivePerformanceModule.dll_846801CA5DB6B432.mvfrm
[215/577    0s] MovedFromExtractor Library/Bee/artifacts/mvdfrm/UnityEngine.AnimationModule.dll_034A9FA4C7A2F04C.mvfrm
[216/577    0s] MovedFromExtractor Library/Bee/artifacts/mvdfrm/UnityEngine.AssetBundleModule.dll_472D9A2CE17F48FA.mvfrm
[217/577    0s] MovedFromExtractor Library/Bee/artifacts/mvdfrm/UnityEngine.CoreModule.dll_44FAAA31EAD0FD4B.mvfrm
[218/577    0s] MovedFromExtractor Library/Bee/artifacts/mvdfrm/UnityEngine.CrashReportingModule.dll_293461495A534DC3.mvfrm
[219/577    0s] MovedFromExtractor Library/Bee/artifacts/mvdfrm/UnityEngine.DSPGraphModule.dll_E2BEB53F0A659749.mvfrm
[220/577    0s] MovedFromExtractor Library/Bee/artifacts/mvdfrm/UnityEngine.ClusterRendererModule.dll_4D83E317F7404325.mvfrm
[221/577    0s] MovedFromExtractor Library/Bee/artifacts/mvdfrm/UnityEngine.GIModule.dll_4F31D478929F448E.mvfrm
[222/577    0s] MovedFromExtractor Library/Bee/artifacts/mvdfrm/UnityEngine.DirectorModule.dll_DD6D53D59804C628.mvfrm
[223/577    0s] MovedFromExtractor Library/Bee/artifacts/mvdfrm/UnityEngine.GameCenterModule.dll_2B3352E116EA4D23.mvfrm
[224/577    0s] MovedFromExtractor Library/Bee/artifacts/mvdfrm/UnityEngine.InputForUIModule.dll_2DE5ACFA770AE9DF.mvfrm
[225/577    0s] MovedFromExtractor Library/Bee/artifacts/mvdfrm/UnityEngine.InputModule.dll_18411882EEDD82E2.mvfrm
[226/577    0s] MovedFromExtractor Library/Bee/artifacts/mvdfrm/UnityEngine.IMGUIModule.dll_EA2AF0393ED6F21F.mvfrm
[227/577    0s] MovedFromExtractor Library/Bee/artifacts/mvdfrm/UnityEngine.HotReloadModule.dll_84935DAAA2D60BCE.mvfrm
[228/577    0s] MovedFromExtractor Library/Bee/artifacts/mvdfrm/UnityEngine.IdentifiersModule.dll_1FB72222A3F81712.mvfrm
[229/577    0s] MovedFromExtractor Library/Bee/artifacts/mvdfrm/UnityEngine.JSONSerializeModule.dll_412DCD7B3BA1ABB0.mvfrm
[230/577    0s] MovedFromExtractor Library/Bee/artifacts/mvdfrm/UnityEngine.ImageConversionModule.dll_B975E0C87964FB19.mvfrm
[231/577    0s] MovedFromExtractor Library/Bee/artifacts/mvdfrm/UnityEngine.InsightsModule.dll_77341C66228215A7.mvfrm
[232/577    0s] MovedFromExtractor Library/Bee/artifacts/mvdfrm/UnityEngine.GraphicsStateCollectionSerializerModule.dll_483C3E4C79474CCE.mvfrm
[233/577    0s] MovedFromExtractor Library/Bee/artifacts/mvdfrm/UnityEngine.HierarchyCoreModule.dll_5830E119AB13A41C.mvfrm
[234/577    0s] MovedFromExtractor Library/Bee/artifacts/mvdfrm/UnityEngine.InputLegacyModule.dll_D872B54B7970FEEB.mvfrm
[235/577    0s] MovedFromExtractor Library/Bee/artifacts/mvdfrm/UnityEngine.MarshallingModule.dll_EF9638C1C5A7764C.mvfrm
[236/577    0s] MovedFromExtractor Library/Bee/artifacts/mvdfrm/UnityEngine.GridModule.dll_226BC62003259342.mvfrm
[237/577    0s] MovedFromExtractor Library/Bee/artifacts/mvdfrm/UnityEngine.ManagedKernelModule.dll_03CC7CC42B9B7A34.mvfrm
[238/577    0s] MovedFromExtractor Library/Bee/artifacts/mvdfrm/UnityEngine.LocalizationModule.dll_ABFD2BFCF5BD1695.mvfrm
[239/577    0s] WriteText Library/Bee/artifacts/StandaloneOSX_CodeGen/UnityEditor.TestRunner.rsp2
[240/577    0s] WriteText Library/Bee/artifacts/StandaloneOSX_CodeGen/UnityEditor.TestRunner.UnityAdditionalFile.txt
[248/577    0s] WriteText Library/Bee/artifacts/200b0aPDev.dag/UnityEngine.UI.dll.mvfrm.rsp
[249/577    0s] WriteText Library/Bee/artifacts/StandaloneOSX_CodeGen/UnityEngine.UI.dll.mvfrm.rsp
[253/577    0s] WriteText Library/Bee/artifacts/200b0aPDev.dag/UnityEngine.UI.rsp
[254/577    0s] MovedFromExtractor Library/Bee/artifacts/mvdfrm/UnityEngine.TextRenderingModule.dll_8454ED0B07455807.mvfrm
[255/577    0s] MovedFromExtractor Library/Bee/artifacts/mvdfrm/UnityEngine.MultiplayerModule.dll_C6D5B6B99A46D672.mvfrm
[256/577    0s] MovedFromExtractor Library/Bee/artifacts/mvdfrm/UnityEngine.ParticleSystemModule.dll_7C46AA95C864D951.mvfrm
[257/577    0s] WriteText Library/Bee/artifacts/StandaloneOSX_CodeGen/UnityEngine.UI.rsp
[258/577    0s] WriteText Library/Bee/artifacts/StandaloneOSX_CodeGen/UnityEditor.TestRunner.dll.mvfrm.rsp
[259/577    0s] WriteText Library/Bee/artifacts/StandaloneOSX_CodeGen/UnityEditor.UI.rsp2
[260/577    0s] WriteText Library/Bee/artifacts/StandaloneOSX_CodeGen/UnityEditor.UI.UnityAdditionalFile.txt
[261/577    0s] WriteText Library/Bee/artifacts/StandaloneOSX_CodeGen/UnityEditor.TestRunner.rsp
[262/577    0s] WriteText Library/Bee/artifacts/StandaloneOSX_CodeGen/UnityEditor.UI.dll.mvfrm.rsp
[263/577    0s] WriteText Library/Bee/artifacts/StandaloneOSX_CodeGen/Unity.Burst.rsp2
[264/577    0s] WriteText Library/Bee/artifacts/StandaloneOSX_CodeGen/Unity.Burst.UnityAdditionalFile.txt
[265/577    0s] WriteText Library/Bee/artifacts/StandaloneOSX_CodeGen/UnityEditor.UI.rsp
[266/577    0s] WriteText Library/Bee/artifacts/200b0aPDev.dag/Unity.Burst.UnityAdditionalFile.txt
[267/577    0s] WriteText Library/Bee/artifacts/200b0aPDev.dag/Unity.Burst.rsp2
[268/577    0s] WriteText Library/Bee/artifacts/StandaloneOSX_CodeGen/Unity.Burst.dll.mvfrm.rsp
[269/577    0s] WriteText Library/Bee/artifacts/StandaloneOSX_CodeGen/Unity.Burst.rsp
[270/577    0s] WriteText Library/Bee/artifacts/200b0aPDev.dag/Unity.Burst.dll.mvfrm.rsp
[271/577    0s] WriteText Library/Bee/artifacts/StandaloneOSX_CodeGen/Unity.Collections.rsp2
[272/577    0s] WriteText Library/Bee/artifacts/200b0aPDev.dag/Unity.Burst.rsp
[273/577    0s] WriteText Library/Bee/artifacts/200b0aPDev.dag/Unity.Collections.UnityAdditionalFile.txt
[274/577    0s] WriteText Library/Bee/artifacts/StandaloneOSX_CodeGen/Unity.Collections.UnityAdditionalFile.txt
[275/577    0s] WriteText Library/Bee/artifacts/200b0aPDev.dag/Unity.Collections.rsp2
[276/577    0s] WriteText Library/Bee/artifacts/200b0aPDev.dag/Unity.InputSystem.UnityAdditionalFile.txt
[277/577    0s] WriteText Library/Bee/artifacts/200b0aPDev.dag/Unity.InputSystem.rsp2
[278/577    0s] WriteText Library/Bee/artifacts/200b0aPDev.dag/Unity.Collections.rsp
[279/577    0s] WriteText Library/Bee/artifacts/StandaloneOSX_CodeGen/Unity.Collections.dll.mvfrm.rsp
[280/577    0s] WriteText Library/Bee/artifacts/200b0aPDev.dag/Unity.Collections.dll.mvfrm.rsp
[281/577    0s] WriteText Library/Bee/artifacts/StandaloneOSX_CodeGen/Unity.Collections.rsp
[282/577    0s] WriteText Library/Bee/artifacts/200b0aPDev.dag/Unity.InputSystem.dll.mvfrm.rsp
[283/577    0s] WriteText Library/Bee/artifacts/200b0aPDev.dag/Unity.InputSystem.rsp
[284/577    0s] MovedFromExtractor Library/Bee/artifacts/mvdfrm/UnityEngine.PhysicsCore2DModule.dll_CEDA1BEA9B0B4010.mvfrm
[285/577    0s] MovedFromExtractor Library/Bee/artifacts/mvdfrm/UnityEngine.PhysicsBackendPhysXModule.dll_5E7BE9574072F6F1.mvfrm
[286/577    0s] WriteText Library/Bee/artifacts/StandaloneOSX_CodeGen/Unity.Collections.CodeGen.UnityAdditionalFile.txt
[287/577    0s] WriteText Library/Bee/artifacts/StandaloneOSX_CodeGen/Unity.Collections.CodeGen.rsp2
[288/577    0s] WriteText Library/Bee/artifacts/200b0aPDev.dag/Unity.RenderPipelines.Core.Runtime.UnityAdditionalFile.txt
[289/577    0s] WriteText Library/Bee/artifacts/200b0aPDev.dag/Unity.RenderPipelines.Core.Runtime.rsp2
[290/577    0s] WriteText Library/Bee/artifacts/200b0aPDev.dag/Unity.RenderPipelines.Core.Runtime.rsp
[292/577    0s] WriteText Library/Bee/artifacts/200b0aPDev.dag/Unity.RenderPipelines.Core.Runtime.dll.mvfrm.rsp
[293/577    0s] WriteText Library/Bee/artifacts/200b0aPDev.dag/Unity.UnifiedRayTracing.Runtime.UnityAdditionalFile.txt
[294/577    0s] WriteText Library/Bee/artifacts/200b0aPDev.dag/Unity.UnifiedRayTracing.Runtime.rsp2
[295/577    0s] WriteText Library/Bee/artifacts/StandaloneOSX_CodeGen/Unity.Collections.CodeGen.rsp
[296/577    0s] WriteText Library/Bee/artifacts/StandaloneOSX_CodeGen/Unity.Collections.CodeGen.dll.mvfrm.rsp
[297/577    0s] WriteText Library/Bee/artifacts/200b0aPDev.dag/Unity.Profiling.Core.UnityAdditionalFile.txt
[298/577    0s] WriteText Library/Bee/artifacts/200b0aPDev.dag/Unity.UnifiedRayTracing.Runtime.dll.mvfrm.rsp
[299/577    0s] WriteText Library/Bee/artifacts/200b0aPDev.dag/Unity.Profiling.Core.rsp2
[300/577    0s] WriteText Library/Bee/artifacts/200b0aPDev.dag/Unity.PathTracing.Runtime.UnityAdditionalFile.txt
[301/577    0s] WriteText Library/Bee/artifacts/200b0aPDev.dag/Unity.UnifiedRayTracing.Runtime.rsp
[302/577    0s] WriteText Library/Bee/artifacts/200b0aPDev.dag/Unity.PathTracing.Runtime.rsp2
[303/577    0s] WriteText Library/Bee/artifacts/200b0aPDev.dag/Unity.InternalAPIEngineBridge.RenderPipelines.Core.Runtime.Shared.UnityAdditionalFile.txt
[304/577    0s] WriteText Library/Bee/artifacts/200b0aPDev.dag/Unity.InternalAPIEngineBridge.RenderPipelines.Core.Runtime.Shared.rsp2
[305/577    0s] WriteText Library/Bee/artifacts/200b0aPDev.dag/Unity.Profiling.Core.dll.mvfrm.rsp
[306/577    0s] WriteText Library/Bee/artifacts/200b0aPDev.dag/Unity.PathTracing.Runtime.dll.mvfrm.rsp
[307/577    0s] WriteText Library/Bee/artifacts/200b0aPDev.dag/Unity.PathTracing.Runtime.rsp
[308/577    0s] WriteText Library/Bee/artifacts/200b0aPDev.dag/Unity.InternalAPIEngineBridge.RenderPipelines.Core.Runtime.Shared.dll.mvfrm.rsp
[309/577    0s] WriteText Library/Bee/artifacts/200b0aPDev.dag/Unity.InternalAPIEngineBridge.RenderPipelines.Core.Runtime.Shared.rsp
[310/577    0s] WriteText Library/Bee/artifacts/200b0aPDev.dag/Unity.RenderPipeline.Universal.ShaderLibrary.UnityAdditionalFile.txt
[311/577    0s] WriteText Library/Bee/artifacts/200b0aPDev.dag/Unity.RenderPipeline.Universal.ShaderLibrary.rsp2
[312/577    0s] WriteText Library/Bee/artifacts/200b0aPDev.dag/Unity.Profiling.Core.rsp
[313/577    0s] WriteText Library/Bee/artifacts/200b0aPDev.dag/Unity.RenderPipelines.Universal.Config.Runtime.UnityAdditionalFile.txt
[314/577    0s] WriteText Library/Bee/artifacts/200b0aPDev.dag/Unity.InternalAPIEngineBridge.004.UnityAdditionalFile.txt
[315/577    0s] WriteText Library/Bee/artifacts/200b0aPDev.dag/Unity.RenderPipelines.GPUDriven.Runtime.rsp2
[316/577    0s] WriteText Library/Bee/artifacts/200b0aPDev.dag/Unity.SurfaceCache.Runtime.rsp2
[317/577    0s] WriteText Library/Bee/artifacts/200b0aPDev.dag/Unity.SurfaceCache.Runtime.UnityAdditionalFile.txt
[318/577    0s] WriteText Library/Bee/artifacts/200b0aPDev.dag/Unity.InternalAPIEngineBridge.004.rsp2
[319/577    0s] WriteText Library/Bee/artifacts/200b0aPDev.dag/Unity.RenderPipelines.Core.Runtime.Shared.UnityAdditionalFile.txt
[320/577    0s] WriteText Library/Bee/artifacts/200b0aPDev.dag/Unity.RenderPipelines.Universal.Config.Runtime.rsp2
[321/577    0s] WriteText Library/Bee/artifacts/200b0aPDev.dag/Unity.InternalAPIEngineBridge.ObjectDispatcher.Runtime.rsp2
[322/577    0s] WriteText Library/Bee/artifacts/200b0aPDev.dag/Unity.RenderPipelines.Core.Runtime.Shared.rsp2
[323/577    0s] WriteText Library/Bee/artifacts/200b0aPDev.dag/Unity.RenderPipelines.GPUDriven.Runtime.UnityAdditionalFile.txt
[324/577    0s] WriteText Library/Bee/artifacts/200b0aPDev.dag/Unity.RenderPipeline.Universal.ShaderLibrary.dll.mvfrm.rsp
[325/577    0s] WriteText Library/Bee/artifacts/200b0aPDev.dag/Unity.InternalAPIEngineBridge.ObjectDispatcher.Runtime.UnityAdditionalFile.txt
[326/577    0s] WriteText Library/Bee/artifacts/200b0aPDev.dag/Unity.RenderPipeline.Universal.ShaderLibrary.rsp
[327/577    0s] WriteText Library/Bee/artifacts/200b0aPDev.dag/Unity.InternalAPIEngineBridge.ObjectDispatcher.Runtime.dll.mvfrm.rsp
[328/577    0s] WriteText Library/Bee/artifacts/200b0aPDev.dag/Unity.RenderPipelines.Core.Runtime.Shared.dll.mvfrm.rsp
[329/577    0s] WriteText Library/Bee/artifacts/200b0aPDev.dag/Unity.RenderPipelines.Universal.Config.Runtime.dll.mvfrm.rsp
[330/577    0s] WriteText Library/Bee/artifacts/200b0aPDev.dag/Unity.InternalAPIEngineBridge.004.dll.mvfrm.rsp
[331/577    0s] WriteText Library/Bee/artifacts/200b0aPDev.dag/Unity.SurfaceCache.Runtime.dll.mvfrm.rsp
[332/577    0s] MovedFromExtractor Library/Bee/artifacts/mvdfrm/UnityEngine.PerformanceReportingModule.dll_FC7902E887529D0A.mvfrm
[333/577    0s] MovedFromExtractor Library/Bee/artifacts/mvdfrm/UnityEngine.PhysicsModule.dll_E44CCF4887905CCF.mvfrm
[334/577    0s] WriteText Library/Bee/artifacts/200b0aPDev.dag/Unity.InternalAPIEngineBridge.ObjectDispatcher.Runtime.rsp
[335/577    0s] WriteText Library/Bee/artifacts/200b0aPDev.dag/Unity.RenderPipelines.Core.Runtime.Shared.rsp
[336/577    0s] MovedFromExtractor Library/Bee/artifacts/mvdfrm/UnityEngine.Physics2DModule.dll_4FF08F95689FE7E1.mvfrm
[337/577    0s] WriteText Library/Bee/artifacts/200b0aPDev.dag/Unity.RenderPipelines.GPUDriven.Runtime.dll.mvfrm.rsp
[338/577    0s] WriteText Library/Bee/artifacts/200b0aPDev.dag/Unity.SurfaceCache.Runtime.rsp
[339/577    0s] WriteText Library/Bee/artifacts/200b0aPDev.dag/Unity.InternalAPIEngineBridge.004.rsp
[340/577    0s] WriteText Library/Bee/artifacts/200b0aPDev.dag/Janseon.Core.rsp2
[341/577    0s] WriteText Library/Bee/artifacts/200b0aPDev.dag/Janseon.Core.UnityAdditionalFile.txt
[342/577    0s] WriteText Library/Bee/artifacts/200b0aPDev.dag/Unity.TextMeshPro.rsp2
[343/577    0s] WriteText Library/Bee/artifacts/200b0aPDev.dag/Unity.RenderPipelines.Universal.Runtime.UnityAdditionalFile.txt
[344/577    0s] WriteText Library/Bee/artifacts/200b0aPDev.dag/Janseon.Core.dll.mvfrm.rsp
[345/577    0s] WriteText Library/Bee/artifacts/200b0aPDev.dag/Unity.RenderPipelines.Universal.Runtime.rsp2
[346/577    0s] WriteText Library/Bee/artifacts/200b0aPDev.dag/Unity.RenderPipelines.Universal.Runtime.dll.mvfrm.rsp
[347/577    0s] WriteText Library/Bee/artifacts/200b0aPDev.dag/Unity.TextMeshPro.dll.mvfrm.rsp
[348/577    0s] WriteText Library/Bee/artifacts/200b0aPDev.dag/Unity.RenderPipelines.Universal.Config.Runtime.rsp
[349/577    0s] WriteText Library/Bee/artifacts/200b0aPDev.dag/Unity.TextMeshPro.UnityAdditionalFile.txt
[350/577    0s] WriteText Library/Bee/artifacts/200b0aPDev.dag/Unity.RenderPipelines.GPUDriven.Runtime.rsp
[351/577    0s] WriteText Library/Bee/artifacts/200b0aPDev.dag/Unity.TextMeshPro.rsp
[352/577    0s] WriteText Library/Bee/artifacts/200b0aPDev.dag/VContainer.rsp2
[353/577    0s] WriteText Library/Bee/artifacts/200b0aPDev.dag/Janseon.Data.rsp2
[354/577    0s] WriteText Library/Bee/artifacts/200b0aPDev.dag/VContainer.UnityAdditionalFile.txt
[355/577    0s] WriteText Library/Bee/artifacts/200b0aPDev.dag/Janseon.Data.UnityAdditionalFile.txt
[356/577    0s] WriteText Library/Bee/artifacts/200b0aPDev.dag/Unity.RenderPipelines.Universal.Runtime.rsp
[357/577    0s] WriteText Library/Bee/artifacts/200b0aPDev.dag/Janseon.Data.dll.mvfrm.rsp
[358/577    0s] WriteText Library/Bee/artifacts/200b0aPDev.dag/VContainer.dll.mvfrm.rsp
[359/577    0s] WriteText Library/Bee/artifacts/200b0aPDev.dag/Janseon.Core.rsp
[360/577    0s] WriteText Library/Bee/artifacts/200b0aPDev.dag/VContainer.rsp
[361/577    0s] WriteText Library/Bee/artifacts/200b0aPDev.dag/Janseon.Data.rsp
[362/577    0s] WriteText Library/Bee/artifacts/200b0aPDev.dag/Unity.InputSystem.ForUI.dll.mvfrm.rsp
[363/577    0s] WriteText Library/Bee/artifacts/200b0aPDev.dag/Janseon.Art.dll.mvfrm.rsp
[364/577    0s] WriteText Library/Bee/artifacts/200b0aPDev.dag/Janseon.Foundation.dll.mvfrm.rsp
[365/577    0s] WriteText Library/Bee/artifacts/200b0aPDev.dag/Unity.RenderPipelines.Universal.2D.Runtime.dll.mvfrm.rsp
[366/577    0s] WriteText Library/Bee/artifacts/200b0aPDev.dag/Unity.RenderPipelines.Universal.Shaders.UnityAdditionalFile.txt
[367/577    0s] WriteText Library/Bee/artifacts/200b0aPDev.dag/Unity.RenderPipelines.Core.ShaderLibrary.dll.mvfrm.rsp
[368/577    0s] WriteText Library/Bee/artifacts/200b0aPDev.dag/Unity.RenderPipelines.Core.ShaderLibrary.rsp2
[369/577    0s] WriteText Library/Bee/artifacts/200b0aPDev.dag/Unity.RenderPipelines.ShaderGraph.ShaderGraphLibrary.rsp2
[370/577    0s] WriteText Library/Bee/artifacts/200b0aPDev.dag/Unity.RenderPipelines.ShaderGraph.ShaderGraphLibrary.dll.mvfrm.rsp
[371/577    0s] WriteText Library/Bee/artifacts/200b0aPDev.dag/Unity.RenderPipelines.Core.ShaderLibrary.UnityAdditionalFile.txt
[372/577    0s] WriteText Library/Bee/artifacts/200b0aPDev.dag/Unity.RenderPipelines.Universal.Shaders.dll.mvfrm.rsp
[373/577    0s] WriteText Library/Bee/artifacts/200b0aPDev.dag/Unity.RenderPipelines.ShaderGraph.ShaderGraphLibrary.UnityAdditionalFile.txt
[374/577    0s] WriteText Library/Bee/artifacts/200b0aPDev.dag/Unity.InputSystem.ForUI.UnityAdditionalFile.txt
[375/577    0s] WriteText Library/Bee/artifacts/200b0aPDev.dag/Janseon.Art.UnityAdditionalFile.txt
[376/577    0s] WriteText Library/Bee/artifacts/200b0aPDev.dag/Unity.RenderPipelines.Universal.Shaders.rsp2
[377/577    0s] WriteText Library/Bee/artifacts/200b0aPDev.dag/Janseon.Foundation.rsp2
[378/577    0s] WriteText Library/Bee/artifacts/200b0aPDev.dag/Janseon.Art.rsp2
[379/577    0s] WriteText Library/Bee/artifacts/200b0aPDev.dag/Unity.InputSystem.ForUI.rsp2
[380/577    0s] MovedFromExtractor Library/Bee/artifacts/mvdfrm/UnityEngine.RuntimeInitializeOnLoadManagerInitializerModule.dll_EDB4171746329AAA.mvfrm
[381/577    0s] WriteText Library/Bee/artifacts/200b0aPDev.dag/Janseon.Foundation.UnityAdditionalFile.txt
[382/577    0s] WriteText Library/Bee/artifacts/200b0aPDev.dag/Unity.RenderPipelines.Universal.2D.Runtime.rsp2
[383/577    0s] WriteText Library/Bee/artifacts/200b0aPDev.dag/Unity.RenderPipelines.Universal.2D.Runtime.UnityAdditionalFile.txt
[384/577    0s] WriteText Library/Bee/artifacts/200b0aPDev.dag/Unity.RenderPipelines.ShaderGraph.ShaderGraphLibrary.rsp
[385/577    0s] MovedFromExtractor Library/Bee/artifacts/mvdfrm/UnityEngine.PropertiesModule.dll_586E921F89D5B15F.mvfrm
[386/577    0s] WriteText Library/Bee/artifacts/200b0aPDev.dag/Unity.RenderPipelines.Universal.Shaders.rsp
[387/577    0s] WriteText Library/Bee/artifacts/200b0aPDev.dag/Unity.RenderPipelines.Core.ShaderLibrary.rsp
[388/577    0s] WriteText Library/Bee/artifacts/200b0aPDev.dag/Unity.InputSystem.ForUI.rsp
[389/577    0s] WriteText Library/Bee/artifacts/200b0aPDev.dag/Unity.RenderPipelines.Universal.2D.Runtime.rsp
[390/577    0s] WriteText Library/Bee/artifacts/200b0aPDev.dag/Janseon.Art.rsp
[391/577    0s] WriteText Library/Bee/artifacts/200b0aPDev.dag/Janseon.Foundation.rsp
[392/577    0s] MovedFromExtractor Library/Bee/artifacts/mvdfrm/UnityEngine.RenderAs2DModule.dll_99A654A5692FFB96.mvfrm
[393/577    0s] MovedFromExtractor Library/Bee/artifacts/mvdfrm/UnityEngine.SmartStringsModule.dll_2A559CA8E871C7D5.mvfrm
[394/577    0s] MovedFromExtractor Library/Bee/artifacts/mvdfrm/UnityEngine.ShaderVariantAnalyticsModule.dll_B0B9FED9FD4E6132.mvfrm
[395/577    0s] MovedFromExtractor Library/Bee/artifacts/mvdfrm/UnityEngine.SpriteMaskModule.dll_145FC5713859E29D.mvfrm
[396/577    0s] MovedFromExtractor Library/Bee/artifacts/mvdfrm/UnityEngine.ScriptingModule.dll_1A6BF86B472A9EFF.mvfrm
[397/577    0s] MovedFromExtractor Library/Bee/artifacts/mvdfrm/UnityEngine.ScreenCaptureModule.dll_5B157B00500DD812.mvfrm
[398/577    0s] MovedFromExtractor Library/Bee/artifacts/mvdfrm/UnityEngine.SpriteShapeModule.dll_608EC78797218104.mvfrm
[399/577    0s] MovedFromExtractor-Combine Library/Bee/artifacts/StandaloneOSX_CodeGen/UnityEngine.UI.dll.mvfrm
[400/577    0s] MovedFromExtractor Library/Bee/artifacts/mvdfrm/UnityEngine.TestRunner.ref.dll_771D14745F3FB3EF.mvfrm
[           0s] Csc Library/Bee/artifacts/StandaloneOSX_CodeGen/UnityEngine.UI.dll (+2 others) [CacheMiss a2457cf833228a82bf9520841afd8f1700000000000000000000000000000006]
[401/577    0s] MovedFromExtractor-Combine Library/Bee/artifacts/200b0aPDev.dag/Janseon.Core.dll.mvfrm
[402/577    0s] MovedFromExtractor-Combine Library/Bee/artifacts/200b0aPDev.dag/UnityEngine.UI.dll.mvfrm
[403/577    0s] MovedFromExtractor-Combine Library/Bee/artifacts/StandaloneOSX_CodeGen/UnityEditor.TestRunner.dll.mvfrm
[           0s] Csc Library/Bee/artifacts/200b0aPDev.dag/UnityEngine.UI.dll (+2 others) [CacheMiss 8230ddd139142eaa095b96f868e393bb00000000000000000000000000000006]
[402/577    0s] Csc Library/Bee/artifacts/StandaloneOSX_CodeGen/UnityEditor.TestRunner.dll (+2 others) [CacheHit f78327908ae52038ea4bd44baebd7de200000000000000000000000000000006]
[404/577    0s] Csc Library/Bee/artifacts/StandaloneOSX_CodeGen/UnityEditor.TestRunner.dll (+2 others)
[406/577    0s] MovedFromExtractor Library/Bee/artifacts/mvdfrm/UnityEditor.TestRunner.ref.dll_AAFEC9C6337C5604.mvfrm
[407/577    0s] Csc Library/Bee/artifacts/StandaloneOSX_CodeGen/UnityEngine.UI.dll (+2 others)
[           0s] Csc Library/Bee/artifacts/StandaloneOSX_CodeGen/UnityEngine.UI.dll (+2 others) [CacheWrite a2457cf833228a82bf9520841afd8f1700000000000000000000000000000006]
[408/577    0s] Csc Library/Bee/artifacts/200b0aPDev.dag/Janseon.Core.dll (+2 others)
[409/577    0s] MovedFromExtractor Library/Bee/artifacts/mvdfrm/UnityEngine.UI.ref.dll_0771E566A910AB31.mvfrm
[410/577    0s] Csc Library/Bee/artifacts/200b0aPDev.dag/UnityEngine.UI.dll (+2 others)
[           0s] Csc Library/Bee/artifacts/200b0aPDev.dag/UnityEngine.UI.dll (+2 others) [CacheWrite 8230ddd139142eaa095b96f868e393bb00000000000000000000000000000006]
[411/577    0s] MovedFromExtractor-Combine Library/Bee/artifacts/StandaloneOSX_CodeGen/UnityEditor.UI.dll.mvfrm
[           0s] Csc Library/Bee/artifacts/StandaloneOSX_CodeGen/UnityEditor.UI.dll (+2 others) [CacheMiss 6134646a7e09df444699561c9e2bc0e600000000000000000000000000000006]
[412/577    0s] MovedFromExtractor Library/Bee/artifacts/mvdfrm/UnityEngine.UI.ref.dll_82F55FB79A2ECE04.mvfrm
[413/577    0s] MovedFromExtractor-Combine Library/Bee/artifacts/200b0aPDev.dag/Janseon.Data.dll.mvfrm
[414/577    0s] MovedFromExtractor-Combine Library/Bee/artifacts/200b0aPDev.dag/Unity.Burst.dll.mvfrm
[415/577    0s] MovedFromExtractor-Combine Library/Bee/artifacts/200b0aPDev.dag/Unity.RenderPipelines.Core.ShaderLibrary.dll.mvfrm
[416/577    0s] MovedFromExtractor-Combine Library/Bee/artifacts/200b0aPDev.dag/Unity.InternalAPIEngineBridge.RenderPipelines.Core.Runtime.Shared.dll.mvfrm
[           0s] Csc Library/Bee/artifacts/200b0aPDev.dag/Unity.InternalAPIEngineBridge.RenderPipelines.Core.Runtime.Shared.dll (+2 others) [CacheMiss e6da8d895093e6cf8172274625c1a8f500000000000000000000000000000006]
[           0s] Csc Library/Bee/artifacts/200b0aPDev.dag/Unity.RenderPipelines.Core.ShaderLibrary.dll (+2 others) [CacheMiss d095da14440a68c978a5f3bffd72880e00000000000000000000000000000006]
[           0s] Csc Library/Bee/artifacts/200b0aPDev.dag/Unity.Burst.dll (+2 others) [CacheMiss 7f989e76bf8f4ef4e6f48b54dca025b400000000000000000000000000000006]
[417/577    0s] MovedFromExtractor-Combine Library/Bee/artifacts/200b0aPDev.dag/Unity.RenderPipelines.Universal.Shaders.dll.mvfrm
[418/577    0s] MovedFromExtractor-Combine Library/Bee/artifacts/200b0aPDev.dag/Janseon.Art.dll.mvfrm
[419/577    0s] MovedFromExtractor-Combine Library/Bee/artifacts/200b0aPDev.dag/Unity.RenderPipelines.ShaderGraph.ShaderGraphLibrary.dll.mvfrm
[420/577    0s] MovedFromExtractor-Combine Library/Bee/artifacts/200b0aPDev.dag/Unity.InputSystem.dll.mvfrm
[421/577    0s] MovedFromExtractor-Combine Library/Bee/artifacts/200b0aPDev.dag/Unity.Profiling.Core.dll.mvfrm
[422/577    0s] MovedFromExtractor-Combine Library/Bee/artifacts/200b0aPDev.dag/Unity.InternalAPIEngineBridge.004.dll.mvfrm
[423/577    0s] MovedFromExtractor-Combine Library/Bee/artifacts/200b0aPDev.dag/Unity.InternalAPIEngineBridge.ObjectDispatcher.Runtime.dll.mvfrm
[           0s] Csc Library/Bee/artifacts/200b0aPDev.dag/Unity.RenderPipelines.ShaderGraph.ShaderGraphLibrary.dll (+2 others) [CacheMiss f6cf930b8a057b8774ea0bc53653be4300000000000000000000000000000006]
[           0s] Csc Library/Bee/artifacts/200b0aPDev.dag/Unity.RenderPipelines.Universal.Shaders.dll (+2 others) [CacheMiss e09a00408184e640dbb6e26eabd865a100000000000000000000000000000006]
[           0s] Csc Library/Bee/artifacts/200b0aPDev.dag/Unity.Profiling.Core.dll (+2 others) [CacheMiss 88177f4939a5d2f370febd08873735d800000000000000000000000000000006]
[           0s] Csc Library/Bee/artifacts/200b0aPDev.dag/Unity.InternalAPIEngineBridge.004.dll (+2 others) [CacheMiss 63edceaba896de27368dfa304112f65900000000000000000000000000000006]
[           0s] Csc Library/Bee/artifacts/200b0aPDev.dag/Unity.InternalAPIEngineBridge.ObjectDispatcher.Runtime.dll (+2 others) [CacheMiss 0dd5be9d992134d3f2d0cf967cafa60c00000000000000000000000000000006]
[           0s] Csc Library/Bee/artifacts/200b0aPDev.dag/Unity.InputSystem.dll (+2 others) [CacheMiss 4f826847c63f72e26ebd749cb961caf300000000000000000000000000000006]
[424/577    0s] Csc Library/Bee/artifacts/StandaloneOSX_CodeGen/UnityEditor.UI.dll (+2 others)
[           0s] Csc Library/Bee/artifacts/StandaloneOSX_CodeGen/UnityEditor.UI.dll (+2 others) [CacheWrite 6134646a7e09df444699561c9e2bc0e600000000000000000000000000000006]
[425/577    0s] Csc Library/Bee/artifacts/200b0aPDev.dag/Janseon.Data.dll (+2 others)
[426/577    0s] MovedFromExtractor Library/Bee/artifacts/mvdfrm/UnityEditor.UI.ref.dll_4B0C0F0BA2EE82C6.mvfrm
[427/577    0s] MovedFromExtractor-Combine Library/Bee/artifacts/StandaloneOSX_CodeGen/Unity.Burst.dll.mvfrm
[           0s] Csc Library/Bee/artifacts/StandaloneOSX_CodeGen/Unity.Burst.dll (+2 others) [CacheMiss 3eaec41432c18a2561f9b2983d10d10e00000000000000000000000000000006]
[428/577    0s] Csc Library/Bee/artifacts/200b0aPDev.dag/Unity.InternalAPIEngineBridge.RenderPipelines.Core.Runtime.Shared.dll (+2 others)
[429/577    0s] Csc Library/Bee/artifacts/200b0aPDev.dag/Unity.RenderPipelines.Core.ShaderLibrary.dll (+2 others)
[430/577    0s] Csc Library/Bee/artifacts/200b0aPDev.dag/Unity.Burst.dll (+2 others)
[431/577    0s] Csc Library/Bee/artifacts/200b0aPDev.dag/Janseon.Art.dll (+2 others)
[           0s] Csc Library/Bee/artifacts/200b0aPDev.dag/Unity.Burst.dll (+2 others) [CacheWrite 7f989e76bf8f4ef4e6f48b54dca025b400000000000000000000000000000006]
[           0s] Csc Library/Bee/artifacts/200b0aPDev.dag/Unity.InternalAPIEngineBridge.RenderPipelines.Core.Runtime.Shared.dll (+2 others) [CacheWrite e6da8d895093e6cf8172274625c1a8f500000000000000000000000000000006]
[           0s] Csc Library/Bee/artifacts/200b0aPDev.dag/Unity.RenderPipelines.Core.ShaderLibrary.dll (+2 others) [CacheWrite d095da14440a68c978a5f3bffd72880e00000000000000000000000000000006]
[432/577    0s] MovedFromExtractor Library/Bee/artifacts/mvdfrm/Unity.InternalAPIEngineBridge.RenderPipelines.Core.Runtime.Shared.ref.dll_C95D97C216CFA1E5.mvfrm
[433/577    0s] MovedFromExtractor Library/Bee/artifacts/mvdfrm/Unity.Burst.ref.dll_ED9EA36097DDF584.mvfrm
[434/577    0s] Csc Library/Bee/artifacts/StandaloneOSX_CodeGen/Unity.Burst.dll (+2 others)
[           0s] Csc Library/Bee/artifacts/StandaloneOSX_CodeGen/Unity.Burst.dll (+2 others) [CacheWrite 3eaec41432c18a2561f9b2983d10d10e00000000000000000000000000000006]
[435/577    0s] MovedFromExtractor-Combine Library/Bee/artifacts/200b0aPDev.dag/Unity.Collections.dll.mvfrm
[           0s] Csc Library/Bee/artifacts/200b0aPDev.dag/Unity.Collections.dll (+2 others) [CacheMiss f00980153c3432d66d5ff3597529c7fd00000000000000000000000000000006]
[436/577    0s] MovedFromExtractor Library/Bee/artifacts/mvdfrm/Unity.Burst.ref.dll_C3FA6F161B3A5247.mvfrm
[437/577    0s] MovedFromExtractor-Combine Library/Bee/artifacts/StandaloneOSX_CodeGen/Unity.Collections.dll.mvfrm
[           0s] Csc Library/Bee/artifacts/StandaloneOSX_CodeGen/Unity.Collections.dll (+2 others) [CacheMiss 6120df21b22d690f589806cf5a0e2ab300000000000000000000000000000006]
[438/577    0s] Csc Library/Bee/artifacts/200b0aPDev.dag/Unity.InternalAPIEngineBridge.004.dll (+2 others)
[           0s] Csc Library/Bee/artifacts/200b0aPDev.dag/Unity.InternalAPIEngineBridge.004.dll (+2 others) [CacheWrite 63edceaba896de27368dfa304112f65900000000000000000000000000000006]
[439/577    0s] Csc Library/Bee/artifacts/200b0aPDev.dag/Unity.RenderPipelines.ShaderGraph.ShaderGraphLibrary.dll (+2 others)
[440/577    0s] Csc Library/Bee/artifacts/200b0aPDev.dag/Unity.RenderPipelines.Universal.Shaders.dll (+2 others)
[           0s] Csc Library/Bee/artifacts/200b0aPDev.dag/Unity.RenderPipelines.Universal.Shaders.dll (+2 others) [CacheWrite e09a00408184e640dbb6e26eabd865a100000000000000000000000000000006]
[           0s] Csc Library/Bee/artifacts/200b0aPDev.dag/Unity.RenderPipelines.ShaderGraph.ShaderGraphLibrary.dll (+2 others) [CacheWrite f6cf930b8a057b8774ea0bc53653be4300000000000000000000000000000006]
[441/577    0s] MovedFromExtractor Library/Bee/artifacts/mvdfrm/Unity.InternalAPIEngineBridge.004.ref.dll_1A72D2774CC868C2.mvfrm
[442/577    0s] MovedFromExtractor-Combine Library/Bee/artifacts/200b0aPDev.dag/Unity.TextMeshPro.dll.mvfrm
[           0s] Csc Library/Bee/artifacts/200b0aPDev.dag/Unity.TextMeshPro.dll (+2 others) [CacheMiss 139d80db95b1641bb15cbc5885ce5df200000000000000000000000000000006]
[443/577    0s] Csc Library/Bee/artifacts/200b0aPDev.dag/Unity.Profiling.Core.dll (+2 others)
[444/577    0s] Csc Library/Bee/artifacts/200b0aPDev.dag/Unity.InternalAPIEngineBridge.ObjectDispatcher.Runtime.dll (+2 others)
[445/577    0s] Csc Library/Bee/artifacts/200b0aPDev.dag/Unity.InputSystem.dll (+2 others)
[           0s] Csc Library/Bee/artifacts/200b0aPDev.dag/Unity.InputSystem.dll (+2 others) [CacheWrite 4f826847c63f72e26ebd749cb961caf300000000000000000000000000000006]
[           0s] Csc Library/Bee/artifacts/200b0aPDev.dag/Unity.Profiling.Core.dll (+2 others) [CacheWrite 88177f4939a5d2f370febd08873735d800000000000000000000000000000006]
[           0s] Csc Library/Bee/artifacts/200b0aPDev.dag/Unity.InternalAPIEngineBridge.ObjectDispatcher.Runtime.dll (+2 others) [CacheWrite 0dd5be9d992134d3f2d0cf967cafa60c00000000000000000000000000000006]
[446/577    0s] MovedFromExtractor Library/Bee/artifacts/mvdfrm/Unity.InputSystem.ref.dll_BFF0B15414F49F1D.mvfrm
[447/577    0s] MovedFromExtractor Library/Bee/artifacts/mvdfrm/Unity.InternalAPIEngineBridge.ObjectDispatcher.Runtime.ref.dll_43CFD71D0ECF6BA8.mvfrm
[448/577    0s] MovedFromExtractor Library/Bee/artifacts/mvdfrm/Unity.Profiling.Core.ref.dll_51C9DEB77AFF8F79.mvfrm
[449/577    0s] Csc Library/Bee/artifacts/200b0aPDev.dag/Unity.Collections.dll (+2 others)
[           0s] Csc Library/Bee/artifacts/200b0aPDev.dag/Unity.Collections.dll (+2 others) [CacheWrite f00980153c3432d66d5ff3597529c7fd00000000000000000000000000000006]
[450/577    0s] Csc Library/Bee/artifacts/StandaloneOSX_CodeGen/Unity.Collections.dll (+2 others)
[451/577    0s] MovedFromExtractor-Combine Library/Bee/artifacts/200b0aPDev.dag/Unity.InputSystem.ForUI.dll.mvfrm
[           0s] Csc Library/Bee/artifacts/StandaloneOSX_CodeGen/Unity.Collections.dll (+2 others) [CacheWrite 6120df21b22d690f589806cf5a0e2ab300000000000000000000000000000006]
[           0s] Csc Library/Bee/artifacts/200b0aPDev.dag/Unity.InputSystem.ForUI.dll (+2 others) [CacheMiss 2d19d80fc877ac3031d4b4eeec25ff8600000000000000000000000000000006]
[452/577    0s] MovedFromExtractor Library/Bee/artifacts/mvdfrm/Unity.Collections.ref.dll_282F5CE8E7895D69.mvfrm
[453/577    0s] Csc Library/Bee/artifacts/200b0aPDev.dag/Unity.TextMeshPro.dll (+2 others)
[           0s] Csc Library/Bee/artifacts/200b0aPDev.dag/Unity.TextMeshPro.dll (+2 others) [CacheWrite 139d80db95b1641bb15cbc5885ce5df200000000000000000000000000000006]
[454/577    0s] MovedFromExtractor Library/Bee/artifacts/mvdfrm/Unity.Collections.ref.dll_5C1863218901714C.mvfrm
[455/577    0s] MovedFromExtractor-Combine Library/Bee/artifacts/200b0aPDev.dag/Unity.RenderPipelines.Core.Runtime.dll.mvfrm
[456/577    0s] MovedFromExtractor-Combine Library/Bee/artifacts/200b0aPDev.dag/VContainer.dll.mvfrm
[457/577    0s] MovedFromExtractor-Combine Library/Bee/artifacts/200b0aPDev.dag/Unity.UnifiedRayTracing.Runtime.dll.mvfrm
[           0s] Csc Library/Bee/artifacts/200b0aPDev.dag/Unity.RenderPipelines.Core.Runtime.dll (+2 others) [CacheMiss fb9baa83a34848047cbfd92a27f4341a00000000000000000000000000000006]
[           0s] Csc Library/Bee/artifacts/200b0aPDev.dag/Unity.UnifiedRayTracing.Runtime.dll (+2 others) [CacheMiss b40bb255c58a651ba9f10f986b807b5b00000000000000000000000000000006]
[455/577    0s] Csc Library/Bee/artifacts/200b0aPDev.dag/VContainer.dll (+2 others) [CacheHit 3c31a4161ba3e0fd3f933f7510818ae200000000000000000000000000000006]
[458/577    0s] Csc Library/Bee/artifacts/200b0aPDev.dag/VContainer.dll (+2 others)
[460/577    0s] MovedFromExtractor Library/Bee/artifacts/mvdfrm/Unity.TextMeshPro.ref.dll_47661215BDDA4177.mvfrm
[461/577    0s] Csc Library/Bee/artifacts/200b0aPDev.dag/Unity.InputSystem.ForUI.dll (+2 others)
[           0s] Csc Library/Bee/artifacts/200b0aPDev.dag/Unity.InputSystem.ForUI.dll (+2 others) [CacheWrite 2d19d80fc877ac3031d4b4eeec25ff8600000000000000000000000000000006]
[462/577    0s] MovedFromExtractor-Combine Library/Bee/artifacts/StandaloneOSX_CodeGen/Unity.Collections.CodeGen.dll.mvfrm
[           0s] Csc Library/Bee/artifacts/StandaloneOSX_CodeGen/Unity.Collections.CodeGen.dll (+2 others) [CacheMiss 99c9aa1b2722eb317d2e297abe1d745900000000000000000000000000000006]
[463/577    0s] MovedFromExtractor-Combine Library/Bee/artifacts/200b0aPDev.dag/Janseon.Foundation.dll.mvfrm
[464/577    0s] Csc Library/Bee/artifacts/200b0aPDev.dag/Unity.UnifiedRayTracing.Runtime.dll (+2 others)
[           0s] Csc Library/Bee/artifacts/200b0aPDev.dag/Unity.UnifiedRayTracing.Runtime.dll (+2 others) [CacheWrite b40bb255c58a651ba9f10f986b807b5b00000000000000000000000000000006]
[465/577    0s] MovedFromExtractor Library/Bee/artifacts/mvdfrm/Unity.UnifiedRayTracing.Runtime.ref.dll_8C94C5CEDCA21D28.mvfrm
[466/577    0s] Csc Library/Bee/artifacts/StandaloneOSX_CodeGen/Unity.Collections.CodeGen.dll (+2 others)
[           0s] Csc Library/Bee/artifacts/StandaloneOSX_CodeGen/Unity.Collections.CodeGen.dll (+2 others) [CacheWrite 99c9aa1b2722eb317d2e297abe1d745900000000000000000000000000000006]
[467/577    0s] Csc Library/Bee/artifacts/200b0aPDev.dag/Janseon.Foundation.dll (+2 others)
[468/577    0s] ILPP-Configuration Library/ilpp-configuration.nevergeneratedoutput
[469/577    0s] ILPostProcess Library/Bee/artifacts/200b0aPDev.dag/post-processed/Unity.InternalAPIEngineBridge.004.dll (+pdb)
Processing assembly Library/Bee/artifacts/200b0aPDev.dag/Unity.InternalAPIEngineBridge.004.dll, with 135 defines and 222 references
processors: Unity.Jobs.CodeGen.JobsILPostProcessor, zzzUnity.Burst.CodeGen.BurstILPostProcessor
1 processor(s) skipped this assembly
running Unity.Jobs.CodeGen.JobsILPostProcessor
[470/577    0s] ILPostProcess Library/Bee/artifacts/200b0aPDev.dag/post-processed/Unity.InputSystem.ForUI.dll (+pdb)
Processing assembly Library/Bee/artifacts/200b0aPDev.dag/Unity.InputSystem.ForUI.dll, with 135 defines and 223 references
processors: Unity.Jobs.CodeGen.JobsILPostProcessor, zzzUnity.Burst.CodeGen.BurstILPostProcessor
1 processor(s) skipped this assembly
running Unity.Jobs.CodeGen.JobsILPostProcessor
[471/577    0s] ILPostProcess Library/Bee/artifacts/200b0aPDev.dag/post-processed/Unity.RenderPipelines.Universal.Shaders.dll (+pdb)
Processing assembly Library/Bee/artifacts/200b0aPDev.dag/Unity.RenderPipelines.Universal.Shaders.dll, with 135 defines and 222 references
processors: Unity.Jobs.CodeGen.JobsILPostProcessor, zzzUnity.Burst.CodeGen.BurstILPostProcessor
1 processor(s) skipped this assembly
running Unity.Jobs.CodeGen.JobsILPostProcessor
[472/577    0s] ILPostProcess Library/Bee/artifacts/200b0aPDev.dag/post-processed/Unity.RenderPipelines.Core.ShaderLibrary.dll (+pdb)
Processing assembly Library/Bee/artifacts/200b0aPDev.dag/Unity.RenderPipelines.Core.ShaderLibrary.dll, with 135 defines and 222 references
processors: Unity.Jobs.CodeGen.JobsILPostProcessor, zzzUnity.Burst.CodeGen.BurstILPostProcessor
1 processor(s) skipped this assembly
running Unity.Jobs.CodeGen.JobsILPostProcessor
[473/577    0s] ILPostProcess Library/Bee/artifacts/200b0aPDev.dag/post-processed/Unity.InternalAPIEngineBridge.ObjectDispatcher.Runtime.dll (+pdb)
Processing assembly Library/Bee/artifacts/200b0aPDev.dag/Unity.InternalAPIEngineBridge.ObjectDispatcher.Runtime.dll, with 135 defines and 222 references
processors: Unity.Jobs.CodeGen.JobsILPostProcessor, zzzUnity.Burst.CodeGen.BurstILPostProcessor
1 processor(s) skipped this assembly
running Unity.Jobs.CodeGen.JobsILPostProcessor
[474/577    0s] ILPostProcess Library/Bee/artifacts/200b0aPDev.dag/post-processed/Janseon.Core.dll (+pdb)
Processing assembly Library/Bee/artifacts/200b0aPDev.dag/Janseon.Core.dll, with 135 defines and 136 references
processors: Unity.Jobs.CodeGen.JobsILPostProcessor, zzzUnity.Burst.CodeGen.BurstILPostProcessor
1 processor(s) skipped this assembly
running Unity.Jobs.CodeGen.JobsILPostProcessor
[475/577    0s] ILPostProcess Library/Bee/artifacts/200b0aPDev.dag/post-processed/Unity.Profiling.Core.dll (+pdb)
Processing assembly Library/Bee/artifacts/200b0aPDev.dag/Unity.Profiling.Core.dll, with 135 defines and 222 references
processors: Unity.Jobs.CodeGen.JobsILPostProcessor, zzzUnity.Burst.CodeGen.BurstILPostProcessor
1 processor(s) skipped this assembly
running Unity.Jobs.CodeGen.JobsILPostProcessor
[476/577    0s] ILPostProcess Library/Bee/artifacts/200b0aPDev.dag/post-processed/Janseon.Foundation.dll (+pdb)
Processing assembly Library/Bee/artifacts/200b0aPDev.dag/Janseon.Foundation.dll, with 135 defines and 226 references
processors: Unity.Jobs.CodeGen.JobsILPostProcessor, zzzUnity.Burst.CodeGen.BurstILPostProcessor
1 processor(s) skipped this assembly
running Unity.Jobs.CodeGen.JobsILPostProcessor
[477/577    0s] Csc Library/Bee/artifacts/200b0aPDev.dag/Unity.RenderPipelines.Core.Runtime.dll (+2 others)
[478/577    0s] CopyFiles Library/Bee/PlayerScriptAssemblies/Unity.RenderPipelines.Universal.Shaders.dll
[479/577    0s] CopyFiles Library/Bee/PlayerScriptAssemblies/Unity.InputSystem.ForUI.dll
[480/577    0s] CopyFiles Library/Bee/PlayerScriptAssemblies/Unity.InternalAPIEngineBridge.004.dll
[481/577    0s] CopyFiles Library/Bee/PlayerScriptAssemblies/Unity.RenderPipelines.Universal.Shaders.pdb
[482/577    0s] CopyFiles Library/Bee/PlayerScriptAssemblies/Unity.InputSystem.ForUI.pdb
[483/577    0s] CopyFiles Library/Bee/PlayerScriptAssemblies/Unity.InternalAPIEngineBridge.004.pdb
[484/577    0s] CopyFiles Library/Bee/PlayerScriptAssemblies/Unity.RenderPipelines.Core.ShaderLibrary.dll
[485/577    0s] CopyFiles Library/Bee/PlayerScriptAssemblies/Unity.RenderPipelines.Core.ShaderLibrary.pdb
[486/577    0s] CopyFiles Library/Bee/PlayerScriptAssemblies/Unity.InternalAPIEngineBridge.ObjectDispatcher.Runtime.dll
[487/577    0s] CopyFiles Library/Bee/PlayerScriptAssemblies/Unity.InternalAPIEngineBridge.ObjectDispatcher.Runtime.pdb
[           0s] Csc Library/Bee/artifacts/200b0aPDev.dag/Unity.RenderPipelines.Core.Runtime.dll (+2 others) [CacheWrite fb9baa83a34848047cbfd92a27f4341a00000000000000000000000000000006]
[488/577    0s] CopyFiles Library/Bee/PlayerScriptAssemblies/Janseon.Core.pdb
[489/577    0s] CopyFiles Library/Bee/PlayerScriptAssemblies/Janseon.Core.dll
[490/577    0s] CopyFiles Library/Bee/PlayerScriptAssemblies/Unity.Profiling.Core.dll
[491/577    0s] CopyFiles Library/Bee/PlayerScriptAssemblies/Unity.Profiling.Core.pdb
[492/577    0s] CopyFiles Library/Bee/PlayerScriptAssemblies/Janseon.Foundation.dll
[493/577    0s] CopyFiles Library/Bee/PlayerScriptAssemblies/Janseon.Foundation.pdb
[494/577    0s] MovedFromExtractor Library/Bee/artifacts/mvdfrm/Unity.RenderPipelines.Core.Runtime.ref.dll_B6368DCCD18668AE.mvfrm
[495/577    0s] MovedFromExtractor-Combine Library/Bee/artifacts/200b0aPDev.dag/Unity.RenderPipelines.Core.Runtime.Shared.dll.mvfrm
[496/577    0s] MovedFromExtractor-Combine Library/Bee/artifacts/200b0aPDev.dag/Unity.RenderPipelines.GPUDriven.Runtime.dll.mvfrm
[497/577    0s] MovedFromExtractor-Combine Library/Bee/artifacts/200b0aPDev.dag/Unity.RenderPipelines.Universal.Config.Runtime.dll.mvfrm
[498/577    0s] MovedFromExtractor-Combine Library/Bee/artifacts/200b0aPDev.dag/Unity.PathTracing.Runtime.dll.mvfrm
[499/577    0s] MovedFromExtractor-Combine Library/Bee/artifacts/200b0aPDev.dag/Unity.RenderPipeline.Universal.ShaderLibrary.dll.mvfrm
[500/577    0s] ILPostProcess Library/Bee/artifacts/200b0aPDev.dag/post-processed/Unity.InternalAPIEngineBridge.RenderPipelines.Core.Runtime.Shared.dll (+pdb)
Processing assembly Library/Bee/artifacts/200b0aPDev.dag/Unity.InternalAPIEngineBridge.RenderPipelines.Core.Runtime.Shared.dll, with 135 defines and 222 references
processors: Unity.Jobs.CodeGen.JobsILPostProcessor, zzzUnity.Burst.CodeGen.BurstILPostProcessor
1 processor(s) skipped this assembly
running Unity.Jobs.CodeGen.JobsILPostProcessor
[501/577    0s] ILPostProcess Library/Bee/artifacts/200b0aPDev.dag/post-processed/Unity.TextMeshPro.dll (+pdb)
Processing assembly Library/Bee/artifacts/200b0aPDev.dag/Unity.TextMeshPro.dll, with 136 defines and 223 references
processors: Unity.Jobs.CodeGen.JobsILPostProcessor, zzzUnity.Burst.CodeGen.BurstILPostProcessor
1 processor(s) skipped this assembly
running Unity.Jobs.CodeGen.JobsILPostProcessor
[           0s] Csc Library/Bee/artifacts/200b0aPDev.dag/Unity.RenderPipeline.Universal.ShaderLibrary.dll (+2 others) [CacheMiss 60c75f2f2cd935dc52a07bd7eb1dc8ce00000000000000000000000000000006]
[           0s] Csc Library/Bee/artifacts/200b0aPDev.dag/Unity.RenderPipelines.Core.Runtime.Shared.dll (+2 others) [CacheMiss e9e3d88225a13389238c575095de971200000000000000000000000000000006]
[           0s] Csc Library/Bee/artifacts/200b0aPDev.dag/Unity.RenderPipelines.GPUDriven.Runtime.dll (+2 others) [CacheMiss 8fb045120b9d9d41f191ff832db00cec00000000000000000000000000000006]
[           0s] Csc Library/Bee/artifacts/200b0aPDev.dag/Unity.RenderPipelines.Universal.Config.Runtime.dll (+2 others) [CacheMiss 438ac874b424dfd09313fe6a72647b3a00000000000000000000000000000006]
[           0s] Csc Library/Bee/artifacts/200b0aPDev.dag/Unity.PathTracing.Runtime.dll (+2 others) [CacheMiss cc6480b5c6f7e4823033887353a3b9f000000000000000000000000000000006]
[502/577    0s] CopyFiles Library/Bee/PlayerScriptAssemblies/Unity.InternalAPIEngineBridge.RenderPipelines.Core.Runtime.Shared.dll
[503/577    0s] CopyFiles Library/Bee/PlayerScriptAssemblies/Unity.InternalAPIEngineBridge.RenderPipelines.Core.Runtime.Shared.pdb
[504/577    0s] CopyFiles Library/Bee/PlayerScriptAssemblies/Unity.TextMeshPro.pdb
[505/577    0s] CopyFiles Library/Bee/PlayerScriptAssemblies/Unity.TextMeshPro.dll
[506/577    0s] ILPostProcess Library/Bee/artifacts/200b0aPDev.dag/post-processed/VContainer.dll (+pdb)
Processing assembly Library/Bee/artifacts/200b0aPDev.dag/VContainer.dll, with 135 defines and 220 references
processors: Unity.Jobs.CodeGen.JobsILPostProcessor, zzzUnity.Burst.CodeGen.BurstILPostProcessor
1 processor(s) skipped this assembly
running Unity.Jobs.CodeGen.JobsILPostProcessor
[507/577    0s] CopyFiles Library/Bee/PlayerScriptAssemblies/VContainer.dll
[508/577    0s] CopyFiles Library/Bee/PlayerScriptAssemblies/VContainer.pdb
[509/577    0s] ILPostProcess Library/Bee/artifacts/200b0aPDev.dag/post-processed/Unity.UnifiedRayTracing.Runtime.dll (+pdb)
Processing assembly Library/Bee/artifacts/200b0aPDev.dag/Unity.UnifiedRayTracing.Runtime.dll, with 137 defines and 224 references
processors: Unity.Jobs.CodeGen.JobsILPostProcessor, zzzUnity.Burst.CodeGen.BurstILPostProcessor
running Unity.Jobs.CodeGen.JobsILPostProcessor
running zzzUnity.Burst.CodeGen.BurstILPostProcessor
[510/577    0s] CopyFiles Library/Bee/PlayerScriptAssemblies/Unity.UnifiedRayTracing.Runtime.dll
[511/577    0s] CopyFiles Library/Bee/PlayerScriptAssemblies/Unity.UnifiedRayTracing.Runtime.pdb
[512/577    0s] ILPostProcess Library/Bee/artifacts/200b0aPDev.dag/post-processed/Unity.InputSystem.dll (+pdb)
Processing assembly Library/Bee/artifacts/200b0aPDev.dag/Unity.InputSystem.dll, with 148 defines and 222 references
processors: Unity.Jobs.CodeGen.JobsILPostProcessor, zzzUnity.Burst.CodeGen.BurstILPostProcessor
1 processor(s) skipped this assembly
running Unity.Jobs.CodeGen.JobsILPostProcessor
[513/577    0s] CopyFiles Library/Bee/PlayerScriptAssemblies/Unity.InputSystem.pdb
[514/577    0s] CopyFiles Library/Bee/PlayerScriptAssemblies/Unity.InputSystem.dll
[515/577    0s] Csc Library/Bee/artifacts/200b0aPDev.dag/Unity.RenderPipelines.Core.Runtime.Shared.dll (+2 others)
[           0s] Csc Library/Bee/artifacts/200b0aPDev.dag/Unity.RenderPipelines.Core.Runtime.Shared.dll (+2 others) [CacheWrite e9e3d88225a13389238c575095de971200000000000000000000000000000006]
[516/577    0s] Csc Library/Bee/artifacts/200b0aPDev.dag/Unity.RenderPipeline.Universal.ShaderLibrary.dll (+2 others)
[           0s] Csc Library/Bee/artifacts/200b0aPDev.dag/Unity.RenderPipeline.Universal.ShaderLibrary.dll (+2 others) [CacheWrite 60c75f2f2cd935dc52a07bd7eb1dc8ce00000000000000000000000000000006]
[517/577    0s] MovedFromExtractor Library/Bee/artifacts/mvdfrm/Unity.RenderPipelines.Core.Runtime.Shared.ref.dll_7E15F837623E935B.mvfrm
[518/577    0s] MovedFromExtractor Library/Bee/artifacts/mvdfrm/Unity.RenderPipeline.Universal.ShaderLibrary.ref.dll_9EAF0BF8394959AF.mvfrm
[519/577    0s] ILPostProcess Library/Bee/artifacts/200b0aPDev.dag/post-processed/Unity.RenderPipelines.Core.Runtime.Shared.dll (+pdb)
Processing assembly Library/Bee/artifacts/200b0aPDev.dag/Unity.RenderPipelines.Core.Runtime.Shared.dll, with 135 defines and 225 references
processors: Unity.Jobs.CodeGen.JobsILPostProcessor, zzzUnity.Burst.CodeGen.BurstILPostProcessor
1 processor(s) skipped this assembly
running Unity.Jobs.CodeGen.JobsILPostProcessor
[520/577    0s] CopyFiles Library/Bee/PlayerScriptAssemblies/Unity.RenderPipelines.Core.Runtime.Shared.dll
[521/577    0s] CopyFiles Library/Bee/PlayerScriptAssemblies/Unity.RenderPipelines.Core.Runtime.Shared.pdb
[522/577    0s] ILPostProcess Library/Bee/artifacts/200b0aPDev.dag/post-processed/Unity.RenderPipeline.Universal.ShaderLibrary.dll (+pdb)
Processing assembly Library/Bee/artifacts/200b0aPDev.dag/Unity.RenderPipeline.Universal.ShaderLibrary.dll, with 135 defines and 223 references
processors: Unity.Jobs.CodeGen.JobsILPostProcessor, zzzUnity.Burst.CodeGen.BurstILPostProcessor
1 processor(s) skipped this assembly
running Unity.Jobs.CodeGen.JobsILPostProcessor
[523/577    0s] CopyFiles Library/Bee/PlayerScriptAssemblies/Unity.RenderPipeline.Universal.ShaderLibrary.dll
[524/577    0s] CopyFiles Library/Bee/PlayerScriptAssemblies/Unity.RenderPipeline.Universal.ShaderLibrary.pdb
[525/577    0s] ILPostProcess Library/Bee/artifacts/200b0aPDev.dag/post-processed/Unity.RenderPipelines.Core.Runtime.dll (+pdb)
Processing assembly Library/Bee/artifacts/200b0aPDev.dag/Unity.RenderPipelines.Core.Runtime.dll, with 140 defines and 225 references
processors: Unity.Jobs.CodeGen.JobsILPostProcessor, zzzUnity.Burst.CodeGen.BurstILPostProcessor
1 processor(s) skipped this assembly
running Unity.Jobs.CodeGen.JobsILPostProcessor
[526/577    0s] CopyFiles Library/Bee/PlayerScriptAssemblies/Unity.RenderPipelines.Core.Runtime.pdb
[527/577    0s] CopyFiles Library/Bee/PlayerScriptAssemblies/Unity.RenderPipelines.Core.Runtime.dll
[528/577    0s] Csc Library/Bee/artifacts/200b0aPDev.dag/Unity.PathTracing.Runtime.dll (+2 others)
[529/577    0s] ILPostProcess Library/Bee/artifacts/200b0aPDev.dag/post-processed/Unity.RenderPipelines.ShaderGraph.ShaderGraphLibrary.dll (+pdb)
Processing assembly Library/Bee/artifacts/200b0aPDev.dag/Unity.RenderPipelines.ShaderGraph.ShaderGraphLibrary.dll, with 135 defines and 222 references
processors: Unity.Jobs.CodeGen.JobsILPostProcessor, zzzUnity.Burst.CodeGen.BurstILPostProcessor
1 processor(s) skipped this assembly
running Unity.Jobs.CodeGen.JobsILPostProcessor
[530/577    0s] ILPostProcess Library/Bee/artifacts/200b0aPDev.dag/post-processed/Unity.Burst.dll (+pdb)
Processing assembly Library/Bee/artifacts/200b0aPDev.dag/Unity.Burst.dll, with 135 defines and 222 references
processors: Unity.Jobs.CodeGen.JobsILPostProcessor, zzzUnity.Burst.CodeGen.BurstILPostProcessor
running Unity.Jobs.CodeGen.JobsILPostProcessor
running zzzUnity.Burst.CodeGen.BurstILPostProcessor
[531/577    0s] ILPostProcess Library/Bee/artifacts/200b0aPDev.dag/post-processed/Janseon.Art.dll (+pdb)
Processing assembly Library/Bee/artifacts/200b0aPDev.dag/Janseon.Art.dll, with 135 defines and 222 references
processors: Unity.Jobs.CodeGen.JobsILPostProcessor, zzzUnity.Burst.CodeGen.BurstILPostProcessor
1 processor(s) skipped this assembly
running Unity.Jobs.CodeGen.JobsILPostProcessor
[532/577    0s] ILPostProcess Library/Bee/artifacts/200b0aPDev.dag/post-processed/UnityEngine.UI.dll (+pdb)
Processing assembly Library/Bee/artifacts/200b0aPDev.dag/UnityEngine.UI.dll, with 141 defines and 221 references
processors: Unity.Jobs.CodeGen.JobsILPostProcessor, zzzUnity.Burst.CodeGen.BurstILPostProcessor
1 processor(s) skipped this assembly
running Unity.Jobs.CodeGen.JobsILPostProcessor
[533/577    0s] ILPostProcess Library/Bee/artifacts/200b0aPDev.dag/post-processed/Janseon.Data.dll (+pdb)
Processing assembly Library/Bee/artifacts/200b0aPDev.dag/Janseon.Data.dll, with 135 defines and 223 references
processors: Unity.Jobs.CodeGen.JobsILPostProcessor, zzzUnity.Burst.CodeGen.BurstILPostProcessor
1 processor(s) skipped this assembly
running Unity.Jobs.CodeGen.JobsILPostProcessor
[534/577    0s] ILPostProcess Library/Bee/artifacts/200b0aPDev.dag/post-processed/Unity.Collections.dll (+pdb)
Processing assembly Library/Bee/artifacts/200b0aPDev.dag/Unity.Collections.dll, with 137 defines and 223 references
processors: Unity.Jobs.CodeGen.JobsILPostProcessor, zzzUnity.Burst.CodeGen.BurstILPostProcessor
running Unity.Jobs.CodeGen.JobsILPostProcessor
running zzzUnity.Burst.CodeGen.BurstILPostProcessor
[           0s] Csc Library/Bee/artifacts/200b0aPDev.dag/Unity.PathTracing.Runtime.dll (+2 others) [CacheWrite cc6480b5c6f7e4823033887353a3b9f000000000000000000000000000000006]
[535/577    0s] Csc Library/Bee/artifacts/200b0aPDev.dag/Unity.RenderPipelines.Universal.Config.Runtime.dll (+2 others)
[536/577    0s] Csc Library/Bee/artifacts/200b0aPDev.dag/Unity.RenderPipelines.GPUDriven.Runtime.dll (+2 others)
[           0s] Csc Library/Bee/artifacts/200b0aPDev.dag/Unity.RenderPipelines.Universal.Config.Runtime.dll (+2 others) [CacheWrite 438ac874b424dfd09313fe6a72647b3a00000000000000000000000000000006]
[           0s] Csc Library/Bee/artifacts/200b0aPDev.dag/Unity.RenderPipelines.GPUDriven.Runtime.dll (+2 others) [CacheWrite 8fb045120b9d9d41f191ff832db00cec00000000000000000000000000000006]
[537/577    0s] MovedFromExtractor Library/Bee/artifacts/mvdfrm/Unity.PathTracing.Runtime.ref.dll_D1D720917446F28B.mvfrm
[538/577    0s] CopyFiles Library/Bee/PlayerScriptAssemblies/Unity.RenderPipelines.ShaderGraph.ShaderGraphLibrary.dll
[539/577    0s] CopyFiles Library/Bee/PlayerScriptAssemblies/Unity.RenderPipelines.ShaderGraph.ShaderGraphLibrary.pdb
[540/577    0s] CopyFiles Library/Bee/PlayerScriptAssemblies/Unity.Burst.dll
[541/577    0s] CopyFiles Library/Bee/PlayerScriptAssemblies/Unity.Burst.pdb
[542/577    0s] CopyFiles Library/Bee/PlayerScriptAssemblies/Janseon.Art.dll
[543/577    0s] CopyFiles Library/Bee/PlayerScriptAssemblies/Janseon.Art.pdb
[544/577    0s] CopyFiles Library/Bee/PlayerScriptAssemblies/UnityEngine.UI.pdb
[545/577    0s] CopyFiles Library/Bee/PlayerScriptAssemblies/Janseon.Data.pdb
[546/577    0s] CopyFiles Library/Bee/PlayerScriptAssemblies/Janseon.Data.dll
[547/577    0s] CopyFiles Library/Bee/PlayerScriptAssemblies/UnityEngine.UI.dll
[548/577    0s] CopyFiles Library/Bee/PlayerScriptAssemblies/Unity.Collections.pdb
[549/577    0s] CopyFiles Library/Bee/PlayerScriptAssemblies/Unity.Collections.dll
[550/577    0s] MovedFromExtractor Library/Bee/artifacts/mvdfrm/Unity.RenderPipelines.Universal.Config.Runtime.ref.dll_DC7F252A25B460E4.mvfrm
[551/577    0s] MovedFromExtractor Library/Bee/artifacts/mvdfrm/Unity.RenderPipelines.GPUDriven.Runtime.ref.dll_FA9F275DEDAB96BB.mvfrm
[552/577    0s] MovedFromExtractor-Combine Library/Bee/artifacts/200b0aPDev.dag/Unity.SurfaceCache.Runtime.dll.mvfrm
[           0s] Csc Library/Bee/artifacts/200b0aPDev.dag/Unity.SurfaceCache.Runtime.dll (+2 others) [CacheMiss d3b931f0cd88b026e9e654304d9370d400000000000000000000000000000006]
[553/577    0s] Csc Library/Bee/artifacts/200b0aPDev.dag/Unity.SurfaceCache.Runtime.dll (+2 others)
[           0s] Csc Library/Bee/artifacts/200b0aPDev.dag/Unity.SurfaceCache.Runtime.dll (+2 others) [CacheWrite d3b931f0cd88b026e9e654304d9370d400000000000000000000000000000006]
[554/577    0s] ILPostProcess Library/Bee/artifacts/200b0aPDev.dag/post-processed/Unity.PathTracing.Runtime.dll (+pdb)
Processing assembly Library/Bee/artifacts/200b0aPDev.dag/Unity.PathTracing.Runtime.dll, with 138 defines and 225 references
processors: Unity.Jobs.CodeGen.JobsILPostProcessor, zzzUnity.Burst.CodeGen.BurstILPostProcessor
1 processor(s) skipped this assembly
running Unity.Jobs.CodeGen.JobsILPostProcessor
[555/577    0s] CopyFiles Library/Bee/PlayerScriptAssemblies/Unity.PathTracing.Runtime.dll
[556/577    0s] CopyFiles Library/Bee/PlayerScriptAssemblies/Unity.PathTracing.Runtime.pdb
[557/577    0s] MovedFromExtractor Library/Bee/artifacts/mvdfrm/Unity.SurfaceCache.Runtime.ref.dll_FC5C18EEBE7F6301.mvfrm
[558/577    0s] MovedFromExtractor-Combine Library/Bee/artifacts/200b0aPDev.dag/Unity.RenderPipelines.Universal.Runtime.dll.mvfrm
[559/577    0s] ILPostProcess Library/Bee/artifacts/200b0aPDev.dag/post-processed/Unity.SurfaceCache.Runtime.dll (+pdb)
Processing assembly Library/Bee/artifacts/200b0aPDev.dag/Unity.SurfaceCache.Runtime.dll, with 136 defines and 225 references
processors: Unity.Jobs.CodeGen.JobsILPostProcessor, zzzUnity.Burst.CodeGen.BurstILPostProcessor
1 processor(s) skipped this assembly
running Unity.Jobs.CodeGen.JobsILPostProcessor
[560/577    0s] CopyFiles Library/Bee/PlayerScriptAssemblies/Unity.SurfaceCache.Runtime.dll
[561/577    0s] CopyFiles Library/Bee/PlayerScriptAssemblies/Unity.SurfaceCache.Runtime.pdb
[           0s] Csc Library/Bee/artifacts/200b0aPDev.dag/Unity.RenderPipelines.Universal.Runtime.dll (+2 others) [CacheMiss d00ee238b691d4a4f888e847e807a8e200000000000000000000000000000006]
[562/577    0s] ILPostProcess Library/Bee/artifacts/200b0aPDev.dag/post-processed/Unity.RenderPipelines.Universal.Config.Runtime.dll (+pdb)
Processing assembly Library/Bee/artifacts/200b0aPDev.dag/Unity.RenderPipelines.Universal.Config.Runtime.dll, with 135 defines and 223 references
processors: Unity.Jobs.CodeGen.JobsILPostProcessor, zzzUnity.Burst.CodeGen.BurstILPostProcessor
1 processor(s) skipped this assembly
running Unity.Jobs.CodeGen.JobsILPostProcessor
[563/577    0s] ILPostProcess Library/Bee/artifacts/200b0aPDev.dag/post-processed/Unity.RenderPipelines.GPUDriven.Runtime.dll (+pdb)
Processing assembly Library/Bee/artifacts/200b0aPDev.dag/Unity.RenderPipelines.GPUDriven.Runtime.dll, with 136 defines and 226 references
processors: Unity.Jobs.CodeGen.JobsILPostProcessor, zzzUnity.Burst.CodeGen.BurstILPostProcessor
running Unity.Jobs.CodeGen.JobsILPostProcessor
running zzzUnity.Burst.CodeGen.BurstILPostProcessor
[564/577    0s] CopyFiles Library/Bee/PlayerScriptAssemblies/Unity.RenderPipelines.GPUDriven.Runtime.pdb
[565/577    0s] CopyFiles Library/Bee/PlayerScriptAssemblies/Unity.RenderPipelines.GPUDriven.Runtime.dll
[566/577    0s] CopyFiles Library/Bee/PlayerScriptAssemblies/Unity.RenderPipelines.Universal.Config.Runtime.dll
[567/577    0s] CopyFiles Library/Bee/PlayerScriptAssemblies/Unity.RenderPipelines.Universal.Config.Runtime.pdb
[568/577    0s] Csc Library/Bee/artifacts/200b0aPDev.dag/Unity.RenderPipelines.Universal.Runtime.dll (+2 others)
[           0s] Csc Library/Bee/artifacts/200b0aPDev.dag/Unity.RenderPipelines.Universal.Runtime.dll (+2 others) [CacheWrite d00ee238b691d4a4f888e847e807a8e200000000000000000000000000000006]
[569/577    0s] MovedFromExtractor Library/Bee/artifacts/mvdfrm/Unity.RenderPipelines.Universal.Runtime.ref.dll_B9AA82DB73231906.mvfrm
[570/577    0s] MovedFromExtractor-Combine Library/Bee/artifacts/200b0aPDev.dag/Unity.RenderPipelines.Universal.2D.Runtime.dll.mvfrm
[           0s] Csc Library/Bee/artifacts/200b0aPDev.dag/Unity.RenderPipelines.Universal.2D.Runtime.dll (+2 others) [CacheMiss dffaa6460c24bc0b89f14129dbfb7a5700000000000000000000000000000006]
[571/577    0s] ILPostProcess Library/Bee/artifacts/200b0aPDev.dag/post-processed/Unity.RenderPipelines.Universal.Runtime.dll (+pdb)
Processing assembly Library/Bee/artifacts/200b0aPDev.dag/Unity.RenderPipelines.Universal.Runtime.dll, with 143 defines and 232 references
processors: Unity.Jobs.CodeGen.JobsILPostProcessor, zzzUnity.Burst.CodeGen.BurstILPostProcessor
running Unity.Jobs.CodeGen.JobsILPostProcessor
running zzzUnity.Burst.CodeGen.BurstILPostProcessor
[572/577    0s] CopyFiles Library/Bee/PlayerScriptAssemblies/Unity.RenderPipelines.Universal.Runtime.pdb
[573/577    0s] CopyFiles Library/Bee/PlayerScriptAssemblies/Unity.RenderPipelines.Universal.Runtime.dll
[574/577    0s] Csc Library/Bee/artifacts/200b0aPDev.dag/Unity.RenderPipelines.Universal.2D.Runtime.dll (+2 others)
[           0s] Csc Library/Bee/artifacts/200b0aPDev.dag/Unity.RenderPipelines.Universal.2D.Runtime.dll (+2 others) [CacheWrite dffaa6460c24bc0b89f14129dbfb7a5700000000000000000000000000000006]
[575/577    0s] ILPostProcess Library/Bee/artifacts/200b0aPDev.dag/post-processed/Unity.RenderPipelines.Universal.2D.Runtime.dll (+pdb)
Processing assembly Library/Bee/artifacts/200b0aPDev.dag/Unity.RenderPipelines.Universal.2D.Runtime.dll, with 138 defines and 227 references
processors: Unity.Jobs.CodeGen.JobsILPostProcessor, zzzUnity.Burst.CodeGen.BurstILPostProcessor
running Unity.Jobs.CodeGen.JobsILPostProcessor
running zzzUnity.Burst.CodeGen.BurstILPostProcessor
[576/577    0s] CopyFiles Library/Bee/PlayerScriptAssemblies/Unity.RenderPipelines.Universal.2D.Runtime.pdb
[577/577    0s] CopyFiles Library/Bee/PlayerScriptAssemblies/Unity.RenderPipelines.Universal.2D.Runtime.dll
[579/577    0s] BuildPlayerDataGenerator Library/BuildPlayerData/Player/RuntimeInitializeOnLoads.json (+1 other)
*** Tundra build success (3.80 seconds), 402 items updated, 577 evaluated
Total cache size 279610404


Mono dependencies included in the build
Dependency assembly - Unity.InternalAPIEngineBridge.ObjectDispatcher.Runtime.dll
Dependency assembly - System.Net.Primitives.dll
Dependency assembly - System.Reflection.Emit.Lightweight.dll
Dependency assembly - System.Web.Http.dll
Dependency assembly - System.Windows.Forms.dll
Dependency assembly - System.Threading.Thread.dll
Dependency assembly - System.Net.NameResolution.dll
Dependency assembly - System.ServiceModel.Web.dll
Dependency assembly - Unity.InternalAPIEngineBridge.004.dll
Dependency assembly - System.DirectoryServices.dll
Dependency assembly - System.Reactive.Debugger.dll
Dependency assembly - Unity.RenderPipelines.Core.ShaderLibrary.dll
Dependency assembly - System.Diagnostics.DiagnosticSource.dll
Dependency assembly - I18N.West.dll
Dependency assembly - Unity.RenderPipeline.Universal.ShaderLibrary.dll
Dependency assembly - System.Security.Cryptography.OpenSsl.dll
Dependency assembly - Microsoft.Web.Infrastructure.dll
Dependency assembly - System.Diagnostics.Process.dll
Dependency assembly - Mono.C5.dll
Dependency assembly - System.ObjectModel.dll
Dependency assembly - System.Reactive.Core.dll
Dependency assembly - SystemWebTestShim.dll
Dependency assembly - System.Xml.Linq.dll
Dependency assembly - Unity.RenderPipelines.GPUDriven.Runtime.dll
Dependency assembly - Mono.WebBrowser.dll
Dependency assembly - System.Threading.AccessControl.dll
Dependency assembly - System.Security.Claims.dll
Dependency assembly - Accessibility.dll
Dependency assembly - System.IO.UnmanagedMemoryStream.dll
Dependency assembly - System.Security.Cryptography.RandomNumberGenerator.dll
Dependency assembly - System.Diagnostics.Debug.dll
Dependency assembly - System.Reflection.TypeExtensions.dll
Dependency assembly - System.Collections.Immutable.dll
Dependency assembly - System.Reflection.Extensions.dll
Dependency assembly - System.Data.SqlClient.dll
Dependency assembly - System.Resources.ResourceManager.dll
Dependency assembly - System.Design.dll
Dependency assembly - Mono.Security.dll
Dependency assembly - WindowsBase.dll
Dependency assembly - System.AppContext.dll
Dependency assembly - System.Drawing.Design.dll
Dependency assembly - System.Web.WebPages.dll
Dependency assembly - Mono.Cairo.dll
Dependency assembly - System.Json.Microsoft.dll
Dependency assembly - System.Reactive.Windows.Forms.dll
Dependency assembly - System.ValueTuple.dll
Dependency assembly - System.Data.Entity.dll
Dependency assembly - System.IdentityModel.Selectors.dll
Dependency assembly - CustomMarshalers.dll
Dependency assembly - System.Memory.dll
Dependency assembly - System.Security.Cryptography.Primitives.dll
Dependency assembly - System.Net.Cache.dll
Dependency assembly - System.Xml.XPath.XDocument.dll
Dependency assembly - Janseon.Data.dll
Dependency assembly - Microsoft.Win32.Registry.AccessControl.dll
Dependency assembly - VContainer.dll
Dependency assembly - Janseon.Core.dll
Dependency assembly - WebMatrix.Data.dll
Dependency assembly - System.Runtime.Extensions.dll
Dependency assembly - Janseon.Foundation.dll
Dependency assembly - I18N.Other.dll
Dependency assembly - System.Web.Abstractions.dll
Dependency assembly - System.Buffers.dll
Dependency assembly - cscompmgd.dll
Dependency assembly - System.Reflection.DispatchProxy.dll
Dependency assembly - System.IO.Compression.dll
Dependency assembly - System.Security.Cryptography.DeriveBytes.dll
Dependency assembly - System.Text.Json.dll
Dependency assembly - System.Net.Requests.dll
Dependency assembly - System.Data.Services.Client.dll
Dependency assembly - System.Runtime.Serialization.Xml.dll
Dependency assembly - System.Security.AccessControl.dll
Dependency assembly - System.Xml.XPath.dll
Dependency assembly - I18N.CJK.dll
Dependency assembly - System.IdentityModel.dll
Dependency assembly - System.Runtime.CompilerServices.Unsafe.dll
Dependency assembly - System.Runtime.Handles.dll
Dependency assembly - System.Diagnostics.FileVersionInfo.dll
Dependency assembly - System.Xml.Xsl.Primitives.dll
Dependency assembly - Mono.Data.Tds.dll
Dependency assembly - Mono.XBuild.Tasks.dll
Dependency assembly - System.Web.Mvc.dll
Dependency assembly - System.Net.Ping.dll
Dependency assembly - System.DirectoryServices.Protocols.dll
Dependency assembly - System.ComponentModel.dll
Dependency assembly - System.Runtime.Numerics.dll
Dependency assembly - System.IO.FileSystem.DriveInfo.dll
Dependency assembly - System.Resources.Reader.dll
Dependency assembly - System.IO.Compression.ZipFile.dll
Dependency assembly - System.ComponentModel.DataAnnotations.dll
Dependency assembly - System.Diagnostics.StackTrace.dll
Dependency assembly - System.Runtime.Caching.dll
Dependency assembly - System.Text.Encoding.CodePages.dll
Dependency assembly - Microsoft.VisualC.dll
Dependency assembly - System.Runtime.Serialization.Formatters.Soap.dll
Dependency assembly - System.Collections.NonGeneric.dll
Dependency assembly - System.Security.Cryptography.Encryption.ECDiffieHellman.dll
Dependency assembly - Mono.Management.dll
Dependency assembly - Mono.CompilerServices.SymbolWriter.dll
Dependency assembly - System.Reactive.Experimental.dll
Dependency assembly - System.IO.dll
Dependency assembly - System.Security.Cryptography.Encryption.ECDsa.dll
Dependency assembly - System.Reactive.Windows.Threading.dll
Dependency assembly - System.Drawing.Primitives.dll
Dependency assembly - System.Dynamic.dll
Dependency assembly - System.Xml.dll
Dependency assembly - System.Runtime.Serialization.Primitives.dll
Dependency assembly - System.Data.Services.dll
Dependency assembly - System.ServiceModel.Http.dll
Dependency assembly - System.Runtime.InteropServices.WindowsRuntime.dll
Dependency assembly - Microsoft.Win32.Primitives.dll
Dependency assembly - System.Reflection.Metadata.dll
Dependency assembly - System.Globalization.Extensions.dll
Dependency assembly - Novell.Directory.Ldap.dll
Dependency assembly - Microsoft.Build.Framework.dll
Dependency assembly - System.Net.Sockets.dll
Dependency assembly - System.Linq.Queryable.dll
Dependency assembly - System.ServiceModel.Internals.dll
Dependency assembly - System.Runtime.DurableInstancing.dll
Dependency assembly - System.Data.Common.dll
Dependency assembly - System.Net.Security.dll
Dependency assembly - System.Net.ServicePoint.dll
Dependency assembly - System.Threading.dll
Dependency assembly - System.Data.Linq.dll
Dependency assembly - Unity.RenderPipelines.Core.Runtime.Shared.dll
Dependency assembly - System.Net.HttpListener.dll
Dependency assembly - Mono.Messaging.RabbitMQ.dll
Dependency assembly - System.Reactive.Providers.dll
Dependency assembly - Microsoft.Bcl.AsyncInterfaces.dll
Dependency assembly - RabbitMQ.Client.dll
Dependency assembly - System.ServiceProcess.dll
Dependency assembly - Mono.CSharp.dll
Dependency assembly - System.Collections.Concurrent.dll
Dependency assembly - Unity.RenderPipelines.Universal.Shaders.dll
Dependency assembly - System.ServiceModel.Routing.dll
Dependency assembly - System.ServiceModel.NetTcp.dll
Dependency assembly - System.Security.Cryptography.RSA.dll
Dependency assembly - System.Web.Extensions.dll
Dependency assembly - Mono.Btls.Interface.dll
Dependency assembly - System.Core.dll
Dependency assembly - Unity.InternalAPIEngineBridge.RenderPipelines.Core.Runtime.Shared.dll
Dependency assembly - System.Net.Utilities.dll
Dependency assembly - Unity.RenderPipelines.ShaderGraph.ShaderGraphLibrary.dll
Dependency assembly - System.Runtime.Serialization.Json.dll
Dependency assembly - System.Resources.ReaderWriter.dll
Dependency assembly - System.Management.dll
Dependency assembly - System.Data.dll
Dependency assembly - System.ComponentModel.EventBasedAsync.dll
Dependency assembly - System.Text.Encodings.Web.dll
Dependency assembly - Unity.RenderPipelines.Universal.Runtime.dll
Dependency assembly - System.Security.Cryptography.X509Certificates.dll
Dependency assembly - System.Collections.dll
Dependency assembly - System.Xaml.dll
Dependency assembly - System.Net.Http.Rtc.dll
Dependency assembly - System.Web.Routing.dll
Dependency assembly - System.IO.FileSystem.Primitives.dll
Dependency assembly - System.Reflection.Emit.ILGeneration.dll
Dependency assembly - System.Security.Cryptography.Hashing.dll
Dependency assembly - System.Web.WebPages.Razor.dll
Dependency assembly - Unity.Profiling.Core.dll
Dependency assembly - System.IO.FileSystem.dll
Dependency assembly - System.Reactive.Interfaces.dll
Dependency assembly - System.Configuration.dll
Dependency assembly - System.Security.Principal.Windows.dll
Dependency assembly - Microsoft.Build.dll
Dependency assembly - System.Deployment.dll
Dependency assembly - System.EnterpriseServices.dll
Dependency assembly - netstandard.dll
Dependency assembly - System.Web.Razor.dll
Dependency assembly - System.Diagnostics.Tools.dll
Dependency assembly - I18N.dll
Dependency assembly - Mono.Data.Sqlite.dll
Dependency assembly - Janseon.Art.dll
Dependency assembly - System.Runtime.Serialization.dll
Dependency assembly - I18N.Rare.dll
Dependency assembly - System.Net.Mail.dll
Dependency assembly - System.Security.Cryptography.Encryption.Aes.dll
Dependency assembly - System.ComponentModel.Annotations.dll
Dependency assembly - Unity.PathTracing.Runtime.dll
Dependency assembly - System.ServiceModel.Security.dll
Dependency assembly - System.Web.Extensions.Design.dll
Dependency assembly - Microsoft.Win32.Registry.dll
Dependency assembly - Unity.SurfaceCache.Runtime.dll
Dependency assembly - System.Linq.Expressions.dll
Dependency assembly - System.Diagnostics.TextWriterTraceListener.dll
Dependency assembly - System.Reflection.dll
Dependency assembly - System.Threading.ThreadPool.dll
Dependency assembly - System.Reactive.Observable.Aliases.dll
Dependency assembly - System.Globalization.Calendars.dll
Dependency assembly - System.Security.dll
Dependency assembly - System.IO.FileSystem.Watcher.dll
Dependency assembly - System.Security.Cryptography.Csp.dll
Dependency assembly - Mono.Http.dll
Dependency assembly - System.Net.Http.dll
Dependency assembly - System.Runtime.Remoting.dll
Dependency assembly - IBM.Data.DB2.dll
Dependency assembly - Unity.UnifiedRayTracing.Runtime.dll
Dependency assembly - System.Json.dll
Dependency assembly - System.Net.WebHeaderCollection.dll
Dependency assembly - System.Net.WebSockets.dll
Dependency assembly - UnityEngine.UI.dll
Dependency assembly - System.Workflow.Runtime.dll
Dependency assembly - System.ComponentModel.Primitives.dll
Dependency assembly - System.Diagnostics.Tracing.dll
Dependency assembly - System.Runtime.dll
Dependency assembly - System.IO.Hashing.dll
Dependency assembly - Mono.Security.Win32.dll
Dependency assembly - Unity.Collections.dll
Dependency assembly - System.Threading.Timer.dll
Dependency assembly - System.ServiceModel.Primitives.dll
Dependency assembly - System.Data.DataSetExtensions.dll
Dependency assembly - System.Web.Http.SelfHost.dll
Dependency assembly - System.Threading.Tasks.Extensions.dll
Dependency assembly - System.Threading.Overlapped.dll
Dependency assembly - System.Security.Cryptography.Encoding.dll
Dependency assembly - System.ComponentModel.Composition.dll
Dependency assembly - System.Text.Encoding.Extensions.dll
Dependency assembly - Microsoft.Extensions.Logging.Abstractions.dll
Dependency assembly - Mono.Parallel.dll
Dependency assembly - System.Reactive.Linq.dll
Dependency assembly - System.Workflow.ComponentModel.dll
Dependency assembly - Unity.RenderPipelines.Universal.Config.Runtime.dll
Dependency assembly - System.Windows.dll
Dependency assembly - System.Resources.Writer.dll
Dependency assembly - System.ServiceProcess.ServiceController.dll
Dependency assembly - System.Xml.XmlDocument.dll
Dependency assembly - Mono.Posix.dll
Dependency assembly - Mono.Profiler.Log.dll
Dependency assembly - I18N.MidEast.dll
Dependency assembly - mscorlib.dll
Dependency assembly - System.IO.Pipes.dll
Dependency assembly - Unity.TextMeshPro.dll
Dependency assembly - System.Security.Principal.dll
Dependency assembly - System.Runtime.InteropServices.RuntimeInformation.dll
Dependency assembly - System.Messaging.dll
Dependency assembly - System.Xml.XmlSerializer.dll
Dependency assembly - SMDiagnostics.dll
Dependency assembly - System.Xml.XDocument.dll
Dependency assembly - Unity.InputSystem.ForUI.dll
Dependency assembly - System.Web.dll
Dependency assembly - Microsoft.Build.Utilities.v4.0.dll
Dependency assembly - System.Drawing.dll
Dependency assembly - System.Diagnostics.TraceSource.dll
Dependency assembly - System.ServiceModel.Discovery.dll
Dependency assembly - System.Diagnostics.TraceEvent.dll
Dependency assembly - System.Runtime.Loader.dll
Dependency assembly - Mono.Simd.dll
Dependency assembly - System.Web.Mobile.dll
Dependency assembly - System.Dynamic.Runtime.dll
Dependency assembly - Mono.Messaging.dll
Dependency assembly - System.Web.WebPages.Deployment.dll
Dependency assembly - System.Console.dll
Dependency assembly - System.Net.AuthenticationManager.dll
Dependency assembly - System.ServiceModel.Duplex.dll
Dependency assembly - System.Net.NetworkInformation.dll
Total cache size after purge 267664516, took 00:00:00.0675373
Dependency assembly - System.Web.Http.WebHost.dll
Dependency assembly - System.Security.Cryptography.Hashing.Algorithms.dll
Dependency assembly - System.Globalization.dll
Dependency assembly - System.IO.IsolatedStorage.dll
Dependency assembly - System.Security.Cryptography.ProtectedData.dll
Dependency assembly - System.Text.RegularExpressions.dll
Dependency assembly - Unity.Burst.dll
Dependency assembly - System.Net.WebSockets.Client.dll
Dependency assembly - Commons.Xml.Relaxng.dll
Dependency assembly - System.Configuration.Install.dll
Dependency assembly - Unity.RenderPipelines.Universal.2D.Runtime.dll
Dependency assembly - System.Threading.Tasks.dll
Dependency assembly - System.Web.ApplicationServices.dll
Dependency assembly - System.Net.Http.WebRequest.dll
Dependency assembly - System.ComponentModel.TypeConverter.dll
Dependency assembly - System.Security.Cryptography.Algorithms.dll
Dependency assembly - System.Net.Http.Formatting.dll
Dependency assembly - System.Linq.Parallel.dll
Dependency assembly - System.Reflection.Context.dll
Dependency assembly - System.Data.OracleClient.dll
Dependency assembly - System.ServiceModel.dll
Dependency assembly - System.Linq.dll
Dependency assembly - System.Transactions.dll
Dependency assembly - Unity.Collections.LowLevel.ILSupport.dll
Dependency assembly - System.Threading.Tasks.Dataflow.dll
Dependency assembly - System.Xml.ReaderWriter.dll
Dependency assembly - System.dll
Dependency assembly - System.Reflection.Emit.dll
Dependency assembly - System.Diagnostics.Contracts.dll
Dependency assembly - Microsoft.Build.Engine.dll
Dependency assembly - Microsoft.Extensions.DependencyInjection.Abstractions.dll
Dependency assembly - System.Xml.XPath.XmlDocument.dll
Dependency assembly - System.Xml.Serialization.dll
Dependency assembly - System.Reflection.Primitives.dll
Dependency assembly - Microsoft.CSharp.dll
Dependency assembly - PEAPI.dll
Dependency assembly - System.IO.MemoryMappedFiles.dll
Dependency assembly - System.Net.dll
Dependency assembly - System.Runtime.CompilerServices.VisualC.dll
Dependency assembly - Unity.RenderPipelines.Core.Runtime.dll
Dependency assembly - System.Threading.Tasks.Parallel.dll
Dependency assembly - ICSharpCode.SharpZipLib.dll
Dependency assembly - System.Runtime.InteropServices.dll
Dependency assembly - System.Web.Services.dll
Dependency assembly - System.Text.Encoding.dll
Dependency assembly - Mono.Tasklets.dll
Dependency assembly - System.IO.Pipelines.dll
Dependency assembly - System.Workflow.Activities.dll
Dependency assembly - Newtonsoft.Json.dll
Dependency assembly - Mono.Options.dll
Dependency assembly - Microsoft.Build.Tasks.v4.0.dll
Dependency assembly - System.Numerics.Vectors.dll
Dependency assembly - System.Reactive.PlatformServices.dll
Dependency assembly - System.Collections.Specialized.dll
Dependency assembly - System.ServiceModel.Activation.dll
Dependency assembly - System.Security.Cryptography.Encryption.dll
Dependency assembly - System.Security.Cryptography.Cng.dll
Dependency assembly - System.Security.Cryptography.Pkcs.dll
Dependency assembly - System.Windows.Forms.DataVisualization.dll
Dependency assembly - monodoc.dll
Dependency assembly - System.Reactive.Runtime.Remoting.dll
Dependency assembly - System.Web.RegularExpressions.dll
Dependency assembly - System.Security.SecureString.dll
Dependency assembly - System.Web.DynamicData.dll
Dependency assembly - Unity.InputSystem.dll
Dependency assembly - System.Numerics.dll
Dependency assembly - System.IO.Compression.FileSystem.dll
Dependency assembly - System.IO.FileSystem.AccessControl.dll
Dependency assembly - System.Runtime.Serialization.Formatters.dll

Opening scene 'Assets/Scenes/Bootstrap.unity'
Unloading 1 Unused Serialized files (Serialized files now loaded: 0)
Loaded scene 'Assets/Scenes/Bootstrap.unity'
	Deserialize:            0.822 ms
	Integration:            3.446 ms
	Integration of assets:  0.001 ms
	Thread Wait Time:       1.020 ms
	Total Operation Time:   5.289 ms
Unloading 36 unused Assets / (11.3 MB). Loaded Objects now: 4903.
Memory consumption went from 0.53 GB to 0.52 GB.
Total: 5.995250 ms (FindLiveObjects: 0.161709 ms CreateObjectMapping: 0.026875 ms MarkObjects: 5.552166 ms  DeleteObjects: 0.197792 ms)

Opening scene 'Assets/Scenes/MainTitle.unity'
Unloading 16 Unused Serialized files (Serialized files now loaded: 0)
Loaded scene 'Assets/Scenes/MainTitle.unity'
	Deserialize:            0.795 ms
	Integration:            3.035 ms
	Integration of assets:  0.006 ms
	Thread Wait Time:       0.006 ms
	Total Operation Time:   3.841 ms
Unloading 29 unused Assets / (0.7 MB). Loaded Objects now: 4911.
Memory consumption went from 0.52 GB to 0.51 GB.
Total: 4.746833 ms (FindLiveObjects: 0.151750 ms CreateObjectMapping: 0.027708 ms MarkObjects: 4.354417 ms  DeleteObjects: 0.156750 ms)

Opening scene 'Assets/Scenes/Foundation.unity'
Unloading 15 Unused Serialized files (Serialized files now loaded: 0)
Loaded scene 'Assets/Scenes/Foundation.unity'
	Deserialize:            2.551 ms
	Integration:            2.963 ms
	Integration of assets:  0.155 ms
	Thread Wait Time:       0.007 ms
	Total Operation Time:   5.676 ms
Unloading 1 unused Assets / (2.6 KB). Loaded Objects now: 4932.
Memory consumption went from 0.51 GB to 0.51 GB.
Total: 4.607959 ms (FindLiveObjects: 0.139333 ms CreateObjectMapping: 0.027334 ms MarkObjects: 4.376542 ms  DeleteObjects: 0.007667 ms)

Unloading 1 Unused Serialized files (Serialized files now loaded: 0)
Unloading 15 unused Assets / (22.9 KB). Loaded Objects now: 4912.
Memory consumption went from 0.51 GB to 0.51 GB.
Total: 4.336625 ms (FindLiveObjects: 0.115667 ms CreateObjectMapping: 0.025875 ms MarkObjects: 4.129833 ms  DeleteObjects: 0.014500 ms)

Unloading 0 Unused Serialized files (Serialized files now loaded: 0)
Unloading 0 unused Assets / (Unknown). Loaded Objects now: 4912.
Memory consumption went from 0.51 GB to 0.51 GB.
Total: 4.253958 ms (FindLiveObjects: 0.129000 ms CreateObjectMapping: 0.024125 ms MarkObjects: 4.049084 ms  DeleteObjects: 0.003167 ms)

Unloading 1 Unused Serialized files (Serialized files now loaded: 0)
Unloading 171 unused Assets / (145.4 MB). Loaded Objects now: 4912.
Memory consumption went from 0.66 GB to 0.52 GB.
Total: 8.210583 ms (FindLiveObjects: 0.124125 ms CreateObjectMapping: 0.027125 ms MarkObjects: 4.310875 ms  DeleteObjects: 3.698250 ms)

Compiling shader "TextMeshPro/Mobile/Distance Field"
  Pass "" (vp)
    Target graphics API: metal
    Full variant space:         12
    After settings filtering:   12
    After built-in stripping:   12
    After scriptable stripping: 12
    Processed in 0.01 seconds
  Pass "" (fp)
    Target graphics API: metal
    Full variant space:         12
    After settings filtering:   12
    After built-in stripping:   12
    After scriptable stripping: 12
    Processed in 0.00 seconds
Launching external process: /Applications/Unity/Hub/Editor/6000.7.0a5/Unity.app/Contents/Helpers/UnityShaderCompiler
Launched and connected shader compiler UnityShaderCompiler after 0.01 seconds
Launching external process: /Applications/Unity/Hub/Editor/6000.7.0a5/Unity.app/Contents/Helpers/UnityShaderCompiler
Launched and connected shader compiler UnityShaderCompiler after 0.01 seconds
Launching external process: /Applications/Unity/Hub/Editor/6000.7.0a5/Unity.app/Contents/Helpers/UnityShaderCompiler
Launched and connected shader compiler UnityShaderCompiler after 0.01 seconds
Launching external process: /Applications/Unity/Hub/Editor/6000.7.0a5/Unity.app/Contents/Helpers/UnityShaderCompiler
Launched and connected shader compiler UnityShaderCompiler after 0.01 seconds
Launching external process: /Applications/Unity/Hub/Editor/6000.7.0a5/Unity.app/Contents/Helpers/UnityShaderCompiler
Launched and connected shader compiler UnityShaderCompiler after 0.01 seconds
Launching external process: /Applications/Unity/Hub/Editor/6000.7.0a5/Unity.app/Contents/Helpers/UnityShaderCompiler
Launched and connected shader compiler UnityShaderCompiler after 0.01 seconds
Launching external process: /Applications/Unity/Hub/Editor/6000.7.0a5/Unity.app/Contents/Helpers/UnityShaderCompiler
Launched and connected shader compiler UnityShaderCompiler after 0.01 seconds
Launching external process: /Applications/Unity/Hub/Editor/6000.7.0a5/Unity.app/Contents/Helpers/UnityShaderCompiler
Launched and connected shader compiler UnityShaderCompiler after 0.01 seconds
Launching external process: /Applications/Unity/Hub/Editor/6000.7.0a5/Unity.app/Contents/Helpers/UnityShaderCompiler
Launched and connected shader compiler UnityShaderCompiler after 0.01 seconds
Launching external process: /Applications/Unity/Hub/Editor/6000.7.0a5/Unity.app/Contents/Helpers/UnityShaderCompiler
Launched and connected shader compiler UnityShaderCompiler after 0.01 seconds
Launching external process: /Applications/Unity/Hub/Editor/6000.7.0a5/Unity.app/Contents/Helpers/UnityShaderCompiler
Launched and connected shader compiler UnityShaderCompiler after 0.01 seconds
Launching external process: /Applications/Unity/Hub/Editor/6000.7.0a5/Unity.app/Contents/Helpers/UnityShaderCompiler
Launched and connected shader compiler UnityShaderCompiler after 0.01 seconds
Launching external process: /Applications/Unity/Hub/Editor/6000.7.0a5/Unity.app/Contents/Helpers/UnityShaderCompiler
Launched and connected shader compiler UnityShaderCompiler after 0.01 seconds
Launching external process: /Applications/Unity/Hub/Editor/6000.7.0a5/Unity.app/Contents/Helpers/UnityShaderCompiler
Launched and connected shader compiler UnityShaderCompiler after 0.01 seconds
Launching external process: /Applications/Unity/Hub/Editor/6000.7.0a5/Unity.app/Contents/Helpers/UnityShaderCompiler
Launched and connected shader compiler UnityShaderCompiler after 0.01 seconds
Launching external process: /Applications/Unity/Hub/Editor/6000.7.0a5/Unity.app/Contents/Helpers/UnityShaderCompiler
Launched and connected shader compiler UnityShaderCompiler after 0.01 seconds
Launching external process: /Applications/Unity/Hub/Editor/6000.7.0a5/Unity.app/Contents/Helpers/UnityShaderCompiler
Launched and connected shader compiler UnityShaderCompiler after 0.01 seconds
  Pass  (vp, metal) finished in 0.50 seconds. Local cache hits 1 (0.01s CPU time), remote cache hits 0 (0.00s CPU time), compiled 11 variants (5.40s CPU time), skipped 0 variants.
    Prepared data for serialisation in 0.00s
  Pass  (fp, metal) finished in 0.50 seconds. Local cache hits 1 (0.01s CPU time), remote cache hits 0 (0.00s CPU time), compiled 11 variants (2.94s CPU time), skipped 0 variants.
    Prepared data for serialisation in 0.00s
Serialized binary data for shader TextMeshPro/Mobile/Distance Field in 0.00s
    metal (total internal programs: 24, unique: 24)
Shader warning in 'TextMeshPro/Mobile/Distance Field': #pragma enable_d3d11_debug_symbols has been deprecated, instead please use #pragma enable_debug_symbols at line 84
Compiling shader "Skybox/Procedural"
  Pass "" (vp)
    Target graphics API: metal
    Full variant space:         3
    After settings filtering:   3
    After built-in stripping:   3
    After scriptable stripping: 3
    Processed in 0.00 seconds
  Pass "" (fp)
    Target graphics API: metal
    Full variant space:         3
    After settings filtering:   3
    After built-in stripping:   3
    After scriptable stripping: 3
    Processed in 0.00 seconds
  Pass  (vp, metal) finished in 0.03 seconds. Local cache hits 0 (0.00s CPU time), remote cache hits 0 (0.00s CPU time), compiled 3 variants (0.09s CPU time), skipped 0 variants.
    Prepared data for serialisation in 0.00s
  Pass  (fp, metal) finished in 0.03 seconds. Local cache hits 0 (0.00s CPU time), remote cache hits 0 (0.00s CPU time), compiled 3 variants (0.03s CPU time), skipped 0 variants.
    Prepared data for serialisation in 0.00s
Serialized binary data for shader Skybox/Procedural in 0.00s
    metal (total internal programs: 6, unique: 6)
Compiling shader "Legacy Shaders/VertexLit"
  Pass "" (vp)
    Target graphics API: metal
    Full variant space:         12
    After settings filtering:   12
    After built-in stripping:   3
    After scriptable stripping: 3
    Processed in 0.00 seconds
  Pass "" (fp)
    Target graphics API: metal
    Full variant space:         12
    After settings filtering:   12
    After built-in stripping:   3
    After scriptable stripping: 3
    Processed in 0.00 seconds
  Pass "" (vp)
    Target graphics API: metal
    Full variant space:         4
    After settings filtering:   4
    After built-in stripping:   1
    After scriptable stripping: 1
    Processed in 0.00 seconds
  Pass "" (fp)
    Target graphics API: metal
    Full variant space:         4
    After settings filtering:   4
    After built-in stripping:   1
    After scriptable stripping: 1
    Processed in 0.00 seconds
  Pass "ShadowCaster" (vp)
    Target graphics API: metal
    Full variant space:         4
    After settings filtering:   4
    After built-in stripping:   2
    After scriptable stripping: 2
    Processed in 0.00 seconds
  Pass "ShadowCaster" (fp)
    Target graphics API: metal
    Full variant space:         4
    After settings filtering:   4
    After built-in stripping:   2
    After scriptable stripping: 2
    Processed in 0.00 seconds
  Pass  (vp, metal) finished in 0.03 seconds. Local cache hits 0 (0.00s CPU time), remote cache hits 0 (0.00s CPU time), compiled 3 variants (0.07s CPU time), skipped 0 variants.
    Prepared data for serialisation in 0.00s
  Pass  (fp, metal) finished in 0.03 seconds. Local cache hits 0 (0.00s CPU time), remote cache hits 0 (0.00s CPU time), compiled 3 variants (0.02s CPU time), skipped 0 variants.
    Prepared data for serialisation in 0.00s
  Pass  (vp, metal) finished in 0.03 seconds. Local cache hits 0 (0.00s CPU time), remote cache hits 0 (0.00s CPU time), compiled 1 variants (0.01s CPU time), skipped 0 variants.
    Prepared data for serialisation in 0.00s
  Pass  (fp, metal) finished in 0.03 seconds. Local cache hits 0 (0.00s CPU time), remote cache hits 0 (0.00s CPU time), compiled 1 variants (0.01s CPU time), skipped 0 variants.
    Prepared data for serialisation in 0.00s
  Pass ShadowCaster (vp, metal) finished in 0.03 seconds. Local cache hits 0 (0.00s CPU time), remote cache hits 0 (0.00s CPU time), compiled 2 variants (0.02s CPU time), skipped 0 variants.
    Prepared data for serialisation in 0.00s
  Pass ShadowCaster (fp, metal) finished in 0.03 seconds. Local cache hits 0 (0.00s CPU time), remote cache hits 0 (0.00s CPU time), compiled 2 variants (0.01s CPU time), skipped 0 variants.
    Prepared data for serialisation in 0.00s
Serialized binary data for shader Legacy Shaders/VertexLit in 0.00s
    metal (total internal programs: 12, unique: 12)
Compiling shader "Legacy Shaders/Diffuse"
  Pass "FORWARD" (vp)
    Target graphics API: metal
    Full variant space:         664
    After settings filtering:   664
    After built-in stripping:   8
    After scriptable stripping: 8
    Processed in 0.00 seconds
  Pass "FORWARD" (fp)
    Target graphics API: metal
    Full variant space:         504
    After settings filtering:   504
    After built-in stripping:   4
    After scriptable stripping: 4
    Processed in 0.00 seconds
  Pass "FORWARD" (vp)
    Target graphics API: metal
    Full variant space:         20
    After settings filtering:   20
    After built-in stripping:   5
    After scriptable stripping: 5
    Processed in 0.00 seconds
  Pass "FORWARD" (fp)
    Target graphics API: metal
    Full variant space:         20
    After settings filtering:   20
    After built-in stripping:   5
    After scriptable stripping: 5
    Processed in 0.00 seconds
  Pass "DEFERRED" (vp)
    Target graphics API: metal
    Full variant space:         76
    After settings filtering:   76
    After built-in stripping:   4
    After scriptable stripping: 4
    Processed in 0.00 seconds
  Pass "DEFERRED" (fp)
    Target graphics API: metal
    Full variant space:         76
    After settings filtering:   76
    After built-in stripping:   4
    After scriptable stripping: 4
    Processed in 0.00 seconds
  Pass FORWARD (vp, metal) finished in 0.03 seconds. Local cache hits 0 (0.00s CPU time), remote cache hits 0 (0.00s CPU time), compiled 8 variants (0.16s CPU time), skipped 0 variants.
    Prepared data for serialisation in 0.00s
  Pass FORWARD (fp, metal) finished in 0.03 seconds. Local cache hits 0 (0.00s CPU time), remote cache hits 0 (0.00s CPU time), compiled 4 variants (0.08s CPU time), skipped 0 variants.
    Prepared data for serialisation in 0.00s
  Pass FORWARD (vp, metal) finished in 0.03 seconds. Local cache hits 0 (0.00s CPU time), remote cache hits 0 (0.00s CPU time), compiled 5 variants (0.08s CPU time), skipped 0 variants.
    Prepared data for serialisation in 0.00s
  Pass FORWARD (fp, metal) finished in 0.02 seconds. Local cache hits 0 (0.00s CPU time), remote cache hits 0 (0.00s CPU time), compiled 5 variants (0.07s CPU time), skipped 0 variants.
    Prepared data for serialisation in 0.00s
  Pass DEFERRED (vp, metal) finished in 0.02 seconds. Local cache hits 0 (0.00s CPU time), remote cache hits 0 (0.00s CPU time), compiled 4 variants (0.07s CPU time), skipped 0 variants.
    Prepared data for serialisation in 0.00s
  Pass DEFERRED (fp, metal) finished in 0.02 seconds. Local cache hits 0 (0.00s CPU time), remote cache hits 0 (0.00s CPU time), compiled 4 variants (0.05s CPU time), skipped 0 variants.
    Prepared data for serialisation in 0.00s
Serialized binary data for shader Legacy Shaders/Diffuse in 0.00s
    metal (total internal programs: 30, unique: 29)
Compiling shader "Hidden/Internal-StencilWrite"
  Pass "" (vp)
    Target graphics API: metal
    Full variant space:         1
    After settings filtering:   1
    After built-in stripping:   1
    After scriptable stripping: 1
    Processed in 0.00 seconds
  Pass "" (fp)
    Target graphics API: metal
    Full variant space:         1
    After settings filtering:   1
    After built-in stripping:   1
    After scriptable stripping: 1
    Processed in 0.00 seconds
  Pass  (vp, metal) finished in 0.01 seconds. Local cache hits 0 (0.00s CPU time), remote cache hits 0 (0.00s CPU time), compiled 1 variants (0.01s CPU time), skipped 0 variants.
    Prepared data for serialisation in 0.00s
  Pass  (fp, metal) finished in 0.01 seconds. Local cache hits 0 (0.00s CPU time), remote cache hits 0 (0.00s CPU time), compiled 1 variants (0.00s CPU time), skipped 0 variants.
    Prepared data for serialisation in 0.00s
Serialized binary data for shader Hidden/Internal-StencilWrite in 0.00s
    metal (total internal programs: 2, unique: 2)
Compiling shader "Hidden/Internal-DepthNormalsTexture"
  Pass "" (vp)
    Target graphics API: metal
    Full variant space:         1
    After settings filtering:   1
    After built-in stripping:   1
    After scriptable stripping: 1
    Processed in 0.00 seconds
  Pass "" (fp)
    Target graphics API: metal
    Full variant space:         1
    After settings filtering:   1
    After built-in stripping:   1
    After scriptable stripping: 1
    Processed in 0.00 seconds
  Pass "" (vp)
    Target graphics API: metal
    Full variant space:         1
    After settings filtering:   1
    After built-in stripping:   1
    After scriptable stripping: 1
    Processed in 0.00 seconds
  Pass "" (fp)
    Target graphics API: metal
    Full variant space:         1
    After settings filtering:   1
    After built-in stripping:   1
    After scriptable stripping: 1
    Processed in 0.00 seconds
  Pass "" (vp)
    Target graphics API: metal
    Full variant space:         1
    After settings filtering:   1
    After built-in stripping:   1
    After scriptable stripping: 1
    Processed in 0.00 seconds
  Pass "" (fp)
    Target graphics API: metal
    Full variant space:         1
    After settings filtering:   1
    After built-in stripping:   1
    After scriptable stripping: 1
    Processed in 0.00 seconds
  Pass "" (vp)
    Target graphics API: metal
    Full variant space:         1
    After settings filtering:   1
    After built-in stripping:   1
    After scriptable stripping: 1
    Processed in 0.00 seconds
  Pass "" (fp)
    Target graphics API: metal
    Full variant space:         1
    After settings filtering:   1
    After built-in stripping:   1
    After scriptable stripping: 1
    Processed in 0.00 seconds
  Pass "" (vp)
    Target graphics API: metal
    Full variant space:         1
    After settings filtering:   1
    After built-in stripping:   1
    After scriptable stripping: 1
    Processed in 0.00 seconds
  Pass "" (fp)
    Target graphics API: metal
    Full variant space:         1
    After settings filtering:   1
    After built-in stripping:   1
    After scriptable stripping: 1
    Processed in 0.00 seconds
  Pass "" (vp)
    Target graphics API: metal
    Full variant space:         1
    After settings filtering:   1
    After built-in stripping:   1
    After scriptable stripping: 1
    Processed in 0.00 seconds
  Pass "" (fp)
    Target graphics API: metal
    Full variant space:         1
    After settings filtering:   1
    After built-in stripping:   1
    After scriptable stripping: 1
    Processed in 0.00 seconds
  Pass "" (vp)
    Target graphics API: metal
    Full variant space:         1
    After settings filtering:   1
    After built-in stripping:   1
    After scriptable stripping: 1
    Processed in 0.00 seconds
  Pass "" (fp)
    Target graphics API: metal
    Full variant space:         1
    After settings filtering:   1
    After built-in stripping:   1
    After scriptable stripping: 1
    Processed in 0.00 seconds
  Pass "" (vp)
    Target graphics API: metal
    Full variant space:         1
    After settings filtering:   1
    After built-in stripping:   1
    After scriptable stripping: 1
    Processed in 0.00 seconds
  Pass "" (fp)
    Target graphics API: metal
    Full variant space:         1
    After settings filtering:   1
    After built-in stripping:   1
    After scriptable stripping: 1
    Processed in 0.00 seconds
  Pass "" (vp)
    Target graphics API: metal
    Full variant space:         1
    After settings filtering:   1
    After built-in stripping:   1
    After scriptable stripping: 1
    Processed in 0.00 seconds
  Pass "" (fp)
    Target graphics API: metal
    Full variant space:         1
    After settings filtering:   1
    After built-in stripping:   1
    After scriptable stripping: 1
    Processed in 0.00 seconds
  Pass "" (vp)
    Target graphics API: metal
    Full variant space:         1
    After settings filtering:   1
    After built-in stripping:   1
    After scriptable stripping: 1
    Processed in 0.00 seconds
  Pass "" (fp)
    Target graphics API: metal
    Full variant space:         1
    After settings filtering:   1
    After built-in stripping:   1
    After scriptable stripping: 1
    Processed in 0.00 seconds
  Pass  (vp, metal) finished in 0.01 seconds. Local cache hits 0 (0.00s CPU time), remote cache hits 0 (0.00s CPU time), compiled 1 variants (0.01s CPU time), skipped 0 variants.
    Prepared data for serialisation in 0.00s
  Pass  (fp, metal) finished in 0.01 seconds. Local cache hits 0 (0.00s CPU time), remote cache hits 0 (0.00s CPU time), compiled 1 variants (0.01s CPU time), skipped 0 variants.
    Prepared data for serialisation in 0.00s
  Pass  (vp, metal) finished in 0.01 seconds. Local cache hits 0 (0.00s CPU time), remote cache hits 0 (0.00s CPU time), compiled 1 variants (0.01s CPU time), skipped 0 variants.
    Prepared data for serialisation in 0.00s
  Pass  (fp, metal) finished in 0.01 seconds. Local cache hits 0 (0.00s CPU time), remote cache hits 0 (0.00s CPU time), compiled 1 variants (0.01s CPU time), skipped 0 variants.
    Prepared data for serialisation in 0.00s
  Pass  (vp, metal) finished in 0.02 seconds. Local cache hits 0 (0.00s CPU time), remote cache hits 0 (0.00s CPU time), compiled 1 variants (0.02s CPU time), skipped 0 variants.
    Prepared data for serialisation in 0.00s
  Pass  (fp, metal) finished in 0.02 seconds. Local cache hits 0 (0.00s CPU time), remote cache hits 0 (0.00s CPU time), compiled 1 variants (0.01s CPU time), skipped 0 variants.
    Prepared data for serialisation in 0.00s
  Pass  (vp, metal) finished in 0.03 seconds. Local cache hits 0 (0.00s CPU time), remote cache hits 0 (0.00s CPU time), compiled 1 variants (0.03s CPU time), skipped 0 variants.
    Prepared data for serialisation in 0.00s
  Pass  (fp, metal) finished in 0.03 seconds. Local cache hits 0 (0.00s CPU time), remote cache hits 0 (0.00s CPU time), compiled 1 variants (0.01s CPU time), skipped 0 variants.
    Prepared data for serialisation in 0.00s
  Pass  (vp, metal) finished in 0.03 seconds. Local cache hits 0 (0.00s CPU time), remote cache hits 0 (0.00s CPU time), compiled 1 variants (0.01s CPU time), skipped 0 variants.
    Prepared data for serialisation in 0.00s
  Pass  (fp, metal) finished in 0.03 seconds. Local cache hits 0 (0.00s CPU time), remote cache hits 0 (0.00s CPU time), compiled 1 variants (0.01s CPU time), skipped 0 variants.
    Prepared data for serialisation in 0.00s
  Pass  (vp, metal) finished in 0.03 seconds. Local cache hits 0 (0.00s CPU time), remote cache hits 0 (0.00s CPU time), compiled 1 variants (0.01s CPU time), skipped 0 variants.
    Prepared data for serialisation in 0.00s
  Pass  (fp, metal) finished in 0.03 seconds. Local cache hits 0 (0.00s CPU time), remote cache hits 0 (0.00s CPU time), compiled 1 variants (0.01s CPU time), skipped 0 variants.
    Prepared data for serialisation in 0.00s
  Pass  (vp, metal) finished in 0.03 seconds. Local cache hits 0 (0.00s CPU time), remote cache hits 0 (0.00s CPU time), compiled 1 variants (0.01s CPU time), skipped 0 variants.
    Prepared data for serialisation in 0.00s
  Pass  (fp, metal) finished in 0.03 seconds. Local cache hits 0 (0.00s CPU time), remote cache hits 0 (0.00s CPU time), compiled 1 variants (0.01s CPU time), skipped 0 variants.
    Prepared data for serialisation in 0.00s
  Pass  (vp, metal) finished in 0.03 seconds. Local cache hits 0 (0.00s CPU time), remote cache hits 0 (0.00s CPU time), compiled 1 variants (0.01s CPU time), skipped 0 variants.
    Prepared data for serialisation in 0.00s
  Pass  (fp, metal) finished in 0.03 seconds. Local cache hits 0 (0.00s CPU time), remote cache hits 0 (0.00s CPU time), compiled 1 variants (0.01s CPU time), skipped 0 variants.
    Prepared data for serialisation in 0.00s
  Pass  (vp, metal) finished in 0.03 seconds. Local cache hits 0 (0.00s CPU time), remote cache hits 0 (0.00s CPU time), compiled 1 variants (0.02s CPU time), skipped 0 variants.
    Prepared data for serialisation in 0.00s
  Pass  (fp, metal) finished in 0.02 seconds. Local cache hits 0 (0.00s CPU time), remote cache hits 0 (0.00s CPU time), compiled 1 variants (0.01s CPU time), skipped 0 variants.
    Prepared data for serialisation in 0.00s
  Pass  (vp, metal) finished in 0.02 seconds. Local cache hits 0 (0.00s CPU time), remote cache hits 0 (0.00s CPU time), compiled 1 variants (0.02s CPU time), skipped 0 variants.
    Prepared data for serialisation in 0.00s
  Pass  (fp, metal) finished in 0.02 seconds. Local cache hits 0 (0.00s CPU time), remote cache hits 0 (0.00s CPU time), compiled 1 variants (0.01s CPU time), skipped 0 variants.
    Prepared data for serialisation in 0.00s
Serialized binary data for shader Hidden/Internal-DepthNormalsTexture in 0.00s
    metal (total internal programs: 20, unique: 16)
Compiling shader "Hidden/Internal-ScreenSpaceShadows"
  Pass "" (vp)
    Target graphics API: metal
    Full variant space:         4
    After settings filtering:   4
    After built-in stripping:   4
    After scriptable stripping: 4
    Processed in 0.00 seconds
  Pass "" (fp)
    Target graphics API: metal
    Full variant space:         4
    After settings filtering:   4
    After built-in stripping:   4
    After scriptable stripping: 4
    Processed in 0.00 seconds
  Pass "" (vp)
    Target graphics API: metal
    Full variant space:         4
    After settings filtering:   4
    After built-in stripping:   4
    After scriptable stripping: 4
    Processed in 0.00 seconds
  Pass "" (fp)
    Target graphics API: metal
    Full variant space:         4
    After settings filtering:   4
    After built-in stripping:   4
    After scriptable stripping: 4
    Processed in 0.00 seconds
  Pass "" (vp)
    Target graphics API: metal
    Full variant space:         4
    After settings filtering:   4
    After built-in stripping:   4
    After scriptable stripping: 4
    Processed in 0.00 seconds
  Pass "" (fp)
    Target graphics API: metal
    Full variant space:         4
    After settings filtering:   4
    After built-in stripping:   4
    After scriptable stripping: 4
    Processed in 0.00 seconds
  Pass "" (vp)
    Target graphics API: metal
    Full variant space:         4
    After settings filtering:   4
    After built-in stripping:   4
    After scriptable stripping: 4
    Processed in 0.00 seconds
  Pass "" (fp)
    Target graphics API: metal
    Full variant space:         4
    After settings filtering:   4
    After built-in stripping:   4
    After scriptable stripping: 4
    Processed in 0.00 seconds
  Pass  (vp, metal) finished in 0.02 seconds. Local cache hits 0 (0.00s CPU time), remote cache hits 0 (0.00s CPU time), compiled 4 variants (0.06s CPU time), skipped 0 variants.
    Prepared data for serialisation in 0.00s
  Pass  (fp, metal) finished in 0.02 seconds. Local cache hits 0 (0.00s CPU time), remote cache hits 0 (0.00s CPU time), compiled 4 variants (0.07s CPU time), skipped 0 variants.
    Prepared data for serialisation in 0.00s
  Pass  (vp, metal) finished in 0.02 seconds. Local cache hits 0 (0.00s CPU time), remote cache hits 0 (0.00s CPU time), compiled 4 variants (0.06s CPU time), skipped 0 variants.
    Prepared data for serialisation in 0.00s
  Pass  (fp, metal) finished in 0.02 seconds. Local cache hits 0 (0.00s CPU time), remote cache hits 0 (0.00s CPU time), compiled 4 variants (0.07s CPU time), skipped 0 variants.
    Prepared data for serialisation in 0.00s
  Pass  (vp, metal) finished in 0.03 seconds. Local cache hits 0 (0.00s CPU time), remote cache hits 0 (0.00s CPU time), compiled 4 variants (0.06s CPU time), skipped 0 variants.
    Prepared data for serialisation in 0.00s
  Pass  (fp, metal) finished in 0.04 seconds. Local cache hits 0 (0.00s CPU time), remote cache hits 0 (0.00s CPU time), compiled 4 variants (0.14s CPU time), skipped 0 variants.
    Prepared data for serialisation in 0.00s
  Pass  (vp, metal) finished in 0.04 seconds. Local cache hits 0 (0.00s CPU time), remote cache hits 0 (0.00s CPU time), compiled 4 variants (0.06s CPU time), skipped 0 variants.
    Prepared data for serialisation in 0.00s
  Pass  (fp, metal) finished in 0.04 seconds. Local cache hits 0 (0.00s CPU time), remote cache hits 0 (0.00s CPU time), compiled 4 variants (0.14s CPU time), skipped 0 variants.
    Prepared data for serialisation in 0.00s
Serialized binary data for shader Hidden/Internal-ScreenSpaceShadows in 0.00s
    metal (total internal programs: 32, unique: 20)
Compiling shader "Hidden/Internal-CombineDepthNormals"
  Pass "" (vp)
    Target graphics API: metal
    Full variant space:         1
    After settings filtering:   1
    After built-in stripping:   1
    After scriptable stripping: 1
    Processed in 0.00 seconds
  Pass "" (fp)
    Target graphics API: metal
    Full variant space:         1
    After settings filtering:   1
    After built-in stripping:   1
    After scriptable stripping: 1
    Processed in 0.00 seconds
  Pass  (vp, metal) finished in 0.01 seconds. Local cache hits 0 (0.00s CPU time), remote cache hits 0 (0.00s CPU time), compiled 1 variants (0.01s CPU time), skipped 0 variants.
    Prepared data for serialisation in 0.00s
  Pass  (fp, metal) finished in 0.01 seconds. Local cache hits 0 (0.00s CPU time), remote cache hits 0 (0.00s CPU time), compiled 1 variants (0.01s CPU time), skipped 0 variants.
    Prepared data for serialisation in 0.00s
Serialized binary data for shader Hidden/Internal-CombineDepthNormals in 0.00s
    metal (total internal programs: 2, unique: 2)
Compiling shader "Hidden/BlitCopy"
  Pass "" (vp)
    Target graphics API: metal
    Full variant space:         1
    After settings filtering:   1
    After built-in stripping:   1
    After scriptable stripping: 1
    Processed in 0.00 seconds
  Pass "" (fp)
    Target graphics API: metal
    Full variant space:         1
    After settings filtering:   1
    After built-in stripping:   1
    After scriptable stripping: 1
    Processed in 0.00 seconds
  Pass  (vp, metal) finished in 0.00 seconds. Local cache hits 1 (0.00s CPU time), remote cache hits 0 (0.00s CPU time), compiled 0 variants (0.00s CPU time), skipped 0 variants.
    Prepared data for serialisation in 0.00s
  Pass  (fp, metal) finished in 0.00 seconds. Local cache hits 1 (0.00s CPU time), remote cache hits 0 (0.00s CPU time), compiled 0 variants (0.00s CPU time), skipped 0 variants.
    Prepared data for serialisation in 0.00s
Serialized binary data for shader Hidden/BlitCopy in 0.00s
    metal (total internal programs: 2, unique: 2)
Compiling shader "Hidden/BlitCopyDepth"
  Pass "" (vp)
    Target graphics API: metal
    Full variant space:         1
    After settings filtering:   1
    After built-in stripping:   1
    After scriptable stripping: 1
    Processed in 0.00 seconds
  Pass "" (fp)
    Target graphics API: metal
    Full variant space:         1
    After settings filtering:   1
    After built-in stripping:   1
    After scriptable stripping: 1
    Processed in 0.00 seconds
  Pass  (vp, metal) finished in 0.01 seconds. Local cache hits 0 (0.00s CPU time), remote cache hits 0 (0.00s CPU time), compiled 1 variants (0.01s CPU time), skipped 0 variants.
    Prepared data for serialisation in 0.00s
  Pass  (fp, metal) finished in 0.01 seconds. Local cache hits 0 (0.00s CPU time), remote cache hits 0 (0.00s CPU time), compiled 1 variants (0.00s CPU time), skipped 0 variants.
    Prepared data for serialisation in 0.00s
Serialized binary data for shader Hidden/BlitCopyDepth in 0.00s
    metal (total internal programs: 2, unique: 2)
Compiling shader "Hidden/ConvertTexture"
  Pass "" (vp)
    Target graphics API: metal
    Full variant space:         1
    After settings filtering:   1
    After built-in stripping:   1
    After scriptable stripping: 1
    Processed in 0.00 seconds
  Pass "" (fp)
    Target graphics API: metal
    Full variant space:         1
    After settings filtering:   1
    After built-in stripping:   1
    After scriptable stripping: 1
    Processed in 0.00 seconds
  Pass  (vp, metal) finished in 0.01 seconds. Local cache hits 0 (0.00s CPU time), remote cache hits 0 (0.00s CPU time), compiled 1 variants (0.01s CPU time), skipped 0 variants.
    Prepared data for serialisation in 0.00s
  Pass  (fp, metal) finished in 0.01 seconds. Local cache hits 0 (0.00s CPU time), remote cache hits 0 (0.00s CPU time), compiled 1 variants (0.00s CPU time), skipped 0 variants.
    Prepared data for serialisation in 0.00s
Serialized binary data for shader Hidden/ConvertTexture in 0.00s
    metal (total internal programs: 2, unique: 2)
Compiling shader "Hidden/Internal-DeferredShading"
  Pass "" (vp)
    Target graphics API: metal
    Full variant space:         94
    After settings filtering:   94
    After built-in stripping:   26
    After scriptable stripping: 26
    Processed in 0.00 seconds
  Pass "" (fp)
    Target graphics API: metal
    Full variant space:         94
    After settings filtering:   94
    After built-in stripping:   26
    After scriptable stripping: 26
    Processed in 0.00 seconds
  Pass "" (vp)
    Target graphics API: metal
    Full variant space:         1
    After settings filtering:   1
    After built-in stripping:   1
    After scriptable stripping: 1
    Processed in 0.00 seconds
  Pass "" (fp)
    Target graphics API: metal
    Full variant space:         1
    After settings filtering:   1
    After built-in stripping:   1
    After scriptable stripping: 1
    Processed in 0.00 seconds
  Pass  (vp, metal) finished in 0.10 seconds. Local cache hits 0 (0.00s CPU time), remote cache hits 0 (0.00s CPU time), compiled 26 variants (0.50s CPU time), skipped 0 variants.
    Prepared data for serialisation in 0.00s
  Pass  (fp, metal) finished in 0.08 seconds. Local cache hits 0 (0.00s CPU time), remote cache hits 0 (0.00s CPU time), compiled 26 variants (0.71s CPU time), skipped 0 variants.
    Prepared data for serialisation in 0.00s
  Pass  (vp, metal) finished in 0.05 seconds. Local cache hits 0 (0.00s CPU time), remote cache hits 0 (0.00s CPU time), compiled 1 variants (0.01s CPU time), skipped 0 variants.
    Prepared data for serialisation in 0.00s
  Pass  (fp, metal) finished in 0.04 seconds. Local cache hits 0 (0.00s CPU time), remote cache hits 0 (0.00s CPU time), compiled 1 variants (0.00s CPU time), skipped 0 variants.
    Prepared data for serialisation in 0.00s
Serialized binary data for shader Hidden/Internal-DeferredShading in 0.00s
    metal (total internal programs: 54, unique: 54)
Compiling shader "Hidden/Internal-DeferredReflections"
  Pass "" (vp)
    Target graphics API: metal
    Full variant space:         1
    After settings filtering:   1
    After built-in stripping:   1
    After scriptable stripping: 1
    Processed in 0.00 seconds
  Pass "" (fp)
    Target graphics API: metal
    Full variant space:         1
    After settings filtering:   1
    After built-in stripping:   1
    After scriptable stripping: 1
    Processed in 0.00 seconds
  Pass "" (vp)
    Target graphics API: metal
    Full variant space:         2
    After settings filtering:   2
    After built-in stripping:   2
    After scriptable stripping: 2
    Processed in 0.00 seconds
  Pass "" (fp)
    Target graphics API: metal
    Full variant space:         2
    After settings filtering:   2
    After built-in stripping:   2
    After scriptable stripping: 2
    Processed in 0.00 seconds
  Pass  (vp, metal) finished in 0.01 seconds. Local cache hits 0 (0.00s CPU time), remote cache hits 0 (0.00s CPU time), compiled 1 variants (0.01s CPU time), skipped 0 variants.
    Prepared data for serialisation in 0.00s
  Pass  (fp, metal) finished in 0.02 seconds. Local cache hits 0 (0.00s CPU time), remote cache hits 0 (0.00s CPU time), compiled 1 variants (0.02s CPU time), skipped 0 variants.
    Prepared data for serialisation in 0.00s
  Pass  (vp, metal) finished in 0.02 seconds. Local cache hits 0 (0.00s CPU time), remote cache hits 0 (0.00s CPU time), compiled 2 variants (0.01s CPU time), skipped 0 variants.
    Prepared data for serialisation in 0.00s
  Pass  (fp, metal) finished in 0.02 seconds. Local cache hits 0 (0.00s CPU time), remote cache hits 0 (0.00s CPU time), compiled 2 variants (0.01s CPU time), skipped 0 variants.
    Prepared data for serialisation in 0.00s
Serialized binary data for shader Hidden/Internal-DeferredReflections in 0.00s
    metal (total internal programs: 6, unique: 6)
Compiling shader "Hidden/Internal-MotionVectors"
  Pass "" (vp)
    Target graphics API: metal
    Full variant space:         1
    After settings filtering:   1
    After built-in stripping:   1
    After scriptable stripping: 1
    Processed in 0.00 seconds
  Pass "" (fp)
    Target graphics API: metal
    Full variant space:         1
    After settings filtering:   1
    After built-in stripping:   1
    After scriptable stripping: 1
    Processed in 0.00 seconds
  Pass "" (vp)
    Target graphics API: metal
    Full variant space:         1
    After settings filtering:   1
    After built-in stripping:   1
    After scriptable stripping: 1
    Processed in 0.00 seconds
  Pass "" (fp)
    Target graphics API: metal
    Full variant space:         1
    After settings filtering:   1
    After built-in stripping:   1
    After scriptable stripping: 1
    Processed in 0.00 seconds
  Pass "" (vp)
    Target graphics API: metal
    Full variant space:         1
    After settings filtering:   1
    After built-in stripping:   1
    After scriptable stripping: 1
    Processed in 0.00 seconds
  Pass "" (fp)
    Target graphics API: metal
    Full variant space:         1
    After settings filtering:   1
    After built-in stripping:   1
    After scriptable stripping: 1
    Processed in 0.00 seconds
  Pass  (vp, metal) finished in 0.01 seconds. Local cache hits 0 (0.00s CPU time), remote cache hits 0 (0.00s CPU time), compiled 1 variants (0.01s CPU time), skipped 0 variants.
    Prepared data for serialisation in 0.00s
  Pass  (fp, metal) finished in 0.01 seconds. Local cache hits 0 (0.00s CPU time), remote cache hits 0 (0.00s CPU time), compiled 1 variants (0.01s CPU time), skipped 0 variants.
    Prepared data for serialisation in 0.00s
  Pass  (vp, metal) finished in 0.01 seconds. Local cache hits 0 (0.00s CPU time), remote cache hits 0 (0.00s CPU time), compiled 1 variants (0.01s CPU time), skipped 0 variants.
    Prepared data for serialisation in 0.00s
  Pass  (fp, metal) finished in 0.01 seconds. Local cache hits 0 (0.00s CPU time), remote cache hits 0 (0.00s CPU time), compiled 1 variants (0.01s CPU time), skipped 0 variants.
    Prepared data for serialisation in 0.00s
  Pass  (vp, metal) finished in 0.01 seconds. Local cache hits 0 (0.00s CPU time), remote cache hits 0 (0.00s CPU time), compiled 1 variants (0.01s CPU time), skipped 0 variants.
    Prepared data for serialisation in 0.00s
  Pass  (fp, metal) finished in 0.01 seconds. Local cache hits 0 (0.00s CPU time), remote cache hits 0 (0.00s CPU time), compiled 1 variants (0.01s CPU time), skipped 0 variants.
    Prepared data for serialisation in 0.00s
Serialized binary data for shader Hidden/Internal-MotionVectors in 0.00s
    metal (total internal programs: 6, unique: 5)
Compiling shader "Hidden/Internal-Flare"
  Pass "" (vp)
    Target graphics API: metal
    Full variant space:         1
    After settings filtering:   1
    After built-in stripping:   1
    After scriptable stripping: 1
    Processed in 0.00 seconds
  Pass "" (fp)
    Target graphics API: metal
    Full variant space:         1
    After settings filtering:   1
    After built-in stripping:   1
    After scriptable stripping: 1
    Processed in 0.00 seconds
  Pass  (vp, metal) finished in 0.01 seconds. Local cache hits 0 (0.00s CPU time), remote cache hits 0 (0.00s CPU time), compiled 1 variants (0.01s CPU time), skipped 0 variants.
    Prepared data for serialisation in 0.00s
  Pass  (fp, metal) finished in 0.01 seconds. Local cache hits 0 (0.00s CPU time), remote cache hits 0 (0.00s CPU time), compiled 1 variants (0.00s CPU time), skipped 0 variants.
    Prepared data for serialisation in 0.00s
Serialized binary data for shader Hidden/Internal-Flare in 0.00s
    metal (total internal programs: 2, unique: 2)
Compiling shader "Hidden/Internal-Halo"
  Pass "" (vp)
    Target graphics API: metal
    Full variant space:         4
    After settings filtering:   4
    After built-in stripping:   1
    After scriptable stripping: 1
    Processed in 0.00 seconds
  Pass "" (fp)
    Target graphics API: metal
    Full variant space:         4
    After settings filtering:   4
    After built-in stripping:   1
    After scriptable stripping: 1
    Processed in 0.00 seconds
  Pass  (vp, metal) finished in 0.01 seconds. Local cache hits 0 (0.00s CPU time), remote cache hits 0 (0.00s CPU time), compiled 1 variants (0.01s CPU time), skipped 0 variants.
    Prepared data for serialisation in 0.00s
  Pass  (fp, metal) finished in 0.01 seconds. Local cache hits 0 (0.00s CPU time), remote cache hits 0 (0.00s CPU time), compiled 1 variants (0.00s CPU time), skipped 0 variants.
    Prepared data for serialisation in 0.00s
Serialized binary data for shader Hidden/Internal-Halo in 0.00s
    metal (total internal programs: 2, unique: 2)
Compiling shader "Hidden/BlitCopyWithDepth"
  Pass "" (vp)
    Target graphics API: metal
    Full variant space:         1
    After settings filtering:   1
    After built-in stripping:   1
    After scriptable stripping: 1
    Processed in 0.00 seconds
  Pass "" (fp)
    Target graphics API: metal
    Full variant space:         1
    After settings filtering:   1
    After built-in stripping:   1
    After scriptable stripping: 1
    Processed in 0.00 seconds
  Pass  (vp, metal) finished in 0.01 seconds. Local cache hits 0 (0.00s CPU time), remote cache hits 0 (0.00s CPU time), compiled 1 variants (0.01s CPU time), skipped 0 variants.
    Prepared data for serialisation in 0.00s
  Pass  (fp, metal) finished in 0.01 seconds. Local cache hits 0 (0.00s CPU time), remote cache hits 0 (0.00s CPU time), compiled 1 variants (0.00s CPU time), skipped 0 variants.
    Prepared data for serialisation in 0.00s
Serialized binary data for shader Hidden/BlitCopyWithDepth in 0.00s
    metal (total internal programs: 2, unique: 2)
Compiling shader "Hidden/BlitToDepth"
  Pass "" (vp)
    Target graphics API: metal
    Full variant space:         1
    After settings filtering:   1
    After built-in stripping:   1
    After scriptable stripping: 1
    Processed in 0.00 seconds
  Pass "" (fp)
    Target graphics API: metal
    Full variant space:         1
    After settings filtering:   1
    After built-in stripping:   1
    After scriptable stripping: 1
    Processed in 0.00 seconds
  Pass  (vp, metal) finished in 0.01 seconds. Local cache hits 0 (0.00s CPU time), remote cache hits 0 (0.00s CPU time), compiled 1 variants (0.01s CPU time), skipped 0 variants.
    Prepared data for serialisation in 0.00s
  Pass  (fp, metal) finished in 0.01 seconds. Local cache hits 0 (0.00s CPU time), remote cache hits 0 (0.00s CPU time), compiled 1 variants (0.00s CPU time), skipped 0 variants.
    Prepared data for serialisation in 0.00s
Serialized binary data for shader Hidden/BlitToDepth in 0.00s
    metal (total internal programs: 2, unique: 2)
Compiling shader "Hidden/BlitToDepth_MSAA"
  Pass "" (vp)
    Target graphics API: metal
    Full variant space:         1
    After settings filtering:   1
    After built-in stripping:   1
    After scriptable stripping: 1
    Processed in 0.00 seconds
  Pass "" (fp)
    Target graphics API: metal
    Full variant space:         1
    After settings filtering:   1
    After built-in stripping:   1
    After scriptable stripping: 1
    Processed in 0.00 seconds
  Pass  (vp, metal) finished in 0.01 seconds. Local cache hits 0 (0.00s CPU time), remote cache hits 0 (0.00s CPU time), compiled 1 variants (0.01s CPU time), skipped 0 variants.
    Prepared data for serialisation in 0.00s
  Pass  (fp, metal) finished in 0.01 seconds. Local cache hits 0 (0.00s CPU time), remote cache hits 0 (0.00s CPU time), compiled 1 variants (0.00s CPU time), skipped 0 variants.
    Prepared data for serialisation in 0.00s
Serialized binary data for shader Hidden/BlitToDepth_MSAA in 0.00s
    metal (total internal programs: 2, unique: 2)
Compiling shader "Hidden/BlitCopyHDRTonemap"
  Pass "" (vp)
    Target graphics API: metal
    Full variant space:         1
    After settings filtering:   1
    After built-in stripping:   1
    After scriptable stripping: 1
    Processed in 0.00 seconds
  Pass "" (fp)
    Target graphics API: metal
    Full variant space:         1
    After settings filtering:   1
    After built-in stripping:   1
    After scriptable stripping: 1
    Processed in 0.00 seconds
  Pass  (vp, metal) finished in 0.01 seconds. Local cache hits 0 (0.00s CPU time), remote cache hits 0 (0.00s CPU time), compiled 1 variants (0.01s CPU time), skipped 0 variants.
    Prepared data for serialisation in 0.00s
  Pass  (fp, metal) finished in 0.01 seconds. Local cache hits 0 (0.00s CPU time), remote cache hits 0 (0.00s CPU time), compiled 1 variants (0.01s CPU time), skipped 0 variants.
    Prepared data for serialisation in 0.00s
Serialized binary data for shader Hidden/BlitCopyHDRTonemap in 0.00s
    metal (total internal programs: 2, unique: 2)
Compiling shader "Hidden/Internal-DebugPattern"
  Pass "Target Color and DepthStencil" (vp)
    Target graphics API: metal
    Full variant space:         1
    After settings filtering:   1
    After built-in stripping:   1
    After scriptable stripping: 1
    Processed in 0.00 seconds
  Pass "Target Color and DepthStencil" (fp)
    Target graphics API: metal
    Full variant space:         1
    After settings filtering:   1
    After built-in stripping:   1
    After scriptable stripping: 1
    Processed in 0.00 seconds
  Pass "Target only Color" (vp)
    Target graphics API: metal
    Full variant space:         1
    After settings filtering:   1
    After built-in stripping:   1
    After scriptable stripping: 1
    Processed in 0.00 seconds
  Pass "Target only Color" (fp)
    Target graphics API: metal
    Full variant space:         1
    After settings filtering:   1
    After built-in stripping:   1
    After scriptable stripping: 1
    Processed in 0.00 seconds
  Pass "Target only DepthStencil" (vp)
    Target graphics API: metal
    Full variant space:         1
    After settings filtering:   1
    After built-in stripping:   1
    After scriptable stripping: 1
    Processed in 0.00 seconds
  Pass "Target only DepthStencil" (fp)
    Target graphics API: metal
    Full variant space:         1
    After settings filtering:   1
    After built-in stripping:   1
    After scriptable stripping: 1
    Processed in 0.00 seconds
  Pass Target Color and DepthStencil (vp, metal) finished in 0.01 seconds. Local cache hits 0 (0.00s CPU time), remote cache hits 0 (0.00s CPU time), compiled 1 variants (0.01s CPU time), skipped 0 variants.
    Prepared data for serialisation in 0.00s
  Pass Target Color and DepthStencil (fp, metal) finished in 0.01 seconds. Local cache hits 0 (0.00s CPU time), remote cache hits 0 (0.00s CPU time), compiled 1 variants (0.00s CPU time), skipped 0 variants.
    Prepared data for serialisation in 0.00s
  Pass Target only Color (vp, metal) finished in 0.01 seconds. Local cache hits 0 (0.00s CPU time), remote cache hits 0 (0.00s CPU time), compiled 1 variants (0.01s CPU time), skipped 0 variants.
    Prepared data for serialisation in 0.00s
  Pass Target only Color (fp, metal) finished in 0.01 seconds. Local cache hits 0 (0.00s CPU time), remote cache hits 0 (0.00s CPU time), compiled 1 variants (0.00s CPU time), skipped 0 variants.
    Prepared data for serialisation in 0.00s
  Pass Target only DepthStencil (vp, metal) finished in 0.01 seconds. Local cache hits 0 (0.00s CPU time), remote cache hits 0 (0.00s CPU time), compiled 1 variants (0.01s CPU time), skipped 0 variants.
    Prepared data for serialisation in 0.00s
  Pass Target only DepthStencil (fp, metal) finished in 0.01 seconds. Local cache hits 0 (0.00s CPU time), remote cache hits 0 (0.00s CPU time), compiled 1 variants (0.00s CPU time), skipped 0 variants.
    Prepared data for serialisation in 0.00s
Serialized binary data for shader Hidden/Internal-DebugPattern in 0.00s
    metal (total internal programs: 6, unique: 4)
Compiling compute shader "Internal-Skinning"
    starting stripping...
    finished in 0.00 seconds. 40 of 80 variants left
    40 variants, starting compilation...
    finished in 0.11 seconds. Local cache hits 0, remote cache hits 0, compiled 40 variants
Compiling compute shader "Internal-BlendShape"
    starting stripping...
    finished in 0.00 seconds. 9 of 18 variants left
    9 variants, starting compilation...
    finished in 0.02 seconds. Local cache hits 0, remote cache hits 0, compiled 9 variants
Compiling shader "Hidden/Internal-GUITextureClip"
  Pass "" (vp)
    Target graphics API: metal
    Full variant space:         1
    After settings filtering:   1
    After built-in stripping:   1
    After scriptable stripping: 1
    Processed in 0.00 seconds
  Pass "" (fp)
    Target graphics API: metal
    Full variant space:         1
    After settings filtering:   1
    After built-in stripping:   1
    After scriptable stripping: 1
    Processed in 0.00 seconds
  Pass "" (vp)
    Target graphics API: metal
    Full variant space:         1
    After settings filtering:   1
    After built-in stripping:   1
    After scriptable stripping: 1
    Processed in 0.00 seconds
  Pass "" (fp)
    Target graphics API: metal
    Full variant space:         1
    After settings filtering:   1
    After built-in stripping:   1
    After scriptable stripping: 1
    Processed in 0.00 seconds
  Pass  (vp, metal) finished in 0.00 seconds. Local cache hits 1 (0.00s CPU time), remote cache hits 0 (0.00s CPU time), compiled 0 variants (0.00s CPU time), skipped 0 variants.
    Prepared data for serialisation in 0.00s
  Pass  (fp, metal) finished in 0.00 seconds. Local cache hits 1 (0.00s CPU time), remote cache hits 0 (0.00s CPU time), compiled 0 variants (0.00s CPU time), skipped 0 variants.
    Prepared data for serialisation in 0.00s
  Pass  (vp, metal) finished in 0.00 seconds. Local cache hits 1 (0.00s CPU time), remote cache hits 0 (0.00s CPU time), compiled 0 variants (0.00s CPU time), skipped 0 variants.
    Prepared data for serialisation in 0.00s
  Pass  (fp, metal) finished in 0.00 seconds. Local cache hits 1 (0.00s CPU time), remote cache hits 0 (0.00s CPU time), compiled 0 variants (0.00s CPU time), skipped 0 variants.
    Prepared data for serialisation in 0.00s
Serialized binary data for shader Hidden/Internal-GUITextureClip in 0.00s
    metal (total internal programs: 4, unique: 2)
Compiling shader "Hidden/Internal-GUITextureClipText"
  Pass "" (vp)
    Target graphics API: metal
    Full variant space:         1
    After settings filtering:   1
    After built-in stripping:   1
    After scriptable stripping: 1
    Processed in 0.00 seconds
  Pass "" (fp)
    Target graphics API: metal
    Full variant space:         1
    After settings filtering:   1
    After built-in stripping:   1
    After scriptable stripping: 1
    Processed in 0.00 seconds
  Pass "" (vp)
    Target graphics API: metal
    Full variant space:         1
    After settings filtering:   1
    After built-in stripping:   1
    After scriptable stripping: 1
    Processed in 0.00 seconds
  Pass "" (fp)
    Target graphics API: metal
    Full variant space:         1
    After settings filtering:   1
    After built-in stripping:   1
    After scriptable stripping: 1
    Processed in 0.00 seconds
  Pass  (vp, metal) finished in 0.00 seconds. Local cache hits 1 (0.00s CPU time), remote cache hits 0 (0.00s CPU time), compiled 0 variants (0.00s CPU time), skipped 0 variants.
    Prepared data for serialisation in 0.00s
  Pass  (fp, metal) finished in 0.00 seconds. Local cache hits 1 (0.00s CPU time), remote cache hits 0 (0.00s CPU time), compiled 0 variants (0.00s CPU time), skipped 0 variants.
    Prepared data for serialisation in 0.00s
  Pass  (vp, metal) finished in 0.00 seconds. Local cache hits 1 (0.00s CPU time), remote cache hits 0 (0.00s CPU time), compiled 0 variants (0.00s CPU time), skipped 0 variants.
    Prepared data for serialisation in 0.00s
  Pass  (fp, metal) finished in 0.00 seconds. Local cache hits 1 (0.00s CPU time), remote cache hits 0 (0.00s CPU time), compiled 0 variants (0.00s CPU time), skipped 0 variants.
    Prepared data for serialisation in 0.00s
Serialized binary data for shader Hidden/Internal-GUITextureClipText in 0.00s
    metal (total internal programs: 4, unique: 2)
Compiling shader "Hidden/Internal-GUITexture"
  Pass "" (vp)
    Target graphics API: metal
    Full variant space:         1
    After settings filtering:   1
    After built-in stripping:   1
    After scriptable stripping: 1
    Processed in 0.00 seconds
  Pass "" (fp)
    Target graphics API: metal
    Full variant space:         1
    After settings filtering:   1
    After built-in stripping:   1
    After scriptable stripping: 1
    Processed in 0.00 seconds
  Pass "" (vp)
    Target graphics API: metal
    Full variant space:         1
    After settings filtering:   1
    After built-in stripping:   1
    After scriptable stripping: 1
    Processed in 0.00 seconds
  Pass "" (fp)
    Target graphics API: metal
    Full variant space:         1
    After settings filtering:   1
    After built-in stripping:   1
    After scriptable stripping: 1
    Processed in 0.00 seconds
  Pass  (vp, metal) finished in 0.00 seconds. Local cache hits 1 (0.00s CPU time), remote cache hits 0 (0.00s CPU time), compiled 0 variants (0.00s CPU time), skipped 0 variants.
    Prepared data for serialisation in 0.00s
  Pass  (fp, metal) finished in 0.00 seconds. Local cache hits 1 (0.00s CPU time), remote cache hits 0 (0.00s CPU time), compiled 0 variants (0.00s CPU time), skipped 0 variants.
    Prepared data for serialisation in 0.00s
  Pass  (vp, metal) finished in 0.00 seconds. Local cache hits 1 (0.00s CPU time), remote cache hits 0 (0.00s CPU time), compiled 0 variants (0.00s CPU time), skipped 0 variants.
    Prepared data for serialisation in 0.00s
  Pass  (fp, metal) finished in 0.00 seconds. Local cache hits 1 (0.00s CPU time), remote cache hits 0 (0.00s CPU time), compiled 0 variants (0.00s CPU time), skipped 0 variants.
    Prepared data for serialisation in 0.00s
Serialized binary data for shader Hidden/Internal-GUITexture in 0.00s
    metal (total internal programs: 4, unique: 2)
Compiling shader "Hidden/Internal-GUITextureBlit"
  Pass "" (vp)
    Target graphics API: metal
    Full variant space:         1
    After settings filtering:   1
    After built-in stripping:   1
    After scriptable stripping: 1
    Processed in 0.00 seconds
  Pass "" (fp)
    Target graphics API: metal
    Full variant space:         1
    After settings filtering:   1
    After built-in stripping:   1
    After scriptable stripping: 1
    Processed in 0.00 seconds
  Pass "" (vp)
    Target graphics API: metal
    Full variant space:         1
    After settings filtering:   1
    After built-in stripping:   1
    After scriptable stripping: 1
    Processed in 0.00 seconds
  Pass "" (fp)
    Target graphics API: metal
    Full variant space:         1
    After settings filtering:   1
    After built-in stripping:   1
    After scriptable stripping: 1
    Processed in 0.00 seconds
  Pass  (vp, metal) finished in 0.00 seconds. Local cache hits 1 (0.00s CPU time), remote cache hits 0 (0.00s CPU time), compiled 0 variants (0.00s CPU time), skipped 0 variants.
    Prepared data for serialisation in 0.00s
  Pass  (fp, metal) finished in 0.00 seconds. Local cache hits 1 (0.00s CPU time), remote cache hits 0 (0.00s CPU time), compiled 0 variants (0.00s CPU time), skipped 0 variants.
    Prepared data for serialisation in 0.00s
  Pass  (vp, metal) finished in 0.00 seconds. Local cache hits 1 (0.00s CPU time), remote cache hits 0 (0.00s CPU time), compiled 0 variants (0.00s CPU time), skipped 0 variants.
    Prepared data for serialisation in 0.00s
  Pass  (fp, metal) finished in 0.00 seconds. Local cache hits 1 (0.00s CPU time), remote cache hits 0 (0.00s CPU time), compiled 0 variants (0.00s CPU time), skipped 0 variants.
    Prepared data for serialisation in 0.00s
Serialized binary data for shader Hidden/Internal-GUITextureBlit in 0.00s
    metal (total internal programs: 4, unique: 2)
Compiling shader "Hidden/Internal-GUIRoundedRect"
  Pass "" (vp)
    Target graphics API: metal
    Full variant space:         1
    After settings filtering:   1
    After built-in stripping:   1
    After scriptable stripping: 1
    Processed in 0.00 seconds
  Pass "" (fp)
    Target graphics API: metal
    Full variant space:         1
    After settings filtering:   1
    After built-in stripping:   1
    After scriptable stripping: 1
    Processed in 0.00 seconds
  Pass "" (vp)
    Target graphics API: metal
    Full variant space:         1
    After settings filtering:   1
    After built-in stripping:   1
    After scriptable stripping: 1
    Processed in 0.00 seconds
  Pass "" (fp)
    Target graphics API: metal
    Full variant space:         1
    After settings filtering:   1
    After built-in stripping:   1
    After scriptable stripping: 1
    Processed in 0.00 seconds
  Pass  (vp, metal) finished in 0.00 seconds. Local cache hits 1 (0.00s CPU time), remote cache hits 0 (0.00s CPU time), compiled 0 variants (0.00s CPU time), skipped 0 variants.
    Prepared data for serialisation in 0.00s
  Pass  (fp, metal) finished in 0.00 seconds. Local cache hits 1 (0.00s CPU time), remote cache hits 0 (0.00s CPU time), compiled 0 variants (0.00s CPU time), skipped 0 variants.
    Prepared data for serialisation in 0.00s
  Pass  (vp, metal) finished in 0.00 seconds. Local cache hits 1 (0.00s CPU time), remote cache hits 0 (0.00s CPU time), compiled 0 variants (0.00s CPU time), skipped 0 variants.
    Prepared data for serialisation in 0.00s
  Pass  (fp, metal) finished in 0.00 seconds. Local cache hits 1 (0.00s CPU time), remote cache hits 0 (0.00s CPU time), compiled 0 variants (0.00s CPU time), skipped 0 variants.
    Prepared data for serialisation in 0.00s
Serialized binary data for shader Hidden/Internal-GUIRoundedRect in 0.00s
    metal (total internal programs: 4, unique: 2)
Compiling shader "Hidden/Internal-GUIRoundedRectWithColorPerBorder"
  Pass "" (vp)
    Target graphics API: metal
    Full variant space:         1
    After settings filtering:   1
    After built-in stripping:   1
    After scriptable stripping: 1
    Processed in 0.00 seconds
  Pass "" (fp)
    Target graphics API: metal
    Full variant space:         1
    After settings filtering:   1
    After built-in stripping:   1
    After scriptable stripping: 1
    Processed in 0.00 seconds
  Pass "" (vp)
    Target graphics API: metal
    Full variant space:         1
    After settings filtering:   1
    After built-in stripping:   1
    After scriptable stripping: 1
    Processed in 0.00 seconds
  Pass "" (fp)
    Target graphics API: metal
    Full variant space:         1
    After settings filtering:   1
    After built-in stripping:   1
    After scriptable stripping: 1
    Processed in 0.00 seconds
  Pass  (vp, metal) finished in 0.00 seconds. Local cache hits 1 (0.00s CPU time), remote cache hits 0 (0.00s CPU time), compiled 0 variants (0.00s CPU time), skipped 0 variants.
    Prepared data for serialisation in 0.00s
  Pass  (fp, metal) finished in 0.00 seconds. Local cache hits 1 (0.00s CPU time), remote cache hits 0 (0.00s CPU time), compiled 0 variants (0.00s CPU time), skipped 0 variants.
    Prepared data for serialisation in 0.00s
  Pass  (vp, metal) finished in 0.00 seconds. Local cache hits 1 (0.00s CPU time), remote cache hits 0 (0.00s CPU time), compiled 0 variants (0.00s CPU time), skipped 0 variants.
    Prepared data for serialisation in 0.00s
  Pass  (fp, metal) finished in 0.00 seconds. Local cache hits 1 (0.00s CPU time), remote cache hits 0 (0.00s CPU time), compiled 0 variants (0.00s CPU time), skipped 0 variants.
    Prepared data for serialisation in 0.00s
Serialized binary data for shader Hidden/Internal-GUIRoundedRectWithColorPerBorder in 0.00s
    metal (total internal programs: 4, unique: 2)
Compiling shader "Hidden/Internal-UIRDefault"
  Pass "" (vp)
    Target graphics API: metal
    Full variant space:         40
    After settings filtering:   40
    After built-in stripping:   40
    After scriptable stripping: 40
    Processed in 0.00 seconds
  Pass "" (fp)
    Target graphics API: metal
    Full variant space:         40
    After settings filtering:   40
    After built-in stripping:   40
    After scriptable stripping: 40
    Processed in 0.00 seconds
  Pass  (vp, metal) finished in 0.16 seconds. Local cache hits 0 (0.00s CPU time), remote cache hits 0 (0.00s CPU time), compiled 40 variants (2.35s CPU time), skipped 0 variants.
    Prepared data for serialisation in 0.00s
  Pass  (fp, metal) finished in 0.12 seconds. Local cache hits 0 (0.00s CPU time), remote cache hits 0 (0.00s CPU time), compiled 40 variants (0.98s CPU time), skipped 0 variants.
    Prepared data for serialisation in 0.00s
Serialized binary data for shader Hidden/Internal-UIRDefault in 0.00s
    metal (total internal programs: 80, unique: 80)
Compiling shader "Hidden/Internal-UIRAtlasBlitCopy"
  Pass "" (vp)
    Target graphics API: metal
    Full variant space:         1
    After settings filtering:   1
    After built-in stripping:   1
    After scriptable stripping: 1
    Processed in 0.00 seconds
  Pass "" (fp)
    Target graphics API: metal
    Full variant space:         1
    After settings filtering:   1
    After built-in stripping:   1
    After scriptable stripping: 1
    Processed in 0.00 seconds
  Pass  (vp, metal) finished in 0.00 seconds. Local cache hits 1 (0.00s CPU time), remote cache hits 0 (0.00s CPU time), compiled 0 variants (0.00s CPU time), skipped 0 variants.
    Prepared data for serialisation in 0.00s
  Pass  (fp, metal) finished in 0.00 seconds. Local cache hits 1 (0.00s CPU time), remote cache hits 0 (0.00s CPU time), compiled 0 variants (0.00s CPU time), skipped 0 variants.
    Prepared data for serialisation in 0.00s
Serialized binary data for shader Hidden/Internal-UIRAtlasBlitCopy in 0.00s
    metal (total internal programs: 2, unique: 2)
Compiling shader "Sprites/Default"
  Pass "" (vp)
    Target graphics API: metal
    Full variant space:         8
    After settings filtering:   8
    After built-in stripping:   4
    After scriptable stripping: 4
    Processed in 0.00 seconds
  Pass "" (fp)
    Target graphics API: metal
    Full variant space:         8
    After settings filtering:   8
    After built-in stripping:   4
    After scriptable stripping: 4
    Processed in 0.00 seconds
  Pass  (vp, metal) finished in 0.01 seconds. Local cache hits 0 (0.00s CPU time), remote cache hits 0 (0.00s CPU time), compiled 4 variants (0.03s CPU time), skipped 0 variants.
    Prepared data for serialisation in 0.00s
  Pass  (fp, metal) finished in 0.01 seconds. Local cache hits 0 (0.00s CPU time), remote cache hits 0 (0.00s CPU time), compiled 4 variants (0.02s CPU time), skipped 0 variants.
    Prepared data for serialisation in 0.00s
Serialized binary data for shader Sprites/Default in 0.00s
    metal (total internal programs: 8, unique: 8)
Compiling shader "Sprites/Mask"
  Pass "" (vp)
    Target graphics API: metal
    Full variant space:         4
    After settings filtering:   4
    After built-in stripping:   4
    After scriptable stripping: 4
    Processed in 0.00 seconds
  Pass "" (fp)
    Target graphics API: metal
    Full variant space:         4
    After settings filtering:   4
    After built-in stripping:   4
    After scriptable stripping: 4
    Processed in 0.00 seconds
  Pass  (vp, metal) finished in 0.01 seconds. Local cache hits 0 (0.00s CPU time), remote cache hits 0 (0.00s CPU time), compiled 4 variants (0.03s CPU time), skipped 0 variants.
    Prepared data for serialisation in 0.00s
  Pass  (fp, metal) finished in 0.01 seconds. Local cache hits 0 (0.00s CPU time), remote cache hits 0 (0.00s CPU time), compiled 4 variants (0.02s CPU time), skipped 0 variants.
    Prepared data for serialisation in 0.00s
Serialized binary data for shader Sprites/Mask in 0.00s
    metal (total internal programs: 8, unique: 8)
Compiling shader "UI/Default"
  Pass "Default" (vp)
    Target graphics API: metal
    Full variant space:         4
    After settings filtering:   4
    After built-in stripping:   4
    After scriptable stripping: 4
    Processed in 0.00 seconds
  Pass "Default" (fp)
    Target graphics API: metal
    Full variant space:         4
    After settings filtering:   4
    After built-in stripping:   4
    After scriptable stripping: 4
    Processed in 0.00 seconds
  Pass "XRMotionVectors" (vp)
    Target graphics API: metal
    Full variant space:         4
    After settings filtering:   4
    After built-in stripping:   4
    After scriptable stripping: 0
    Processed in 0.00 seconds
  Pass "XRMotionVectors" (fp)
    Target graphics API: metal
    Full variant space:         4
    After settings filtering:   4
    After built-in stripping:   4
    After scriptable stripping: 0
    Processed in 0.00 seconds
  Pass Default (vp, metal) finished in 0.01 seconds. Local cache hits 0 (0.00s CPU time), remote cache hits 0 (0.00s CPU time), compiled 4 variants (0.05s CPU time), skipped 0 variants.
    Prepared data for serialisation in 0.00s
  Pass Default (fp, metal) finished in 0.01 seconds. Local cache hits 0 (0.00s CPU time), remote cache hits 0 (0.00s CPU time), compiled 4 variants (0.02s CPU time), skipped 0 variants.
    Prepared data for serialisation in 0.00s
Serialized binary data for shader UI/Default in 0.00s
    metal (total internal programs: 8, unique: 8)
Compiling shader "UI/DefaultETC1"
  Pass "Default" (vp)
    Target graphics API: metal
    Full variant space:         4
    After settings filtering:   4
    After built-in stripping:   4
    After scriptable stripping: 4
    Processed in 0.00 seconds
  Pass "Default" (fp)
    Target graphics API: metal
    Full variant space:         4
    After settings filtering:   4
    After built-in stripping:   4
    After scriptable stripping: 4
    Processed in 0.00 seconds
  Pass "XRMotionVectors" (vp)
    Target graphics API: metal
    Full variant space:         4
    After settings filtering:   4
    After built-in stripping:   4
    After scriptable stripping: 0
    Processed in 0.00 seconds
  Pass "XRMotionVectors" (fp)
    Target graphics API: metal
    Full variant space:         4
    After settings filtering:   4
    After built-in stripping:   4
    After scriptable stripping: 0
    Processed in 0.00 seconds
  Pass Default (vp, metal) finished in 0.01 seconds. Local cache hits 0 (0.00s CPU time), remote cache hits 0 (0.00s CPU time), compiled 4 variants (0.04s CPU time), skipped 0 variants.
    Prepared data for serialisation in 0.00s
  Pass Default (fp, metal) finished in 0.01 seconds. Local cache hits 0 (0.00s CPU time), remote cache hits 0 (0.00s CPU time), compiled 4 variants (0.02s CPU time), skipped 0 variants.
    Prepared data for serialisation in 0.00s
Serialized binary data for shader UI/DefaultETC1 in 0.00s
    metal (total internal programs: 8, unique: 8)
Compiling shader "Hidden/CubeBlur"
  Pass "" (vp)
    Target graphics API: metal
    Full variant space:         1
    After settings filtering:   1
    After built-in stripping:   1
    After scriptable stripping: 1
    Processed in 0.00 seconds
  Pass "" (fp)
    Target graphics API: metal
    Full variant space:         1
    After settings filtering:   1
    After built-in stripping:   1
    After scriptable stripping: 1
    Processed in 0.00 seconds
  Pass "" (vp)
    Target graphics API: metal
    Full variant space:         1
    After settings filtering:   1
    After built-in stripping:   1
    After scriptable stripping: 1
    Processed in 0.00 seconds
  Pass "" (fp)
    Target graphics API: metal
    Full variant space:         1
    After settings filtering:   1
    After built-in stripping:   1
    After scriptable stripping: 1
    Processed in 0.00 seconds
  Pass  (vp, metal) finished in 0.01 seconds. Local cache hits 0 (0.00s CPU time), remote cache hits 0 (0.00s CPU time), compiled 1 variants (0.01s CPU time), skipped 0 variants.
    Prepared data for serialisation in 0.00s
  Pass  (fp, metal) finished in 0.07 seconds. Local cache hits 0 (0.00s CPU time), remote cache hits 0 (0.00s CPU time), compiled 1 variants (0.07s CPU time), skipped 0 variants.
    Prepared data for serialisation in 0.00s
  Pass  (vp, metal) finished in 0.07 seconds. Local cache hits 0 (0.00s CPU time), remote cache hits 0 (0.00s CPU time), compiled 1 variants (0.01s CPU time), skipped 0 variants.
    Prepared data for serialisation in 0.00s
  Pass  (fp, metal) finished in 0.07 seconds. Local cache hits 0 (0.00s CPU time), remote cache hits 0 (0.00s CPU time), compiled 1 variants (0.00s CPU time), skipped 0 variants.
    Prepared data for serialisation in 0.00s
Serialized binary data for shader Hidden/CubeBlur in 0.00s
    metal (total internal programs: 4, unique: 3)
Compiling shader "Hidden/CubeCopy"
  Pass "" (vp)
    Target graphics API: metal
    Full variant space:         1
    After settings filtering:   1
    After built-in stripping:   1
    After scriptable stripping: 1
    Processed in 0.00 seconds
  Pass "" (fp)
    Target graphics API: metal
    Full variant space:         1
    After settings filtering:   1
    After built-in stripping:   1
    After scriptable stripping: 1
    Processed in 0.00 seconds
  Pass "" (vp)
    Target graphics API: metal
    Full variant space:         1
    After settings filtering:   1
    After built-in stripping:   1
    After scriptable stripping: 1
    Processed in 0.00 seconds
  Pass "" (fp)
    Target graphics API: metal
    Full variant space:         1
    After settings filtering:   1
    After built-in stripping:   1
    After scriptable stripping: 1
    Processed in 0.00 seconds
  Pass  (vp, metal) finished in 0.01 seconds. Local cache hits 0 (0.00s CPU time), remote cache hits 0 (0.00s CPU time), compiled 1 variants (0.01s CPU time), skipped 0 variants.
    Prepared data for serialisation in 0.00s
  Pass  (fp, metal) finished in 0.01 seconds. Local cache hits 0 (0.00s CPU time), remote cache hits 0 (0.00s CPU time), compiled 1 variants (0.00s CPU time), skipped 0 variants.
    Prepared data for serialisation in 0.00s
  Pass  (vp, metal) finished in 0.01 seconds. Local cache hits 0 (0.00s CPU time), remote cache hits 0 (0.00s CPU time), compiled 1 variants (0.01s CPU time), skipped 0 variants.
    Prepared data for serialisation in 0.00s
  Pass  (fp, metal) finished in 0.01 seconds. Local cache hits 0 (0.00s CPU time), remote cache hits 0 (0.00s CPU time), compiled 1 variants (0.00s CPU time), skipped 0 variants.
    Prepared data for serialisation in 0.00s
Serialized binary data for shader Hidden/CubeCopy in 0.00s
    metal (total internal programs: 4, unique: 2)
Compiling shader "Hidden/CubeBlend"
  Pass "" (vp)
    Target graphics API: metal
    Full variant space:         1
    After settings filtering:   1
    After built-in stripping:   1
    After scriptable stripping: 1
    Processed in 0.00 seconds
  Pass "" (fp)
    Target graphics API: metal
    Full variant space:         1
    After settings filtering:   1
    After built-in stripping:   1
    After scriptable stripping: 1
    Processed in 0.00 seconds
  Pass "" (vp)
    Target graphics API: metal
    Full variant space:         1
    After settings filtering:   1
    After built-in stripping:   1
    After scriptable stripping: 1
    Processed in 0.00 seconds
  Pass "" (fp)
    Target graphics API: metal
    Full variant space:         1
    After settings filtering:   1
    After built-in stripping:   1
    After scriptable stripping: 1
    Processed in 0.00 seconds
  Pass  (vp, metal) finished in 0.01 seconds. Local cache hits 0 (0.00s CPU time), remote cache hits 0 (0.00s CPU time), compiled 1 variants (0.01s CPU time), skipped 0 variants.
    Prepared data for serialisation in 0.00s
  Pass  (fp, metal) finished in 0.01 seconds. Local cache hits 0 (0.00s CPU time), remote cache hits 0 (0.00s CPU time), compiled 1 variants (0.01s CPU time), skipped 0 variants.
    Prepared data for serialisation in 0.00s
  Pass  (vp, metal) finished in 0.01 seconds. Local cache hits 0 (0.00s CPU time), remote cache hits 0 (0.00s CPU time), compiled 1 variants (0.01s CPU time), skipped 0 variants.
    Prepared data for serialisation in 0.00s
  Pass  (fp, metal) finished in 0.01 seconds. Local cache hits 0 (0.00s CPU time), remote cache hits 0 (0.00s CPU time), compiled 1 variants (0.00s CPU time), skipped 0 variants.
    Prepared data for serialisation in 0.00s
Serialized binary data for shader Hidden/CubeBlend in 0.00s
    metal (total internal programs: 4, unique: 2)
Compiling shader "Hidden/VR/BlitTexArraySlice"
  Pass "" (vp)
    Target graphics API: metal
    Full variant space:         1
    After settings filtering:   1
    After built-in stripping:   1
    After scriptable stripping: 1
    Processed in 0.00 seconds
  Pass "" (fp)
    Target graphics API: metal
    Full variant space:         1
    After settings filtering:   1
    After built-in stripping:   1
    After scriptable stripping: 1
    Processed in 0.00 seconds
  Pass  (vp, metal) finished in 0.01 seconds. Local cache hits 0 (0.00s CPU time), remote cache hits 0 (0.00s CPU time), compiled 1 variants (0.01s CPU time), skipped 0 variants.
    Prepared data for serialisation in 0.00s
  Pass  (fp, metal) finished in 0.01 seconds. Local cache hits 0 (0.00s CPU time), remote cache hits 0 (0.00s CPU time), compiled 1 variants (0.00s CPU time), skipped 0 variants.
    Prepared data for serialisation in 0.00s
Serialized binary data for shader Hidden/VR/BlitTexArraySlice in 0.00s
    metal (total internal programs: 2, unique: 2)
Compiling shader "Hidden/Internal-ODSWorldTexture"
  Pass "" (vp)
    Target graphics API: metal
    Full variant space:         1
    After settings filtering:   1
    After built-in stripping:   1
    After scriptable stripping: 1
    Processed in 0.00 seconds
  Pass "" (fp)
    Target graphics API: metal
    Full variant space:         1
    After settings filtering:   1
    After built-in stripping:   1
    After scriptable stripping: 1
    Processed in 0.00 seconds
  Pass "" (vp)
    Target graphics API: metal
    Full variant space:         1
    After settings filtering:   1
    After built-in stripping:   1
    After scriptable stripping: 1
    Processed in 0.00 seconds
  Pass "" (fp)
    Target graphics API: metal
    Full variant space:         1
    After settings filtering:   1
    After built-in stripping:   1
    After scriptable stripping: 1
    Processed in 0.00 seconds
  Pass "" (vp)
    Target graphics API: metal
    Full variant space:         1
    After settings filtering:   1
    After built-in stripping:   1
    After scriptable stripping: 1
    Processed in 0.00 seconds
  Pass "" (fp)
    Target graphics API: metal
    Full variant space:         1
    After settings filtering:   1
    After built-in stripping:   1
    After scriptable stripping: 1
    Processed in 0.00 seconds
  Pass "" (vp)
    Target graphics API: metal
    Full variant space:         1
    After settings filtering:   1
    After built-in stripping:   1
    After scriptable stripping: 1
    Processed in 0.00 seconds
  Pass "" (fp)
    Target graphics API: metal
    Full variant space:         1
    After settings filtering:   1
    After built-in stripping:   1
    After scriptable stripping: 1
    Processed in 0.00 seconds
  Pass "" (vp)
    Target graphics API: metal
    Full variant space:         1
    After settings filtering:   1
    After built-in stripping:   1
    After scriptable stripping: 1
    Processed in 0.00 seconds
  Pass "" (fp)
    Target graphics API: metal
    Full variant space:         1
    After settings filtering:   1
    After built-in stripping:   1
    After scriptable stripping: 1
    Processed in 0.00 seconds
  Pass "" (vp)
    Target graphics API: metal
    Full variant space:         1
    After settings filtering:   1
    After built-in stripping:   1
    After scriptable stripping: 1
    Processed in 0.00 seconds
  Pass "" (fp)
    Target graphics API: metal
    Full variant space:         1
    After settings filtering:   1
    After built-in stripping:   1
    After scriptable stripping: 1
    Processed in 0.00 seconds
  Pass "" (vp)
    Target graphics API: metal
    Full variant space:         1
    After settings filtering:   1
    After built-in stripping:   1
    After scriptable stripping: 1
    Processed in 0.00 seconds
  Pass "" (fp)
    Target graphics API: metal
    Full variant space:         1
    After settings filtering:   1
    After built-in stripping:   1
    After scriptable stripping: 1
    Processed in 0.00 seconds
  Pass "" (vp)
    Target graphics API: metal
    Full variant space:         1
    After settings filtering:   1
    After built-in stripping:   1
    After scriptable stripping: 1
    Processed in 0.00 seconds
  Pass "" (fp)
    Target graphics API: metal
    Full variant space:         1
    After settings filtering:   1
    After built-in stripping:   1
    After scriptable stripping: 1
    Processed in 0.00 seconds
  Pass "" (vp)
    Target graphics API: metal
    Full variant space:         1
    After settings filtering:   1
    After built-in stripping:   1
    After scriptable stripping: 1
    Processed in 0.00 seconds
  Pass "" (fp)
    Target graphics API: metal
    Full variant space:         1
    After settings filtering:   1
    After built-in stripping:   1
    After scriptable stripping: 1
    Processed in 0.00 seconds
  Pass "" (vp)
    Target graphics API: metal
    Full variant space:         1
    After settings filtering:   1
    After built-in stripping:   1
    After scriptable stripping: 1
    Processed in 0.00 seconds
  Pass "" (fp)
    Target graphics API: metal
    Full variant space:         1
    After settings filtering:   1
    After built-in stripping:   1
    After scriptable stripping: 1
    Processed in 0.00 seconds
  Pass  (vp, metal) finished in 0.01 seconds. Local cache hits 0 (0.00s CPU time), remote cache hits 0 (0.00s CPU time), compiled 1 variants (0.01s CPU time), skipped 0 variants.
    Prepared data for serialisation in 0.00s
  Pass  (fp, metal) finished in 0.01 seconds. Local cache hits 0 (0.00s CPU time), remote cache hits 0 (0.00s CPU time), compiled 1 variants (0.00s CPU time), skipped 0 variants.
    Prepared data for serialisation in 0.00s
  Pass  (vp, metal) finished in 0.01 seconds. Local cache hits 0 (0.00s CPU time), remote cache hits 0 (0.00s CPU time), compiled 1 variants (0.01s CPU time), skipped 0 variants.
    Prepared data for serialisation in 0.00s
  Pass  (fp, metal) finished in 0.01 seconds. Local cache hits 0 (0.00s CPU time), remote cache hits 0 (0.00s CPU time), compiled 1 variants (0.00s CPU time), skipped 0 variants.
    Prepared data for serialisation in 0.00s
  Pass  (vp, metal) finished in 0.02 seconds. Local cache hits 0 (0.00s CPU time), remote cache hits 0 (0.00s CPU time), compiled 1 variants (0.02s CPU time), skipped 0 variants.
    Prepared data for serialisation in 0.00s
  Pass  (fp, metal) finished in 0.02 seconds. Local cache hits 0 (0.00s CPU time), remote cache hits 0 (0.00s CPU time), compiled 1 variants (0.01s CPU time), skipped 0 variants.
    Prepared data for serialisation in 0.00s
  Pass  (vp, metal) finished in 0.03 seconds. Local cache hits 0 (0.00s CPU time), remote cache hits 0 (0.00s CPU time), compiled 1 variants (0.03s CPU time), skipped 0 variants.
    Prepared data for serialisation in 0.00s
  Pass  (fp, metal) finished in 0.03 seconds. Local cache hits 0 (0.00s CPU time), remote cache hits 0 (0.00s CPU time), compiled 1 variants (0.01s CPU time), skipped 0 variants.
    Prepared data for serialisation in 0.00s
  Pass  (vp, metal) finished in 0.03 seconds. Local cache hits 0 (0.00s CPU time), remote cache hits 0 (0.00s CPU time), compiled 1 variants (0.01s CPU time), skipped 0 variants.
    Prepared data for serialisation in 0.00s
  Pass  (fp, metal) finished in 0.03 seconds. Local cache hits 0 (0.00s CPU time), remote cache hits 0 (0.00s CPU time), compiled 1 variants (0.00s CPU time), skipped 0 variants.
    Prepared data for serialisation in 0.00s
  Pass  (vp, metal) finished in 0.03 seconds. Local cache hits 0 (0.00s CPU time), remote cache hits 0 (0.00s CPU time), compiled 1 variants (0.01s CPU time), skipped 0 variants.
    Prepared data for serialisation in 0.00s
  Pass  (fp, metal) finished in 0.03 seconds. Local cache hits 0 (0.00s CPU time), remote cache hits 0 (0.00s CPU time), compiled 1 variants (0.00s CPU time), skipped 0 variants.
    Prepared data for serialisation in 0.00s
  Pass  (vp, metal) finished in 0.03 seconds. Local cache hits 0 (0.00s CPU time), remote cache hits 0 (0.00s CPU time), compiled 1 variants (0.01s CPU time), skipped 0 variants.
    Prepared data for serialisation in 0.00s
  Pass  (fp, metal) finished in 0.03 seconds. Local cache hits 0 (0.00s CPU time), remote cache hits 0 (0.00s CPU time), compiled 1 variants (0.01s CPU time), skipped 0 variants.
    Prepared data for serialisation in 0.00s
  Pass  (vp, metal) finished in 0.03 seconds. Local cache hits 0 (0.00s CPU time), remote cache hits 0 (0.00s CPU time), compiled 1 variants (0.01s CPU time), skipped 0 variants.
    Prepared data for serialisation in 0.00s
  Pass  (fp, metal) finished in 0.03 seconds. Local cache hits 0 (0.00s CPU time), remote cache hits 0 (0.00s CPU time), compiled 1 variants (0.01s CPU time), skipped 0 variants.
    Prepared data for serialisation in 0.00s
  Pass  (vp, metal) finished in 0.03 seconds. Local cache hits 0 (0.00s CPU time), remote cache hits 0 (0.00s CPU time), compiled 1 variants (0.02s CPU time), skipped 0 variants.
    Prepared data for serialisation in 0.00s
  Pass  (fp, metal) finished in 0.02 seconds. Local cache hits 0 (0.00s CPU time), remote cache hits 0 (0.00s CPU time), compiled 1 variants (0.01s CPU time), skipped 0 variants.
    Prepared data for serialisation in 0.00s
  Pass  (vp, metal) finished in 0.02 seconds. Local cache hits 0 (0.00s CPU time), remote cache hits 0 (0.00s CPU time), compiled 1 variants (0.02s CPU time), skipped 0 variants.
    Prepared data for serialisation in 0.00s
  Pass  (fp, metal) finished in 0.02 seconds. Local cache hits 0 (0.00s CPU time), remote cache hits 0 (0.00s CPU time), compiled 1 variants (0.00s CPU time), skipped 0 variants.
    Prepared data for serialisation in 0.00s
Serialized binary data for shader Hidden/Internal-ODSWorldTexture in 0.00s
    metal (total internal programs: 20, unique: 14)
Compiling shader "Hidden/Internal-CubemapToEquirect"
  Pass "" (vp)
    Target graphics API: metal
    Full variant space:         1
    After settings filtering:   1
    After built-in stripping:   1
    After scriptable stripping: 1
    Processed in 0.00 seconds
  Pass "" (fp)
    Target graphics API: metal
    Full variant space:         1
    After settings filtering:   1
    After built-in stripping:   1
    After scriptable stripping: 1
    Processed in 0.00 seconds
  Pass  (vp, metal) finished in 0.01 seconds. Local cache hits 0 (0.00s CPU time), remote cache hits 0 (0.00s CPU time), compiled 1 variants (0.01s CPU time), skipped 0 variants.
    Prepared data for serialisation in 0.00s
  Pass  (fp, metal) finished in 0.01 seconds. Local cache hits 0 (0.00s CPU time), remote cache hits 0 (0.00s CPU time), compiled 1 variants (0.00s CPU time), skipped 0 variants.
    Prepared data for serialisation in 0.00s
Serialized binary data for shader Hidden/Internal-CubemapToEquirect in 0.00s
    metal (total internal programs: 2, unique: 2)
Compiling shader "Hidden/VR/BlitFromTex2DToTexArraySlice"
  Pass "" (vp)
    Target graphics API: metal
    Full variant space:         1
    After settings filtering:   1
    After built-in stripping:   1
    After scriptable stripping: 1
    Processed in 0.00 seconds
  Pass "" (fp)
    Target graphics API: metal
    Full variant space:         1
    After settings filtering:   1
    After built-in stripping:   1
    After scriptable stripping: 1
    Processed in 0.00 seconds
  Pass "" (vp)
    Target graphics API: metal
    Full variant space:         1
    After settings filtering:   1
    After built-in stripping:   1
    After scriptable stripping: 1
    Processed in 0.00 seconds
  Pass "" (fp)
    Target graphics API: metal
    Full variant space:         1
    After settings filtering:   1
    After built-in stripping:   1
    After scriptable stripping: 1
    Processed in 0.00 seconds
  Pass "" (gp)
    Target graphics API: metal
    Full variant space:         1
    After settings filtering:   1
    After built-in stripping:   1
    After scriptable stripping: 1
    Processed in 0.00 seconds
  Pass  (vp, metal) finished in 0.01 seconds. Local cache hits 0 (0.00s CPU time), remote cache hits 0 (0.00s CPU time), compiled 1 variants (0.01s CPU time), skipped 0 variants.
    Prepared data for serialisation in 0.00s
  Pass  (fp, metal) finished in 0.01 seconds. Local cache hits 0 (0.00s CPU time), remote cache hits 0 (0.00s CPU time), compiled 1 variants (0.00s CPU time), skipped 0 variants.
    Prepared data for serialisation in 0.00s
  Pass  (vp, metal) finished in 0.00 seconds. Local cache hits 0 (0.00s CPU time), remote cache hits 0 (0.00s CPU time), compiled 0 variants (0.00s CPU time), skipped 1 variants.
    Prepared data for serialisation in 0.00s
  Pass  (fp, metal) finished in -0.00 seconds. Local cache hits 0 (0.00s CPU time), remote cache hits 0 (0.00s CPU time), compiled 0 variants (0.00s CPU time), skipped 1 variants.
    Prepared data for serialisation in 0.00s
  Pass  (gp, metal) finished in -0.00 seconds. Local cache hits 0 (0.00s CPU time), remote cache hits 0 (0.00s CPU time), compiled 0 variants (0.00s CPU time), skipped 1 variants.
    Prepared data for serialisation in 0.00s
Serialized binary data for shader Hidden/VR/BlitFromTex2DToTexArraySlice in 0.00s
    metal (total internal programs: 2, unique: 2)
Compiling shader "Hidden/VideoComposite"
  Pass "Default" (vp)
    Target graphics API: metal
    Full variant space:         1
    After settings filtering:   1
    After built-in stripping:   1
    After scriptable stripping: 1
    Processed in 0.00 seconds
  Pass "Default" (fp)
    Target graphics API: metal
    Full variant space:         1
    After settings filtering:   1
    After built-in stripping:   1
    After scriptable stripping: 1
    Processed in 0.00 seconds
  Pass Default (vp, metal) finished in 0.01 seconds. Local cache hits 0 (0.00s CPU time), remote cache hits 0 (0.00s CPU time), compiled 1 variants (0.01s CPU time), skipped 0 variants.
    Prepared data for serialisation in 0.00s
  Pass Default (fp, metal) finished in 0.01 seconds. Local cache hits 0 (0.00s CPU time), remote cache hits 0 (0.00s CPU time), compiled 1 variants (0.00s CPU time), skipped 0 variants.
    Prepared data for serialisation in 0.00s
Serialized binary data for shader Hidden/VideoComposite in 0.00s
    metal (total internal programs: 2, unique: 2)
Compiling shader "Hidden/VideoDecode"
  Pass "YCbCr_To_RGB1" (vp)
    Target graphics API: metal
    Full variant space:         2
    After settings filtering:   2
    After built-in stripping:   2
    After scriptable stripping: 2
    Processed in 0.00 seconds
  Pass "YCbCr_To_RGB1" (fp)
    Target graphics API: metal
    Full variant space:         2
    After settings filtering:   2
    After built-in stripping:   2
    After scriptable stripping: 2
    Processed in 0.00 seconds
  Pass "YCbCrA_To_RGBAFull" (vp)
    Target graphics API: metal
    Full variant space:         2
    After settings filtering:   2
    After built-in stripping:   2
    After scriptable stripping: 2
    Processed in 0.00 seconds
  Pass "YCbCrA_To_RGBAFull" (fp)
    Target graphics API: metal
    Full variant space:         2
    After settings filtering:   2
    After built-in stripping:   2
    After scriptable stripping: 2
    Processed in 0.00 seconds
  Pass "YCbCrA_To_RGBA" (vp)
    Target graphics API: metal
    Full variant space:         2
    After settings filtering:   2
    After built-in stripping:   2
    After scriptable stripping: 2
    Processed in 0.00 seconds
  Pass "YCbCrA_To_RGBA" (fp)
    Target graphics API: metal
    Full variant space:         2
    After settings filtering:   2
    After built-in stripping:   2
    After scriptable stripping: 2
    Processed in 0.00 seconds
  Pass "Flip_RGBA_To_RGBA" (vp)
    Target graphics API: metal
    Full variant space:         2
    After settings filtering:   2
    After built-in stripping:   2
    After scriptable stripping: 2
    Processed in 0.00 seconds
  Pass "Flip_RGBA_To_RGBA" (fp)
    Target graphics API: metal
    Full variant space:         2
    After settings filtering:   2
    After built-in stripping:   2
    After scriptable stripping: 2
    Processed in 0.00 seconds
  Pass "Flip_RGBASplit_To_RGBA" (vp)
    Target graphics API: metal
    Full variant space:         2
    After settings filtering:   2
    After built-in stripping:   2
    After scriptable stripping: 2
    Processed in 0.00 seconds
  Pass "Flip_RGBASplit_To_RGBA" (fp)
    Target graphics API: metal
    Full variant space:         2
    After settings filtering:   2
    After built-in stripping:   2
    After scriptable stripping: 2
    Processed in 0.00 seconds
  Pass "Flip_NV12_To_RGB1" (vp)
    Target graphics API: metal
    Full variant space:         2
    After settings filtering:   2
    After built-in stripping:   2
    After scriptable stripping: 2
    Processed in 0.00 seconds
  Pass "Flip_NV12_To_RGB1" (fp)
    Target graphics API: metal
    Full variant space:         2
    After settings filtering:   2
    After built-in stripping:   2
    After scriptable stripping: 2
    Processed in 0.00 seconds
  Pass "Flip_NV12_To_RGBA" (vp)
    Target graphics API: metal
    Full variant space:         2
    After settings filtering:   2
    After built-in stripping:   2
    After scriptable stripping: 2
    Processed in 0.00 seconds
  Pass "Flip_NV12_To_RGBA" (fp)
    Target graphics API: metal
    Full variant space:         2
    After settings filtering:   2
    After built-in stripping:   2
    After scriptable stripping: 2
    Processed in 0.00 seconds
  Pass "Flip_P010_To_RGB1" (vp)
    Target graphics API: metal
    Full variant space:         1
    After settings filtering:   1
    After built-in stripping:   1
    After scriptable stripping: 1
    Processed in 0.00 seconds
  Pass "Flip_P010_To_RGB1" (fp)
    Target graphics API: metal
    Full variant space:         1
    After settings filtering:   1
    After built-in stripping:   1
    After scriptable stripping: 1
    Processed in 0.00 seconds
  Pass "Flip_RGBA_HDR10" (vp)
    Target graphics API: metal
    Full variant space:         2
    After settings filtering:   2
    After built-in stripping:   2
    After scriptable stripping: 2
    Processed in 0.00 seconds
  Pass "Flip_RGBA_HDR10" (fp)
    Target graphics API: metal
    Full variant space:         2
    After settings filtering:   2
    After built-in stripping:   2
    After scriptable stripping: 2
    Processed in 0.00 seconds
  Pass "Flip_RGBASplit_HDR10" (vp)
    Target graphics API: metal
    Full variant space:         2
    After settings filtering:   2
    After built-in stripping:   2
    After scriptable stripping: 2
    Processed in 0.00 seconds
  Pass "Flip_RGBASplit_HDR10" (fp)
    Target graphics API: metal
    Full variant space:         2
    After settings filtering:   2
    After built-in stripping:   2
    After scriptable stripping: 2
    Processed in 0.00 seconds
  Pass YCbCr_To_RGB1 (vp, metal) finished in 0.01 seconds. Local cache hits 0 (0.00s CPU time), remote cache hits 0 (0.00s CPU time), compiled 2 variants (0.02s CPU time), skipped 0 variants.
    Prepared data for serialisation in 0.00s
  Pass YCbCr_To_RGB1 (fp, metal) finished in 0.02 seconds. Local cache hits 0 (0.00s CPU time), remote cache hits 0 (0.00s CPU time), compiled 2 variants (0.03s CPU time), skipped 0 variants.
    Prepared data for serialisation in 0.00s
  Pass YCbCrA_To_RGBAFull (vp, metal) finished in 0.02 seconds. Local cache hits 0 (0.00s CPU time), remote cache hits 0 (0.00s CPU time), compiled 2 variants (0.02s CPU time), skipped 0 variants.
    Prepared data for serialisation in 0.00s
  Pass YCbCrA_To_RGBAFull (fp, metal) finished in 0.02 seconds. Local cache hits 0 (0.00s CPU time), remote cache hits 0 (0.00s CPU time), compiled 2 variants (0.02s CPU time), skipped 0 variants.
    Prepared data for serialisation in 0.00s
  Pass YCbCrA_To_RGBA (vp, metal) finished in 0.02 seconds. Local cache hits 0 (0.00s CPU time), remote cache hits 0 (0.00s CPU time), compiled 2 variants (0.02s CPU time), skipped 0 variants.
    Prepared data for serialisation in 0.00s
  Pass YCbCrA_To_RGBA (fp, metal) finished in 0.02 seconds. Local cache hits 0 (0.00s CPU time), remote cache hits 0 (0.00s CPU time), compiled 2 variants (0.02s CPU time), skipped 0 variants.
    Prepared data for serialisation in 0.00s
  Pass Flip_RGBA_To_RGBA (vp, metal) finished in 0.02 seconds. Local cache hits 0 (0.00s CPU time), remote cache hits 0 (0.00s CPU time), compiled 2 variants (0.02s CPU time), skipped 0 variants.
    Prepared data for serialisation in 0.00s
  Pass Flip_RGBA_To_RGBA (fp, metal) finished in 0.02 seconds. Local cache hits 0 (0.00s CPU time), remote cache hits 0 (0.00s CPU time), compiled 2 variants (0.01s CPU time), skipped 0 variants.
    Prepared data for serialisation in 0.00s
  Pass Flip_RGBASplit_To_RGBA (vp, metal) finished in 0.02 seconds. Local cache hits 0 (0.00s CPU time), remote cache hits 0 (0.00s CPU time), compiled 2 variants (0.02s CPU time), skipped 0 variants.
    Prepared data for serialisation in 0.00s
  Pass Flip_RGBASplit_To_RGBA (fp, metal) finished in 0.02 seconds. Local cache hits 0 (0.00s CPU time), remote cache hits 0 (0.00s CPU time), compiled 2 variants (0.02s CPU time), skipped 0 variants.
    Prepared data for serialisation in 0.00s
  Pass Flip_NV12_To_RGB1 (vp, metal) finished in 0.01 seconds. Local cache hits 0 (0.00s CPU time), remote cache hits 0 (0.00s CPU time), compiled 2 variants (0.02s CPU time), skipped 0 variants.
    Prepared data for serialisation in 0.00s
  Pass Flip_NV12_To_RGB1 (fp, metal) finished in 0.01 seconds. Local cache hits 0 (0.00s CPU time), remote cache hits 0 (0.00s CPU time), compiled 2 variants (0.01s CPU time), skipped 0 variants.
    Prepared data for serialisation in 0.00s
  Pass Flip_NV12_To_RGBA (vp, metal) finished in 0.01 seconds. Local cache hits 0 (0.00s CPU time), remote cache hits 0 (0.00s CPU time), compiled 2 variants (0.02s CPU time), skipped 0 variants.
    Prepared data for serialisation in 0.00s
  Pass Flip_NV12_To_RGBA (fp, metal) finished in 0.01 seconds. Local cache hits 0 (0.00s CPU time), remote cache hits 0 (0.00s CPU time), compiled 2 variants (0.01s CPU time), skipped 0 variants.
    Prepared data for serialisation in 0.00s
  Pass Flip_P010_To_RGB1 (vp, metal) finished in 0.01 seconds. Local cache hits 0 (0.00s CPU time), remote cache hits 0 (0.00s CPU time), compiled 1 variants (0.01s CPU time), skipped 0 variants.
    Prepared data for serialisation in 0.00s
  Pass Flip_P010_To_RGB1 (fp, metal) finished in 0.01 seconds. Local cache hits 0 (0.00s CPU time), remote cache hits 0 (0.00s CPU time), compiled 1 variants (0.01s CPU time), skipped 0 variants.
    Prepared data for serialisation in 0.00s
  Pass Flip_RGBA_HDR10 (vp, metal) finished in 0.01 seconds. Local cache hits 0 (0.00s CPU time), remote cache hits 0 (0.00s CPU time), compiled 2 variants (0.02s CPU time), skipped 0 variants.
    Prepared data for serialisation in 0.00s
  Pass Flip_RGBA_HDR10 (fp, metal) finished in 0.01 seconds. Local cache hits 0 (0.00s CPU time), remote cache hits 0 (0.00s CPU time), compiled 2 variants (0.01s CPU time), skipped 0 variants.
    Prepared data for serialisation in 0.00s
  Pass Flip_RGBASplit_HDR10 (vp, metal) finished in 0.01 seconds. Local cache hits 0 (0.00s CPU time), remote cache hits 0 (0.00s CPU time), compiled 2 variants (0.02s CPU time), skipped 0 variants.
    Prepared data for serialisation in 0.00s
  Pass Flip_RGBASplit_HDR10 (fp, metal) finished in 0.01 seconds. Local cache hits 0 (0.00s CPU time), remote cache hits 0 (0.00s CPU time), compiled 2 variants (0.02s CPU time), skipped 0 variants.
    Prepared data for serialisation in 0.00s
Serialized binary data for shader Hidden/VideoDecode in 0.00s
    metal (total internal programs: 38, unique: 23)
Compiling shader "Hidden/VideoDecodeOSX"
  Pass "Flip_RGBARect_To_RGBA" (vp)
  Pass "Flip_RGBARect_To_RGBA" (fp)
  Pass "Flip_RGBASplitRect_To_RGBA" (vp)
  Pass "Flip_RGBASplitRect_To_RGBA" (fp)
    Prepared data for serialisation in 0.00s
    Prepared data for serialisation in 0.00s
    Prepared data for serialisation in 0.00s
    Prepared data for serialisation in 0.00s
Serialized binary data for shader Hidden/VideoDecodeOSX in 0.00s
    metal (total internal programs: 0, unique: 0)
Compiling shader "Hidden/TextCore/Distance Field SSD"
  Pass "" (vp)
    Target graphics API: metal
    Full variant space:         1
    After settings filtering:   1
    After built-in stripping:   1
    After scriptable stripping: 1
    Processed in 0.00 seconds
  Pass "" (fp)
    Target graphics API: metal
    Full variant space:         1
    After settings filtering:   1
    After built-in stripping:   1
    After scriptable stripping: 1
    Processed in 0.00 seconds
  Pass  (vp, metal) finished in 0.03 seconds. Local cache hits 0 (0.00s CPU time), remote cache hits 0 (0.00s CPU time), compiled 1 variants (0.03s CPU time), skipped 0 variants.
    Prepared data for serialisation in 0.00s
  Pass  (fp, metal) finished in 0.03 seconds. Local cache hits 0 (0.00s CPU time), remote cache hits 0 (0.00s CPU time), compiled 1 variants (0.01s CPU time), skipped 0 variants.
    Prepared data for serialisation in 0.00s
Serialized binary data for shader Hidden/TextCore/Distance Field SSD in 0.00s
    metal (total internal programs: 2, unique: 2)
Compiling shader "Hidden/Physics2D/SDF_CircleGeometry"
  Pass "" (vp)
    Target graphics API: metal
    Full variant space:         2
    After settings filtering:   2
    After built-in stripping:   1
    After scriptable stripping: 1
    Processed in 0.00 seconds
  Pass "" (fp)
    Target graphics API: metal
    Full variant space:         2
    After settings filtering:   2
    After built-in stripping:   1
    After scriptable stripping: 1
    Processed in 0.00 seconds
  Pass  (vp, metal) finished in 0.02 seconds. Local cache hits 0 (0.00s CPU time), remote cache hits 0 (0.00s CPU time), compiled 1 variants (0.02s CPU time), skipped 0 variants.
    Prepared data for serialisation in 0.00s
  Pass  (fp, metal) finished in 0.02 seconds. Local cache hits 0 (0.00s CPU time), remote cache hits 0 (0.00s CPU time), compiled 1 variants (0.01s CPU time), skipped 0 variants.
    Prepared data for serialisation in 0.00s
Serialized binary data for shader Hidden/Physics2D/SDF_CircleGeometry in 0.00s
    metal (total internal programs: 2, unique: 2)
Compiling shader "Hidden/Physics2D/SDF_CapsuleGeometry"
  Pass "" (vp)
    Target graphics API: metal
    Full variant space:         2
    After settings filtering:   2
    After built-in stripping:   1
    After scriptable stripping: 1
    Processed in 0.00 seconds
  Pass "" (fp)
    Target graphics API: metal
    Full variant space:         2
    After settings filtering:   2
    After built-in stripping:   1
    After scriptable stripping: 1
    Processed in 0.00 seconds
  Pass  (vp, metal) finished in 0.02 seconds. Local cache hits 0 (0.00s CPU time), remote cache hits 0 (0.00s CPU time), compiled 1 variants (0.02s CPU time), skipped 0 variants.
    Prepared data for serialisation in 0.00s
  Pass  (fp, metal) finished in 0.02 seconds. Local cache hits 0 (0.00s CPU time), remote cache hits 0 (0.00s CPU time), compiled 1 variants (0.01s CPU time), skipped 0 variants.
    Prepared data for serialisation in 0.00s
Serialized binary data for shader Hidden/Physics2D/SDF_CapsuleGeometry in 0.00s
    metal (total internal programs: 2, unique: 2)
Compiling shader "Hidden/Physics2D/SDF_PolygonGeometry"
  Pass "" (vp)
    Target graphics API: metal
    Full variant space:         2
    After settings filtering:   2
    After built-in stripping:   1
    After scriptable stripping: 1
    Processed in 0.00 seconds
  Pass "" (fp)
    Target graphics API: metal
    Full variant space:         2
    After settings filtering:   2
    After built-in stripping:   1
    After scriptable stripping: 1
    Processed in 0.00 seconds
  Pass  (vp, metal) finished in 0.04 seconds. Local cache hits 0 (0.00s CPU time), remote cache hits 0 (0.00s CPU time), compiled 1 variants (0.04s CPU time), skipped 0 variants.
    Prepared data for serialisation in 0.00s
  Pass  (fp, metal) finished in 0.04 seconds. Local cache hits 0 (0.00s CPU time), remote cache hits 0 (0.00s CPU time), compiled 1 variants (0.04s CPU time), skipped 0 variants.
    Prepared data for serialisation in 0.00s
Serialized binary data for shader Hidden/Physics2D/SDF_PolygonGeometry in 0.00s
    metal (total internal programs: 2, unique: 2)
Compiling shader "Hidden/Physics2D/SDF_Line"
  Pass "" (vp)
    Target graphics API: metal
    Full variant space:         2
    After settings filtering:   2
    After built-in stripping:   1
    After scriptable stripping: 1
    Processed in 0.00 seconds
  Pass "" (fp)
    Target graphics API: metal
    Full variant space:         2
    After settings filtering:   2
    After built-in stripping:   1
    After scriptable stripping: 1
    Processed in 0.00 seconds
  Pass  (vp, metal) finished in 0.01 seconds. Local cache hits 0 (0.00s CPU time), remote cache hits 0 (0.00s CPU time), compiled 1 variants (0.01s CPU time), skipped 0 variants.
    Prepared data for serialisation in 0.00s
  Pass  (fp, metal) finished in 0.01 seconds. Local cache hits 0 (0.00s CPU time), remote cache hits 0 (0.00s CPU time), compiled 1 variants (0.01s CPU time), skipped 0 variants.
    Prepared data for serialisation in 0.00s
Serialized binary data for shader Hidden/Physics2D/SDF_Line in 0.00s
    metal (total internal programs: 2, unique: 2)
Compiling shader "Hidden/Physics2D/SDF_Point"
  Pass "" (vp)
    Target graphics API: metal
    Full variant space:         2
    After settings filtering:   2
    After built-in stripping:   1
    After scriptable stripping: 1
    Processed in 0.00 seconds
  Pass "" (fp)
    Target graphics API: metal
    Full variant space:         2
    After settings filtering:   2
    After built-in stripping:   1
    After scriptable stripping: 1
    Processed in 0.00 seconds
  Pass  (vp, metal) finished in 0.02 seconds. Local cache hits 0 (0.00s CPU time), remote cache hits 0 (0.00s CPU time), compiled 1 variants (0.02s CPU time), skipped 0 variants.
    Prepared data for serialisation in 0.00s
  Pass  (fp, metal) finished in 0.02 seconds. Local cache hits 0 (0.00s CPU time), remote cache hits 0 (0.00s CPU time), compiled 1 variants (0.01s CPU time), skipped 0 variants.
    Prepared data for serialisation in 0.00s
Serialized binary data for shader Hidden/Physics2D/SDF_Point in 0.00s
    metal (total internal programs: 2, unique: 2)
SpriteAtlasDatabase::Cleanup
[             ] Require frontend run.  Library/Bee/Player2152d0f8.dag couldn't be loaded
Starting: /Applications/Unity/Hub/Editor/6000.7.0a5/Unity.app/Contents/Resources/BuildPipeline/bee_backend --ipc --dagfile="Library/Bee/Player2152d0f8.dag" --profile="Library/Bee/backend1.traceevents" Player
WorkingDir: /Users/ilseoblee/workspace/seoul-kenshi-wt/unity-poc-mac/Game
Starting: /Applications/Unity/Hub/Editor/6000.7.0a5/Unity.app/Contents/Resources/Scripting/DotNetSdk/dotnet "/Applications/Unity/Hub/Editor/6000.7.0a5/PlaybackEngines/MacStandaloneSupport/MacStandalonePlayerBuildProgram.exe" "/Applications/Unity/Hub/Editor/6000.7.0a5/PlaybackEngines/MacStandaloneSupport/Bee:/Applications/Unity/Hub/Editor/6000.7.0a5/Unity.app/Contents/Resources/BuildPipeline" "Library/Bee/Player2152d0f8.dag.json" "Library/Bee/Player2152d0f8-inputdata.json" "Library/Bee/buildprogram0.traceevents"
WorkingDir: /Users/ilseoblee/workspace/seoul-kenshi-wt/unity-poc-mac/Game
ExitCode: 4 Duration: 0s115ms
DisplayProgressbar: Incremental Player Build
Finished compiling graph: 62 nodes, 171 flattened edges (171 ToBuild, 0 ToUse), maximum node priority 12
[ 1/61      0s] WriteFile Library/Bee/artifacts/csharpactions/lib_burst_generated.dylib_hay4.info
[ 2/61      0s] WriteFile Library/Bee/artifacts/csharpactions/PrivacyInfo.xcprivacy_kghi.info
[ 3/61      0s] WriteFile Library/Bee/artifacts/csharpactions/UnityPlayer.dylib_270q.info
[ 4/61      0s] WriteFile Library/Bee/artifacts/csharpactions/boot.config_l6pt.info
[ 5/61      0s] WriteFile Library/Bee/artifacts/MacStandalonePlayerBuildProgram/Data/app.info
[ 6/61      0s] CopyFiles /Users/ilseoblee/workspace/seoul-kenshi-wt/unity-poc-mac/.omo/evidence/unity-html-poc-ui-parity/task-07/player/Targeting.app/Contents/Resources/DefaultPreferences.plist
[ 7/61      0s] CopyFiles /Users/ilseoblee/workspace/seoul-kenshi-wt/unity-poc-mac/.omo/evidence/unity-html-poc-ui-parity/task-07/player/Targeting.app/Contents/MonoBleedingEdge/etc/mono/browscap.ini
[ 8/61      0s] CopyFiles /Users/ilseoblee/workspace/seoul-kenshi-wt/unity-poc-mac/.omo/evidence/unity-html-poc-ui-parity/task-07/player/Targeting.app/Contents/MonoBleedingEdge/etc/mono/config
[ 9/61      0s] CopyFiles /Users/ilseoblee/workspace/seoul-kenshi-wt/unity-poc-mac/.omo/evidence/unity-html-poc-ui-parity/task-07/player/Targeting.app/Contents/MonoBleedingEdge/etc/mono/4.5/settings.map
[10/61      0s] CopyFiles /Users/ilseoblee/workspace/seoul-kenshi-wt/unity-poc-mac/.omo/evidence/unity-html-poc-ui-parity/task-07/player/Targeting.app/Contents/MonoBleedingEdge/etc/mono/4.5/DefaultWsdlHelpGenerator.aspx
[11/61      0s] CopyFiles /Users/ilseoblee/workspace/seoul-kenshi-wt/unity-poc-mac/.omo/evidence/unity-html-poc-ui-parity/task-07/player/Targeting.app/Contents/MonoBleedingEdge/etc/mono/4.5/machine.config
[12/61      0s] CopyFiles /Users/ilseoblee/workspace/seoul-kenshi-wt/unity-poc-mac/.omo/evidence/unity-html-poc-ui-parity/task-07/player/Targeting.app/Contents/MonoBleedingEdge/etc/mono/4.0/settings.map
[13/61      0s] CopyFiles /Users/ilseoblee/workspace/seoul-kenshi-wt/unity-poc-mac/.omo/evidence/unity-html-poc-ui-parity/task-07/player/Targeting.app/Contents/MonoBleedingEdge/etc/mono/4.5/web.config
[14/61      0s] CopyFiles /Users/ilseoblee/workspace/seoul-kenshi-wt/unity-poc-mac/.omo/evidence/unity-html-poc-ui-parity/task-07/player/Targeting.app/Contents/MonoBleedingEdge/etc/mono/4.5/Browsers/Compat.browser
[15/61      0s] CopyFiles /Users/ilseoblee/workspace/seoul-kenshi-wt/unity-poc-mac/.omo/evidence/unity-html-poc-ui-parity/task-07/player/Targeting.app/Contents/Resources/Data/app.info
[16/61      0s] CopyFiles /Users/ilseoblee/workspace/seoul-kenshi-wt/unity-poc-mac/.omo/evidence/unity-html-poc-ui-parity/task-07/player/Targeting.app/Contents/MonoBleedingEdge/etc/mono/4.0/DefaultWsdlHelpGenerator.aspx
[17/61      0s] CopyFiles /Users/ilseoblee/workspace/seoul-kenshi-wt/unity-poc-mac/.omo/evidence/unity-html-poc-ui-parity/task-07/player/Targeting.app/Contents/MonoBleedingEdge/etc/mono/4.0/web.config
[18/61      0s] CopyFiles /Users/ilseoblee/workspace/seoul-kenshi-wt/unity-poc-mac/.omo/evidence/unity-html-poc-ui-parity/task-07/player/Targeting.app/Contents/MonoBleedingEdge/etc/mono/mconfig/config.xml
[19/61      0s] CopyFiles /Users/ilseoblee/workspace/seoul-kenshi-wt/unity-poc-mac/.omo/evidence/unity-html-poc-ui-parity/task-07/player/Targeting.app/Contents/MonoBleedingEdge/etc/mono/4.0/machine.config
[20/61      0s] WriteFile /Users/ilseoblee/workspace/seoul-kenshi-wt/unity-poc-mac/.omo/evidence/unity-html-poc-ui-parity/task-07/player/Targeting.app/Contents/Info.plist
[21/61      0s] CopyFiles /Users/ilseoblee/workspace/seoul-kenshi-wt/unity-poc-mac/.omo/evidence/unity-html-poc-ui-parity/task-07/player/Targeting.app/Contents/Resources/Data/globalgamemanagers
[22/61      0s] CopyFiles /Users/ilseoblee/workspace/seoul-kenshi-wt/unity-poc-mac/.omo/evidence/unity-html-poc-ui-parity/task-07/player/Targeting.app/Contents/Frameworks/libmono-native.dylib
[23/61      0s] CopyFiles /Users/ilseoblee/workspace/seoul-kenshi-wt/unity-poc-mac/.omo/evidence/unity-html-poc-ui-parity/task-07/player/Targeting.app/Contents/Resources/MainMenu.nib/keyedobjects.nib
[24/61      0s] CopyFiles /Users/ilseoblee/workspace/seoul-kenshi-wt/unity-poc-mac/.omo/evidence/unity-html-poc-ui-parity/task-07/player/Targeting.app/Contents/MonoBleedingEdge/etc/mono/2.0/DefaultWsdlHelpGenerator.aspx
[25/61      0s] CopyFiles /Users/ilseoblee/workspace/seoul-kenshi-wt/unity-poc-mac/.omo/evidence/unity-html-poc-ui-parity/task-07/player/Targeting.app/Contents/Resources/Data/Resources/unity default resources
[26/61      0s] CopyFiles /Users/ilseoblee/workspace/seoul-kenshi-wt/unity-poc-mac/.omo/evidence/unity-html-poc-ui-parity/task-07/player/Targeting.app/Contents/Frameworks/libMonoPosixHelper.dylib
[27/61      0s] CopyFiles /Users/ilseoblee/workspace/seoul-kenshi-wt/unity-poc-mac/.omo/evidence/unity-html-poc-ui-parity/task-07/player/Targeting.app/Contents/MonoBleedingEdge/etc/mono/2.0/web.config
[28/61      0s] CopyFiles /Users/ilseoblee/workspace/seoul-kenshi-wt/unity-poc-mac/.omo/evidence/unity-html-poc-ui-parity/task-07/player/Targeting.app/Contents/MonoBleedingEdge/etc/mono/2.0/settings.map
[29/61      0s] CopyFiles /Users/ilseoblee/workspace/seoul-kenshi-wt/unity-poc-mac/.omo/evidence/unity-html-poc-ui-parity/task-07/player/Targeting.app/Contents/Frameworks/libmonobdwgc-2.0.dylib
[30/61      0s] CopyFiles /Users/ilseoblee/workspace/seoul-kenshi-wt/unity-poc-mac/.omo/evidence/unity-html-poc-ui-parity/task-07/player/Targeting.app/Contents/MonoBleedingEdge/etc/mono/4.0/Browsers/Compat.browser
[31/61      0s] CopyFiles /Users/ilseoblee/workspace/seoul-kenshi-wt/unity-poc-mac/.omo/evidence/unity-html-poc-ui-parity/task-07/player/Targeting.app/Contents/Resources/MainMenu.nib/designable.nib
[32/61      0s] CopyFiles /Users/ilseoblee/workspace/seoul-kenshi-wt/unity-poc-mac/.omo/evidence/unity-html-poc-ui-parity/task-07/player/Targeting.app/Contents/Resources/Data/globalgamemanagers.assets
[33/61      0s] CopyFiles /Users/ilseoblee/workspace/seoul-kenshi-wt/unity-poc-mac/.omo/evidence/unity-html-poc-ui-parity/task-07/player/Targeting.app/Contents/MonoBleedingEdge/etc/mono/2.0/machine.config
[34/61      0s] CopyFiles /Users/ilseoblee/workspace/seoul-kenshi-wt/unity-poc-mac/.omo/evidence/unity-html-poc-ui-parity/task-07/player/Targeting.app/Contents/MonoBleedingEdge/etc/mono/2.0/Browsers/Compat.browser
[35/61      0s] CopyFiles /Users/ilseoblee/workspace/seoul-kenshi-wt/unity-poc-mac/.omo/evidence/unity-html-poc-ui-parity/task-07/player/Targeting.app/Contents/Resources/Data/sharedassets1.assets
[36/61      0s] CopyFiles /Users/ilseoblee/workspace/seoul-kenshi-wt/unity-poc-mac/.omo/evidence/unity-html-poc-ui-parity/task-07/player/Targeting.app/Contents/Resources/Data/sharedassets2.assets
[37/61      0s] CopyFiles /Users/ilseoblee/workspace/seoul-kenshi-wt/unity-poc-mac/.omo/evidence/unity-html-poc-ui-parity/task-07/player/Targeting.app/Contents/Resources/Data/resources.assets.resS
[38/61      0s] CopyFiles /Users/ilseoblee/workspace/seoul-kenshi-wt/unity-poc-mac/.omo/evidence/unity-html-poc-ui-parity/task-07/player/Targeting.app/Contents/Resources/Data/sharedassets0.assets.resS
[39/61      0s] WriteFile Library/Bee/artifacts/csharpactions/dummy-FeaturesChecked.txt_29i2.info
[40/61      0s] CopyFiles /Users/ilseoblee/workspace/seoul-kenshi-wt/unity-poc-mac/.omo/evidence/unity-html-poc-ui-parity/task-07/player/Targeting.app/Contents/Resources/Data/sharedassets0.assets
[41/61      0s] CopyFiles /Users/ilseoblee/workspace/seoul-kenshi-wt/unity-poc-mac/.omo/evidence/unity-html-poc-ui-parity/task-07/player/Targeting.app/Contents/Resources/Data/RuntimeInitializeOnLoads.json
[42/61      0s] CopyFiles /Users/ilseoblee/workspace/seoul-kenshi-wt/unity-poc-mac/.omo/evidence/unity-html-poc-ui-parity/task-07/player/Targeting.app/Contents/Resources/Data/resources.assets
[43/61      0s] WriteFile Library/Bee/artifacts/csharpactions/잔선: 서울_ekc0.info
[44/61      0s] CopyFiles /Users/ilseoblee/workspace/seoul-kenshi-wt/unity-poc-mac/.omo/evidence/unity-html-poc-ui-parity/task-07/player/Targeting.app/Contents/Resources/Data/ScriptingAssemblies.jsonExitCode: 0 Duration: 0s293ms
Starting: /Applications/Unity/Hub/Editor/6000.7.0a5/Unity.app/Contents/Resources/BuildPipeline/bee_backend --ipc --dagfile="Library/Bee/Player2152d0f8.dag" --dagfilejson="Library/Bee/Player2152d0f8.dag.json" --profile="Library/Bee/backend2.traceevents" Player
WorkingDir: /Users/ilseoblee/workspace/seoul-kenshi-wt/unity-poc-mac/Game

[45/61      0s] CopyFiles /Users/ilseoblee/workspace/seoul-kenshi-wt/unity-poc-mac/.omo/evidence/unity-html-poc-ui-parity/task-07/player/Targeting.app/Contents/Resources/Data/Resources/unity_builtin_extra
[46/61      0s] CopyFiles /Users/ilseoblee/workspace/seoul-kenshi-wt/unity-poc-mac/.omo/evidence/unity-html-poc-ui-parity/task-07/player/Targeting.app/Contents/Resources/Data/level0
[47/61      0s] CopyFiles /Users/ilseoblee/workspace/seoul-kenshi-wt/unity-poc-mac/.omo/evidence/unity-html-poc-ui-parity/task-07/player/Targeting.app/Contents/Resources/Data/level1
[48/61      0s] CopyFiles /Users/ilseoblee/workspace/seoul-kenshi-wt/unity-poc-mac/.omo/evidence/unity-html-poc-ui-parity/task-07/player/Targeting.app/Contents/Resources/Data/level2
[49/61      0s] CopyFiles /Users/ilseoblee/workspace/seoul-kenshi-wt/unity-poc-mac/.omo/evidence/unity-html-poc-ui-parity/task-07/player/Targeting.app/Contents/Resources/Data/globalgamemanagers.assets.resS
[50/61      0s] MergeApplePrivacyManifests Library/Bee/artifacts/MacStandalonePlayerBuildProgram/PrivacyInfo.xcprivacy (+1 other)
[51/61      0s] CopyFiles /Users/ilseoblee/workspace/seoul-kenshi-wt/unity-poc-mac/.omo/evidence/unity-html-poc-ui-parity/task-07/player/Targeting.app/Contents/Resources/PrivacyInfo.xcprivacy
[52/61      0s] MacOSCodeSignDylibCopy /Users/ilseoblee/workspace/seoul-kenshi-wt/unity-poc-mac/.omo/evidence/unity-html-poc-ui-parity/task-07/player/Targeting.app/Contents/Frameworks/UnityPlayer.dylib
[53/61      0s] AddBootConfigGUID Library/Bee/artifacts/MacStandalonePlayerBuildProgram/boot.config
[54/61      0s] CopyFiles /Users/ilseoblee/workspace/seoul-kenshi-wt/unity-poc-mac/.omo/evidence/unity-html-poc-ui-parity/task-07/player/Targeting.app/Contents/Resources/Data/boot.config
[55/61      0s] UnityLinker /Users/ilseoblee/workspace/seoul-kenshi-wt/unity-poc-mac/Game/Library/Bee/artifacts/unitylinker_cp35.traceevents
/Applications/Unity/Hub/Editor/6000.7.0a5/Unity.app/Contents/Resources/Scripting/il2cpp/build/deploy/UnityLinker --out=Library/Bee/artifacts/MacStandalonePlayerBuildProgram/ManagedStripped/arm64 --include-link-xml=/Users/ilseoblee/workspace/seoul-kenshi-wt/unity-poc-mac/Game/Library/Bee/artifacts/UnityLinkerInputs/TypesInScenes.xml --include-link-xml=/Users/ilseoblee/workspace/seoul-kenshi-wt/unity-poc-mac/Game/Library/Bee/artifacts/UnityLinkerInputs/SerializedTypes.xml --include-link-xml=/Users/ilseoblee/workspace/seoul-kenshi-wt/unity-poc-mac/Game/Library/InputSystem/StandaloneOSXLink.xml --include-directory=/Applications/Unity/Hub/Editor/6000.7.0a5/PlaybackEngines/MacStandaloneSupport/Variations/mono/Managed --include-directory=/Users/ilseoblee/workspace/seoul-kenshi-wt/unity-poc-mac/Game/Library/Bee/PlayerScriptAssemblies --include-directory=/Users/ilseoblee/workspace/seoul-kenshi-wt/unity-poc-mac/Game/Library/PackageCache/com.unity.collections@642e35c36221/Unity.Collections.LowLevel.ILSupport --include-directory=/Users/ilseoblee/workspace/seoul-kenshi-wt/unity-poc-mac/Game/Library/PackageCache/com.unity.nuget.newtonsoft-json@4dfd81071c64/Runtime/AOT --include-directory=/Applications/Unity/Hub/Editor/6000.7.0a5/Unity.app/Contents/Resources/Scripting/BCLExtensions/runtime/netstandard2.1 --include-directory=/Applications/Unity/Hub/Editor/6000.7.0a5/Unity.app/Contents/Resources/Scripting/MonoBleedingEdge/lib/mono/unityjit-macos --include-directory=/Applications/Unity/Hub/Editor/6000.7.0a5/Unity.app/Contents/Resources/Scripting/MonoBleedingEdge/lib/mono/unityjit-macos/Facades --rule-set=Copy --profiler-report --profiler-output-file=/Users/ilseoblee/workspace/seoul-kenshi-wt/unity-poc-mac/Game/Library/Bee/artifacts/unitylinker_cp35.traceevents --dotnetprofile=unityjit --dotnetruntime=Mono --architecture=Arm64 --platform=MacOSX --use-editor-options --editor-settings-flag=Development --engine-modules-asset-file=/Applications/Unity/Hub/Editor/6000.7.0a5/PlaybackEngines/MacStandaloneSupport/modules.asset --editor-data-file=/Users/ilseoblee/workspace/seoul-kenshi-wt/unity-poc-mac/Game/Library/Bee/artifacts/UnityLinkerInputs/EditorToUnityLinkerData.json --include-unity-root-assembly=/Applications/Unity/Hub/Editor/6000.7.0a5/PlaybackEngines/MacStandaloneSupport/Variations/mono/Managed/Unity.Scripting.dll --include-unity-root-assembly=/Applications/Unity/Hub/Editor/6000.7.0a5/PlaybackEngines/MacStandaloneSupport/Variations/mono/Managed/UnityEngine.AIModule.dll --include-unity-root-assembly=/Applications/Unity/Hub/Editor/6000.7.0a5/PlaybackEngines/MacStandaloneSupport/Variations/mono/Managed/UnityEngine.ARModule.dll --include-unity-root-assembly=/Applications/Unity/Hub/Editor/6000.7.0a5/PlaybackEngines/MacStandaloneSupport/Variations/mono/Managed/UnityEngine.AccessibilityModule.dll --include-unity-root-assembly=/Applications/Unity/Hub/Editor/6000.7.0a5/PlaybackEngines/MacStandaloneSupport/Variations/mono/Managed/UnityEngine.AdaptivePerformanceModule.dll --include-unity-root-assembly=/Applications/Unity/Hub/Editor/6000.7.0a5/PlaybackEngines/MacStandaloneSupport/Variations/mono/Managed/UnityEngine.AndroidJNIModule.dll --include-unity-root-assembly=/Applications/Unity/Hub/Editor/6000.7.0a5/PlaybackEngines/MacStandaloneSupport/Variations/mono/Managed/UnityEngine.AnimationModule.dll --include-unity-root-assembly=/Applications/Unity/Hub/Editor/6000.7.0a5/PlaybackEngines/MacStandaloneSupport/Variations/mono/Managed/UnityEngine.AssetBundleModule.dll --include-unity-root-assembly=/Applications/Unity/Hub/Editor/6000.7.0a5/PlaybackEngines/MacStandaloneSupport/Variations/mono/Managed/UnityEngine.AudioModule.dll --include-unity-root-assembly=/Applications/Unity/Hub/Editor/6000.7.0a5/PlaybackEngines/MacStandaloneSupport/Variations/mono/Managed/UnityEngine.BurstModule.dll --include-unity-root-assembly=/Applications/Unity/Hub/Editor/6000.7.0a5/PlaybackEngines/MacStandaloneSupport/Variations/mono/Managed/UnityEngine.ClothModule.dll --include-unity-root-assembly=/Applications/Unity/Hub/Editor/6000.7.0a5/PlaybackEngines/MacStandaloneSupport/Variations/mono/Managed/UnityEngine.ClusterInputModule.dll --include-unity-root-assembly=/Applications/Unity/Hub/Editor/6000.7.0a5/PlaybackEngines/MacStandaloneSupport/Variations/mono/Managed/UnityEngine.ClusterRendererModule.dll --include-unity-root-assembly=/Applications/Unity/Hub/Editor/6000.7.0a5/PlaybackEngines/MacStandaloneSupport/Variations/mono/Managed/UnityEngine.ContentLoadModule.dll --include-unity-root-assembly=/Applications/Unity/Hub/Editor/6000.7.0a5/PlaybackEngines/MacStandaloneSupport/Variations/mono/Managed/UnityEngine.CoreModule.dll --include-unity-root-assembly=/Applications/Unity/Hub/Editor/6000.7.0a5/PlaybackEngines/MacStandaloneSupport/Variations/mono/Managed/UnityEngine.CrashReportingModule.dll --include-unity-root-assembly=/Applications/Unity/Hub/Editor/6000.7.0a5/PlaybackEngines/MacStandaloneSupport/Variations/mono/Managed/UnityEngine.DSPGraphModule.dll --include-unity-root-assembly=/Applications/Unity/Hub/Editor/6000.7.0a5/PlaybackEngines/MacStandaloneSupport/Variations/mono/Managed/UnityEngine.DirectorModule.dll --include-unity-root-assembly=/Applications/Unity/Hub/Editor/6000.7.0a5/PlaybackEngines/MacStandaloneSupport/Variations/mono/Managed/UnityEngine.GIModule.dll --include-unity-root-assembly=/Applications/Unity/Hub/Editor/6000.7.0a5/PlaybackEngines/MacStandaloneSupport/Variations/mono/Managed/UnityEngine.GameCenterModule.dll --include-unity-root-assembly=/Applications/Unity/Hub/Editor/6000.7.0a5/PlaybackEngines/MacStandaloneSupport/Variations/mono/Managed/UnityEngine.GraphicsStateCollectionSerializerModule.dll --include-unity-root-assembly=/Applications/Unity/Hub/Editor/6000.7.0a5/PlaybackEngines/MacStandaloneSupport/Variations/mono/Managed/UnityEngine.GridModule.dll --include-unity-root-assembly=/Applications/Unity/Hub/Editor/6000.7.0a5/PlaybackEngines/MacStandaloneSupport/Variations/mono/Managed/UnityEngine.HierarchyCoreModule.dll --include-unity-root-assembly=/Applications/Unity/Hub/Editor/6000.7.0a5/PlaybackEngines/MacStandaloneSupport/Variations/mono/Managed/UnityEngine.HierarchyModule.dll --include-unity-root-assembly=/Applications/Unity/Hub/Editor/6000.7.0a5/PlaybackEngines/MacStandaloneSupport/Variations/mono/Managed/UnityEngine.HotReloadModule.dll --include-unity-root-assembly=/Applications/Unity/Hub/Editor/6000.7.0a5/PlaybackEngines/MacStandaloneSupport/Variations/mono/Managed/UnityEngine.IMGUIModule.dll --include-unity-root-assembly=/Applications/Unity/Hub/Editor/6000.7.0a5/PlaybackEngines/MacStandaloneSupport/Variations/mono/Managed/UnityEngine.IdentifiersModule.dll --include-unity-root-assembly=/Applications/Unity/Hub/Editor/6000.7.0a5/PlaybackEngines/MacStandaloneSupport/Variations/mono/Managed/UnityEngine.ImageConversionModule.dll --include-unity-root-assembly=/Applications/Unity/Hub/Editor/6000.7.0a5/PlaybackEngines/MacStandaloneSupport/Variations/mono/Managed/UnityEngine.InputForUIModule.dll --include-unity-root-assembly=/Applications/Unity/Hub/Editor/6000.7.0a5/PlaybackEngines/MacStandaloneSupport/Variations/mono/Managed/UnityEngine.InputLegacyModule.dll --include-unity-root-assembly=/Applications/Unity/Hub/Editor/6000.7.0a5/PlaybackEngines/MacStandaloneSupport/Variations/mono/Managed/UnityEngine.InputModule.dll --include-unity-root-assembly=/Applications/Unity/Hub/Editor/6000.7.0a5/PlaybackEngines/MacStandaloneSupport/Variations/mono/Managed/UnityEngine.InsightsModule.dll --include-unity-root-assembly=/Applications/Unity/Hub/Editor/6000.7.0a5/PlaybackEngines/MacStandaloneSupport/Variations/mono/Managed/UnityEngine.JSONSerializeModule.dll --include-unity-root-assembly=/Applications/Unity/Hub/Editor/6000.7.0a5/PlaybackEngines/MacStandaloneSupport/Variations/mono/Managed/UnityEngine.LocalizationModule.dll --include-unity-root-assembly=/Applications/Unity/Hub/Editor/6000.7.0a5/PlaybackEngines/MacStandaloneSupport/Variations/mono/Managed/UnityEngine.ManagedKernelModule.dll --include-unity-root-assembly=/Applications/Unity/Hub/Editor/6000.7.0a5/PlaybackEngines/MacStandaloneSupport/Variations/mono/Managed/UnityEngine.MarshallingModule.dll --include-unity-root-assembly=/Applications/Unity/Hub/Editor/6000.7.0a5/PlaybackEngines/MacStandaloneSupport/Variations/mono/Managed/UnityEngine.MathematicsModule.dll --include-unity-root-assembly=/Applications/Unity/Hub/Editor/6000.7.0a5/PlaybackEngines/MacStandaloneSupport/Variations/mono/Managed/UnityEngine.MultiplayerModule.dll --include-unity-root-assembly=/Applications/Unity/Hub/Editor/6000.7.0a5/PlaybackEngines/MacStandaloneSupport/Variations/mono/Managed/UnityEngine.ParticleSystemModule.dll --include-unity-root-assembly=/Applications/Unity/Hub/Editor/6000.7.0a5/PlaybackEngines/MacStandaloneSupport/Variations/mono/Managed/UnityEngine.PerformanceReportingModule.dll --include-unity-root-assembly=/Applications/Unity/Hub/Editor/6000.7.0a5/PlaybackEngines/MacStandaloneSupport/Variations/mono/Managed/UnityEngine.Physics2DModule.dll --include-unity-root-assembly=/Applications/Unity/Hub/Editor/6000.7.0a5/PlaybackEngines/MacStandaloneSupport/Variations/mono/Managed/UnityEngine.PhysicsBackendPhysXModule.dll --include-unity-root-assembly=/Applications/Unity/Hub/Editor/6000.7.0a5/PlaybackEngines/MacStandaloneSupport/Variations/mono/Managed/UnityEngine.PhysicsCore2DModule.dll --include-unity-root-assembly=/Applications/Unity/Hub/Editor/6000.7.0a5/PlaybackEngines/MacStandaloneSupport/Variations/mono/Managed/UnityEngine.PhysicsModule.dll --include-unity-root-assembly=/Applications/Unity/Hub/Editor/6000.7.0a5/PlaybackEngines/MacStandaloneSupport/Variations/mono/Managed/UnityEngine.PropertiesModule.dll --include-unity-root-assembly=/Applications/Unity/Hub/Editor/6000.7.0a5/PlaybackEngines/MacStandaloneSupport/Variations/mono/Managed/UnityEngine.RenderAs2DModule.dll --include-unity-root-assembly=/Applications/Unity/Hub/Editor/6000.7.0a5/PlaybackEngines/MacStandaloneSupport/Variations/mono/Managed/UnityEngine.RuntimeInitializeOnLoadManagerInitializerModule.dll --include-unity-root-assembly=/Applications/Unity/Hub/Editor/6000.7.0a5/PlaybackEngines/MacStandaloneSupport/Variations/mono/Managed/UnityEngine.ScreenCaptureModule.dll --include-unity-root-assembly=/Applications/Unity/Hub/Editor/6000.7.0a5/PlaybackEngines/MacStandaloneSupport/Variations/mono/Managed/UnityEngine.ScriptingModule.dll --include-unity-root-assembly=/Applications/Unity/Hub/Editor/6000.7.0a5/PlaybackEngines/MacStandaloneSupport/Variations/mono/Managed/UnityEngine.ShaderVariantAnalyticsModule.dll --include-unity-root-assembly=/Applications/Unity/Hub/Editor/6000.7.0a5/PlaybackEngines/MacStandaloneSupport/Variations/mono/Managed/UnityEngine.SmartStringsModule.dll --include-unity-root-assembly=/Applications/Unity/Hub/Editor/6000.7.0a5/PlaybackEngines/MacStandaloneSupport/Variations/mono/Managed/UnityEngine.SpriteMaskModule.dll --include-unity-root-assembly=/Applications/Unity/Hub/Editor/6000.7.0a5/PlaybackEngines/MacStandaloneSupport/Variations/mono/Managed/UnityEngine.SpriteShapeModule.dll --include-unity-root-assembly=/Applications/Unity/Hub/Editor/6000.7.0a5/PlaybackEngines/MacStandaloneSupport/Variations/mono/Managed/UnityEngine.StreamingModule.dll --include-unity-root-assembly=/Applications/Unity/Hub/Editor/6000.7.0a5/PlaybackEngines/MacStandaloneSupport/Variations/mono/Managed/UnityEngine.SubsystemsModule.dll --include-unity-root-assembly=/Applications/Unity/Hub/Editor/6000.7.0a5/PlaybackEngines/MacStandaloneSupport/Variations/mono/Managed/UnityEngine.TLSModule.dll --include-unity-root-assembly=/Applications/Unity/Hub/Editor/6000.7.0a5/PlaybackEngines/MacStandaloneSupport/Variations/mono/Managed/UnityEngine.TerrainModule.dll --include-unity-root-assembly=/Applications/Unity/Hub/Editor/6000.7.0a5/PlaybackEngines/MacStandaloneSupport/Variations/mono/Managed/UnityEngine.TerrainPhysicsModule.dll --include-unity-root-assembly=/Applications/Unity/Hub/Editor/6000.7.0a5/PlaybackEngines/MacStandaloneSupport/Variations/mono/Managed/UnityEngine.TetgenModule.dll --include-unity-root-assembly=/Applications/Unity/Hub/Editor/6000.7.0a5/PlaybackEngines/MacStandaloneSupport/Variations/mono/Managed/UnityEngine.TextCoreFontEngineModule.dll --include-unity-root-assembly=/Applications/Unity/Hub/Editor/6000.7.0a5/PlaybackEngines/MacStandaloneSupport/Variations/mono/Managed/UnityEngine.TextCoreTextEngineModule.dll --include-unity-root-assembly=/Applications/Unity/Hub/Editor/6000.7.0a5/PlaybackEngines/MacStandaloneSupport/Variations/mono/Managed/UnityEngine.TextRenderingModule.dll --include-unity-root-assembly=/Applications/Unity/Hub/Editor/6000.7.0a5/PlaybackEngines/MacStandaloneSupport/Variations/mono/Managed/UnityEngine.TilemapModule.dll --include-unity-root-assembly=/Applications/Unity/Hub/Editor/6000.7.0a5/PlaybackEngines/MacStandaloneSupport/Variations/mono/Managed/UnityEngine.TimelineFoundationModule.dll --include-unity-root-assembly=/Applications/Unity/Hub/Editor/6000.7.0a5/PlaybackEngines/MacStandaloneSupport/Variations/mono/Managed/UnityEngine.U2DRuntimeModule.dll --include-unity-root-assembly=/Applications/Unity/Hub/Editor/6000.7.0a5/PlaybackEngines/MacStandaloneSupport/Variations/mono/Managed/UnityEngine.UIElementsModule.dll --include-unity-root-assembly=/Applications/Unity/Hub/Editor/6000.7.0a5/PlaybackEngines/MacStandaloneSupport/Variations/mono/Managed/UnityEngine.UIModule.dll --include-unity-root-assembly=/Applications/Unity/Hub/Editor/6000.7.0a5/PlaybackEngines/MacStandaloneSupport/Variations/mono/Managed/UnityEngine.UmbraModule.dll --include-unity-root-assembly=/Applications/Unity/Hub/Editor/6000.7.0a5/PlaybackEngines/MacStandaloneSupport/Variations/mono/Managed/UnityEngine.UnityAnalyticsCommonModule.dll --include-unity-root-assembly=/Applications/Unity/Hub/Editor/6000.7.0a5/PlaybackEngines/MacStandaloneSupport/Variations/mono/Managed/UnityEngine.UnityAnalyticsModule.dll --include-unity-root-assembly=/Applications/Unity/Hub/Editor/6000.7.0a5/PlaybackEngines/MacStandaloneSupport/Variations/mono/Managed/UnityEngine.UnityConnectModule.dll --include-unity-root-assembly=/Applications/Unity/Hub/Editor/6000.7.0a5/PlaybackEngines/MacStandaloneSupport/Variations/mono/Managed/UnityEngine.UnityConsentModule.dll --include-unity-root-assembly=/Applications/Unity/Hub/Editor/6000.7.0a5/PlaybackEngines/MacStandaloneSupport/Variations/mono/Managed/UnityEngine.UnityCurlModule.dll --include-unity-root-assembly=/Applications/Unity/Hub/Editor/6000.7.0a5/PlaybackEngines/MacStandaloneSupport/Variations/mono/Managed/UnityEngine.UnityWebRequestAssetBundleModule.dll --include-unity-root-assembly=/Applications/Unity/Hub/Editor/6000.7.0a5/PlaybackEngines/MacStandaloneSupport/Variations/mono/Managed/UnityEngine.UnityWebRequestAudioModule.dll --include-unity-root-assembly=/Applications/Unity/Hub/Editor/6000.7.0a5/PlaybackEngines/MacStandaloneSupport/Variations/mono/Managed/UnityEngine.UnityWebRequestModule.dll --include-unity-root-assembly=/Applications/Unity/Hub/Editor/6000.7.0a5/PlaybackEngines/MacStandaloneSupport/Variations/mono/Managed/UnityEngine.UnityWebRequestTextureModule.dll --include-unity-root-assembly=/Applications/Unity/Hub/Editor/6000.7.0a5/PlaybackEngines/MacStandaloneSupport/Variations/mono/Managed/UnityEngine.UnityWebRequestWWWModule.dll --include-unity-root-assembly=/Applications/Unity/Hub/Editor/6000.7.0a5/PlaybackEngines/MacStandaloneSupport/Variations/mono/Managed/UnityEngine.VFXModule.dll --include-unity-root-assembly=/Applications/Unity/Hub/Editor/6000.7.0a5/PlaybackEngines/MacStandaloneSupport/Variations/mono/Managed/UnityEngine.VectorGraphicsModule.dll --include-unity-root-assembly=/Applications/Unity/Hub/Editor/6000.7.0a5/PlaybackEngines/MacStandaloneSupport/Variations/mono/Managed/UnityEngine.VehiclesModule.dll --include-unity-root-assembly=/Applications/Unity/Hub/Editor/6000.7.0a5/PlaybackEngines/MacStandaloneSupport/Variations/mono/Managed/UnityEngine.VideoModule.dll --include-unity-root-assembly=/Applications/Unity/Hub/Editor/6000.7.0a5/PlaybackEngines/MacStandaloneSupport/Variations/mono/Managed/UnityEngine.VirtualTexturingModule.dll --include-unity-root-assembly=/Applications/Unity/Hub/Editor/6000.7.0a5/PlaybackEngines/MacStandaloneSupport/Variations/mono/Managed/UnityEngine.WindModule.dll --include-unity-root-assembly=/Applications/Unity/Hub/Editor/6000.7.0a5/PlaybackEngines/MacStandaloneSupport/Variations/mono/Managed/UnityEngine.XRModule.dll --include-unity-root-assembly=/Applications/Unity/Hub/Editor/6000.7.0a5/PlaybackEngines/MacStandaloneSupport/Variations/mono/Managed/UnityEngine.dll --include-unity-root-assembly=/Users/ilseoblee/workspace/seoul-kenshi-wt/unity-poc-mac/Game/Library/Bee/PlayerScriptAssemblies/Janseon.Art.dll --include-unity-root-assembly=/Users/ilseoblee/workspace/seoul-kenshi-wt/unity-poc-mac/Game/Library/Bee/PlayerScriptAssemblies/Janseon.Core.dll --include-unity-root-assembly=/Users/ilseoblee/workspace/seoul-kenshi-wt/unity-poc-mac/Game/Library/Bee/PlayerScriptAssemblies/Janseon.Data.dll --include-unity-root-assembly=/Users/ilseoblee/workspace/seoul-kenshi-wt/unity-poc-mac/Game/Library/Bee/PlayerScriptAssemblies/Janseon.Foundation.dll --include-unity-root-assembly=/Users/ilseoblee/workspace/seoul-kenshi-wt/unity-poc-mac/Game/Library/Bee/PlayerScriptAssemblies/Unity.Burst.dll --include-unity-root-assembly=/Users/ilseoblee/workspace/seoul-kenshi-wt/unity-poc-mac/Game/Library/Bee/PlayerScriptAssemblies/Unity.Collections.dll --include-unity-root-assembly=/Users/ilseoblee/workspace/seoul-kenshi-wt/unity-poc-mac/Game/Library/Bee/PlayerScriptAssemblies/Unity.InputSystem.dll --include-unity-root-assembly=/Users/ilseoblee/workspace/seoul-kenshi-wt/unity-poc-mac/Game/Library/Bee/PlayerScriptAssemblies/Unity.InputSystem.ForUI.dll --include-unity-root-assembly=/Users/ilseoblee/workspace/seoul-kenshi-wt/unity-poc-mac/Game/Library/Bee/PlayerScriptAssemblies/Unity.InternalAPIEngineBridge.004.dll --include-unity-root-assembly=/Users/ilseoblee/workspace/seoul-kenshi-wt/unity-poc-mac/Game/Library/Bee/PlayerScriptAssemblies/Unity.InternalAPIEngineBridge.ObjectDispatcher.Runtime.dll --include-unity-root-assembly=/Users/ilseoblee/workspace/seoul-kenshi-wt/unity-poc-mac/Game/Library/Bee/PlayerScriptAssemblies/Unity.InternalAPIEngineBridge.RenderPipelines.Core.Runtime.Shared.dll --include-unity-root-assembly=/Users/ilseoblee/workspace/seoul-kenshi-wt/unity-poc-mac/Game/Library/Bee/PlayerScriptAssemblies/Unity.PathTracing.Runtime.dll --include-unity-root-assembly=/Users/ilseoblee/workspace/seoul-kenshi-wt/unity-poc-mac/Game/Library/Bee/PlayerScriptAssemblies/Unity.Profiling.Core.dll --include-unity-root-assembly=/Users/ilseoblee/workspace/seoul-kenshi-wt/unity-poc-mac/Game/Library/Bee/PlayerScriptAssemblies/Unity.RenderPipeline.Universal.ShaderLibrary.dll --include-unity-root-assembly=/Users/ilseoblee/workspace/seoul-kenshi-wt/unity-poc-mac/Game/Library/Bee/PlayerScriptAssemblies/Unity.RenderPipelines.Core.Runtime.dll --include-unity-root-assembly=/Users/ilseoblee/workspace/seoul-kenshi-wt/unity-poc-mac/Game/Library/Bee/PlayerScriptAssemblies/Unity.RenderPipelines.Core.Runtime.Shared.dll --include-unity-root-assembly=/Users/ilseoblee/workspace/seoul-kenshi-wt/unity-poc-mac/Game/Library/Bee/PlayerScriptAssemblies/Unity.RenderPipelines.Core.ShaderLibrary.dll --include-unity-root-assembly=/Users/ilseoblee/workspace/seoul-kenshi-wt/unity-poc-mac/Game/Library/Bee/PlayerScriptAssemblies/Unity.RenderPipelines.GPUDriven.Runtime.dll --include-unity-root-assembly=/Users/ilseoblee/workspace/seoul-kenshi-wt/unity-poc-mac/Game/Library/Bee/PlayerScriptAssemblies/Unity.RenderPipelines.ShaderGraph.ShaderGraphLibrary.dll --include-unity-root-assembly=/Users/ilseoblee/workspace/seoul-kenshi-wt/unity-poc-mac/Game/Library/Bee/PlayerScriptAssemblies/Unity.RenderPipelines.Universal.2D.Runtime.dll --include-unity-root-assembly=/Users/ilseoblee/workspace/seoul-kenshi-wt/unity-poc-mac/Game/Library/Bee/PlayerScriptAssemblies/Unity.RenderPipelines.Universal.Config.Runtime.dll --include-unity-root-assembly=/Users/ilseoblee/workspace/seoul-kenshi-wt/unity-poc-mac/Game/Library/Bee/PlayerScriptAssemblies/Unity.RenderPipelines.Universal.Runtime.dll --include-unity-root-assembly=/Users/ilseoblee/workspace/seoul-kenshi-wt/unity-poc-mac/Game/Library/Bee/PlayerScriptAssemblies/Unity.RenderPipelines.Universal.Shaders.dll --include-unity-root-assembly=/Users/ilseoblee/workspace/seoul-kenshi-wt/unity-poc-mac/Game/Library/Bee/PlayerScriptAssemblies/Unity.SurfaceCache.Runtime.dll --include-unity-root-assembly=/Users/ilseoblee/workspace/seoul-kenshi-wt/unity-poc-mac/Game/Library/Bee/PlayerScriptAssemblies/Unity.TextMeshPro.dll --include-unity-root-assembly=/Users/ilseoblee/workspace/seoul-kenshi-wt/unity-poc-mac/Game/Library/Bee/PlayerScriptAssemblies/Unity.UnifiedRayTracing.Runtime.dll --include-unity-root-assembly=/Users/ilseoblee/workspace/seoul-kenshi-wt/unity-poc-mac/Game/Library/Bee/PlayerScriptAssemblies/UnityEngine.UI.dll --include-unity-root-assembly=/Users/ilseoblee/workspace/seoul-kenshi-wt/unity-poc-mac/Game/Library/Bee/PlayerScriptAssemblies/VContainer.dll --include-unity-root-assembly=/Users/ilseoblee/workspace/seoul-kenshi-wt/unity-poc-mac/Game/Library/PackageCache/com.unity.collections@642e35c36221/Unity.Collections.LowLevel.ILSupport/Unity.Collections.LowLevel.ILSupport.dll --include-unity-root-assembly=/Users/ilseoblee/workspace/seoul-kenshi-wt/unity-poc-mac/Game/Library/PackageCache/com.unity.nuget.newtonsoft-json@4dfd81071c64/Runtime/AOT/Newtonsoft.Json.dll --print-command-line --enable-analytics --allowed-assembly=/Applications/Unity/Hub/Editor/6000.7.0a5/Unity.app/Contents/Resources/Scripting/BCLExtensions/runtime/netstandard2.1/Microsoft.Bcl.AsyncInterfaces.dll --allowed-assembly=/Applications/Unity/Hub/Editor/6000.7.0a5/Unity.app/Contents/Resources/Scripting/BCLExtensions/runtime/netstandard2.1/Microsoft.Extensions.DependencyInjection.Abstractions.dll --allowed-assembly=/Applications/Unity/Hub/Editor/6000.7.0a5/Unity.app/Contents/Resources/Scripting/BCLExtensions/runtime/netstandard2.1/Microsoft.Extensions.Logging.Abstractions.dll --allowed-assembly=/Applications/Unity/Hub/Editor/6000.7.0a5/Unity.app/Contents/Resources/Scripting/BCLExtensions/runtime/netstandard2.1/System.Collections.Immutable.dll --allowed-assembly=/Applications/Unity/Hub/Editor/6000.7.0a5/Unity.app/Contents/Resources/Scripting/BCLExtensions/runtime/netstandard2.1/System.Diagnostics.DiagnosticSource.dll --allowed-assembly=/Applications/Unity/Hub/Editor/6000.7.0a5/Unity.app/Contents/Resources/Scripting/BCLExtensions/runtime/netstandard2.1/System.IO.Hashing.dll --allowed-assembly=/Applications/Unity/Hub/Editor/6000.7.0a5/Unity.app/Contents/Resources/Scripting/BCLExtensions/runtime/netstandard2.1/System.IO.Pipelines.dll --allowed-assembly=/Applications/Unity/Hub/Editor/6000.7.0a5/Unity.app/Contents/Resources/Scripting/BCLExtensions/runtime/netstandard2.1/System.Reflection.Metadata.dll --allowed-assembly=/Applications/Unity/Hub/Editor/6000.7.0a5/Unity.app/Contents/Resources/Scripting/BCLExtensions/runtime/netstandard2.1/System.Runtime.CompilerServices.Unsafe.dll --allowed-assembly=/Applications/Unity/Hub/Editor/6000.7.0a5/Unity.app/Contents/Resources/Scripting/BCLExtensions/runtime/netstandard2.1/System.Text.Encodings.Web.dll --allowed-assembly=/Applications/Unity/Hub/Editor/6000.7.0a5/Unity.app/Contents/Resources/Scripting/BCLExtensions/runtime/netstandard2.1/System.Text.Json.dll --allowed-assembly=/Applications/Unity/Hub/Editor/6000.7.0a5/Unity.app/Contents/Resources/Scripting/MonoBleedingEdge/lib/mono/unityjit-macos/Accessibility.dll --allowed-assembly=/Applications/Unity/Hub/Editor/6000.7.0a5/Unity.app/Contents/Resources/Scripting/MonoBleedingEdge/lib/mono/unityjit-macos/Commons.Xml.Relaxng.dll --allowed-assembly=/Applications/Unity/Hub/Editor/6000.7.0a5/Unity.app/Contents/Resources/Scripting/MonoBleedingEdge/lib/mono/unityjit-macos/CustomMarshalers.dll --allowed-assembly=/Applications/Unity/Hub/Editor/6000.7.0a5/Unity.app/Contents/Resources/Scripting/MonoBleedingEdge/lib/mono/unityjit-macos/I18N.CJK.dll --allowed-assembly=/Applications/Unity/Hub/Editor/6000.7.0a5/Unity.app/Contents/Resources/Scripting/MonoBleedingEdge/lib/mono/unityjit-macos/I18N.MidEast.dll --allowed-assembly=/Applications/Unity/Hub/Editor/6000.7.0a5/Unity.app/Contents/Resources/Scripting/MonoBleedingEdge/lib/mono/unityjit-macos/I18N.Other.dll --allowed-assembly=/Applications/Unity/Hub/Editor/6000.7.0a5/Unity.app/Contents/Resources/Scripting/MonoBleedingEdge/lib/mono/unityjit-macos/I18N.Rare.dll --allowed-assembly=/Applications/Unity/Hub/Editor/6000.7.0a5/Unity.app/Contents/Resources/Scripting/MonoBleedingEdge/lib/mono/unityjit-macos/I18N.West.dll --allowed-assembly=/Applications/Unity/Hub/Editor/6000.7.0a5/Unity.app/Contents/Resources/Scripting/MonoBleedingEdge/lib/mono/unityjit-macos/I18N.dll --allowed-assembly=/Applications/Unity/Hub/Editor/6000.7.0a5/Unity.app/Contents/Resources/Scripting/MonoBleedingEdge/lib/mono/unityjit-macos/IBM.Data.DB2.dll --allowed-assembly=/Applications/Unity/Hub/Editor/6000.7.0a5/Unity.app/Contents/Resources/Scripting/MonoBleedingEdge/lib/mono/unityjit-macos/ICSharpCode.SharpZipLib.dll --allowed-assembly=/Applications/Unity/Hub/Editor/6000.7.0a5/Unity.app/Contents/Resources/Scripting/MonoBleedingEdge/lib/mono/unityjit-macos/Microsoft.Build.Engine.dll --allowed-assembly=/Applications/Unity/Hub/Editor/6000.7.0a5/Unity.app/Contents/Resources/Scripting/MonoBleedingEdge/lib/mono/unityjit-macos/Microsoft.Build.Framework.dll --allowed-assembly=/Applications/Unity/Hub/Editor/6000.7.0a5/Unity.app/Contents/Resources/Scripting/MonoBleedingEdge/lib/mono/unityjit-macos/Microsoft.Build.Tasks.v4.0.dll --allowed-assembly=/Applications/Unity/Hub/Editor/6000.7.0a5/Unity.app/Contents/Resources/Scripting/MonoBleedingEdge/lib/mono/unityjit-macos/Microsoft.Build.Utilities.v4.0.dll --allowed-assembly=/Applications/Unity/Hub/Editor/6000.7.0a5/Unity.app/Contents/Resources/Scripting/MonoBleedingEdge/lib/mono/unityjit-macos/Microsoft.Build.dll --allowed-assembly=/Applications/Unity/Hub/Editor/6000.7.0a5/Unity.app/Contents/Resources/Scripting/MonoBleedingEdge/lib/mono/unityjit-macos/Microsoft.CSharp.dll --allowed-assembly=/Applications/Unity/Hub/Editor/6000.7.0a5/Unity.app/Contents/Resources/Scripting/MonoBleedingEdge/lib/mono/unityjit-macos/Microsoft.VisualC.dll --allowed-assembly=/Applications/Unity/Hub/Editor/6000.7.0a5/Unity.app/Contents/Resources/Scripting/MonoBleedingEdge/lib/mono/unityjit-macos/Microsoft.Web.Infrastructure.dll --allowed-assembly=/Applications/Unity/Hub/Editor/6000.7.0a5/Unity.app/Contents/Resources/Scripting/MonoBleedingEdge/lib/mono/unityjit-macos/Mono.Btls.Interface.dll --allowed-assembly=/Applications/Unity/Hub/Editor/6000.7.0a5/Unity.app/Contents/Resources/Scripting/MonoBleedingEdge/lib/mono/unityjit-macos/Mono.C5.dll --allowed-assembly=/Applications/Unity/Hub/Editor/6000.7.0a5/Unity.app/Contents/Resources/Scripting/MonoBleedingEdge/lib/mono/unityjit-macos/Mono.CSharp.dll --allowed-assembly=/Applications/Unity/Hub/Editor/6000.7.0a5/Unity.app/Contents/Resources/Scripting/MonoBleedingEdge/lib/mono/unityjit-macos/Mono.Cairo.dll --allowed-assembly=/Applications/Unity/Hub/Editor/6000.7.0a5/Unity.app/Contents/Resources/Scripting/MonoBleedingEdge/lib/mono/unityjit-macos/Mono.CompilerServices.SymbolWriter.dll --allowed-assembly=/Applications/Unity/Hub/Editor/6000.7.0a5/Unity.app/Contents/Resources/Scripting/MonoBleedingEdge/lib/mono/unityjit-macos/Mono.Data.Sqlite.dll --allowed-assembly=/Applications/Unity/Hub/Editor/6000.7.0a5/Unity.app/Contents/Resources/Scripting/MonoBleedingEdge/lib/mono/unityjit-macos/Mono.Data.Tds.dll --allowed-assembly=/Applications/Unity/Hub/Editor/6000.7.0a5/Unity.app/Contents/Resources/Scripting/MonoBleedingEdge/lib/mono/unityjit-macos/Mono.Http.dll --allowed-assembly=/Applications/Unity/Hub/Editor/6000.7.0a5/Unity.app/Contents/Resources/Scripting/MonoBleedingEdge/lib/mono/unityjit-macos/Mono.Management.dll --allowed-assembly=/Applications/Unity/Hub/Editor/6000.7.0a5/Unity.app/Contents/Resources/Scripting/MonoBleedingEdge/lib/mono/unityjit-macos/Mono.Messaging.RabbitMQ.dll --allowed-assembly=/Applications/Unity/Hub/Editor/6000.7.0a5/Unity.app/Contents/Resources/Scripting/MonoBleedingEdge/lib/mono/unityjit-macos/Mono.Messaging.dll --allowed-assembly=/Applications/Unity/Hub/Editor/6000.7.0a5/Unity.app/Contents/Resources/Scripting/MonoBleedingEdge/lib/mono/unityjit-macos/Mono.Options.dll --allowed-assembly=/Applications/Unity/Hub/Editor/6000.7.0a5/Unity.app/Contents/Resources/Scripting/MonoBleedingEdge/lib/mono/unityjit-macos/Mono.Parallel.dll --allowed-assembly=/Applications/Unity/Hub/Editor/6000.7.0a5/Unity.app/Contents/Resources/Scripting/MonoBleedingEdge/lib/mono/unityjit-macos/Mono.Posix.dll --allowed-assembly=/Applications/Unity/Hub/Editor/6000.7.0a5/Unity.app/Contents/Resources/Scripting/MonoBleedingEdge/lib/mono/unityjit-macos/Mono.Profiler.Log.dll --allowed-assembly=/Applications/Unity/Hub/Editor/6000.7.0a5/Unity.app/Contents/Resources/Scripting/MonoBleedingEdge/lib/mono/unityjit-macos/Mono.Security.Win32.dll --allowed-assembly=/Applications/Unity/Hub/Editor/6000.7.0a5/Unity.app/Contents/Resources/Scripting/MonoBleedingEdge/lib/mono/unityjit-macos/Mono.Security.dll --allowed-assembly=/Applications/Unity/Hub/Editor/6000.7.0a5/Unity.app/Contents/Resources/Scripting/MonoBleedingEdge/lib/mono/unityjit-macos/Mono.Simd.dll --allowed-assembly=/Applications/Unity/Hub/Editor/6000.7.0a5/Unity.app/Contents/Resources/Scripting/MonoBleedingEdge/lib/mono/unityjit-macos/Mono.Tasklets.dll --allowed-assembly=/Applications/Unity/Hub/Editor/6000.7.0a5/Unity.app/Contents/Resources/Scripting/MonoBleedingEdge/lib/mono/unityjit-macos/Mono.WebBrowser.dll --allowed-assembly=/Applications/Unity/Hub/Editor/6000.7.0a5/Unity.app/Contents/Resources/Scripting/MonoBleedingEdge/lib/mono/unityjit-macos/Mono.XBuild.Tasks.dll --allowed-assembly=/Applications/Unity/Hub/Editor/6000.7.0a5/Unity.app/Contents/Resources/Scripting/MonoBleedingEdge/lib/mono/unityjit-macos/Novell.Directory.Ldap.dll --allowed-assembly=/Applications/Unity/Hub/Editor/6000.7.0a5/Unity.app/Contents/Resources/Scripting/MonoBleedingEdge/lib/mono/unityjit-macos/PEAPI.dll --allowed-assembly=/Applications/Unity/Hub/Editor/6000.7.0a5/Unity.app/Contents/Resources/Scripting/MonoBleedingEdge/lib/mono/unityjit-macos/RabbitMQ.Client.dll --allowed-assembly=/Applications/Unity/Hub/Editor/6000.7.0a5/Unity.app/Contents/Resources/Scripting/MonoBleedingEdge/lib/mono/unityjit-macos/SMDiagnostics.dll --allowed-assembly=/Applications/Unity/Hub/Editor/6000.7.0a5/Unity.app/Contents/Resources/Scripting/MonoBleedingEdge/lib/mono/unityjit-macos/System.ComponentModel.Composition.dll --allowed-assembly=/Applications/Unity/Hub/Editor/6000.7.0a5/Unity.app/Contents/Resources/Scripting/MonoBleedingEdge/lib/mono/unityjit-macos/System.ComponentModel.DataAnnotations.dll --allowed-assembly=/Applications/Unity/Hub/Editor/6000.7.0a5/Unity.app/Contents/Resources/Scripting/MonoBleedingEdge/lib/mono/unityjit-macos/System.Configuration.Install.dll --allowed-assembly=/Applications/Unity/Hub/Editor/6000.7.0a5/Unity.app/Contents/Resources/Scripting/MonoBleedingEdge/lib/mono/unityjit-macos/System.Configuration.dll --allowed-assembly=/Applications/Unity/Hub/Editor/6000.7.0a5/Unity.app/Contents/Resources/Scripting/MonoBleedingEdge/lib/mono/unityjit-macos/System.Core.dll --allowed-assembly=/Applications/Unity/Hub/Editor/6000.7.0a5/Unity.app/Contents/Resources/Scripting/MonoBleedingEdge/lib/mono/unityjit-macos/System.Data.DataSetExtensions.dll --allowed-assembly=/Applications/Unity/Hub/Editor/6000.7.0a5/Unity.app/Contents/Resources/Scripting/MonoBleedingEdge/lib/mono/unityjit-macos/System.Data.Entity.dll --allowed-assembly=/Applications/Unity/Hub/Editor/6000.7.0a5/Unity.app/Contents/Resources/Scripting/MonoBleedingEdge/lib/mono/unityjit-macos/System.Data.Linq.dll --allowed-assembly=/Applications/Unity/Hub/Editor/6000.7.0a5/Unity.app/Contents/Resources/Scripting/MonoBleedingEdge/lib/mono/unityjit-macos/System.Data.OracleClient.dll --allowed-assembly=/Applications/Unity/Hub/Editor/6000.7.0a5/Unity.app/Contents/Resources/Scripting/MonoBleedingEdge/lib/mono/unityjit-macos/System.Data.Services.Client.dll --allowed-assembly=/Applications/Unity/Hub/Editor/6000.7.0a5/Unity.app/Contents/Resources/Scripting/MonoBleedingEdge/lib/mono/unityjit-macos/System.Data.Services.dll --allowed-assembly=/Applications/Unity/Hub/Editor/6000.7.0a5/Unity.app/Contents/Resources/Scripting/MonoBleedingEdge/lib/mono/unityjit-macos/System.Data.dll --allowed-assembly=/Applications/Unity/Hub/Editor/6000.7.0a5/Unity.app/Contents/Resources/Scripting/MonoBleedingEdge/lib/mono/unityjit-macos/System.Deployment.dll --allowed-assembly=/Applications/Unity/Hub/Editor/6000.7.0a5/Unity.app/Contents/Resources/Scripting/MonoBleedingEdge/lib/mono/unityjit-macos/System.Design.dll --allowed-assembly=/Applications/Unity/Hub/Editor/6000.7.0a5/Unity.app/Contents/Resources/Scripting/MonoBleedingEdge/lib/mono/unityjit-macos/System.DirectoryServices.Protocols.dll --allowed-assembly=/Applications/Unity/Hub/Editor/6000.7.0a5/Unity.app/Contents/Resources/Scripting/MonoBleedingEdge/lib/mono/unityjit-macos/System.DirectoryServices.dll --allowed-assembly=/Applications/Unity/Hub/Editor/6000.7.0a5/Unity.app/Contents/Resources/Scripting/MonoBleedingEdge/lib/mono/unityjit-macos/System.Drawing.Design.dll --allowed-assembly=/Applications/Unity/Hub/Editor/6000.7.0a5/Unity.app/Contents/Resources/Scripting/MonoBleedingEdge/lib/mono/unityjit-macos/System.Drawing.dll --allowed-assembly=/Applications/Unity/Hub/Editor/6000.7.0a5/Unity.app/Contents/Resources/Scripting/MonoBleedingEdge/lib/mono/unityjit-macos/System.Dynamic.dll --allowed-assembly=/Applications/Unity/Hub/Editor/6000.7.0a5/Unity.app/Contents/Resources/Scripting/MonoBleedingEdge/lib/mono/unityjit-macos/System.EnterpriseServices.dll --allowed-assembly=/Applications/Unity/Hub/Editor/6000.7.0a5/Unity.app/Contents/Resources/Scripting/MonoBleedingEdge/lib/mono/unityjit-macos/System.IO.Compression.FileSystem.dll --allowed-assembly=/Applications/Unity/Hub/Editor/6000.7.0a5/Unity.app/Contents/Resources/Scripting/MonoBleedingEdge/lib/mono/unityjit-macos/System.IO.Compression.dll --allowed-assembly=/Applications/Unity/Hub/Editor/6000.7.0a5/Unity.app/Contents/Resources/Scripting/MonoBleedingEdge/lib/mono/unityjit-macos/System.IdentityModel.Selectors.dll --allowed-assembly=/Applications/Unity/Hub/Editor/6000.7.0a5/Unity.app/Contents/Resources/Scripting/MonoBleedingEdge/lib/mono/unityjit-macos/System.IdentityModel.dll --allowed-assembly=/Applications/Unity/Hub/Editor/6000.7.0a5/Unity.app/Contents/Resources/Scripting/MonoBleedingEdge/lib/mono/unityjit-macos/System.Json.Microsoft.dll --allowed-assembly=/Applications/Unity/Hub/Editor/6000.7.0a5/Unity.app/Contents/Resources/Scripting/MonoBleedingEdge/lib/mono/unityjit-macos/System.Json.dll --allowed-assembly=/Applications/Unity/Hub/Editor/6000.7.0a5/Unity.app/Contents/Resources/Scripting/MonoBleedingEdge/lib/mono/unityjit-macos/System.Management.dll --allowed-assembly=/Applications/Unity/Hub/Editor/6000.7.0a5/Unity.app/Contents/Resources/Scripting/MonoBleedingEdge/lib/mono/unityjit-macos/System.Messaging.dll --allowed-assembly=/Applications/Unity/Hub/Editor/6000.7.0a5/Unity.app/Contents/Resources/Scripting/MonoBleedingEdge/lib/mono/unityjit-macos/System.Net.Http.Formatting.dll --allowed-assembly=/Applications/Unity/Hub/Editor/6000.7.0a5/Unity.app/Contents/Resources/Scripting/MonoBleedingEdge/lib/mono/unityjit-macos/System.Net.Http.WebRequest.dll --allowed-assembly=/Applications/Unity/Hub/Editor/6000.7.0a5/Unity.app/Contents/Resources/Scripting/MonoBleedingEdge/lib/mono/unityjit-macos/System.Net.Http.dll --allowed-assembly=/Applications/Unity/Hub/Editor/6000.7.0a5/Unity.app/Contents/Resources/Scripting/MonoBleedingEdge/lib/mono/unityjit-macos/System.Net.dll --allowed-assembly=/Applications/Unity/Hub/Editor/6000.7.0a5/Unity.app/Contents/Resources/Scripting/MonoBleedingEdge/lib/mono/unityjit-macos/System.Numerics.Vectors.dll --allowed-assembly=/Applications/Unity/Hub/Editor/6000.7.0a5/Unity.app/Contents/Resources/Scripting/MonoBleedingEdge/lib/mono/unityjit-macos/System.Numerics.dll --allowed-assembly=/Applications/Unity/Hub/Editor/6000.7.0a5/Unity.app/Contents/Resources/Scripting/MonoBleedingEdge/lib/mono/unityjit-macos/System.Reactive.Core.dll --allowed-assembly=/Applications/Unity/Hub/Editor/6000.7.0a5/Unity.app/Contents/Resources/Scripting/MonoBleedingEdge/lib/mono/unityjit-macos/System.Reactive.Debugger.dll --allowed-assembly=/Applications/Unity/Hub/Editor/6000.7.0a5/Unity.app/Contents/Resources/Scripting/MonoBleedingEdge/lib/mono/unityjit-macos/System.Reactive.Experimental.dll --allowed-assembly=/Applications/Unity/Hub/Editor/6000.7.0a5/Unity.app/Contents/Resources/Scripting/MonoBleedingEdge/lib/mono/unityjit-macos/System.Reactive.Interfaces.dll --allowed-assembly=/Applications/Unity/Hub/Editor/6000.7.0a5/Unity.app/Contents/Resources/Scripting/MonoBleedingEdge/lib/mono/unityjit-macos/System.Reactive.Linq.dll --allowed-assembly=/Applications/Unity/Hub/Editor/6000.7.0a5/Unity.app/Contents/Resources/Scripting/MonoBleedingEdge/lib/mono/unityjit-macos/System.Reactive.Observable.Aliases.dll --allowed-assembly=/Applications/Unity/Hub/Editor/6000.7.0a5/Unity.app/Contents/Resources/Scripting/MonoBleedingEdge/lib/mono/unityjit-macos/System.Reactive.PlatformServices.dll --allowed-assembly=/Applications/Unity/Hub/Editor/6000.7.0a5/Unity.app/Contents/Resources/Scripting/MonoBleedingEdge/lib/mono/unityjit-macos/System.Reactive.Providers.dll --allowed-assembly=/Applications/Unity/Hub/Editor/6000.7.0a5/Unity.app/Contents/Resources/Scripting/MonoBleedingEdge/lib/mono/unityjit-macos/System.Reactive.Runtime.Remoting.dll --allowed-assembly=/Applications/Unity/Hub/Editor/6000.7.0a5/Unity.app/Contents/Resources/Scripting/MonoBleedingEdge/lib/mono/unityjit-macos/System.Reactive.Windows.Forms.dll --allowed-assembly=/Applications/Unity/Hub/Editor/6000.7.0a5/Unity.app/Contents/Resources/Scripting/MonoBleedingEdge/lib/mono/unityjit-macos/System.Reactive.Windows.Threading.dll --allowed-assembly=/Applications/Unity/Hub/Editor/6000.7.0a5/Unity.app/Contents/Resources/Scripting/MonoBleedingEdge/lib/mono/unityjit-macos/System.Reflection.Context.dll --allowed-assembly=/Applications/Unity/Hub/Editor/6000.7.0a5/Unity.app/Contents/Resources/Scripting/MonoBleedingEdge/lib/mono/unityjit-macos/System.Runtime.Caching.dll --allowed-assembly=/Applications/Unity/Hub/Editor/6000.7.0a5/Unity.app/Contents/Resources/Scripting/MonoBleedingEdge/lib/mono/unityjit-macos/System.Runtime.DurableInstancing.dll --allowed-assembly=/Applications/Unity/Hub/Editor/6000.7.0a5/Unity.app/Contents/Resources/Scripting/MonoBleedingEdge/lib/mono/unityjit-macos/System.Runtime.Remoting.dll --allowed-assembly=/Applications/Unity/Hub/Editor/6000.7.0a5/Unity.app/Contents/Resources/Scripting/MonoBleedingEdge/lib/mono/unityjit-macos/System.Runtime.Serialization.Formatters.Soap.dll --allowed-assembly=/Applications/Unity/Hub/Editor/6000.7.0a5/Unity.app/Contents/Resources/Scripting/MonoBleedingEdge/lib/mono/unityjit-macos/System.Runtime.Serialization.dll --allowed-assembly=/Applications/Unity/Hub/Editor/6000.7.0a5/Unity.app/Contents/Resources/Scripting/MonoBleedingEdge/lib/mono/unityjit-macos/System.Security.dll --allowed-assembly=/Applications/Unity/Hub/Editor/6000.7.0a5/Unity.app/Contents/Resources/Scripting/MonoBleedingEdge/lib/mono/unityjit-macos/System.ServiceModel.Activation.dll --allowed-assembly=/Applications/Unity/Hub/Editor/6000.7.0a5/Unity.app/Contents/Resources/Scripting/MonoBleedingEdge/lib/mono/unityjit-macos/System.ServiceModel.Discovery.dll --allowed-assembly=/Applications/Unity/Hub/Editor/6000.7.0a5/Unity.app/Contents/Resources/Scripting/MonoBleedingEdge/lib/mono/unityjit-macos/System.ServiceModel.Internals.dll --allowed-assembly=/Applications/Unity/Hub/Editor/6000.7.0a5/Unity.app/Contents/Resources/Scripting/MonoBleedingEdge/lib/mono/unityjit-macos/System.ServiceModel.Routing.dll --allowed-assembly=/Applications/Unity/Hub/Editor/6000.7.0a5/Unity.app/Contents/Resources/Scripting/MonoBleedingEdge/lib/mono/unityjit-macos/System.ServiceModel.Web.dll --allowed-assembly=/Applications/Unity/Hub/Editor/6000.7.0a5/Unity.app/Contents/Resources/Scripting/MonoBleedingEdge/lib/mono/unityjit-macos/System.ServiceModel.dll --allowed-assembly=/Applications/Unity/Hub/Editor/6000.7.0a5/Unity.app/Contents/Resources/Scripting/MonoBleedingEdge/lib/mono/unityjit-macos/System.ServiceProcess.dll --allowed-assembly=/Applications/Unity/Hub/Editor/6000.7.0a5/Unity.app/Contents/Resources/Scripting/MonoBleedingEdge/lib/mono/unityjit-macos/System.Threading.Tasks.Dataflow.dll --allowed-assembly=/Applications/Unity/Hub/Editor/6000.7.0a5/Unity.app/Contents/Resources/Scripting/MonoBleedingEdge/lib/mono/unityjit-macos/System.Transactions.dll --allowed-assembly=/Applications/Unity/Hub/Editor/6000.7.0a5/Unity.app/Contents/Resources/Scripting/MonoBleedingEdge/lib/mono/unityjit-macos/System.Web.Abstractions.dll --allowed-assembly=/Applications/Unity/Hub/Editor/6000.7.0a5/Unity.app/Contents/Resources/Scripting/MonoBleedingEdge/lib/mono/unityjit-macos/System.Web.ApplicationServices.dll --allowed-assembly=/Applications/Unity/Hub/Editor/6000.7.0a5/Unity.app/Contents/Resources/Scripting/MonoBleedingEdge/lib/mono/unityjit-macos/System.Web.DynamicData.dll --allowed-assembly=/Applications/Unity/Hub/Editor/6000.7.0a5/Unity.app/Contents/Resources/Scripting/MonoBleedingEdge/lib/mono/unityjit-macos/System.Web.Extensions.Design.dll --allowed-assembly=/Applications/Unity/Hub/Editor/6000.7.0a5/Unity.app/Contents/Resources/Scripting/MonoBleedingEdge/lib/mono/unityjit-macos/System.Web.Extensions.dll --allowed-assembly=/Applications/Unity/Hub/Editor/6000.7.0a5/Unity.app/Contents/Resources/Scripting/MonoBleedingEdge/lib/mono/unityjit-macos/System.Web.Http.SelfHost.dll --allowed-assembly=/Applications/Unity/Hub/Editor/6000.7.0a5/Unity.app/Contents/Resources/Scripting/MonoBleedingEdge/lib/mono/unityjit-macos/System.Web.Http.WebHost.dll --allowed-assembly=/Applications/Unity/Hub/Editor/6000.7.0a5/Unity.app/Contents/Resources/Scripting/MonoBleedingEdge/lib/mono/unityjit-macos/System.Web.Http.dll --allowed-assembly=/Applications/Unity/Hub/Editor/6000.7.0a5/Unity.app/Contents/Resources/Scripting/MonoBleedingEdge/lib/mono/unityjit-macos/System.Web.Mobile.dll --allowed-assembly=/Applications/Unity/Hub/Editor/6000.7.0a5/Unity.app/Contents/Resources/Scripting/MonoBleedingEdge/lib/mono/unityjit-macos/System.Web.Mvc.dll --allowed-assembly=/Applications/Unity/Hub/Editor/6000.7.0a5/Unity.app/Contents/Resources/Scripting/MonoBleedingEdge/lib/mono/unityjit-macos/System.Web.Razor.dll --allowed-assembly=/Applications/Unity/Hub/Editor/6000.7.0a5/Unity.app/Contents/Resources/Scripting/MonoBleedingEdge/lib/mono/unityjit-macos/System.Web.RegularExpressions.dll --allowed-assembly=/Applications/Unity/Hub/Editor/6000.7.0a5/Unity.app/Contents/Resources/Scripting/MonoBleedingEdge/lib/mono/unityjit-macos/System.Web.Routing.dll --allowed-assembly=/Applications/Unity/Hub/Editor/6000.7.0a5/Unity.app/Contents/Resources/Scripting/MonoBleedingEdge/lib/mono/unityjit-macos/System.Web.Services.dll --allowed-assembly=/Applications/Unity/Hub/Editor/6000.7.0a5/Unity.app/Contents/Resources/Scripting/MonoBleedingEdge/lib/mono/unityjit-macos/System.Web.WebPages.Deployment.dll --allowed-assembly=/Applications/Unity/Hub/Editor/6000.7.0a5/Unity.app/Contents/Resources/Scripting/MonoBleedingEdge/lib/mono/unityjit-macos/System.Web.WebPages.Razor.dll --allowed-assembly=/Applications/Unity/Hub/Editor/6000.7.0a5/Unity.app/Contents/Resources/Scripting/MonoBleedingEdge/lib/mono/unityjit-macos/System.Web.WebPages.dll --allowed-assembly=/Applications/Unity/Hub/Editor/6000.7.0a5/Unity.app/Contents/Resources/Scripting/MonoBleedingEdge/lib/mono/unityjit-macos/System.Web.dll --allowed-assembly=/Applications/Unity/Hub/Editor/6000.7.0a5/Unity.app/Contents/Resources/Scripting/MonoBleedingEdge/lib/mono/unityjit-macos/System.Windows.Forms.DataVisualization.dll --allowed-assembly=/Applications/Unity/Hub/Editor/6000.7.0a5/Unity.app/Contents/Resources/Scripting/MonoBleedingEdge/lib/mono/unityjit-macos/System.Windows.Forms.dll --allowed-assembly=/Applications/Unity/Hub/Editor/6000.7.0a5/Unity.app/Contents/Resources/Scripting/MonoBleedingEdge/lib/mono/unityjit-macos/System.Windows.dll --allowed-assembly=/Applications/Unity/Hub/Editor/6000.7.0a5/Unity.app/Contents/Resources/Scripting/MonoBleedingEdge/lib/mono/unityjit-macos/System.Workflow.Activities.dll --allowed-assembly=/Applications/Unity/Hub/Editor/6000.7.0a5/Unity.app/Contents/Resources/Scripting/MonoBleedingEdge/lib/mono/unityjit-macos/System.Workflow.ComponentModel.dll --allowed-assembly=/Applications/Unity/Hub/Editor/6000.7.0a5/Unity.app/Contents/Resources/Scripting/MonoBleedingEdge/lib/mono/unityjit-macos/System.Workflow.Runtime.dll --allowed-assembly=/Applications/Unity/Hub/Editor/6000.7.0a5/Unity.app/Contents/Resources/Scripting/MonoBleedingEdge/lib/mono/unityjit-macos/System.Xaml.dll --allowed-assembly=/Applications/Unity/Hub/Editor/6000.7.0a5/Unity.app/Contents/Resources/Scripting/MonoBleedingEdge/lib/mono/unityjit-macos/System.Xml.Linq.dll --allowed-assembly=/Applications/Unity/Hub/Editor/6000.7.0a5/Unity.app/Contents/Resources/Scripting/MonoBleedingEdge/lib/mono/unityjit-macos/System.Xml.Serialization.dll --allowed-assembly=/Applications/Unity/Hub/Editor/6000.7.0a5/Unity.app/Contents/Resources/Scripting/MonoBleedingEdge/lib/mono/unityjit-macos/System.Xml.dll --allowed-assembly=/Applications/Unity/Hub/Editor/6000.7.0a5/Unity.app/Contents/Resources/Scripting/MonoBleedingEdge/lib/mono/unityjit-macos/System.dll --allowed-assembly=/Applications/Unity/Hub/Editor/6000.7.0a5/Unity.app/Contents/Resources/Scripting/MonoBleedingEdge/lib/mono/unityjit-macos/SystemWebTestShim.dll --allowed-assembly=/Applications/Unity/Hub/Editor/6000.7.0a5/Unity.app/Contents/Resources/Scripting/MonoBleedingEdge/lib/mono/unityjit-macos/WebMatrix.Data.dll --allowed-assembly=/Applications/Unity/Hub/Editor/6000.7.0a5/Unity.app/Contents/Resources/Scripting/MonoBleedingEdge/lib/mono/unityjit-macos/WindowsBase.dll --allowed-assembly=/Applications/Unity/Hub/Editor/6000.7.0a5/Unity.app/Contents/Resources/Scripting/MonoBleedingEdge/lib/mono/unityjit-macos/cscompmgd.dll --allowed-assembly=/Applications/Unity/Hub/Editor/6000.7.0a5/Unity.app/Contents/Resources/Scripting/MonoBleedingEdge/lib/mono/unityjit-macos/monodoc.dll --allowed-assembly=/Applications/Unity/Hub/Editor/6000.7.0a5/Unity.app/Contents/Resources/Scripting/MonoBleedingEdge/lib/mono/unityjit-macos/mscorlib.dll --allowed-assembly=/Applications/Unity/Hub/Editor/6000.7.0a5/Unity.app/Contents/Resources/Scripting/MonoBleedingEdge/lib/mono/unityjit-macos/Facades/Microsoft.Win32.Primitives.dll --allowed-assembly=/Applications/Unity/Hub/Editor/6000.7.0a5/Unity.app/Contents/Resources/Scripting/MonoBleedingEdge/lib/mono/unityjit-macos/Facades/Microsoft.Win32.Registry.AccessControl.dll --allowed-assembly=/Applications/Unity/Hub/Editor/6000.7.0a5/Unity.app/Contents/Resources/Scripting/MonoBleedingEdge/lib/mono/unityjit-macos/Facades/Microsoft.Win32.Registry.dll --allowed-assembly=/Applications/Unity/Hub/Editor/6000.7.0a5/Unity.app/Contents/Resources/Scripting/MonoBleedingEdge/lib/mono/unityjit-macos/Facades/System.AppContext.dll --allowed-assembly=/Applications/Unity/Hub/Editor/6000.7.0a5/Unity.app/Contents/Resources/Scripting/MonoBleedingEdge/lib/mono/unityjit-macos/Facades/System.Buffers.dll --allowed-assembly=/Applications/Unity/Hub/Editor/6000.7.0a5/Unity.app/Contents/Resources/Scripting/MonoBleedingEdge/lib/mono/unityjit-macos/Facades/System.Collections.Concurrent.dll --allowed-assembly=/Applications/Unity/Hub/Editor/6000.7.0a5/Unity.app/Contents/Resources/Scripting/MonoBleedingEdge/lib/mono/unityjit-macos/Facades/System.Collections.NonGeneric.dll --allowed-assembly=/Applications/Unity/Hub/Editor/6000.7.0a5/Unity.app/Contents/Resources/Scripting/MonoBleedingEdge/lib/mono/unityjit-macos/Facades/System.Collections.Specialized.dll --allowed-assembly=/Applications/Unity/Hub/Editor/6000.7.0a5/Unity.app/Contents/Resources/Scripting/MonoBleedingEdge/lib/mono/unityjit-macos/Facades/System.Collections.dll --allowed-assembly=/Applications/Unity/Hub/Editor/6000.7.0a5/Unity.app/Contents/Resources/Scripting/MonoBleedingEdge/lib/mono/unityjit-macos/Facades/System.ComponentModel.Annotations.dll --allowed-assembly=/Applications/Unity/Hub/Editor/6000.7.0a5/Unity.app/Contents/Resources/Scripting/MonoBleedingEdge/lib/mono/unityjit-macos/Facades/System.ComponentModel.EventBasedAsync.dll --allowed-assembly=/Applications/Unity/Hub/Editor/6000.7.0a5/Unity.app/Contents/Resources/Scripting/MonoBleedingEdge/lib/mono/unityjit-macos/Facades/System.ComponentModel.Primitives.dll --allowed-assembly=/Applications/Unity/Hub/Editor/6000.7.0a5/Unity.app/Contents/Resources/Scripting/MonoBleedingEdge/lib/mono/unityjit-macos/Facades/System.ComponentModel.TypeConverter.dll --allowed-assembly=/Applications/Unity/Hub/Editor/6000.7.0a5/Unity.app/Contents/Resources/Scripting/MonoBleedingEdge/lib/mono/unityjit-macos/Facades/System.ComponentModel.dll --allowed-assembly=/Applications/Unity/Hub/Editor/6000.7.0a5/Unity.app/Contents/Resources/Scripting/MonoBleedingEdge/lib/mono/unityjit-macos/Facades/System.Console.dll --allowed-assembly=/Applications/Unity/Hub/Editor/6000.7.0a5/Unity.app/Contents/Resources/Scripting/MonoBleedingEdge/lib/mono/unityjit-macos/Facades/System.Data.Common.dll --allowed-assembly=/Applications/Unity/Hub/Editor/6000.7.0a5/Unity.app/Contents/Resources/Scripting/MonoBleedingEdge/lib/mono/unityjit-macos/Facades/System.Data.SqlClient.dll --allowed-assembly=/Applications/Unity/Hub/Editor/6000.7.0a5/Unity.app/Contents/Resources/Scripting/MonoBleedingEdge/lib/mono/unityjit-macos/Facades/System.Diagnostics.Contracts.dll --allowed-assembly=/Applications/Unity/Hub/Editor/6000.7.0a5/Unity.app/Contents/Resources/Scripting/MonoBleedingEdge/lib/mono/unityjit-macos/Facades/System.Diagnostics.Debug.dll --allowed-assembly=/Applications/Unity/Hub/Editor/6000.7.0a5/Unity.app/Contents/Resources/Scripting/MonoBleedingEdge/lib/mono/unityjit-macos/Facades/System.Diagnostics.FileVersionInfo.dll --allowed-assembly=/Applications/Unity/Hub/Editor/6000.7.0a5/Unity.app/Contents/Resources/Scripting/MonoBleedingEdge/lib/mono/unityjit-macos/Facades/System.Diagnostics.Process.dll --allowed-assembly=/Applications/Unity/Hub/Editor/6000.7.0a5/Unity.app/Contents/Resources/Scripting/MonoBleedingEdge/lib/mono/unityjit-macos/Facades/System.Diagnostics.StackTrace.dll --allowed-assembly=/Applications/Unity/Hub/Editor/6000.7.0a5/Unity.app/Contents/Resources/Scripting/MonoBleedingEdge/lib/mono/unityjit-macos/Facades/System.Diagnostics.TextWriterTraceListener.dll --allowed-assembly=/Applications/Unity/Hub/Editor/6000.7.0a5/Unity.app/Contents/Resources/Scripting/MonoBleedingEdge/lib/mono/unityjit-macos/Facades/System.Diagnostics.Tools.dll --allowed-assembly=/Applications/Unity/Hub/Editor/6000.7.0a5/Unity.app/Contents/Resources/Scripting/MonoBleedingEdge/lib/mono/unityjit-macos/Facades/System.Diagnostics.TraceEvent.dll --allowed-assembly=/Applications/Unity/Hub/Editor/6000.7.0a5/Unity.app/Contents/Resources/Scripting/MonoBleedingEdge/lib/mono/unityjit-macos/Facades/System.Diagnostics.TraceSource.dll --allowed-assembly=/Applications/Unity/Hub/Editor/6000.7.0a5/Unity.app/Contents/Resources/Scripting/MonoBleedingEdge/lib/mono/unityjit-macos/Facades/System.Diagnostics.Tracing.dll --allowed-assembly=/Applications/Unity/Hub/Editor/6000.7.0a5/Unity.app/Contents/Resources/Scripting/MonoBleedingEdge/lib/mono/unityjit-macos/Facades/System.Drawing.Primitives.dll --allowed-assembly=/Applications/Unity/Hub/Editor/6000.7.0a5/Unity.app/Contents/Resources/Scripting/MonoBleedingEdge/lib/mono/unityjit-macos/Facades/System.Dynamic.Runtime.dll --allowed-assembly=/Applications/Unity/Hub/Editor/6000.7.0a5/Unity.app/Contents/Resources/Scripting/MonoBleedingEdge/lib/mono/unityjit-macos/Facades/System.Globalization.Calendars.dll --allowed-assembly=/Applications/Unity/Hub/Editor/6000.7.0a5/Unity.app/Contents/Resources/Scripting/MonoBleedingEdge/lib/mono/unityjit-macos/Facades/System.Globalization.Extensions.dll --allowed-assembly=/Applications/Unity/Hub/Editor/6000.7.0a5/Unity.app/Contents/Resources/Scripting/MonoBleedingEdge/lib/mono/unityjit-macos/Facades/System.Globalization.dll --allowed-assembly=/Applications/Unity/Hub/Editor/6000.7.0a5/Unity.app/Contents/Resources/Scripting/MonoBleedingEdge/lib/mono/unityjit-macos/Facades/System.IO.Compression.ZipFile.dll --allowed-assembly=/Applications/Unity/Hub/Editor/6000.7.0a5/Unity.app/Contents/Resources/Scripting/MonoBleedingEdge/lib/mono/unityjit-macos/Facades/System.IO.FileSystem.AccessControl.dll --allowed-assembly=/Applications/Unity/Hub/Editor/6000.7.0a5/Unity.app/Contents/Resources/Scripting/MonoBleedingEdge/lib/mono/unityjit-macos/Facades/System.IO.FileSystem.DriveInfo.dll --allowed-assembly=/Applications/Unity/Hub/Editor/6000.7.0a5/Unity.app/Contents/Resources/Scripting/MonoBleedingEdge/lib/mono/unityjit-macos/Facades/System.IO.FileSystem.Primitives.dll --allowed-assembly=/Applications/Unity/Hub/Editor/6000.7.0a5/Unity.app/Contents/Resources/Scripting/MonoBleedingEdge/lib/mono/unityjit-macos/Facades/System.IO.FileSystem.Watcher.dll --allowed-assembly=/Applications/Unity/Hub/Editor/6000.7.0a5/Unity.app/Contents/Resources/Scripting/MonoBleedingEdge/lib/mono/unityjit-macos/Facades/System.IO.FileSystem.dll --allowed-assembly=/Applications/Unity/Hub/Editor/6000.7.0a5/Unity.app/Contents/Resources/Scripting/MonoBleedingEdge/lib/mono/unityjit-macos/Facades/System.IO.IsolatedStorage.dll --allowed-assembly=/Applications/Unity/Hub/Editor/6000.7.0a5/Unity.app/Contents/Resources/Scripting/MonoBleedingEdge/lib/mono/unityjit-macos/Facades/System.IO.MemoryMappedFiles.dll --allowed-assembly=/Applications/Unity/Hub/Editor/6000.7.0a5/Unity.app/Contents/Resources/Scripting/MonoBleedingEdge/lib/mono/unityjit-macos/Facades/System.IO.Pipes.dll --allowed-assembly=/Applications/Unity/Hub/Editor/6000.7.0a5/Unity.app/Contents/Resources/Scripting/MonoBleedingEdge/lib/mono/unityjit-macos/Facades/System.IO.UnmanagedMemoryStream.dll --allowed-assembly=/Applications/Unity/Hub/Editor/6000.7.0a5/Unity.app/Contents/Resources/Scripting/MonoBleedingEdge/lib/mono/unityjit-macos/Facades/System.IO.dll --allowed-assembly=/Applications/Unity/Hub/Editor/6000.7.0a5/Unity.app/Contents/Resources/Scripting/MonoBleedingEdge/lib/mono/unityjit-macos/Facades/System.Linq.Expressions.dll --allowed-assembly=/Applications/Unity/Hub/Editor/6000.7.0a5/Unity.app/Contents/Resources/Scripting/MonoBleedingEdge/lib/mono/unityjit-macos/Facades/System.Linq.Parallel.dll --allowed-assembly=/Applications/Unity/Hub/Editor/6000.7.0a5/Unity.app/Contents/Resources/Scripting/MonoBleedingEdge/lib/mono/unityjit-macos/Facades/System.Linq.Queryable.dll --allowed-assembly=/Applications/Unity/Hub/Editor/6000.7.0a5/Unity.app/Contents/Resources/Scripting/MonoBleedingEdge/lib/mono/unityjit-macos/Facades/System.Linq.dll --allowed-assembly=/Applications/Unity/Hub/Editor/6000.7.0a5/Unity.app/Contents/Resources/Scripting/MonoBleedingEdge/lib/mono/unityjit-macos/Facades/System.Memory.dll --allowed-assembly=/Applications/Unity/Hub/Editor/6000.7.0a5/Unity.app/Contents/Resources/Scripting/MonoBleedingEdge/lib/mono/unityjit-macos/Facades/System.Net.AuthenticationManager.dll --allowed-assembly=/Applications/Unity/Hub/Editor/6000.7.0a5/Unity.app/Contents/Resources/Scripting/MonoBleedingEdge/lib/mono/unityjit-macos/Facades/System.Net.Cache.dll --allowed-assembly=/Applications/Unity/Hub/Editor/6000.7.0a5/Unity.app/Contents/Resources/Scripting/MonoBleedingEdge/lib/mono/unityjit-macos/Facades/System.Net.Http.Rtc.dll --allowed-assembly=/Applications/Unity/Hub/Editor/6000.7.0a5/Unity.app/Contents/Resources/Scripting/MonoBleedingEdge/lib/mono/unityjit-macos/Facades/System.Net.HttpListener.dll --allowed-assembly=/Applications/Unity/Hub/Editor/6000.7.0a5/Unity.app/Contents/Resources/Scripting/MonoBleedingEdge/lib/mono/unityjit-macos/Facades/System.Net.Mail.dll --allowed-assembly=/Applications/Unity/Hub/Editor/6000.7.0a5/Unity.app/Contents/Resources/Scripting/MonoBleedingEdge/lib/mono/unityjit-macos/Facades/System.Net.NameResolution.dll --allowed-assembly=/Applications/Unity/Hub/Editor/6000.7.0a5/Unity.app/Contents/Resources/Scripting/MonoBleedingEdge/lib/mono/unityjit-macos/Facades/System.Net.NetworkInformation.dll --allowed-assembly=/Applications/Unity/Hub/Editor/6000.7.0a5/Unity.app/Contents/Resources/Scripting/MonoBleedingEdge/lib/mono/unityjit-macos/Facades/System.Net.Ping.dll --allowed-assembly=/Applications/Unity/Hub/Editor/6000.7.0a5/Unity.app/Contents/Resources/Scripting/MonoBleedingEdge/lib/mono/unityjit-macos/Facades/System.Net.Primitives.dll --allowed-assembly=/Applications/Unity/Hub/Editor/6000.7.0a5/Unity.app/Contents/Resources/Scripting/MonoBleedingEdge/lib/mono/unityjit-macos/Facades/System.Net.Requests.dll --allowed-assembly=/Applications/Unity/Hub/Editor/6000.7.0a5/Unity.app/Contents/Resources/Scripting/MonoBleedingEdge/lib/mono/unityjit-macos/Facades/System.Net.Security.dll --allowed-assembly=/Applications/Unity/Hub/Editor/6000.7.0a5/Unity.app/Contents/Resources/Scripting/MonoBleedingEdge/lib/mono/unityjit-macos/Facades/System.Net.ServicePoint.dll --allowed-assembly=/Applications/Unity/Hub/Editor/6000.7.0a5/Unity.app/Contents/Resources/Scripting/MonoBleedingEdge/lib/mono/unityjit-macos/Facades/System.Net.Sockets.dll --allowed-assembly=/Applications/Unity/Hub/Editor/6000.7.0a5/Unity.app/Contents/Resources/Scripting/MonoBleedingEdge/lib/mono/unityjit-macos/Facades/System.Net.Utilities.dll --allowed-assembly=/Applications/Unity/Hub/Editor/6000.7.0a5/Unity.app/Contents/Resources/Scripting/MonoBleedingEdge/lib/mono/unityjit-macos/Facades/System.Net.WebHeaderCollection.dll --allowed-assembly=/Applications/Unity/Hub/Editor/6000.7.0a5/Unity.app/Contents/Resources/Scripting/MonoBleedingEdge/lib/mono/unityjit-macos/Facades/System.Net.WebSockets.Client.dll --allowed-assembly=/Applications/Unity/Hub/Editor/6000.7.0a5/Unity.app/Contents/Resources/Scripting/MonoBleedingEdge/lib/mono/unityjit-macos/Facades/System.Net.WebSockets.dll --allowed-assembly=/Applications/Unity/Hub/Editor/6000.7.0a5/Unity.app/Contents/Resources/Scripting/MonoBleedingEdge/lib/mono/unityjit-macos/Facades/System.ObjectModel.dll --allowed-assembly=/Applications/Unity/Hub/Editor/6000.7.0a5/Unity.app/Contents/Resources/Scripting/MonoBleedingEdge/lib/mono/unityjit-macos/Facades/System.Reflection.DispatchProxy.dll --allowed-assembly=/Applications/Unity/Hub/Editor/6000.7.0a5/Unity.app/Contents/Resources/Scripting/MonoBleedingEdge/lib/mono/unityjit-macos/Facades/System.Reflection.Emit.ILGeneration.dll --allowed-assembly=/Applications/Unity/Hub/Editor/6000.7.0a5/Unity.app/Contents/Resources/Scripting/MonoBleedingEdge/lib/mono/unityjit-macos/Facades/System.Reflection.Emit.Lightweight.dll --allowed-assembly=/Applications/Unity/Hub/Editor/6000.7.0a5/Unity.app/Contents/Resources/Scripting/MonoBleedingEdge/lib/mono/unityjit-macos/Facades/System.Reflection.Emit.dll --allowed-assembly=/Applications/Unity/Hub/Editor/6000.7.0a5/Unity.app/Contents/Resources/Scripting/MonoBleedingEdge/lib/mono/unityjit-macos/Facades/System.Reflection.Extensions.dll --allowed-assembly=/Applications/Unity/Hub/Editor/6000.7.0a5/Unity.app/Contents/Resources/Scripting/MonoBleedingEdge/lib/mono/unityjit-macos/Facades/System.Reflection.Primitives.dll --allowed-assembly=/Applications/Unity/Hub/Editor/6000.7.0a5/Unity.app/Contents/Resources/Scripting/MonoBleedingEdge/lib/mono/unityjit-macos/Facades/System.Reflection.TypeExtensions.dll --allowed-assembly=/Applications/Unity/Hub/Editor/6000.7.0a5/Unity.app/Contents/Resources/Scripting/MonoBleedingEdge/lib/mono/unityjit-macos/Facades/System.Reflection.dll --allowed-assembly=/Applications/Unity/Hub/Editor/6000.7.0a5/Unity.app/Contents/Resources/Scripting/MonoBleedingEdge/lib/mono/unityjit-macos/Facades/System.Resources.Reader.dll --allowed-assembly=/Applications/Unity/Hub/Editor/6000.7.0a5/Unity.app/Contents/Resources/Scripting/MonoBleedingEdge/lib/mono/unityjit-macos/Facades/System.Resources.ReaderWriter.dll --allowed-assembly=/Applications/Unity/Hub/Editor/6000.7.0a5/Unity.app/Contents/Resources/Scripting/MonoBleedingEdge/lib/mono/unityjit-macos/Facades/System.Resources.ResourceManager.dll --allowed-assembly=/Applications/Unity/Hub/Editor/6000.7.0a5/Unity.app/Contents/Resources/Scripting/MonoBleedingEdge/lib/mono/unityjit-macos/Facades/System.Resources.Writer.dll --allowed-assembly=/Applications/Unity/Hub/Editor/6000.7.0a5/Unity.app/Contents/Resources/Scripting/MonoBleedingEdge/lib/mono/unityjit-macos/Facades/System.Runtime.CompilerServices.VisualC.dll --allowed-assembly=/Applications/Unity/Hub/Editor/6000.7.0a5/Unity.app/Contents/Resources/Scripting/MonoBleedingEdge/lib/mono/unityjit-macos/Facades/System.Runtime.Extensions.dll --allowed-assembly=/Applications/Unity/Hub/Editor/6000.7.0a5/Unity.app/Contents/Resources/Scripting/MonoBleedingEdge/lib/mono/unityjit-macos/Facades/System.Runtime.Handles.dll --allowed-assembly=/Applications/Unity/Hub/Editor/6000.7.0a5/Unity.app/Contents/Resources/Scripting/MonoBleedingEdge/lib/mono/unityjit-macos/Facades/System.Runtime.InteropServices.RuntimeInformation.dll --allowed-assembly=/Applications/Unity/Hub/Editor/6000.7.0a5/Unity.app/Contents/Resources/Scripting/MonoBleedingEdge/lib/mono/unityjit-macos/Facades/System.Runtime.InteropServices.WindowsRuntime.dll --allowed-assembly=/Applications/Unity/Hub/Editor/6000.7.0a5/Unity.app/Contents/Resources/Scripting/MonoBleedingEdge/lib/mono/unityjit-macos/Facades/System.Runtime.InteropServices.dll --allowed-assembly=/Applications/Unity/Hub/Editor/6000.7.0a5/Unity.app/Contents/Resources/Scripting/MonoBleedingEdge/lib/mono/unityjit-macos/Facades/System.Runtime.Loader.dll --allowed-assembly=/Applications/Unity/Hub/Editor/6000.7.0a5/Unity.app/Contents/Resources/Scripting/MonoBleedingEdge/lib/mono/unityjit-macos/Facades/System.Runtime.Numerics.dll --allowed-assembly=/Applications/Unity/Hub/Editor/6000.7.0a5/Unity.app/Contents/Resources/Scripting/MonoBleedingEdge/lib/mono/unityjit-macos/Facades/System.Runtime.Serialization.Formatters.dll --allowed-assembly=/Applications/Unity/Hub/Editor/6000.7.0a5/Unity.app/Contents/Resources/Scripting/MonoBleedingEdge/lib/mono/unityjit-macos/Facades/System.Runtime.Serialization.Json.dll --allowed-assembly=/Applications/Unity/Hub/Editor/6000.7.0a5/Unity.app/Contents/Resources/Scripting/MonoBleedingEdge/lib/mono/unityjit-macos/Facades/System.Runtime.Serialization.Primitives.dll --allowed-assembly=/Applications/Unity/Hub/Editor/6000.7.0a5/Unity.app/Contents/Resources/Scripting/MonoBleedingEdge/lib/mono/unityjit-macos/Facades/System.Runtime.Serialization.Xml.dll --allowed-assembly=/Applications/Unity/Hub/Editor/6000.7.0a5/Unity.app/Contents/Resources/Scripting/MonoBleedingEdge/lib/mono/unityjit-macos/Facades/System.Runtime.dll --allowed-assembly=/Applications/Unity/Hub/Editor/6000.7.0a5/Unity.app/Contents/Resources/Scripting/MonoBleedingEdge/lib/mono/unityjit-macos/Facades/System.Security.AccessControl.dll --allowed-assembly=/Applications/Unity/Hub/Editor/6000.7.0a5/Unity.app/Contents/Resources/Scripting/MonoBleedingEdge/lib/mono/unityjit-macos/Facades/System.Security.Claims.dll --allowed-assembly=/Applications/Unity/Hub/Editor/6000.7.0a5/Unity.app/Contents/Resources/Scripting/MonoBleedingEdge/lib/mono/unityjit-macos/Facades/System.Security.Cryptography.Algorithms.dll --allowed-assembly=/Applications/Unity/Hub/Editor/6000.7.0a5/Unity.app/Contents/Resources/Scripting/MonoBleedingEdge/lib/mono/unityjit-macos/Facades/System.Security.Cryptography.Cng.dll --allowed-assembly=/Applications/Unity/Hub/Editor/6000.7.0a5/Unity.app/Contents/Resources/Scripting/MonoBleedingEdge/lib/mono/unityjit-macos/Facades/System.Security.Cryptography.Csp.dll --allowed-assembly=/Applications/Unity/Hub/Editor/6000.7.0a5/Unity.app/Contents/Resources/Scripting/MonoBleedingEdge/lib/mono/unityjit-macos/Facades/System.Security.Cryptography.DeriveBytes.dll --allowed-assembly=/Applications/Unity/Hub/Editor/6000.7.0a5/Unity.app/Contents/Resources/Scripting/MonoBleedingEdge/lib/mono/unityjit-macos/Facades/System.Security.Cryptography.Encoding.dll --allowed-assembly=/Applications/Unity/Hub/Editor/6000.7.0a5/Unity.app/Contents/Resources/Scripting/MonoBleedingEdge/lib/mono/unityjit-macos/Facades/System.Security.Cryptography.Encryption.Aes.dll --allowed-assembly=/Applications/Unity/Hub/Editor/6000.7.0a5/Unity.app/Contents/Resources/Scripting/MonoBleedingEdge/lib/mono/unityjit-macos/Facades/System.Security.Cryptography.Encryption.ECDiffieHellman.dll --allowed-assembly=/Applications/Unity/Hub/Editor/6000.7.0a5/Unity.app/Contents/Resources/Scripting/MonoBleedingEdge/lib/mono/unityjit-macos/Facades/System.Security.Cryptography.Encryption.ECDsa.dll --allowed-assembly=/Applications/Unity/Hub/Editor/6000.7.0a5/Unity.app/Contents/Resources/Scripting/MonoBleedingEdge/lib/mono/unityjit-macos/Facades/System.Security.Cryptography.Encryption.dll --allowed-assembly=/Applications/Unity/Hub/Editor/6000.7.0a5/Unity.app/Contents/Resources/Scripting/MonoBleedingEdge/lib/mono/unityjit-macos/Facades/System.Security.Cryptography.Hashing.Algorithms.dll --allowed-assembly=/Applications/Unity/Hub/Editor/6000.7.0a5/Unity.app/Contents/Resources/Scripting/MonoBleedingEdge/lib/mono/unityjit-macos/Facades/System.Security.Cryptography.Hashing.dll --allowed-assembly=/Applications/Unity/Hub/Editor/6000.7.0a5/Unity.app/Contents/Resources/Scripting/MonoBleedingEdge/lib/mono/unityjit-macos/Facades/System.Security.Cryptography.OpenSsl.dll --allowed-assembly=/Applications/Unity/Hub/Editor/6000.7.0a5/Unity.app/Contents/Resources/Scripting/MonoBleedingEdge/lib/mono/unityjit-macos/Facades/System.Security.Cryptography.Pkcs.dll --allowed-assembly=/Applications/Unity/Hub/Editor/6000.7.0a5/Unity.app/Contents/Resources/Scripting/MonoBleedingEdge/lib/mono/unityjit-macos/Facades/System.Security.Cryptography.Primitives.dll --allowed-assembly=/Applications/Unity/Hub/Editor/6000.7.0a5/Unity.app/Contents/Resources/Scripting/MonoBleedingEdge/lib/mono/unityjit-macos/Facades/System.Security.Cryptography.ProtectedData.dll --allowed-assembly=/Applications/Unity/Hub/Editor/6000.7.0a5/Unity.app/Contents/Resources/Scripting/MonoBleedingEdge/lib/mono/unityjit-macos/Facades/System.Security.Cryptography.RSA.dll --allowed-assembly=/Applications/Unity/Hub/Editor/6000.7.0a5/Unity.app/Contents/Resources/Scripting/MonoBleedingEdge/lib/mono/unityjit-macos/Facades/System.Security.Cryptography.RandomNumberGenerator.dll --allowed-assembly=/Applications/Unity/Hub/Editor/6000.7.0a5/Unity.app/Contents/Resources/Scripting/MonoBleedingEdge/lib/mono/unityjit-macos/Facades/System.Security.Cryptography.X509Certificates.dll --allowed-assembly=/Applications/Unity/Hub/Editor/6000.7.0a5/Unity.app/Contents/Resources/Scripting/MonoBleedingEdge/lib/mono/unityjit-macos/Facades/System.Security.Principal.Windows.dll --allowed-assembly=/Applications/Unity/Hub/Editor/6000.7.0a5/Unity.app/Contents/Resources/Scripting/MonoBleedingEdge/lib/mono/unityjit-macos/Facades/System.Security.Principal.dll --allowed-assembly=/Applications/Unity/Hub/Editor/6000.7.0a5/Unity.app/Contents/Resources/Scripting/MonoBleedingEdge/lib/mono/unityjit-macos/Facades/System.Security.SecureString.dll --allowed-assembly=/Applications/Unity/Hub/Editor/6000.7.0a5/Unity.app/Contents/Resources/Scripting/MonoBleedingEdge/lib/mono/unityjit-macos/Facades/System.ServiceModel.Duplex.dll --allowed-assembly=/Applications/Unity/Hub/Editor/6000.7.0a5/Unity.app/Contents/Resources/Scripting/MonoBleedingEdge/lib/mono/unityjit-macos/Facades/System.ServiceModel.Http.dll --allowed-assembly=/Applications/Unity/Hub/Editor/6000.7.0a5/Unity.app/Contents/Resources/Scripting/MonoBleedingEdge/lib/mono/unityjit-macos/Facades/System.ServiceModel.NetTcp.dll --allowed-assembly=/Applications/Unity/Hub/Editor/6000.7.0a5/Unity.app/Contents/Resources/Scripting/MonoBleedingEdge/lib/mono/unityjit-macos/Facades/System.ServiceModel.Primitives.dll --allowed-assembly=/Applications/Unity/Hub/Editor/6000.7.0a5/Unity.app/Contents/Resources/Scripting/MonoBleedingEdge/lib/mono/unityjit-macos/Facades/System.ServiceModel.Security.dll --allowed-assembly=/Applications/Unity/Hub/Editor/6000.7.0a5/Unity.app/Contents/Resources/Scripting/MonoBleedingEdge/lib/mono/unityjit-macos/Facades/System.ServiceProcess.ServiceController.dll --allowed-assembly=/Applications/Unity/Hub/Editor/6000.7.0a5/Unity.app/Contents/Resources/Scripting/MonoBleedingEdge/lib/mono/unityjit-macos/Facades/System.Text.Encoding.CodePages.dll --allowed-assembly=/Applications/Unity/Hub/Editor/6000.7.0a5/Unity.app/Contents/Resources/Scripting/MonoBleedingEdge/lib/mono/unityjit-macos/Facades/System.Text.Encoding.Extensions.dll --allowed-assembly=/Applications/Unity/Hub/Editor/6000.7.0a5/Unity.app/Contents/Resources/Scripting/MonoBleedingEdge/lib/mono/unityjit-macos/Facades/System.Text.Encoding.dll --allowed-assembly=/Applications/Unity/Hub/Editor/6000.7.0a5/Unity.app/Contents/Resources/Scripting/MonoBleedingEdge/lib/mono/unityjit-macos/Facades/System.Text.RegularExpressions.dll --allowed-assembly=/Applications/Unity/Hub/Editor/6000.7.0a5/Unity.app/Contents/Resources/Scripting/MonoBleedingEdge/lib/mono/unityjit-macos/Facades/System.Threading.AccessControl.dll --allowed-assembly=/Applications/Unity/Hub/Editor/6000.7.0a5/Unity.app/Contents/Resources/Scripting/MonoBleedingEdge/lib/mono/unityjit-macos/Facades/System.Threading.Overlapped.dll --allowed-assembly=/Applications/Unity/Hub/Editor/6000.7.0a5/Unity.app/Contents/Resources/Scripting/MonoBleedingEdge/lib/mono/unityjit-macos/Facades/System.Threading.Tasks.Extensions.dll --allowed-assembly=/Applications/Unity/Hub/Editor/6000.7.0a5/Unity.app/Contents/Resources/Scripting/MonoBleedingEdge/lib/mono/unityjit-macos/Facades/System.Threading.Tasks.Parallel.dll --allowed-assembly=/Applications/Unity/Hub/Editor/6000.7.0a5/Unity.app/Contents/Resources/Scripting/MonoBleedingEdge/lib/mono/unityjit-macos/Facades/System.Threading.Tasks.dll --allowed-assembly=/Applications/Unity/Hub/Editor/6000.7.0a5/Unity.app/Contents/Resources/Scripting/MonoBleedingEdge/lib/mono/unityjit-macos/Facades/System.Threading.Thread.dll --allowed-assembly=/Applications/Unity/Hub/Editor/6000.7.0a5/Unity.app/Contents/Resources/Scripting/MonoBleedingEdge/lib/mono/unityjit-macos/Facades/System.Threading.ThreadPool.dll --allowed-assembly=/Applications/Unity/Hub/Editor/6000.7.0a5/Unity.app/Contents/Resources/Scripting/MonoBleedingEdge/lib/mono/unityjit-macos/Facades/System.Threading.Timer.dll --allowed-assembly=/Applications/Unity/Hub/Editor/6000.7.0a5/Unity.app/Contents/Resources/Scripting/MonoBleedingEdge/lib/mono/unityjit-macos/Facades/System.Threading.dll --allowed-assembly=/Applications/Unity/Hub/Editor/6000.7.0a5/Unity.app/Contents/Resources/Scripting/MonoBleedingEdge/lib/mono/unityjit-macos/Facades/System.ValueTuple.dll --allowed-assembly=/Applications/Unity/Hub/Editor/6000.7.0a5/Unity.app/Contents/Resources/Scripting/MonoBleedingEdge/lib/mono/unityjit-macos/Facades/System.Xml.ReaderWriter.dll --allowed-assembly=/Applications/Unity/Hub/Editor/6000.7.0a5/Unity.app/Contents/Resources/Scripting/MonoBleedingEdge/lib/mono/unityjit-macos/Facades/System.Xml.XDocument.dll --allowed-assembly=/Applications/Unity/Hub/Editor/6000.7.0a5/Unity.app/Contents/Resources/Scripting/MonoBleedingEdge/lib/mono/unityjit-macos/Facades/System.Xml.XPath.XDocument.dll --allowed-assembly=/Applications/Unity/Hub/Editor/6000.7.0a5/Unity.app/Contents/Resources/Scripting/MonoBleedingEdge/lib/mono/unityjit-macos/Facades/System.Xml.XPath.XmlDocument.dll --allowed-assembly=/Applications/Unity/Hub/Editor/6000.7.0a5/Unity.app/Contents/Resources/Scripting/MonoBleedingEdge/lib/mono/unityjit-macos/Facades/System.Xml.XPath.dll --allowed-assembly=/Applications/Unity/Hub/Editor/6000.7.0a5/Unity.app/Contents/Resources/Scripting/MonoBleedingEdge/lib/mono/unityjit-macos/Facades/System.Xml.XmlDocument.dll --allowed-assembly=/Applications/Unity/Hub/Editor/6000.7.0a5/Unity.app/Contents/Resources/Scripting/MonoBleedingEdge/lib/mono/unityjit-macos/Facades/System.Xml.XmlSerializer.dll --allowed-assembly=/Applications/Unity/Hub/Editor/6000.7.0a5/Unity.app/Contents/Resources/Scripting/MonoBleedingEdge/lib/mono/unityjit-macos/Facades/System.Xml.Xsl.Primitives.dll --allowed-assembly=/Applications/Unity/Hub/Editor/6000.7.0a5/Unity.app/Contents/Resources/Scripting/MonoBleedingEdge/lib/mono/unityjit-macos/Facades/netstandard.dll --allowed-assembly=/Applications/Unity/Hub/Editor/6000.7.0a5/PlaybackEngines/MacStandaloneSupport/Variations/mono/Managed/Unity.Scripting.dll --allowed-assembly=/Applications/Unity/Hub/Editor/6000.7.0a5/PlaybackEngines/MacStandaloneSupport/Variations/mono/Managed/UnityEngine.AIModule.dll --allowed-assembly=/Applications/Unity/Hub/Editor/6000.7.0a5/PlaybackEngines/MacStandaloneSupport/Variations/mono/Managed/UnityEngine.ARModule.dll --allowed-assembly=/Applications/Unity/Hub/Editor/6000.7.0a5/PlaybackEngines/MacStandaloneSupport/Variations/mono/Managed/UnityEngine.AccessibilityModule.dll --allowed-assembly=/Applications/Unity/Hub/Editor/6000.7.0a5/PlaybackEngines/MacStandaloneSupport/Variations/mono/Managed/UnityEngine.AdaptivePerformanceModule.dll --allowed-assembly=/Applications/Unity/Hub/Editor/6000.7.0a5/PlaybackEngines/MacStandaloneSupport/Variations/mono/Managed/UnityEngine.AndroidJNIModule.dll --allowed-assembly=/Applications/Unity/Hub/Editor/6000.7.0a5/PlaybackEngines/MacStandaloneSupport/Variations/mono/Managed/UnityEngine.AnimationModule.dll --allowed-assembly=/Applications/Unity/Hub/Editor/6000.7.0a5/PlaybackEngines/MacStandaloneSupport/Variations/mono/Managed/UnityEngine.AssetBundleModule.dll --allowed-assembly=/Applications/Unity/Hub/Editor/6000.7.0a5/PlaybackEngines/MacStandaloneSupport/Variations/mono/Managed/UnityEngine.AudioModule.dll --allowed-assembly=/Applications/Unity/Hub/Editor/6000.7.0a5/PlaybackEngines/MacStandaloneSupport/Variations/mono/Managed/UnityEngine.BurstModule.dll --allowed-assembly=/Applications/Unity/Hub/Editor/6000.7.0a5/PlaybackEngines/MacStandaloneSupport/Variations/mono/Managed/UnityEngine.ClothModule.dll --allowed-assembly=/Applications/Unity/Hub/Editor/6000.7.0a5/PlaybackEngines/MacStandaloneSupport/Variations/mono/Managed/UnityEngine.ClusterInputModule.dll --allowed-assembly=/Applications/Unity/Hub/Editor/6000.7.0a5/PlaybackEngines/MacStandaloneSupport/Variations/mono/Managed/UnityEngine.ClusterRendererModule.dll --allowed-assembly=/Applications/Unity/Hub/Editor/6000.7.0a5/PlaybackEngines/MacStandaloneSupport/Variations/mono/Managed/UnityEngine.ContentLoadModule.dll --allowed-assembly=/Applications/Unity/Hub/Editor/6000.7.0a5/PlaybackEngines/MacStandaloneSupport/Variations/mono/Managed/UnityEngine.CoreModule.dll --allowed-assembly=/Applications/Unity/Hub/Editor/6000.7.0a5/PlaybackEngines/MacStandaloneSupport/Variations/mono/Managed/UnityEngine.CrashReportingModule.dll --allowed-assembly=/Applications/Unity/Hub/Editor/6000.7.0a5/PlaybackEngines/MacStandaloneSupport/Variations/mono/Managed/UnityEngine.DSPGraphModule.dll --allowed-assembly=/Applications/Unity/Hub/Editor/6000.7.0a5/PlaybackEngines/MacStandaloneSupport/Variations/mono/Managed/UnityEngine.DirectorModule.dll --allowed-assembly=/Applications/Unity/Hub/Editor/6000.7.0a5/PlaybackEngines/MacStandaloneSupport/Variations/mono/Managed/UnityEngine.GIModule.dll --allowed-assembly=/Applications/Unity/Hub/Editor/6000.7.0a5/PlaybackEngines/MacStandaloneSupport/Variations/mono/Managed/UnityEngine.GameCenterModule.dll --allowed-assembly=/Applications/Unity/Hub/Editor/6000.7.0a5/PlaybackEngines/MacStandaloneSupport/Variations/mono/Managed/UnityEngine.GraphicsStateCollectionSerializerModule.dll --allowed-assembly=/Applications/Unity/Hub/Editor/6000.7.0a5/PlaybackEngines/MacStandaloneSupport/Variations/mono/Managed/UnityEngine.GridModule.dll --allowed-assembly=/Applications/Unity/Hub/Editor/6000.7.0a5/PlaybackEngines/MacStandaloneSupport/Variations/mono/Managed/UnityEngine.HierarchyCoreModule.dll --allowed-assembly=/Applications/Unity/Hub/Editor/6000.7.0a5/PlaybackEngines/MacStandaloneSupport/Variations/mono/Managed/UnityEngine.HierarchyModule.dll --allowed-assembly=/Applications/Unity/Hub/Editor/6000.7.0a5/PlaybackEngines/MacStandaloneSupport/Variations/mono/Managed/UnityEngine.HotReloadModule.dll --allowed-assembly=/Applications/Unity/Hub/Editor/6000.7.0a5/PlaybackEngines/MacStandaloneSupport/Variations/mono/Managed/UnityEngine.IMGUIModule.dll --allowed-assembly=/Applications/Unity/Hub/Editor/6000.7.0a5/PlaybackEngines/MacStandaloneSupport/Variations/mono/Managed/UnityEngine.IdentifiersModule.dll --allowed-assembly=/Applications/Unity/Hub/Editor/6000.7.0a5/PlaybackEngines/MacStandaloneSupport/Variations/mono/Managed/UnityEngine.ImageConversionModule.dll --allowed-assembly=/Applications/Unity/Hub/Editor/6000.7.0a5/PlaybackEngines/MacStandaloneSupport/Variations/mono/Managed/UnityEngine.InputForUIModule.dll --allowed-assembly=/Applications/Unity/Hub/Editor/6000.7.0a5/PlaybackEngines/MacStandaloneSupport/Variations/mono/Managed/UnityEngine.InputLegacyModule.dll --allowed-assembly=/Applications/Unity/Hub/Editor/6000.7.0a5/PlaybackEngines/MacStandaloneSupport/Variations/mono/Managed/UnityEngine.InputModule.dll --allowed-assembly=/Applications/Unity/Hub/Editor/6000.7.0a5/PlaybackEngines/MacStandaloneSupport/Variations/mono/Managed/UnityEngine.InsightsModule.dll --allowed-assembly=/Applications/Unity/Hub/Editor/6000.7.0a5/PlaybackEngines/MacStandaloneSupport/Variations/mono/Managed/UnityEngine.JSONSerializeModule.dll --allowed-assembly=/Applications/Unity/Hub/Editor/6000.7.0a5/PlaybackEngines/MacStandaloneSupport/Variations/mono/Managed/UnityEngine.LocalizationModule.dll --allowed-assembly=/Applications/Unity/Hub/Editor/6000.7.0a5/PlaybackEngines/MacStandaloneSupport/Variations/mono/Managed/UnityEngine.ManagedKernelModule.dll --allowed-assembly=/Applications/Unity/Hub/Editor/6000.7.0a5/PlaybackEngines/MacStandaloneSupport/Variations/mono/Managed/UnityEngine.MarshallingModule.dll --allowed-assembly=/Applications/Unity/Hub/Editor/6000.7.0a5/PlaybackEngines/MacStandaloneSupport/Variations/mono/Managed/UnityEngine.MathematicsModule.dll --allowed-assembly=/Applications/Unity/Hub/Editor/6000.7.0a5/PlaybackEngines/MacStandaloneSupport/Variations/mono/Managed/UnityEngine.MultiplayerModule.dll --allowed-assembly=/Applications/Unity/Hub/Editor/6000.7.0a5/PlaybackEngines/MacStandaloneSupport/Variations/mono/Managed/UnityEngine.ParticleSystemModule.dll --allowed-assembly=/Applications/Unity/Hub/Editor/6000.7.0a5/PlaybackEngines/MacStandaloneSupport/Variations/mono/Managed/UnityEngine.PerformanceReportingModule.dll --allowed-assembly=/Applications/Unity/Hub/Editor/6000.7.0a5/PlaybackEngines/MacStandaloneSupport/Variations/mono/Managed/UnityEngine.Physics2DModule.dll --allowed-assembly=/Applications/Unity/Hub/Editor/6000.7.0a5/PlaybackEngines/MacStandaloneSupport/Variations/mono/Managed/UnityEngine.PhysicsBackendPhysXModule.dll --allowed-assembly=/Applications/Unity/Hub/Editor/6000.7.0a5/PlaybackEngines/MacStandaloneSupport/Variations/mono/Managed/UnityEngine.PhysicsCore2DModule.dll --allowed-assembly=/Applications/Unity/Hub/Editor/6000.7.0a5/PlaybackEngines/MacStandaloneSupport/Variations/mono/Managed/UnityEngine.PhysicsModule.dll --allowed-assembly=/Applications/Unity/Hub/Editor/6000.7.0a5/PlaybackEngines/MacStandaloneSupport/Variations/mono/Managed/UnityEngine.PropertiesModule.dll --allowed-assembly=/Applications/Unity/Hub/Editor/6000.7.0a5/PlaybackEngines/MacStandaloneSupport/Variations/mono/Managed/UnityEngine.RenderAs2DModule.dll --allowed-assembly=/Applications/Unity/Hub/Editor/6000.7.0a5/PlaybackEngines/MacStandaloneSupport/Variations/mono/Managed/UnityEngine.RuntimeInitializeOnLoadManagerInitializerModule.dll --allowed-assembly=/Applications/Unity/Hub/Editor/6000.7.0a5/PlaybackEngines/MacStandaloneSupport/Variations/mono/Managed/UnityEngine.ScreenCaptureModule.dll --allowed-assembly=/Applications/Unity/Hub/Editor/6000.7.0a5/PlaybackEngines/MacStandaloneSupport/Variations/mono/Managed/UnityEngine.ScriptingModule.dll --allowed-assembly=/Applications/Unity/Hub/Editor/6000.7.0a5/PlaybackEngines/MacStandaloneSupport/Variations/mono/Managed/UnityEngine.ShaderVariantAnalyticsModule.dll --allowed-assembly=/Applications/Unity/Hub/Editor/6000.7.0a5/PlaybackEngines/MacStandaloneSupport/Variations/mono/Managed/UnityEngine.SmartStringsModule.dll --allowed-assembly=/Applications/Unity/Hub/Editor/6000.7.0a5/PlaybackEngines/MacStandaloneSupport/Variations/mono/Managed/UnityEngine.SpriteMaskModule.dll --allowed-assembly=/Applications/Unity/Hub/Editor/6000.7.0a5/PlaybackEngines/MacStandaloneSupport/Variations/mono/Managed/UnityEngine.SpriteShapeModule.dll --allowed-assembly=/Applications/Unity/Hub/Editor/6000.7.0a5/PlaybackEngines/MacStandaloneSupport/Variations/mono/Managed/UnityEngine.StreamingModule.dll --allowed-assembly=/Applications/Unity/Hub/Editor/6000.7.0a5/PlaybackEngines/MacStandaloneSupport/Variations/mono/Managed/UnityEngine.SubsystemsModule.dll --allowed-assembly=/Applications/Unity/Hub/Editor/6000.7.0a5/PlaybackEngines/MacStandaloneSupport/Variations/mono/Managed/UnityEngine.TLSModule.dll --allowed-assembly=/Applications/Unity/Hub/Editor/6000.7.0a5/PlaybackEngines/MacStandaloneSupport/Variations/mono/Managed/UnityEngine.TerrainModule.dll --allowed-assembly=/Applications/Unity/Hub/Editor/6000.7.0a5/PlaybackEngines/MacStandaloneSupport/Variations/mono/Managed/UnityEngine.TerrainPhysicsModule.dll --allowed-assembly=/Applications/Unity/Hub/Editor/6000.7.0a5/PlaybackEngines/MacStandaloneSupport/Variations/mono/Managed/UnityEngine.TetgenModule.dll --allowed-assembly=/Applications/Unity/Hub/Editor/6000.7.0a5/PlaybackEngines/MacStandaloneSupport/Variations/mono/Managed/UnityEngine.TextCoreFontEngineModule.dll --allowed-assembly=/Applications/Unity/Hub/Editor/6000.7.0a5/PlaybackEngines/MacStandaloneSupport/Variations/mono/Managed/UnityEngine.TextCoreTextEngineModule.dll --allowed-assembly=/Applications/Unity/Hub/Editor/6000.7.0a5/PlaybackEngines/MacStandaloneSupport/Variations/mono/Managed/UnityEngine.TextRenderingModule.dll --allowed-assembly=/Applications/Unity/Hub/Editor/6000.7.0a5/PlaybackEngines/MacStandaloneSupport/Variations/mono/Managed/UnityEngine.TilemapModule.dll --allowed-assembly=/Applications/Unity/Hub/Editor/6000.7.0a5/PlaybackEngines/MacStandaloneSupport/Variations/mono/Managed/UnityEngine.TimelineFoundationModule.dll --allowed-assembly=/Applications/Unity/Hub/Editor/6000.7.0a5/PlaybackEngines/MacStandaloneSupport/Variations/mono/Managed/UnityEngine.U2DRuntimeModule.dll --allowed-assembly=/Applications/Unity/Hub/Editor/6000.7.0a5/PlaybackEngines/MacStandaloneSupport/Variations/mono/Managed/UnityEngine.UIElementsModule.dll --allowed-assembly=/Applications/Unity/Hub/Editor/6000.7.0a5/PlaybackEngines/MacStandaloneSupport/Variations/mono/Managed/UnityEngine.UIModule.dll --allowed-assembly=/Applications/Unity/Hub/Editor/6000.7.0a5/PlaybackEngines/MacStandaloneSupport/Variations/mono/Managed/UnityEngine.UmbraModule.dll --allowed-assembly=/Applications/Unity/Hub/Editor/6000.7.0a5/PlaybackEngines/MacStandaloneSupport/Variations/mono/Managed/UnityEngine.UnityAnalyticsCommonModule.dll --allowed-assembly=/Applications/Unity/Hub/Editor/6000.7.0a5/PlaybackEngines/MacStandaloneSupport/Variations/mono/Managed/UnityEngine.UnityAnalyticsModule.dll --allowed-assembly=/Applications/Unity/Hub/Editor/6000.7.0a5/PlaybackEngines/MacStandaloneSupport/Variations/mono/Managed/UnityEngine.UnityConnectModule.dll --allowed-assembly=/Applications/Unity/Hub/Editor/6000.7.0a5/PlaybackEngines/MacStandaloneSupport/Variations/mono/Managed/UnityEngine.UnityConsentModule.dll --allowed-assembly=/Applications/Unity/Hub/Editor/6000.7.0a5/PlaybackEngines/MacStandaloneSupport/Variations/mono/Managed/UnityEngine.UnityCurlModule.dll --allowed-assembly=/Applications/Unity/Hub/Editor/6000.7.0a5/PlaybackEngines/MacStandaloneSupport/Variations/mono/Managed/UnityEngine.UnityWebRequestAssetBundleModule.dll --allowed-assembly=/Applications/Unity/Hub/Editor/6000.7.0a5/PlaybackEngines/MacStandaloneSupport/Variations/mono/Managed/UnityEngine.UnityWebRequestAudioModule.dll --allowed-assembly=/Applications/Unity/Hub/Editor/6000.7.0a5/PlaybackEngines/MacStandaloneSupport/Variations/mono/Managed/UnityEngine.UnityWebRequestModule.dll --allowed-assembly=/Applications/Unity/Hub/Editor/6000.7.0a5/PlaybackEngines/MacStandaloneSupport/Variations/mono/Managed/UnityEngine.UnityWebRequestTextureModule.dll --allowed-assembly=/Applications/Unity/Hub/Editor/6000.7.0a5/PlaybackEngines/MacStandaloneSupport/Variations/mono/Managed/UnityEngine.UnityWebRequestWWWModule.dll --allowed-assembly=/Applications/Unity/Hub/Editor/6000.7.0a5/PlaybackEngines/MacStandaloneSupport/Variations/mono/Managed/UnityEngine.VFXModule.dll --allowed-assembly=/Applications/Unity/Hub/Editor/6000.7.0a5/PlaybackEngines/MacStandaloneSupport/Variations/mono/Managed/UnityEngine.VectorGraphicsModule.dll --allowed-assembly=/Applications/Unity/Hub/Editor/6000.7.0a5/PlaybackEngines/MacStandaloneSupport/Variations/mono/Managed/UnityEngine.VehiclesModule.dll --allowed-assembly=/Applications/Unity/Hub/Editor/6000.7.0a5/PlaybackEngines/MacStandaloneSupport/Variations/mono/Managed/UnityEngine.VideoModule.dll --allowed-assembly=/Applications/Unity/Hub/Editor/6000.7.0a5/PlaybackEngines/MacStandaloneSupport/Variations/mono/Managed/UnityEngine.VirtualTexturingModule.dll --allowed-assembly=/Applications/Unity/Hub/Editor/6000.7.0a5/PlaybackEngines/MacStandaloneSupport/Variations/mono/Managed/UnityEngine.WindModule.dll --allowed-assembly=/Applications/Unity/Hub/Editor/6000.7.0a5/PlaybackEngines/MacStandaloneSupport/Variations/mono/Managed/UnityEngine.XRModule.dll --allowed-assembly=/Applications/Unity/Hub/Editor/6000.7.0a5/PlaybackEngines/MacStandaloneSupport/Variations/mono/Managed/UnityEngine.dll --allowed-assembly=/Users/ilseoblee/workspace/seoul-kenshi-wt/unity-poc-mac/Game/Library/Bee/PlayerScriptAssemblies/Janseon.Art.dll --allowed-assembly=/Users/ilseoblee/workspace/seoul-kenshi-wt/unity-poc-mac/Game/Library/Bee/PlayerScriptAssemblies/Janseon.Core.dll --allowed-assembly=/Users/ilseoblee/workspace/seoul-kenshi-wt/unity-poc-mac/Game/Library/Bee/PlayerScriptAssemblies/Janseon.Data.dll --allowed-assembly=/Users/ilseoblee/workspace/seoul-kenshi-wt/unity-poc-mac/Game/Library/Bee/PlayerScriptAssemblies/Janseon.Foundation.dll --allowed-assembly=/Users/ilseoblee/workspace/seoul-kenshi-wt/unity-poc-mac/Game/Library/Bee/PlayerScriptAssemblies/Unity.Burst.dll --allowed-assembly=/Users/ilseoblee/workspace/seoul-kenshi-wt/unity-poc-mac/Game/Library/Bee/PlayerScriptAssemblies/Unity.Collections.dll --allowed-assembly=/Users/ilseoblee/workspace/seoul-kenshi-wt/unity-poc-mac/Game/Library/Bee/PlayerScriptAssemblies/Unity.InputSystem.dll --allowed-assembly=/Users/ilseoblee/workspace/seoul-kenshi-wt/unity-poc-mac/Game/Library/Bee/PlayerScriptAssemblies/Unity.InputSystem.ForUI.dll --allowed-assembly=/Users/ilseoblee/workspace/seoul-kenshi-wt/unity-poc-mac/Game/Library/Bee/PlayerScriptAssemblies/Unity.InternalAPIEngineBridge.004.dll --allowed-assembly=/Users/ilseoblee/workspace/seoul-kenshi-wt/unity-poc-mac/Game/Library/Bee/PlayerScriptAssemblies/Unity.InternalAPIEngineBridge.ObjectDispatcher.Runtime.dll --allowed-assembly=/Users/ilseoblee/workspace/seoul-kenshi-wt/unity-poc-mac/Game/Library/Bee/PlayerScriptAssemblies/Unity.InternalAPIEngineBridge.RenderPipelines.Core.Runtime.Shared.dll --allowed-assembly=/Users/ilseoblee/workspace/seoul-kenshi-wt/unity-poc-mac/Game/Library/Bee/PlayerScriptAssemblies/Unity.PathTracing.Runtime.dll --allowed-assembly=/Users/ilseoblee/workspace/seoul-kenshi-wt/unity-poc-mac/Game/Library/Bee/PlayerScriptAssemblies/Unity.Profiling.Core.dll --allowed-assembly=/Users/ilseoblee/workspace/seoul-kenshi-wt/unity-poc-mac/Game/Library/Bee/PlayerScriptAssemblies/Unity.RenderPipeline.Universal.ShaderLibrary.dll --allowed-assembly=/Users/ilseoblee/workspace/seoul-kenshi-wt/unity-poc-mac/Game/Library/Bee/PlayerScriptAssemblies/Unity.RenderPipelines.Core.Runtime.dll --allowed-assembly=/Users/ilseoblee/workspace/seoul-kenshi-wt/unity-poc-mac/Game/Library/Bee/PlayerScriptAssemblies/Unity.RenderPipelines.Core.Runtime.Shared.dll --allowed-assembly=/Users/ilseoblee/workspace/seoul-kenshi-wt/unity-poc-mac/Game/Library/Bee/PlayerScriptAssemblies/Unity.RenderPipelines.Core.ShaderLibrary.dll --allowed-assembly=/Users/ilseoblee/workspace/seoul-kenshi-wt/unity-poc-mac/Game/Library/Bee/PlayerScriptAssemblies/Unity.RenderPipelines.GPUDriven.Runtime.dll --allowed-assembly=/Users/ilseoblee/workspace/seoul-kenshi-wt/unity-poc-mac/Game/Library/Bee/PlayerScriptAssemblies/Unity.RenderPipelines.ShaderGraph.ShaderGraphLibrary.dll --allowed-assembly=/Users/ilseoblee/workspace/seoul-kenshi-wt/unity-poc-mac/Game/Library/Bee/PlayerScriptAssemblies/Unity.RenderPipelines.Universal.2D.Runtime.dll --allowed-assembly=/Users/ilseoblee/workspace/seoul-kenshi-wt/unity-poc-mac/Game/Library/Bee/PlayerScriptAssemblies/Unity.RenderPipelines.Universal.Config.Runtime.dll --allowed-assembly=/Users/ilseoblee/workspace/seoul-kenshi-wt/unity-poc-mac/Game/Library/Bee/PlayerScriptAssemblies/Unity.RenderPipelines.Universal.Runtime.dll --allowed-assembly=/Users/ilseoblee/workspace/seoul-kenshi-wt/unity-poc-mac/Game/Library/Bee/PlayerScriptAssemblies/Unity.RenderPipelines.Universal.Shaders.dll --allowed-assembly=/Users/ilseoblee/workspace/seoul-kenshi-wt/unity-poc-mac/Game/Library/Bee/PlayerScriptAssemblies/Unity.SurfaceCache.Runtime.dll --allowed-assembly=/Users/ilseoblee/workspace/seoul-kenshi-wt/unity-poc-mac/Game/Library/Bee/PlayerScriptAssemblies/Unity.TextMeshPro.dll --allowed-assembly=/Users/ilseoblee/workspace/seoul-kenshi-wt/unity-poc-mac/Game/Library/Bee/PlayerScriptAssemblies/Unity.UnifiedRayTracing.Runtime.dll --allowed-assembly=/Users/ilseoblee/workspace/seoul-kenshi-wt/unity-poc-mac/Game/Library/Bee/PlayerScriptAssemblies/UnityEngine.UI.dll --allowed-assembly=/Users/ilseoblee/workspace/seoul-kenshi-wt/unity-poc-mac/Game/Library/Bee/PlayerScriptAssemblies/VContainer.dll --allowed-assembly=/Users/ilseoblee/workspace/seoul-kenshi-wt/unity-poc-mac/Game/Library/PackageCache/com.unity.collections@642e35c36221/Unity.Collections.LowLevel.ILSupport/Unity.Collections.LowLevel.ILSupport.dll --allowed-assembly=/Users/ilseoblee/workspace/seoul-kenshi-wt/unity-poc-mac/Game/Library/PackageCache/com.unity.nuget.newtonsoft-json@4dfd81071c64/Runtime/AOT/Newtonsoft.Json.dll
*** Tundra requires additional run (0.52 seconds), 55 items updated, 61 evaluated
*** Additional run caused by: contents change of Library/Bee/artifacts/MacStandalonePlayerBuildProgram/ManagedStripped/arm64
Starting: /Applications/Unity/Hub/Editor/6000.7.0a5/Unity.app/Contents/Resources/Scripting/DotNetSdk/dotnet "/Applications/Unity/Hub/Editor/6000.7.0a5/PlaybackEngines/MacStandaloneSupport/MacStandalonePlayerBuildProgram.exe" "/Applications/Unity/Hub/Editor/6000.7.0a5/PlaybackEngines/MacStandaloneSupport/Bee:/Applications/Unity/Hub/Editor/6000.7.0a5/Unity.app/Contents/Resources/BuildPipeline" "Library/Bee/Player2152d0f8.dag.json" "Library/Bee/Player2152d0f8-inputdata.json" "Library/Bee/buildprogram1.traceevents"
WorkingDir: /Users/ilseoblee/workspace/seoul-kenshi-wt/unity-poc-mac/Game
ExitCode: 4 Duration: 0s619ms
Finished compiling graph: 600 nodes, 1900 flattened edges (1900 ToBuild, 0 ToUse), maximum node priority 409
[           0s] Delete 1 artifact files that are no longer in use. (like Library/Bee/artifacts/csharpactions/dummy-FeaturesChecked.txt_29i2.info)
[ 51/599    0s] WriteFile Library/Bee/artifacts/csharpactions/UnityEngine.TimelineFoundationModule-FeaturesChecked.txt_7jrc.info
[ 52/599    0s] WriteFile Library/Bee/artifacts/csharpactions/UnityEngine.TLSModule-FeaturesChecked.txt_2rm9.info
[ 53/599    0s] WriteFile Library/Bee/artifacts/csharpactions/UnityEngine.TextCoreFontEngineModule-FeaturesChecked.txt_gk3c.info
[ 54/599    0s] WriteFile Library/Bee/artifacts/csharpactions/UnityEngine.TilemapModule-FeaturesChecked.txt_dq0e.info
[ 55/599    0s] WriteFile Library/Bee/artifacts/csharpactions/UnityEngine.TextRenderingModule-FeaturesChecked.txt_i1ny.info
[ 56/599    0s] WriteFile Library/Bee/artifacts/csharpactions/UnityEngine.TextCoreTextEngineModule-FeaturesChecked.txt_qdwu.info
[ 57/599    0s] WriteFile Library/Bee/artifacts/csharpactions/UnityEngine.U2DRuntimeModule-FeaturesChecked.txt_o3tl.info
[ 58/599    0s] WriteFile Library/Bee/artifacts/csharpactions/UnityEngine.UnityAnalyticsCommonModule-FeaturesChecked.txt_nin7.info
[ 59/599    0s] WriteFile Library/Bee/artifacts/csharpactions/UnityEngine.TetgenModule-FeaturesChecked.txt_o2p6.info
[ 60/599    0s] WriteFile Library/Bee/artifacts/csharpactions/UnityEngine.TerrainPhysicsModule-FeaturesChecked.txt_1c3a.info
[ 61/599    0s] WriteFile Library/Bee/artifacts/csharpactions/UnityEngine.TerrainModule-FeaturesChecked.txt_wj25.info
[ 62/599    0s] WriteFile Library/Bee/artifacts/csharpactions/UnityEngine.UIElementsModule-FeaturesChecked.txt_yri2.info
[ 63/599    0s] WriteFile Library/Bee/artifacts/csharpactions/UnityEngine.UmbraModule-FeaturesChecked.txt_8xpa.info
[ 64/599    0s] WriteFile Library/Bee/artifacts/csharpactions/UnityEngine.UnityAnalyticsModule-FeaturesChecked.txt_cq48.info
[ 65/599    0s] WriteFile Library/Bee/artifacts/csharpactions/UnityEngine.SubsystemsModule-FeaturesChecked.txt_jhyo.info
[ 66/599    0s] WriteFile Library/Bee/artifacts/csharpactions/UnityEngine.StreamingModule-FeaturesChecked.txt_5cy3.info
[ 67/599    0s] WriteFile Library/Bee/artifacts/csharpactions/UnityEngine.UI-FeaturesChecked.txt_fzlo.info
[ 68/599    0s] WriteFile Library/Bee/artifacts/csharpactions/UnityEngine.ShaderVariantAnalyticsModule-FeaturesChecked.txt_1tiv.info
[ 69/599    0s] WriteFile Library/Bee/artifacts/csharpactions/UnityEngine.ScriptingModule-FeaturesChecked.txt_meep.info
[ 70/599    0s] WriteFile Library/Bee/artifacts/csharpactions/UnityEngine.UIModule-FeaturesChecked.txt_7nub.info
[ 71/599    0s] WriteFile Library/Bee/artifacts/csharpactions/UnityEngine.SpriteShapeModule-FeaturesChecked.txt_rm0h.info
[ 72/599    0s] WriteFile Library/Bee/artifacts/csharpactions/UnityEngine.SmartStringsModule-FeaturesChecked.txt_4hfb.info
[ 73/599    0s] WriteFile Library/Bee/artifacts/csharpactions/UnityEngine.SpriteMaskModule-FeaturesChecked.txt_4jzq.info
[ 74/599    0s] WriteFile Library/Bee/artifacts/csharpactions/UnityEngine.RenderAs2DModule-FeaturesChecked.txt_ts3o.info
[ 75/599    0s] WriteFile Library/Bee/artifacts/csharpactions/UnityEngine.ScreenCaptureModule-FeaturesChecked.txt_t5mg.info
[ 76/599    0s] WriteFile Library/Bee/artifacts/csharpactions/UnityEngine.RuntimeInitializeOnLoadManagerInitializerModule-FeaturesChecked.txt_5gns.info
[ 77/599    0s] WriteFile Library/Bee/artifacts/csharpactions/UnityEngine.PhysicsCore2DModule-FeaturesChecked.txt_7tg4.info
[ 78/599    0s] WriteFile Library/Bee/artifacts/csharpactions/UnityEngine.PhysicsModule-FeaturesChecked.txt_26rb.info
[ 79/599    0s] WriteFile Library/Bee/artifacts/csharpactions/UnityEngine.Physics2DModule-FeaturesChecked.txt_sxp3.info
[ 80/599    0s] WriteFile Library/Bee/artifacts/csharpactions/UnityEngine.PhysicsBackendPhysXModule-FeaturesChecked.txt_gkwj.info
[ 81/599    0s] WriteFile Library/Bee/artifacts/csharpactions/UnityEngine.PropertiesModule-FeaturesChecked.txt_ar7j.info
[ 82/599    0s] WriteFile Library/Bee/artifacts/csharpactions/UnityEngine.ParticleSystemModule-FeaturesChecked.txt_khwv.info
[ 83/599    0s] WriteFile Library/Bee/artifacts/csharpactions/UnityEngine.JSONSerializeModule-FeaturesChecked.txt_v4ys.info
[ 84/599    0s] WriteFile Library/Bee/artifacts/csharpactions/UnityEngine.LocalizationModule-FeaturesChecked.txt_kuvr.info
[ 85/599    0s] WriteFile Library/Bee/artifacts/csharpactions/UnityEngine.InputLegacyModule-FeaturesChecked.txt_q0vy.info
[ 86/599    0s] WriteFile Library/Bee/artifacts/csharpactions/UnityEngine.MultiplayerModule-FeaturesChecked.txt_p23d.info
[ 87/599    0s] WriteFile Library/Bee/artifacts/csharpactions/UnityEngine.ManagedKernelModule-FeaturesChecked.txt_7ah3.info
[ 88/599    0s] WriteFile Library/Bee/artifacts/csharpactions/UnityEngine.MathematicsModule-FeaturesChecked.txt_twks.info
[ 89/599    0s] WriteFile Library/Bee/artifacts/csharpactions/UnityEngine.MarshallingModule-FeaturesChecked.txt_jmh7.info
[ 90/599    0s] WriteFile Library/Bee/artifacts/csharpactions/UnityEngine.InputModule-FeaturesChecked.txt_dp83.info
[ 91/599    0s] WriteFile Library/Bee/artifacts/csharpactions/UnityEngine.InsightsModule-FeaturesChecked.txt_2m5h.info
[ 92/599    0s] WriteFile Library/Bee/artifacts/csharpactions/UnityEngine.IdentifiersModule-FeaturesChecked.txt_dxhc.info
[ 93/599    0s] WriteFile Library/Bee/artifacts/csharpactions/UnityEngine.PerformanceReportingModule-FeaturesChecked.txt_dxcc.info
[ 94/599    0s] WriteFile Library/Bee/artifacts/csharpactions/UnityEngine.InputForUIModule-FeaturesChecked.txt_ydxj.info
[ 95/599    0s] WriteFile Library/Bee/artifacts/csharpactions/UnityEngine.HotReloadModule-FeaturesChecked.txt_5leg.info
[ 98/599    0s] WriteFile Library/Bee/artifacts/csharpactions/UnityEngine-FeaturesChecked.txt_dbvs.info
[ 99/599    0s] WriteFile Library/Bee/artifacts/csharpactions/UnityEngine.IMGUIModule-FeaturesChecked.txt_at7m.info
[100/599    0s] WriteFile Library/Bee/artifacts/csharpactions/UnityEngine.GraphicsStateCollectionSerializerModule-FeaturesChecked.txt_xbhd.info
[101/599    0s] WriteFile Library/Bee/artifacts/csharpactions/UnityEngine.ClusterRendererModule-FeaturesChecked.txt_cqm3.info
[102/599    0s] WriteFile Library/Bee/artifacts/csharpactions/UnityEngine.GridModule-FeaturesChecked.txt_dzjq.info
[103/599    0s] WriteFile Library/Bee/artifacts/csharpactions/UnityEngine.ImageConversionModule-FeaturesChecked.txt_4svn.info
[104/599    0s] WriteFile Library/Bee/artifacts/csharpactions/UnityEngine.ClusterInputModule-FeaturesChecked.txt_3bhx.info
[105/599    0s] WriteFile Library/Bee/artifacts/csharpactions/UnityEngine.CrashReportingModule-FeaturesChecked.txt_yyky.info
[106/599    0s] WriteFile Library/Bee/artifacts/csharpactions/잔선: 서울_ekc0.info
[107/599    0s] WriteFile Library/Bee/artifacts/csharpactions/UnityEngine.HierarchyCoreModule-FeaturesChecked.txt_7c7z.info
[108/599    0s] WriteFile Library/Bee/artifacts/csharpactions/UnityEngine.GameCenterModule-FeaturesChecked.txt_a812.info
[109/599    0s] WriteFile Library/Bee/artifacts/csharpactions/UnityEngine.GIModule-FeaturesChecked.txt_535t.info
[110/599    0s] WriteFile Library/Bee/artifacts/csharpactions/UnityEngine.DSPGraphModule-FeaturesChecked.txt_wsag.info
[111/599    0s] WriteFile Library/Bee/artifacts/csharpactions/UnityEngine.CoreModule-FeaturesChecked.txt_ikd0.info
[112/599    0s] WriteFile Library/Bee/artifacts/csharpactions/UnityEngine.ContentLoadModule-FeaturesChecked.txt_uy7s.info
[113/599    0s] WriteFile Library/Bee/artifacts/csharpactions/UnityEngine.DirectorModule-FeaturesChecked.txt_fk7w.info
[114/599    0s] WriteFile Library/Bee/artifacts/csharpactions/UnityEngine.ClothModule-FeaturesChecked.txt_9hky.info
[115/599    0s] WriteFile Library/Bee/artifacts/csharpactions/UnityEngine.AudioModule-FeaturesChecked.txt_twl2.info
[116/599    0s] WriteFile Library/Bee/artifacts/csharpactions/UnityEngine.BurstModule-FeaturesChecked.txt_7z47.info
[117/599    0s] WriteFile Library/Bee/artifacts/csharpactions/UnityEngine.AdaptivePerformanceModule-FeaturesChecked.txt_hk8d.info
[118/599    0s] WriteFile Library/Bee/artifacts/csharpactions/UnityEngine.AssetBundleModule-FeaturesChecked.txt_tbsh.info
[119/599    0s] WriteFile Library/Bee/artifacts/csharpactions/UnityEngine.AnimationModule-FeaturesChecked.txt_7c2x.info
[120/599    0s] WriteFile Library/Bee/artifacts/csharpactions/UnityEngine.AccessibilityModule-FeaturesChecked.txt_96g1.info
[121/599    0s] WriteFile Library/Bee/artifacts/csharpactions/UnityEngine.ARModule-FeaturesChecked.txt_k4j9.info
[122/599    0s] WriteFile Library/Bee/artifacts/csharpactions/UnityEngine.AIModule-FeaturesChecked.txt_r425.info
[123/599    0s] WriteFile Library/Bee/artifacts/csharpactions/UnityEngine.AndroidJNIModule-FeaturesChecked.txt_llt1.info
[124/599    0s] WriteFile Library/Bee/artifacts/csharpactions/Unity.UnifiedRayTracing.Runtime-FeaturesChecked.txt_51yf.info
[125/599    0s] WriteFile Library/Bee/artifacts/csharpactions/Unity.TextMeshPro-FeaturesChecked.txt_wbcl.info
[126/599    0s] WriteFile Library/Bee/artifacts/csharpactions/Unity.SurfaceCache.Runtime-FeaturesChecked.txt_48jt.info
[127/599    0s] WriteFile Library/Bee/artifacts/csharpactions/Unity.RenderPipelines.ShaderGraph.ShaderGraphLibrary-FeaturesChecked.txt_zkzj.info
[128/599    0s] WriteFile Library/Bee/artifacts/csharpactions/Unity.RenderPipelines.Core.ShaderLibrary-FeaturesChecked.txt_nr86.info
[129/599    0s] WriteFile Library/Bee/artifacts/csharpactions/Unity.RenderPipelines.Universal.2D.Runtime-FeaturesChecked.txt_3lw4.info
[130/599    0s] WriteFile Library/Bee/artifacts/csharpactions/Unity.RenderPipelines.Universal.Config.Runtime-FeaturesChecked.txt_70zz.info
[131/599    0s] WriteFile Library/Bee/artifacts/csharpactions/Unity.RenderPipelines.Core.Runtime-FeaturesChecked.txt_p7p0.info
[132/599    0s] WriteFile Library/Bee/artifacts/csharpactions/Unity.Scripting-FeaturesChecked.txt_sdu3.info
[133/599    0s] WriteFile Library/Bee/artifacts/csharpactions/Unity.Profiling.Core-FeaturesChecked.txt_gwx1.info
[134/599    0s] WriteFile Library/Bee/artifacts/csharpactions/Unity.RenderPipelines.Core.Runtime.Shared-FeaturesChecked.txt_gk3z.info
[135/599    0s] WriteFile Library/Bee/artifacts/csharpactions/Unity.RenderPipelines.Universal.Shaders-FeaturesChecked.txt_1z8w.info
[136/599    0s] WriteFile Library/Bee/artifacts/csharpactions/Unity.RenderPipeline.Universal.ShaderLibrary-FeaturesChecked.txt_mch1.info
[137/599    0s] WriteFile Library/Bee/artifacts/csharpactions/Unity.RenderPipelines.Universal.Runtime-FeaturesChecked.txt_fvrw.info
[138/599    0s] WriteFile Library/Bee/artifacts/csharpactions/Unity.RenderPipelines.GPUDriven.Runtime-FeaturesChecked.txt_oe8j.info
[139/599    0s] WriteFile Library/Bee/artifacts/csharpactions/Unity.InternalAPIEngineBridge.004-FeaturesChecked.txt_jlfl.info
[140/599    0s] WriteFile Library/Bee/artifacts/csharpactions/Unity.InternalAPIEngineBridge.RenderPipelines.Core.Runtime.Shared-FeaturesChecked.txt_60yl.info
[141/599    0s] WriteFile Library/Bee/artifacts/csharpactions/Unity.PathTracing.Runtime-FeaturesChecked.txt_07p6.info
[142/599    0s] WriteFile Library/Bee/artifacts/csharpactions/Unity.Collections.LowLevel.ILSupport-FeaturesChecked.txt_krlt.info
[143/599    0s] WriteFile Library/Bee/artifacts/csharpactions/Unity.InputSystem.ForUI-FeaturesChecked.txt_1bzd.info
[144/599    0s] WriteFile Library/Bee/artifacts/csharpactions/Unity.InternalAPIEngineBridge.ObjectDispatcher.Runtime-FeaturesChecked.txt_zz6j.info
[145/599    0s] WriteFile Library/Bee/artifacts/csharpactions/Unity.Burst-FeaturesChecked.txt_l5ou.info
[146/599    0s] WriteFile Library/Bee/artifacts/csharpactions/Unity.Collections-FeaturesChecked.txt_2qx5.info
[147/599    0s] WriteFile Library/Bee/artifacts/csharpactions/System.Runtime.Serialization-FeaturesChecked.txt_zqp0.info
[148/599    0s] WriteFile Library/Bee/artifacts/csharpactions/System.ServiceModel.Internals-FeaturesChecked.txt_9818.info
[149/599    0s] WriteFile Library/Bee/artifacts/csharpactions/System.Security-FeaturesChecked.txt_hwii.info
[150/599    0s] WriteFile Library/Bee/artifacts/csharpactions/System.Transactions-FeaturesChecked.txt_y9v7.info
[151/599    0s] WriteFile Library/Bee/artifacts/csharpactions/System.Xml-FeaturesChecked.txt_gyyq.info
[152/599    0s] WriteFile Library/Bee/artifacts/csharpactions/System.Reflection.Metadata-FeaturesChecked.txt_fl2i.info
[153/599    0s] WriteFile Library/Bee/artifacts/csharpactions/System.Runtime.CompilerServices.Unsafe-FeaturesChecked.txt_6602.info
[154/599    0s] WriteFile Library/Bee/artifacts/csharpactions/System.Numerics-FeaturesChecked.txt_rbrh.info
[155/599    0s] WriteFile Library/Bee/artifacts/csharpactions/System.Xml.Linq-FeaturesChecked.txt_osyp.info
[156/599    0s] WriteFile Library/Bee/artifacts/csharpactions/System.Memory-FeaturesChecked.txt_2vnz.info
[157/599    0s] WriteFile Library/Bee/artifacts/csharpactions/System.IO.Compression.FileSystem-FeaturesChecked.txt_84o4.info
[158/599    0s] WriteFile Library/Bee/artifacts/csharpactions/System.Net.Http-FeaturesChecked.txt_ebzk.info
[159/599    0s] WriteFile Library/Bee/artifacts/csharpactions/System.IO.Compression-FeaturesChecked.txt_zz9e.info
[160/599    0s] WriteFile Library/Bee/artifacts/csharpactions/Unity.InputSystem-FeaturesChecked.txt_ishb.info
[161/599    0s] WriteFile Library/Bee/artifacts/csharpactions/System.Data-FeaturesChecked.txt_7g7q.info
[162/599    0s] WriteFile Library/Bee/artifacts/csharpactions/System.EnterpriseServices-FeaturesChecked.txt_kfl0.info
[163/599    0s] WriteFile Library/Bee/artifacts/csharpactions/System.Core-FeaturesChecked.txt_0bzp.info
[164/599    0s] WriteFile Library/Bee/artifacts/csharpactions/mscorlib-FeaturesChecked.txt_h5ip.info
[165/599    0s] WriteFile Library/Bee/artifacts/csharpactions/System.Configuration-FeaturesChecked.txt_3sq7.info
[166/599    0s] WriteFile Library/Bee/artifacts/csharpactions/Newtonsoft.Json-FeaturesChecked.txt_ff1t.info
[167/599    0s] WriteFile Library/Bee/artifacts/csharpactions/System-FeaturesChecked.txt_vs5j.info
[168/599    0s] WriteFile Library/Bee/artifacts/csharpactions/Janseon.Core-FeaturesChecked.txt_hdug.info
[169/599    0s] WriteFile Library/Bee/artifacts/csharpactions/Mono.Security-FeaturesChecked.txt_tcfg.info
[170/599    0s] WriteFile Library/Bee/artifacts/csharpactions/netstandard-FeaturesChecked.txt_cc0i.info
[171/599    0s] WriteFile Library/Bee/artifacts/csharpactions/System.Drawing-FeaturesChecked.txt_z3qy.info
[172/599    0s] WriteFile Library/Bee/artifacts/csharpactions/System.ComponentModel.Composition-FeaturesChecked.txt_tzo9.info
[173/599    0s] WriteFile Library/Bee/artifacts/csharpactions/System.Buffers-FeaturesChecked.txt_koob.info
[174/599    0s] WriteFile Library/Bee/artifacts/csharpactions/Janseon.Data-FeaturesChecked.txt_oi2h.info
[175/599    0s] WriteFile Library/Bee/artifacts/csharpactions/System.Collections.Immutable-FeaturesChecked.txt_2tkd.info
[176/599    0s] WriteFile Library/Bee/artifacts/csharpactions/System.Data.DataSetExtensions-FeaturesChecked.txt_h20m.info
[177/599    0s] WriteFile Library/Bee/artifacts/csharpactions/Janseon.Art-FeaturesChecked.txt_jvzb.info
[178/599    0s] WriteFile Library/Bee/artifacts/csharpactions/Janseon.Foundation-FeaturesChecked.txt_1dxo.info
[179/599    0s] WriteFile Library/Bee/artifacts/csharpactions/UnityEngine.UnityWebRequestTextureModule-FeaturesChecked.txt_ekwn.info
[180/599    0s] WriteFile Library/Bee/artifacts/csharpactions/UnityEngine.UnityCurlModule-FeaturesChecked.txt_8vyn.info
[181/599    0s] WriteFile Library/Bee/artifacts/csharpactions/UnityEngine.UnityConsentModule-FeaturesChecked.txt_gqwu.info
[182/599    0s] WriteFile Library/Bee/artifacts/csharpactions/UnityEngine.UnityConnectModule-FeaturesChecked.txt_k9ga.info
[183/599    0s] WriteFile Library/Bee/artifacts/csharpactions/UnityEngine.UnityWebRequestAudioModule-FeaturesChecked.txt_p8ol.info
[184/599    0s] WriteFile Library/Bee/artifacts/csharpactions/UnityEngine.UnityWebRequestAssetBundleModule-FeaturesChecked.txt_l4dl.info
[185/599    0s] WriteFile Library/Bee/artifacts/csharpactions/UnityEngine.VectorGraphicsModule-FeaturesChecked.txt_xwme.info
[186/599    0s] WriteFile Library/Bee/artifacts/csharpactions/UnityEngine.UnityWebRequestWWWModule-FeaturesChecked.txt_qggm.info
[187/599    0s] WriteFile Library/Bee/artifacts/csharpactions/UnityEngine.VehiclesModule-FeaturesChecked.txt_yqqz.info
[188/599    0s] WriteFile Library/Bee/artifacts/csharpactions/UnityEngine.VFXModule-FeaturesChecked.txt_bxls.info
[189/599    0s] WriteFile Library/Bee/artifacts/csharpactions/UnityEngine.UnityWebRequestModule-FeaturesChecked.txt_vyuy.info
[190/599    0s] WriteFile Library/Bee/artifacts/csharpactions/UnityEngine.VirtualTexturingModule-FeaturesChecked.txt_s9m7.info
[191/599    0s] WriteFile Library/Bee/artifacts/csharpactions/VContainer-FeaturesChecked.txt_rowy.info
[192/599    0s] WriteFile Library/Bee/artifacts/csharpactions/UnityEngine.HierarchyModule-FeaturesChecked.txt_sc74.info
[193/599    0s] WriteFile Library/Bee/artifacts/csharpactions/UnityEngine.XRModule-FeaturesChecked.txt_p5c9.info
[194/599    0s] WriteFile Library/Bee/artifacts/csharpactions/UnityEngine.VideoModule-FeaturesChecked.txt_iwkd.info
[195/599    0s] WriteFile Library/Bee/artifacts/csharpactions/UnityEngine.WindModule-FeaturesChecked.txt_7k27.info
[197/599    0s] CopyFiles /Users/ilseoblee/workspace/seoul-kenshi-wt/unity-poc-mac/.omo/evidence/unity-html-poc-ui-parity/task-07/player/Targeting.app/Contents/Resources/Data/Managed/UnityEngine.GraphicsStateCollectionSerializerModule.pdb
[198/599    0s] CopyFiles /Users/ilseoblee/workspace/seoul-kenshi-wt/unity-poc-mac/.omo/evidence/unity-html-poc-ui-parity/task-07/player/Targeting.app/Contents/Resources/Data/Managed/UnityEngine.TLSModule.pdb
[199/599    0s] CopyFiles /Users/ilseoblee/workspace/seoul-kenshi-wt/unity-poc-mac/.omo/evidence/unity-html-poc-ui-parity/task-07/player/Targeting.app/Contents/Resources/Data/Managed/UnityEngine.GridModule.pdb
[200/599    0s] CopyFiles /Users/ilseoblee/workspace/seoul-kenshi-wt/unity-poc-mac/.omo/evidence/unity-html-poc-ui-parity/task-07/player/Targeting.app/Contents/Resources/Data/Managed/UnityEngine.TLSModule.dll
[201/599    0s] CopyFiles /Users/ilseoblee/workspace/seoul-kenshi-wt/unity-poc-mac/.omo/evidence/unity-html-poc-ui-parity/task-07/player/Targeting.app/Contents/Resources/Data/Managed/UnityEngine.WindModule.pdb
[202/599    0s] CopyFiles /Users/ilseoblee/workspace/seoul-kenshi-wt/unity-poc-mac/.omo/evidence/unity-html-poc-ui-parity/task-07/player/Targeting.app/Contents/Resources/Data/Managed/UnityEngine.TerrainModule.pdb
[203/599    0s] CopyFiles /Users/ilseoblee/workspace/seoul-kenshi-wt/unity-poc-mac/.omo/evidence/unity-html-poc-ui-parity/task-07/player/Targeting.app/Contents/Resources/Data/Managed/UnityEngine.WindModule.dll
[204/599    0s] CopyFiles /Users/ilseoblee/workspace/seoul-kenshi-wt/unity-poc-mac/.omo/evidence/unity-html-poc-ui-parity/task-07/player/Targeting.app/Contents/Resources/Data/Managed/Unity.RenderPipelines.Universal.Shaders.pdb
[205/599    0s] CopyFiles /Users/ilseoblee/workspace/seoul-kenshi-wt/unity-poc-mac/.omo/evidence/unity-html-poc-ui-parity/task-07/player/Targeting.app/Contents/Resources/Data/Managed/UnityEngine.GridModule.dll
[206/599    0s] CopyFiles /Users/ilseoblee/workspace/seoul-kenshi-wt/unity-poc-mac/.omo/evidence/unity-html-poc-ui-parity/task-07/player/Targeting.app/Contents/Resources/Data/Managed/UnityEngine.VFXModule.pdb
[207/599    0s] CopyFiles /Users/ilseoblee/workspace/seoul-kenshi-wt/unity-poc-mac/.omo/evidence/unity-html-poc-ui-parity/task-07/player/Targeting.app/Contents/Resources/Data/Managed/UnityEngine.PhysicsModule.pdb
[208/599    0s] CopyFiles /Users/ilseoblee/workspace/seoul-kenshi-wt/unity-poc-mac/.omo/evidence/unity-html-poc-ui-parity/task-07/player/Targeting.app/Contents/Resources/Data/Managed/UnityEngine.UnityWebRequestTextureModule.pdb
[209/599    0s] CopyFiles /Users/ilseoblee/workspace/seoul-kenshi-wt/unity-poc-mac/.omo/evidence/unity-html-poc-ui-parity/task-07/player/Targeting.app/Contents/Resources/Data/Managed/Unity.PathTracing.Runtime.pdb
[210/599    0s] CopyFiles /Users/ilseoblee/workspace/seoul-kenshi-wt/unity-poc-mac/.omo/evidence/unity-html-poc-ui-parity/task-07/player/Targeting.app/Contents/Resources/Data/Managed/UnityEngine.VFXModule.dll
[211/599    0s] CopyFiles /Users/ilseoblee/workspace/seoul-kenshi-wt/unity-poc-mac/.omo/evidence/unity-html-poc-ui-parity/task-07/player/Targeting.app/Contents/Resources/Data/Managed/Unity.RenderPipelines.Universal.Runtime.pdb
[212/599    0s] CopyFiles /Users/ilseoblee/workspace/seoul-kenshi-wt/unity-poc-mac/.omo/evidence/unity-html-poc-ui-parity/task-07/player/Targeting.app/Contents/Resources/Data/Managed/Unity.InternalAPIEngineBridge.RenderPipelines.Core.Runtime.Shared.dll
[213/599    0s] CopyFiles /Users/ilseoblee/workspace/seoul-kenshi-wt/unity-poc-mac/.omo/evidence/unity-html-poc-ui-parity/task-07/player/Targeting.app/Contents/Resources/Data/Managed/Unity.InternalAPIEngineBridge.RenderPipelines.Core.Runtime.Shared.pdb
[214/599    0s] CopyFiles /Users/ilseoblee/workspace/seoul-kenshi-wt/unity-poc-mac/.omo/evidence/unity-html-poc-ui-parity/task-07/player/Targeting.app/Contents/Resources/Data/Managed/UnityEngine.ShaderVariantAnalyticsModule.pdb
[215/599    0s] CopyFiles /Users/ilseoblee/workspace/seoul-kenshi-wt/unity-poc-mac/.omo/evidence/unity-html-poc-ui-parity/task-07/player/Targeting.app/Contents/Resources/Data/Managed/System.IO.Compression.dll
[216/599    0s] CopyFiles /Users/ilseoblee/workspace/seoul-kenshi-wt/unity-poc-mac/.omo/evidence/unity-html-poc-ui-parity/task-07/player/Targeting.app/Contents/Resources/Data/Managed/Unity.RenderPipelines.GPUDriven.Runtime.pdb
[217/599    0s] CopyFiles /Users/ilseoblee/workspace/seoul-kenshi-wt/unity-poc-mac/.omo/evidence/unity-html-poc-ui-parity/task-07/player/Targeting.app/Contents/Resources/Data/Managed/Unity.RenderPipelines.Universal.Shaders.dll
[218/599    0s] CopyFiles /Users/ilseoblee/workspace/seoul-kenshi-wt/unity-poc-mac/.omo/evidence/unity-html-poc-ui-parity/task-07/player/Targeting.app/Contents/Resources/Data/Managed/Unity.RenderPipelines.Core.ShaderLibrary.pdb
[219/599    0s] CopyFiles /Users/ilseoblee/workspace/seoul-kenshi-wt/unity-poc-mac/.omo/evidence/unity-html-poc-ui-parity/task-07/player/Targeting.app/Contents/Resources/Data/Managed/UnityEngine.TilemapModule.pdb
[220/599    0s] CopyFiles /Users/ilseoblee/workspace/seoul-kenshi-wt/unity-poc-mac/.omo/evidence/unity-html-poc-ui-parity/task-07/player/Targeting.app/Contents/Resources/Data/Managed/UnityEngine.CoreModule.pdb
[221/599    0s] CopyFiles /Users/ilseoblee/workspace/seoul-kenshi-wt/unity-poc-mac/.omo/evidence/unity-html-poc-ui-parity/task-07/player/Targeting.app/Contents/Resources/Data/Managed/Unity.RenderPipelines.Universal.Config.Runtime.pdb
[222/599    0s] CopyFiles /Users/ilseoblee/workspace/seoul-kenshi-wt/unity-poc-mac/.omo/evidence/unity-html-poc-ui-parity/task-07/player/Targeting.app/Contents/Resources/Data/Managed/UnityEngine.UnityWebRequestAssetBundleModule.pdb
[223/599    0s] CopyFiles /Users/ilseoblee/workspace/seoul-kenshi-wt/unity-poc-mac/.omo/evidence/unity-html-poc-ui-parity/task-07/player/Targeting.app/Contents/Resources/Data/Managed/Unity.RenderPipelines.Core.Runtime.Shared.pdb
[224/599    0s] CopyFiles /Users/ilseoblee/workspace/seoul-kenshi-wt/unity-poc-mac/.omo/evidence/unity-html-poc-ui-parity/task-07/player/Targeting.app/Contents/Resources/Data/Managed/UnityEngine.TilemapModule.dll
[225/599    0s] CopyFiles /Users/ilseoblee/workspace/seoul-kenshi-wt/unity-poc-mac/.omo/evidence/unity-html-poc-ui-parity/task-07/player/Targeting.app/Contents/Resources/Data/Managed/UnityEngine.TerrainModule.dll
[226/599    0s] CopyFiles /Users/ilseoblee/workspace/seoul-kenshi-wt/unity-poc-mac/.omo/evidence/unity-html-poc-ui-parity/task-07/player/Targeting.app/Contents/Resources/Data/Managed/System.EnterpriseServices.dll
[227/599    0s] CopyFiles /Users/ilseoblee/workspace/seoul-kenshi-wt/unity-poc-mac/.omo/evidence/unity-html-poc-ui-parity/task-07/player/Targeting.app/Contents/Resources/Data/Managed/UnityEngine.TextCoreFontEngineModule.pdb
[228/599    0s] CopyFiles /Users/ilseoblee/workspace/seoul-kenshi-wt/unity-poc-mac/.omo/evidence/unity-html-poc-ui-parity/task-07/player/Targeting.app/Contents/Resources/Data/Managed/Unity.InternalAPIEngineBridge.ObjectDispatcher.Runtime.dll
[229/599    0s] CopyFiles /Users/ilseoblee/workspace/seoul-kenshi-wt/unity-poc-mac/.omo/evidence/unity-html-poc-ui-parity/task-07/player/Targeting.app/Contents/Resources/Data/Managed/UnityEngine.CoreModule.dll
[230/599    0s] CopyFiles /Users/ilseoblee/workspace/seoul-kenshi-wt/unity-poc-mac/.omo/evidence/unity-html-poc-ui-parity/task-07/player/Targeting.app/Contents/Resources/Data/Managed/System.Buffers.dll
[231/599    0s] CopyFiles /Users/ilseoblee/workspace/seoul-kenshi-wt/unity-poc-mac/.omo/evidence/unity-html-poc-ui-parity/task-07/player/Targeting.app/Contents/Resources/Data/Managed/Unity.InternalAPIEngineBridge.ObjectDispatcher.Runtime.pdb
[232/599    0s] CopyFiles /Users/ilseoblee/workspace/seoul-kenshi-wt/unity-poc-mac/.omo/evidence/unity-html-poc-ui-parity/task-07/player/Targeting.app/Contents/Resources/Data/Managed/UnityEngine.TimelineFoundationModule.pdb
[233/599    0s] CopyFiles /Users/ilseoblee/workspace/seoul-kenshi-wt/unity-poc-mac/.omo/evidence/unity-html-poc-ui-parity/task-07/player/Targeting.app/Contents/Resources/Data/Managed/Unity.RenderPipelines.GPUDriven.Runtime.dll
[234/599    0s] CopyFiles /Users/ilseoblee/workspace/seoul-kenshi-wt/unity-poc-mac/.omo/evidence/unity-html-poc-ui-parity/task-07/player/Targeting.app/Contents/Resources/Data/Managed/Unity.PathTracing.Runtime.dll
[235/599    0s] CopyFiles /Users/ilseoblee/workspace/seoul-kenshi-wt/unity-poc-mac/.omo/evidence/unity-html-poc-ui-parity/task-07/player/Targeting.app/Contents/Resources/Data/Managed/Unity.RenderPipelines.Universal.Runtime.dll
[236/599    0s] CopyFiles /Users/ilseoblee/workspace/seoul-kenshi-wt/unity-poc-mac/.omo/evidence/unity-html-poc-ui-parity/task-07/player/Targeting.app/Contents/Resources/Data/Managed/UnityEngine.PhysicsModule.dll
[237/599    0s] CopyFiles /Users/ilseoblee/workspace/seoul-kenshi-wt/unity-poc-mac/.omo/evidence/unity-html-poc-ui-parity/task-07/player/Targeting.app/Contents/Resources/Data/Managed/Unity.Scripting.pdb
[238/599    0s] CopyFiles /Users/ilseoblee/workspace/seoul-kenshi-wt/unity-poc-mac/.omo/evidence/unity-html-poc-ui-parity/task-07/player/Targeting.app/Contents/Resources/Data/Managed/UnityEngine.UI.pdb
[239/599    0s] CopyFiles /Users/ilseoblee/workspace/seoul-kenshi-wt/unity-poc-mac/.omo/evidence/unity-html-poc-ui-parity/task-07/player/Targeting.app/Contents/Resources/Data/Managed/Unity.Scripting.dll
[240/599    0s] CopyFiles /Users/ilseoblee/workspace/seoul-kenshi-wt/unity-poc-mac/.omo/evidence/unity-html-poc-ui-parity/task-07/player/Targeting.app/Contents/Resources/Data/Managed/System.Drawing.dll
[241/599    0s] CopyFiles /Users/ilseoblee/workspace/seoul-kenshi-wt/unity-poc-mac/.omo/evidence/unity-html-poc-ui-parity/task-07/player/Targeting.app/Contents/Resources/Data/Managed/Janseon.Foundation.dll
[242/599    0s] CopyFiles /Users/ilseoblee/workspace/seoul-kenshi-wt/unity-poc-mac/.omo/evidence/unity-html-poc-ui-parity/task-07/player/Targeting.app/Contents/Resources/Data/Managed/Janseon.Foundation.pdb
[243/599    0s] CopyFiles /Users/ilseoblee/workspace/seoul-kenshi-wt/unity-poc-mac/.omo/evidence/unity-html-poc-ui-parity/task-07/player/Targeting.app/Contents/Resources/Data/Managed/System.Numerics.dll
[244/599    0s] CopyFiles /Users/ilseoblee/workspace/seoul-kenshi-wt/unity-poc-mac/.omo/evidence/unity-html-poc-ui-parity/task-07/player/Targeting.app/Contents/Resources/Data/Managed/System.Xml.Linq.dll
[245/599    0s] CopyFiles /Users/ilseoblee/workspace/seoul-kenshi-wt/unity-poc-mac/.omo/evidence/unity-html-poc-ui-parity/task-07/player/Targeting.app/Contents/Resources/Data/Managed/System.Security.dll
[246/599    0s] CopyFiles /Users/ilseoblee/workspace/seoul-kenshi-wt/unity-poc-mac/.omo/evidence/unity-html-poc-ui-parity/task-07/player/Targeting.app/Contents/Resources/Data/Managed/UnityEngine.UI.dll
[247/599    0s] CopyFiles /Users/ilseoblee/workspace/seoul-kenshi-wt/unity-poc-mac/.omo/evidence/unity-html-poc-ui-parity/task-07/player/Targeting.app/Contents/Resources/Data/Managed/UnityEngine.ARModule.dll
[248/599    0s] CopyFiles /Users/ilseoblee/workspace/seoul-kenshi-wt/unity-poc-mac/.omo/evidence/unity-html-poc-ui-parity/task-07/player/Targeting.app/Contents/ReExitCode: 0 Duration: 0s307ms
Starting: /Applications/Unity/Hub/Editor/6000.7.0a5/Unity.app/Contents/Resources/BuildPipeline/bee_backend --ipc --dagfile="Library/Bee/Player2152d0f8.dag" --dagfilejson="Library/Bee/Player2152d0f8.dag.json" --profile="Library/Bee/backend3.traceevents" Player
WorkingDir: /Users/ilseoblee/workspace/seoul-kenshi-wt/unity-poc-mac/Game
sources/Data/Managed/Unity.Collections.pdb
[249/599    0s] CopyFiles /Users/ilseoblee/workspace/seoul-kenshi-wt/unity-poc-mac/.omo/evidence/unity-html-poc-ui-parity/task-07/player/Targeting.app/Contents/Resources/Data/Managed/System.Net.Http.dll
[250/599    0s] CopyFiles /Users/ilseoblee/workspace/seoul-kenshi-wt/unity-poc-mac/.omo/evidence/unity-html-poc-ui-parity/task-07/player/Targeting.app/Contents/Resources/Data/Managed/Unity.Profiling.Core.dll
[251/599    0s] CopyFiles /Users/ilseoblee/workspace/seoul-kenshi-wt/unity-poc-mac/.omo/evidence/unity-html-poc-ui-parity/task-07/player/Targeting.app/Contents/Resources/Data/Managed/VContainer.dll
[252/599    0s] CopyFiles /Users/ilseoblee/workspace/seoul-kenshi-wt/unity-poc-mac/.omo/evidence/unity-html-poc-ui-parity/task-07/player/Targeting.app/Contents/Resources/Data/Managed/Unity.Collections.dll
[253/599    0s] CopyFiles /Users/ilseoblee/workspace/seoul-kenshi-wt/unity-poc-mac/.omo/evidence/unity-html-poc-ui-parity/task-07/player/Targeting.app/Contents/Resources/Data/Managed/UnityEngine.ARModule.pdb
[254/599    0s] CopyFiles /Users/ilseoblee/workspace/seoul-kenshi-wt/unity-poc-mac/.omo/evidence/unity-html-poc-ui-parity/task-07/player/Targeting.app/Contents/Resources/Data/Managed/VContainer.pdb
[255/599    0s] CopyFiles /Users/ilseoblee/workspace/seoul-kenshi-wt/unity-poc-mac/.omo/evidence/unity-html-poc-ui-parity/task-07/player/Targeting.app/Contents/Resources/Data/Managed/Newtonsoft.Json.dll
[256/599    0s] CopyFiles /Users/ilseoblee/workspace/seoul-kenshi-wt/unity-poc-mac/.omo/evidence/unity-html-poc-ui-parity/task-07/player/Targeting.app/Contents/Resources/Data/Managed/Unity.TextMeshPro.pdb
[257/599    0s] CopyFiles /Users/ilseoblee/workspace/seoul-kenshi-wt/unity-poc-mac/.omo/evidence/unity-html-poc-ui-parity/task-07/player/Targeting.app/Contents/Resources/Data/Managed/UnityEngine.AIModule.pdb
[258/599    0s] CopyFiles /Users/ilseoblee/workspace/seoul-kenshi-wt/unity-poc-mac/.omo/evidence/unity-html-poc-ui-parity/task-07/player/Targeting.app/Contents/Resources/Data/Managed/UnityEngine.UIModule.pdb
[259/599    0s] CopyFiles /Users/ilseoblee/workspace/seoul-kenshi-wt/unity-poc-mac/.omo/evidence/unity-html-poc-ui-parity/task-07/player/Targeting.app/Contents/Resources/Data/Managed/UnityEngine.XRModule.pdb
[260/599    0s] CopyFiles /Users/ilseoblee/workspace/seoul-kenshi-wt/unity-poc-mac/.omo/evidence/unity-html-poc-ui-parity/task-07/player/Targeting.app/Contents/Resources/Data/Managed/Janseon.Data.dll
[261/599    0s] CopyFiles /Users/ilseoblee/workspace/seoul-kenshi-wt/unity-poc-mac/.omo/evidence/unity-html-poc-ui-parity/task-07/player/Targeting.app/Contents/Resources/Data/Managed/Unity.InputSystem.pdb
[262/599    0s] CopyFiles /Users/ilseoblee/workspace/seoul-kenshi-wt/unity-poc-mac/.omo/evidence/unity-html-poc-ui-parity/task-07/player/Targeting.app/Contents/Resources/Data/Managed/System.dll
[263/599    0s] CopyFiles /Users/ilseoblee/workspace/seoul-kenshi-wt/unity-poc-mac/.omo/evidence/unity-html-poc-ui-parity/task-07/player/Targeting.app/Contents/Resources/Data/Managed/UnityEngine.GIModule.pdb
[264/599    0s] CopyFiles /Users/ilseoblee/workspace/seoul-kenshi-wt/unity-poc-mac/.omo/evidence/unity-html-poc-ui-parity/task-07/player/Targeting.app/Contents/Resources/Data/Managed/UnityEngine.GIModule.dll
[265/599    0s] CopyFiles /Users/ilseoblee/workspace/seoul-kenshi-wt/unity-poc-mac/.omo/evidence/unity-html-poc-ui-parity/task-07/player/Targeting.app/Contents/Resources/Data/Managed/Unity.TextMeshPro.dll
[266/599    0s] CopyFiles /Users/ilseoblee/workspace/seoul-kenshi-wt/unity-poc-mac/.omo/evidence/unity-html-poc-ui-parity/task-07/player/Targeting.app/Contents/Resources/Data/Managed/Unity.Profiling.Core.pdb
[267/599    0s] CopyFiles /Users/ilseoblee/workspace/seoul-kenshi-wt/unity-poc-mac/.omo/evidence/unity-html-poc-ui-parity/task-07/player/Targeting.app/Contents/Resources/Data/Managed/Unity.InputSystem.dll
[268/599    0s] CopyFiles /Users/ilseoblee/workspace/seoul-kenshi-wt/unity-poc-mac/.omo/evidence/unity-html-poc-ui-parity/task-07/player/Targeting.app/Contents/Resources/Data/Managed/Janseon.Core.dll
[269/599    0s] CopyFiles /Users/ilseoblee/workspace/seoul-kenshi-wt/unity-poc-mac/.omo/evidence/unity-html-poc-ui-parity/task-07/player/Targeting.app/Contents/Resources/Data/Managed/UnityEngine.AIModule.dll
[270/599    0s] CopyFiles /Users/ilseoblee/workspace/seoul-kenshi-wt/unity-poc-mac/.omo/evidence/unity-html-poc-ui-parity/task-07/player/Targeting.app/Contents/Resources/Data/Managed/UnityEngine.UIModule.dll
[271/599    0s] CopyFiles /Users/ilseoblee/workspace/seoul-kenshi-wt/unity-poc-mac/.omo/evidence/unity-html-poc-ui-parity/task-07/player/Targeting.app/Contents/Resources/Data/Managed/Newtonsoft.Json.pdb
[272/599    0s] CopyFiles /Users/ilseoblee/workspace/seoul-kenshi-wt/unity-poc-mac/.omo/evidence/unity-html-poc-ui-parity/task-07/player/Targeting.app/Contents/Resources/Data/Managed/Janseon.Art.dll
[273/599    0s] CopyFiles /Users/ilseoblee/workspace/seoul-kenshi-wt/unity-poc-mac/.omo/evidence/unity-html-poc-ui-parity/task-07/player/Targeting.app/Contents/Resources/Data/Managed/Janseon.Data.pdb
[274/599    0s] CopyFiles /Users/ilseoblee/workspace/seoul-kenshi-wt/unity-poc-mac/.omo/evidence/unity-html-poc-ui-parity/task-07/player/Targeting.app/Contents/Resources/Data/Managed/System.Memory.dll
[275/599    0s] CopyFiles /Users/ilseoblee/workspace/seoul-kenshi-wt/unity-poc-mac/.omo/evidence/unity-html-poc-ui-parity/task-07/player/Targeting.app/Contents/Resources/Data/Managed/Janseon.Core.pdb
[276/599    0s] CopyFiles /Users/ilseoblee/workspace/seoul-kenshi-wt/unity-poc-mac/.omo/evidence/unity-html-poc-ui-parity/task-07/player/Targeting.app/Contents/Resources/Data/Managed/Mono.Security.dll
[277/599    0s] CopyFiles /Users/ilseoblee/workspace/seoul-kenshi-wt/unity-poc-mac/.omo/evidence/unity-html-poc-ui-parity/task-07/player/Targeting.app/Contents/Resources/Data/Managed/Unity.Burst.dll
[278/599    0s] CopyFiles /Users/ilseoblee/workspace/seoul-kenshi-wt/unity-poc-mac/.omo/evidence/unity-html-poc-ui-parity/task-07/player/Targeting.app/Contents/Resources/Data/Managed/UnityEngine.pdb
[279/599    0s] CopyFiles /Users/ilseoblee/workspace/seoul-kenshi-wt/unity-poc-mac/.omo/evidence/unity-html-poc-ui-parity/task-07/player/Targeting.app/Contents/Resources/Data/Managed/Janseon.Art.pdb
[280/599    0s] CopyFiles /Users/ilseoblee/workspace/seoul-kenshi-wt/unity-poc-mac/.omo/evidence/unity-html-poc-ui-parity/task-07/player/Targeting.app/Contents/Resources/Data/Managed/Unity.Burst.pdb
[281/599    0s] CopyFiles /Users/ilseoblee/workspace/seoul-kenshi-wt/unity-poc-mac/.omo/evidence/unity-html-poc-ui-parity/task-07/player/Targeting.app/Contents/Resources/Data/Managed/netstandard.dll
[282/599    0s] CopyFiles /Users/ilseoblee/workspace/seoul-kenshi-wt/unity-poc-mac/.omo/evidence/unity-html-poc-ui-parity/task-07/player/Targeting.app/Contents/Resources/Data/Managed/System.Configuration.dll
[283/599    0s] CopyFiles /Users/ilseoblee/workspace/seoul-kenshi-wt/unity-poc-mac/.omo/evidence/unity-html-poc-ui-parity/task-07/player/Targeting.app/Contents/Resources/Data/Managed/UnityEngine.HotReloadModule.dll
[284/599    0s] CopyFiles /Users/ilseoblee/workspace/seoul-kenshi-wt/unity-poc-mac/.omo/evidence/unity-html-poc-ui-parity/task-07/player/Targeting.app/Contents/Resources/Data/Managed/UnityEngine.XRModule.dll
[285/599    0s] CopyFiles /Users/ilseoblee/workspace/seoul-kenshi-wt/unity-poc-mac/.omo/evidence/unity-html-poc-ui-parity/task-07/player/Targeting.app/Contents/Resources/Data/Managed/System.Transactions.dll
[286/599    0s] CopyFiles /Users/ilseoblee/workspace/seoul-kenshi-wt/unity-poc-mac/.omo/evidence/unity-html-poc-ui-parity/task-07/player/Targeting.app/Contents/Resources/Data/Managed/UnityEngine.TextCoreFontEngineModule.dll
[287/599    0s] CopyFiles /Users/ilseoblee/workspace/seoul-kenshi-wt/unity-poc-mac/.omo/evidence/unity-html-poc-ui-parity/task-07/player/Targeting.app/Contents/Resources/Data/Managed/UnityEngine.StreamingModule.dll
[288/599    0s] CopyFiles /Users/ilseoblee/workspace/seoul-kenshi-wt/unity-poc-mac/.omo/evidence/unity-html-poc-ui-parity/task-07/player/Targeting.app/Contents/Resources/Data/Managed/UnityEngine.HotReloadModule.pdb
[289/599    0s] CopyFiles /Users/ilseoblee/workspace/seoul-kenshi-wt/unity-poc-mac/.omo/evidence/unity-html-poc-ui-parity/task-07/player/Targeting.app/Contents/Resources/Data/Managed/UnityEngine.UnityCurlModule.dll
[290/599    0s] CopyFiles /Users/ilseoblee/workspace/seoul-kenshi-wt/unity-poc-mac/.omo/evidence/unity-html-poc-ui-parity/task-07/player/Targeting.app/Contents/Resources/Data/Managed/UnityEngine.TextCoreTextEngineModule.pdb
[291/599    0s] CopyFiles /Users/ilseoblee/workspace/seoul-kenshi-wt/unity-poc-mac/.omo/evidence/unity-html-poc-ui-parity/task-07/player/Targeting.app/Contents/Resources/Data/Managed/UnityEngine.dll
[292/599    0s] CopyFiles /Users/ilseoblee/workspace/seoul-kenshi-wt/unity-poc-mac/.omo/evidence/unity-html-poc-ui-parity/task-07/player/Targeting.app/Contents/Resources/Data/Managed/mscorlib.dll
[293/599    0s] CopyFiles /Users/ilseoblee/workspace/seoul-kenshi-wt/unity-poc-mac/.omo/evidence/unity-html-poc-ui-parity/task-07/player/Targeting.app/Contents/Resources/Data/Managed/UnityEngine.Physics2DModule.dll
[294/599    0s] CopyFiles /Users/ilseoblee/workspace/seoul-kenshi-wt/unity-poc-mac/.omo/evidence/unity-html-poc-ui-parity/task-07/player/Targeting.app/Contents/Resources/Data/Managed/UnityEngine.Physics2DModule.pdb
[295/599    0s] CopyFiles /Users/ilseoblee/workspace/seoul-kenshi-wt/unity-poc-mac/.omo/evidence/unity-html-poc-ui-parity/task-07/player/Targeting.app/Contents/Resources/Data/Managed/UnityEngine.ScriptingModule.dll
[296/599    0s] CopyFiles /Users/ilseoblee/workspace/seoul-kenshi-wt/unity-poc-mac/.omo/evidence/unity-html-poc-ui-parity/task-07/player/Targeting.app/Contents/Resources/Data/Managed/UnityEngine.StreamingModule.pdb
[297/599    0s] CopyFiles /Users/ilseoblee/workspace/seoul-kenshi-wt/unity-poc-mac/.omo/evidence/unity-html-poc-ui-parity/task-07/player/Targeting.app/Contents/Resources/Data/Managed/UnityEngine.HierarchyModule.pdb
[298/599    0s] CopyFiles /Users/ilseoblee/workspace/seoul-kenshi-wt/unity-poc-mac/.omo/evidence/unity-html-poc-ui-parity/task-07/player/Targeting.app/Contents/Resources/Data/Managed/UnityEngine.ScriptingModule.pdb
[299/599    0s] CopyFiles /Users/ilseoblee/workspace/seoul-kenshi-wt/unity-poc-mac/.omo/evidence/unity-html-poc-ui-parity/task-07/player/Targeting.app/Contents/Resources/Data/Managed/UnityEngine.UnityCurlModule.pdb
[300/599    0s] CopyFiles /Users/ilseoblee/workspace/seoul-kenshi-wt/unity-poc-mac/.omo/evidence/unity-html-poc-ui-parity/task-07/player/Targeting.app/Contents/Resources/Data/Managed/UnityEngine.HierarchyModule.dll
[301/599    0s] CopyFiles /Users/ilseoblee/workspace/seoul-kenshi-wt/unity-poc-mac/.omo/evidence/unity-html-poc-ui-parity/task-07/player/Targeting.app/Contents/Resources/Data/Managed/System.Xml.dll
[302/599    0s] CopyFiles /Users/ilseoblee/workspace/seoul-kenshi-wt/unity-poc-mac/.omo/evidence/unity-html-poc-ui-parity/task-07/player/Targeting.app/Contents/Resources/Data/Managed/Unity.RenderPipeline.Universal.ShaderLibrary.pdb
[303/599    0s] CopyFiles /Users/ilseoblee/workspace/seoul-kenshi-wt/unity-poc-mac/.omo/evidence/unity-html-poc-ui-parity/task-07/player/Targeting.app/Contents/Resources/Data/Managed/UnityEngine.VirtualTexturingModule.pdb
[304/599    0s] CopyFiles /Users/ilseoblee/workspace/seoul-kenshi-wt/unity-poc-mac/.omo/evidence/unity-html-poc-ui-parity/task-07/player/Targeting.app/Contents/Resources/Data/Managed/Unity.Collections.LowLevel.ILSupport.dll
[305/599    0s] CopyFiles /Users/ilseoblee/workspace/seoul-kenshi-wt/unity-poc-mac/.omo/evidence/unity-html-poc-ui-parity/task-07/player/Targeting.app/Contents/Resources/Data/Managed/UnityEngine.UnityWebRequestWWWModule.pdb
[306/599    0s] CopyFiles /Users/ilseoblee/workspace/seoul-kenshi-wt/unity-poc-mac/.omo/evidence/unity-html-poc-ui-parity/task-07/player/Targeting.app/Contents/Resources/Data/Managed/UnityEngine.AnimationModule.pdb
[307/599    0s] CopyFiles /Users/ilseoblee/workspace/seoul-kenshi-wt/unity-poc-mac/.omo/evidence/unity-html-poc-ui-parity/task-07/player/Targeting.app/Contents/Resources/Data/Managed/UnityEngine.VirtualTexturingModule.dll
[308/599    0s] CopyFiles /Users/ilseoblee/workspace/seoul-kenshi-wt/unity-poc-mac/.omo/evidence/unity-html-poc-ui-parity/task-07/player/Targeting.app/Contents/Resources/Data/Managed/UnityEngine.AnimationModule.dll
[309/599    0s] CopyFiles /Users/ilseoblee/workspace/seoul-kenshi-wt/unity-poc-mac/.omo/evidence/unity-html-poc-ui-parity/task-07/player/Targeting.app/Contents/Resources/Data/Managed/UnityEngine.UnityWebRequestWWWModule.dll
[310/599    0s] CopyFiles /Users/ilseoblee/workspace/seoul-kenshi-wt/unity-poc-mac/.omo/evidence/unity-html-poc-ui-parity/task-07/player/Targeting.app/Contents/Resources/Data/Managed/UnityEngine.TetgenModule.pdb
[311/599    0s] CopyFiles /Users/ilseoblee/workspace/seoul-kenshi-wt/unity-poc-mac/.omo/evidence/unity-html-poc-ui-parity/task-07/player/Targeting.app/Contents/Resources/Data/Managed/UnityEngine.GraphicsStateCollectionSerializerModule.dll
[312/599    0s] CopyFiles /Users/ilseoblee/workspace/seoul-kenshi-wt/unity-poc-mac/.omo/evidence/unity-html-poc-ui-parity/task-07/player/Targeting.app/Contents/Resources/Data/Managed/UnityEngine.TetgenModule.dll
[313/599    0s] CopyFiles /Users/ilseoblee/workspace/seoul-kenshi-wt/unity-poc-mac/.omo/evidence/unity-html-poc-ui-parity/task-07/player/Targeting.app/Contents/Resources/Data/Managed/System.Data.dll
[314/599    0s] CopyFiles /Users/ilseoblee/workspace/seoul-kenshi-wt/unity-poc-mac/.omo/evidence/unity-html-poc-ui-parity/task-07/player/Targeting.app/Contents/Resources/Data/Managed/UnityEngine.ShaderVariantAnalyticsModule.dll
[315/599    0s] CopyFiles /Users/ilseoblee/workspace/seoul-kenshi-wt/unity-poc-mac/.omo/evidence/unity-html-poc-ui-parity/task-07/player/Targeting.app/Contents/Resources/Data/Managed/UnityEngine.UnityWebRequestTextureModule.dll
[316/599    0s] CopyFiles /Users/ilseoblee/workspace/seoul-kenshi-wt/unity-poc-mac/.omo/evidence/unity-html-poc-ui-parity/task-07/player/Targeting.app/Contents/Resources/Data/Managed/Unity.RenderPipelines.ShaderGraph.ShaderGraphLibrary.dll
[317/599    0s] CopyFiles /Users/ilseoblee/workspace/seoul-kenshi-wt/unity-poc-mac/.omo/evidence/unity-html-poc-ui-parity/task-07/player/Targeting.app/Contents/Resources/Data/Managed/UnityEngine.TimelineFoundationModule.dll
[318/599    0s] CopyFiles /Users/ilseoblee/workspace/seoul-kenshi-wt/unity-poc-mac/.omo/evidence/unity-html-poc-ui-parity/task-07/player/Targeting.app/Contents/Resources/Data/Managed/UnityEngine.TextCoreTextEngineModule.dll
[319/599    0s] CopyFiles /Users/ilseoblee/workspace/seoul-kenshi-wt/unity-poc-mac/.omo/evidence/unity-html-poc-ui-parity/task-07/player/Targeting.app/Contents/Resources/Data/Managed/System.Core.dll
[320/599    0s] CopyFiles /Users/ilseoblee/workspace/seoul-kenshi-wt/unity-poc-mac/.omo/evidence/unity-html-poc-ui-parity/task-07/player/Targeting.app/Contents/Resources/Data/Managed/Unity.RenderPipelines.Core.ShaderLibrary.dll
[321/599    0s] CopyFiles /Users/ilseoblee/workspace/seoul-kenshi-wt/unity-poc-mac/.omo/evidence/unity-html-poc-ui-parity/task-07/player/Targeting.app/Contents/Resources/Data/Managed/Unity.RenderPipelines.Universal.2D.Runtime.dll
[322/599    0s] CopyFiles /Users/ilseoblee/workspace/seoul-kenshi-wt/unity-poc-mac/.omo/evidence/unity-html-poc-ui-parity/task-07/player/Targeting.app/Contents/Resources/Data/Managed/Unity.RenderPipelines.Core.Runtime.pdb
[323/599    0s] CopyFiles /Users/ilseoblee/workspace/seoul-kenshi-wt/unity-poc-mac/.omo/evidence/unity-html-poc-ui-parity/task-07/player/Targeting.app/Contents/Resources/Data/Managed/UnityEngine.PhysicsBackendPhysXModule.pdb
[324/599    0s] CopyFiles /Users/ilseoblee/workspace/seoul-kenshi-wt/unity-poc-mac/.omo/evidence/unity-html-poc-ui-parity/task-07/player/Targeting.app/Contents/Resources/Data/Managed/Unity.RenderPipeline.Universal.ShaderLibrary.dll
[325/599    0s] CopyFiles /Users/ilseoblee/workspace/seoul-kenshi-wt/unity-poc-mac/.omo/evidence/unity-html-poc-ui-parity/task-07/player/Targeting.app/Contents/Resources/Data/Managed/UnityEngine.ImageConversionModule.pdb
[326/599    0s] CopyFiles /Users/ilseoblee/workspace/seoul-kenshi-wt/unity-poc-mac/.omo/evidence/unity-html-poc-ui-parity/task-07/player/Targeting.app/Contents/Resources/Data/Managed/UnityEngine.PhysicsBackendPhysXModule.dll
[327/599    0s] CopyFiles /Users/ilseoblee/workspace/seoul-kenshi-wt/unity-poc-mac/.omo/evidence/unity-html-poc-ui-parity/task-07/player/Targeting.app/Contents/Resources/Data/Managed/UnityEngine.UnityWebRequestAssetBundleModule.dll
[328/599    0s] CopyFiles /Users/ilseoblee/workspace/seoul-kenshi-wt/unity-poc-mac/.omo/evidence/unity-html-poc-ui-parity/task-07/player/Targeting.app/Contents/Resources/Data/Managed/UnityEngine.AdaptivePerformanceModule.pdb
[329/599    0s] CopyFiles /Users/ilseoblee/workspace/seoul-kenshi-wt/unity-poc-mac/.omo/evidence/unity-html-poc-ui-parity/task-07/player/Targeting.app/Contents/Resources/Data/Managed/Unity.InternalAPIEngineBridge.004.pdb
[330/599    0s] CopyFiles /Users/ilseoblee/workspace/seoul-kenshi-wt/unity-poc-mac/.omo/evidence/unity-html-poc-ui-parity/task-07/player/Targeting.app/Contents/Resources/Data/Managed/UnityEngine.ClusterRendererModule.dll
[331/599    0s] CopyFiles /Users/ilseoblee/workspace/seoul-kenshi-wt/unity-poc-mac/.omo/evidence/unity-html-poc-ui-parity/task-07/player/Targeting.app/Contents/Resources/Data/Managed/System.ComponentModel.Composition.dll
[332/599    0s] CopyFiles /Users/ilseoblee/workspace/seoul-kenshi-wt/unity-poc-mac/.omo/evidence/unity-html-poc-ui-parity/task-07/player/Targeting.app/Contents/Resources/Data/Managed/UnityEngine.ImageConversionModule.dll
[333/599    0s] CopyFiles /Users/ilseoblee/workspace/seoul-kenshi-wt/unity-poc-mac/.omo/evidence/unity-html-poc-ui-parity/task-07/player/Targeting.app/Contents/Resources/Data/Managed/UnityEngine.UnityWebRequestModule.pdb
[334/599    0s] CopyFiles /Users/ilseoblee/workspace/seoul-kenshi-wt/unity-poc-mac/.omo/evidence/unity-html-poc-ui-parity/task-07/player/Targeting.app/Contents/Resources/Data/Managed/UnityEngine.ClusterRendererModule.pdb
[335/599    0s] CopyFiles /Users/ilseoblee/workspace/seoul-kenshi-wt/unity-poc-mac/.omo/evidence/unity-html-poc-ui-parity/task-07/player/Targeting.app/Contents/Resources/Data/Managed/UnityEngine.RuntimeInitializeOnLoadManagerInitializerModule.dll
[336/599    0s] CopyFiles /Users/ilseoblee/workspace/seoul-kenshi-wt/unity-poc-mac/.omo/evidence/unity-html-poc-ui-parity/task-07/player/Targeting.app/Contents/Resources/Data/Managed/Unity.InternalAPIEngineBridge.004.dll
[337/599    0s] CopyFiles /Users/ilseoblee/workspace/seoul-kenshi-wt/unity-poc-mac/.omo/evidence/unity-html-poc-ui-parity/task-07/player/Targeting.app/Contents/Resources/Data/Managed/UnityEngine.RuntimeInitializeOnLoadManagerInitializerModule.pdb
[338/599    0s] CopyFiles /Users/ilseoblee/workspace/seoul-kenshi-wt/unity-poc-mac/.omo/evidence/unity-html-poc-ui-parity/task-07/player/Targeting.app/Contents/Resources/Data/Managed/Unity.RenderPipelines.Core.Runtime.dll
[339/599    0s] CopyFiles /Users/ilseoblee/workspace/seoul-kenshi-wt/unity-poc-mac/.omo/evidence/unity-html-poc-ui-parity/task-07/player/Targeting.app/Contents/Resources/Data/Managed/UnityEngine.UnityWebRequestModule.dll
[340/599    0s] CopyFiles /Users/ilseoblee/workspace/seoul-kenshi-wt/unity-poc-mac/.omo/evidence/unity-html-poc-ui-parity/task-07/player/Targeting.app/Contents/Resources/Data/Managed/UnityEngine.RenderAs2DModule.dll
[341/599    0s] CopyFiles /Users/ilseoblee/workspace/seoul-kenshi-wt/unity-poc-mac/.omo/evidence/unity-html-poc-ui-parity/task-07/player/Targeting.app/Contents/Resources/Data/Managed/UnityEngine.UnityAnalyticsModule.dll
[342/599    0s] CopyFiles /Users/ilseoblee/workspace/seoul-kenshi-wt/unity-poc-mac/.omo/evidence/unity-html-poc-ui-parity/task-07/player/Targeting.app/Contents/Resources/Data/Managed/UnityEngine.SubsystemsModule.dll
[343/599    0s] CopyFiles /Users/ilseoblee/workspace/seoul-kenshi-wt/unity-poc-mac/.omo/evidence/unity-html-poc-ui-parity/task-07/player/Targeting.app/Contents/Resources/Data/Managed/UnityEngine.AdaptivePerformanceModule.dll
[344/599    0s] CopyFiles /Users/ilseoblee/workspace/seoul-kenshi-wt/unity-poc-mac/.omo/evidence/unity-html-poc-ui-parity/task-07/player/Targeting.app/Contents/Resources/Data/Managed/UnityEngine.RenderAs2DModule.pdb
[345/599    0s] CopyFiles /Users/ilseoblee/workspace/seoul-kenshi-wt/unity-poc-mac/.omo/evidence/unity-html-poc-ui-parity/task-07/player/Targeting.app/Contents/Resources/Data/Managed/UnityEngine.GameCenterModule.dll
[346/599    0s] CopyFiles /Users/ilseoblee/workspace/seoul-kenshi-wt/unity-poc-mac/.omo/evidence/unity-html-poc-ui-parity/task-07/player/Targeting.app/Contents/Resources/Data/Managed/UnityEngine.SpriteMaskModule.dll
[347/599    0s] CopyFiles /Users/ilseoblee/workspace/seoul-kenshi-wt/unity-poc-mac/.omo/evidence/unity-html-poc-ui-parity/task-07/player/Targeting.app/Contents/Resources/Data/Managed/UnityEngine.ParticleSystemModule.dll
[348/599    0s] CopyFiles /Users/ilseoblee/workspace/seoul-kenshi-wt/unity-poc-mac/.omo/evidence/unity-html-poc-ui-parity/task-07/player/Targeting.app/Contents/Resources/Data/Managed/UnityEngine.SubsystemsModule.pdb
[349/599    0s] CopyFiles /Users/ilseoblee/workspace/seoul-kenshi-wt/unity-poc-mac/.omo/evidence/unity-html-poc-ui-parity/task-07/player/Targeting.app/Contents/Resources/Data/Managed/UnityEngine.U2DRuntimeModule.dll
[350/599    0s] CopyFiles /Users/ilseoblee/workspace/seoul-kenshi-wt/unity-poc-mac/.omo/evidence/unity-html-poc-ui-parity/task-07/player/Targeting.app/Contents/Resources/Data/Managed/UnityEngine.PropertiesModule.dll
[351/599    0s] CopyFiles /Users/ilseoblee/workspace/seoul-kenshi-wt/unity-poc-mac/.omo/evidence/unity-html-poc-ui-parity/task-07/player/Targeting.app/Contents/Resources/Data/Managed/UnityEngine.GameCenterModule.pdb
[352/599    0s] CopyFiles /Users/ilseoblee/workspace/seoul-kenshi-wt/unity-poc-mac/.omo/evidence/unity-html-poc-ui-parity/task-07/player/Targeting.app/Contents/Resources/Data/Managed/UnityEngine.InputForUIModule.dll
[353/599    0s] CopyFiles /Users/ilseoblee/workspace/seoul-kenshi-wt/unity-poc-mac/.omo/evidence/unity-html-poc-ui-parity/task-07/player/Targeting.app/Contents/Resources/Data/Managed/UnityEngine.AndroidJNIModule.dll
[354/599    0s] CopyFiles /Users/ilseoblee/workspace/seoul-kenshi-wt/unity-poc-mac/.omo/evidence/unity-html-poc-ui-parity/task-07/player/Targeting.app/Contents/Resources/Data/Managed/System.Collections.Immutable.dll
[355/599    0s] CopyFiles /Users/ilseoblee/workspace/seoul-kenshi-wt/unity-poc-mac/.omo/evidence/unity-html-poc-ui-parity/task-07/player/Targeting.app/Contents/Resources/Data/Managed/UnityEngine.SpriteMaskModule.pdb
[356/599    0s] CopyFiles /Users/ilseoblee/workspace/seoul-kenshi-wt/unity-poc-mac/.omo/evidence/unity-html-poc-ui-parity/task-07/player/Targeting.app/Contents/Resources/Data/Managed/UnityEngine.PropertiesModule.pdb
[357/599    0s] CopyFiles /Users/ilseoblee/workspace/seoul-kenshi-wt/unity-poc-mac/.omo/evidence/unity-html-poc-ui-parity/task-07/player/Targeting.app/Contents/Resources/Data/Managed/UnityEngine.U2DRuntimeModule.pdb
[358/599    0s] CopyFiles /Users/ilseoblee/workspace/seoul-kenshi-wt/unity-poc-mac/.omo/evidence/unity-html-poc-ui-parity/task-07/player/Targeting.app/Contents/Resources/Data/Managed/UnityEngine.AndroidJNIModule.pdb
[359/599    0s] CopyFiles /Users/ilseoblee/workspace/seoul-kenshi-wt/unity-poc-mac/.omo/evidence/unity-html-poc-ui-parity/task-07/player/Targeting.app/Contents/Resources/Data/Managed/UnityEngine.InputForUIModule.pdb
[360/599    0s] CopyFiles /Users/ilseoblee/workspace/seoul-kenshi-wt/unity-poc-mac/.omo/evidence/unity-html-poc-ui-parity/task-07/player/Targeting.app/Contents/Resources/Data/Managed/UnityEngine.CrashReportingModule.dll
[361/599    0s] CopyFiles /Users/ilseoblee/workspace/seoul-kenshi-wt/unity-poc-mac/.omo/evidence/unity-html-poc-ui-parity/task-07/player/Targeting.app/Contents/Resources/Data/Managed/System.IO.Compression.FileSystem.dll
[362/599    0s] CopyFiles /Users/ilseoblee/workspace/seoul-kenshi-wt/unity-poc-mac/.omo/evidence/unity-html-poc-ui-parity/task-07/player/Targeting.app/Contents/Resources/Data/Managed/UnityEngine.UnityAnalyticsModule.pdb
[363/599    0s] CopyFiles /Users/ilseoblee/workspace/seoul-kenshi-wt/unity-poc-mac/.omo/evidence/unity-html-poc-ui-parity/task-07/player/Targeting.app/Contents/Resources/Data/Managed/Unity.RenderPipelines.ShaderGraph.ShaderGraphLibrary.pdb
[364/599    0s] CopyFiles /Users/ilseoblee/workspace/seoul-kenshi-wt/unity-poc-mac/.omo/evidence/unity-html-poc-ui-parity/task-07/player/Targeting.app/Contents/Resources/Data/Managed/UnityEngine.ClusterInputModule.pdb
[365/599    0s] CopyFiles /Users/ilseoblee/workspace/seoul-kenshi-wt/unity-poc-mac/.omo/evidence/unity-html-poc-ui-parity/task-07/player/Targeting.app/Contents/Resources/Data/Managed/UnityEngine.UnityConsentModule.pdb
[366/599    0s] CopyFiles /Users/ilseoblee/workspace/seoul-kenshi-wt/unity-poc-mac/.omo/evidence/unity-html-poc-ui-parity/task-07/player/Targeting.app/Contents/Resources/Data/Managed/System.Runtime.Serialization.dll
[367/599    0s] CopyFiles /Users/ilseoblee/workspace/seoul-kenshi-wt/unity-poc-mac/.omo/evidence/unity-html-poc-ui-parity/task-07/player/Targeting.app/Contents/Resources/Data/Managed/UnityEngine.CrashReportingModule.pdb
[368/599    0s] CopyFiles /Users/ilseoblee/workspace/seoul-kenshi-wt/unity-poc-mac/.omo/evidence/unity-html-poc-ui-parity/task-07/player/Targeting.app/Contents/Resources/Data/Managed/UnityEngine.UnityConnectModule.pdb
[369/599    0s] CopyFiles /Users/ilseoblee/workspace/seoul-kenshi-wt/unity-poc-mac/.omo/evidence/unity-html-poc-ui-parity/task-07/player/Targeting.app/Contents/Resources/Data/Managed/UnityEngine.ParticleSystemModule.pdb
[370/599    0s] CopyFiles /Users/ilseoblee/workspace/seoul-kenshi-wt/unity-poc-mac/.omo/evidence/unity-html-poc-ui-parity/task-07/player/Targeting.app/Contents/Resources/Data/Managed/UnityEngine.UnityConsentModule.dll
[371/599    0s] CopyFiles /Users/ilseoblee/workspace/seoul-kenshi-wt/unity-poc-mac/.omo/evidence/unity-html-poc-ui-parity/task-07/player/Targeting.app/Contents/Resources/Data/Managed/UnityEngine.LocalizationModule.pdb
[372/599    0s] CopyFiles /Users/ilseoblee/workspace/seoul-kenshi-wt/unity-poc-mac/.omo/evidence/unity-html-poc-ui-parity/task-07/player/Targeting.app/Contents/Resources/Data/Managed/UnityEngine.TerrainPhysicsModule.dll
[373/599    0s] CopyFiles /Users/ilseoblee/workspace/seoul-kenshi-wt/unity-poc-mac/.omo/evidence/unity-html-poc-ui-parity/task-07/player/Targeting.app/Contents/Resources/Data/Managed/UnityEngine.VectorGraphicsModule.dll
[374/599    0s] CopyFiles /Users/ilseoblee/workspace/seoul-kenshi-wt/unity-poc-mac/.omo/evidence/unity-html-poc-ui-parity/task-07/player/Targeting.app/Contents/Resources/Data/Managed/UnityEngine.SmartStringsModule.pdb
[375/599    0s] CopyFiles /Users/ilseoblee/workspace/seoul-kenshi-wt/unity-poc-mac/.omo/evidence/unity-html-poc-ui-parity/task-07/player/Targeting.app/Contents/Resources/Data/Managed/UnityEngine.ClusterInputModule.dll
[376/599    0s] CopyFiles /Users/ilseoblee/workspace/seoul-kenshi-wt/unity-poc-mac/.omo/evidence/unity-html-poc-ui-parity/task-07/player/Targeting.app/Contents/Resources/Data/Managed/UnityEngine.LocalizationModule.dll
[377/599    0s] CopyFiles /Users/ilseoblee/workspace/seoul-kenshi-wt/unity-poc-mac/.omo/evidence/unity-html-poc-ui-parity/task-07/player/Targeting.app/Contents/Resources/Data/Managed/UnityEngine.UnityConnectModule.dll
[378/599    0s] CopyFiles /Users/ilseoblee/workspace/seoul-kenshi-wt/unity-poc-mac/.omo/evidence/unity-html-poc-ui-parity/task-07/player/Targeting.app/Contents/Resources/Data/Managed/UnityEngine.InsightsModule.dll
[379/599    0s] CopyFiles /Users/ilseoblee/workspace/seoul-kenshi-wt/unity-poc-mac/.omo/evidence/unity-html-poc-ui-parity/task-07/player/Targeting.app/Contents/Resources/Data/Managed/UnityEngine.UIElementsModule.pdb
[380/599    0s] CopyFiles /Users/ilseoblee/workspace/seoul-kenshi-wt/unity-poc-mac/.omo/evidence/unity-html-poc-ui-parity/task-07/player/Targeting.app/Contents/Resources/Data/Managed/UnityEngine.UIElementsModule.dll
[381/599    0s] CopyFiles /Users/ilseoblee/workspace/seoul-kenshi-wt/unity-poc-mac/.omo/evidence/unity-html-poc-ui-parity/task-07/player/Targeting.app/Contents/Resources/Data/Managed/UnityEngine.DSPGraphModule.dll
[382/599    0s] CopyFiles /Users/ilseoblee/workspace/seoul-kenshi-wt/unity-poc-mac/.omo/evidence/unity-html-poc-ui-parity/task-07/player/Targeting.app/Contents/Resources/Data/Managed/UnityEngine.DirectorModule.pdb
[383/599    0s] CopyFiles /Users/ilseoblee/workspace/seoul-kenshi-wt/unity-poc-mac/.omo/evidence/unity-html-poc-ui-parity/task-07/player/Targeting.app/Contents/Resources/Data/Managed/UnityEngine.DirectorModule.dll
[384/599    0s] CopyFiles /Users/ilseoblee/workspace/seoul-kenshi-wt/unity-poc-mac/.omo/evidence/unity-html-poc-ui-parity/task-07/player/Targeting.app/Contents/Resources/Data/Managed/UnityEngine.InsightsModule.pdb
[385/599    0s] CopyFiles /Users/ilseoblee/workspace/seoul-kenshi-wt/unity-poc-mac/.omo/evidence/unity-html-poc-ui-parity/task-07/player/Targeting.app/Contents/Resources/Data/Managed/UnityEngine.VehiclesModule.dll
[386/599    0s] CopyFiles /Users/ilseoblee/workspace/seoul-kenshi-wt/unity-poc-mac/.omo/evidence/unity-html-poc-ui-parity/task-07/player/Targeting.app/Contents/Resources/Data/Managed/UnityEngine.SmartStringsModule.dll
[387/599    0s] CopyFiles /Users/ilseoblee/workspace/seoul-kenshi-wt/unity-poc-mac/.omo/evidence/unity-html-poc-ui-parity/task-07/player/Targeting.app/Contents/Resources/Data/Managed/Unity.SurfaceCache.Runtime.dll
[388/599    0s] CopyFiles /Users/ilseoblee/workspace/seoul-kenshi-wt/unity-poc-mac/.omo/evidence/unity-html-poc-ui-parity/task-07/player/Targeting.app/Contents/Resources/Data/Managed/UnityEngine.VectorGraphicsModule.pdb
[389/599    0s] CopyFiles /Users/ilseoblee/workspace/seoul-kenshi-wt/unity-poc-mac/.omo/evidence/unity-html-poc-ui-parity/task-07/player/Targeting.app/Contents/Resources/Data/Managed/UnityEngine.DSPGraphModule.pdb
[390/599    0s] CopyFiles /Users/ilseoblee/workspace/seoul-kenshi-wt/unity-poc-mac/.omo/evidence/unity-html-poc-ui-parity/task-07/player/Targeting.app/Contents/Resources/Data/Managed/System.Reflection.Metadata.dll
[391/599    0s] CopyFiles /Users/ilseoblee/workspace/seoul-kenshi-wt/unity-poc-mac/.omo/evidence/unity-html-poc-ui-parity/task-07/player/Targeting.app/Contents/Resources/Data/Managed/UnityEngine.VehiclesModule.pdb
[392/599    0s] CopyFiles /Users/ilseoblee/workspace/seoul-kenshi-wt/unity-poc-mac/.omo/evidence/unity-html-poc-ui-parity/task-07/player/Targeting.app/Contents/Resources/Data/Managed/Unity.RenderPipelines.Universal.Config.Runtime.dll
[393/599    0s] CopyFiles /Users/ilseoblee/workspace/seoul-kenshi-wt/unity-poc-mac/.omo/evidence/unity-html-poc-ui-parity/task-07/player/Targeting.app/Contents/Resources/Data/Managed/UnityEngine.TerrainPhysicsModule.pdb
[394/599    0s] CopyFiles /Users/ilseoblee/workspace/seoul-kenshi-wt/unity-poc-mac/.omo/evidence/unity-html-poc-ui-parity/task-07/player/Targeting.app/Contents/Resources/Data/Managed/UnityEngine.UnityWebRequestAudioModule.dll
[395/599    0s] CopyFiles /Users/ilseoblee/workspace/seoul-kenshi-wt/unity-poc-mac/.omo/evidence/unity-html-poc-ui-parity/task-07/player/Targeting.app/Contents/Resources/Data/Managed/Unity.SurfaceCache.Runtime.pdb
[396/599    0s] CopyFiles /Users/ilseoblee/workspace/seoul-kenshi-wt/unity-poc-mac/.omo/evidence/unity-html-poc-ui-parity/task-07/player/Targeting.app/Contents/Resources/Data/Managed/UnityEngine.PerformanceReportingModule.pdb
[397/599    0s] CopyFiles /Users/ilseoblee/workspace/seoul-kenshi-wt/unity-poc-mac/.omo/evidence/unity-html-poc-ui-parity/task-07/player/Targeting.app/Contents/Resources/Data/Managed/UnityEngine.UnityAnalyticsCommonModule.dll
[398/599    0s] CopyFiles /Users/ilseoblee/workspace/seoul-kenshi-wt/unity-poc-mac/.omo/evidence/unity-html-poc-ui-parity/task-07/player/Targeting.app/Contents/Resources/Data/Managed/UnityEngine.UnityAnalyticsCommonModule.pdb
[399/599    0s] CopyFiles /Users/ilseoblee/workspace/seoul-kenshi-wt/unity-poc-mac/.omo/evidence/unity-html-poc-ui-parity/task-07/player/Targeting.app/Contents/Resources/Data/Managed/UnityEngine.VideoModule.pdb
[400/599    0s] CopyFiles /Users/ilseoblee/workspace/seoul-kenshi-wt/unity-poc-mac/.omo/evidence/unity-html-poc-ui-parity/task-07/player/Targeting.app/Contents/Resources/Data/Managed/Unity.InputSystem.ForUI.pdb
[401/599    0s] CopyFiles /Users/ilseoblee/workspace/seoul-kenshi-wt/unity-poc-mac/.omo/evidence/unity-html-poc-ui-parity/task-07/player/Targeting.app/Contents/Resources/Data/Managed/UnityEngine.UmbraModule.pdb
[402/599    0s] CopyFiles /Users/ilseoblee/workspace/seoul-kenshi-wt/unity-poc-mac/.omo/evidence/unity-html-poc-ui-parity/task-07/player/Targeting.app/Contents/Resources/Data/Managed/UnityEngine.ClothModule.pdb
[403/599    0s] CopyFiles /Users/ilseoblee/workspace/seoul-kenshi-wt/unity-poc-mac/.omo/evidence/unity-html-poc-ui-parity/task-07/player/Targeting.app/Contents/Resources/Data/Managed/UnityEngine.IMGUIModule.pdb
[404/599    0s] CopyFiles /Users/ilseoblee/workspace/seoul-kenshi-wt/unity-poc-mac/.omo/evidence/unity-html-poc-ui-parity/task-07/player/Targeting.app/Contents/Resources/Data/Managed/UnityEngine.InputModule.pdb
[405/599    0s] CopyFiles /Users/ilseoblee/workspace/seoul-kenshi-wt/unity-poc-mac/.omo/evidence/unity-html-poc-ui-parity/task-07/player/Targeting.app/Contents/Resources/Data/Managed/UnityEngine.AudioModule.pdb
[406/599    0s] CopyFiles /Users/ilseoblee/workspace/seoul-kenshi-wt/unity-poc-mac/.omo/evidence/unity-html-poc-ui-parity/task-07/player/Targeting.app/Contents/Resources/Data/Managed/UnityEngine.UmbraModule.dll
[407/599    0s] CopyFiles /Users/ilseoblee/workspace/seoul-kenshi-wt/unity-poc-mac/.omo/evidence/unity-html-poc-ui-parity/task-07/player/Targeting.app/Contents/Resources/Data/Managed/Unity.InputSystem.ForUI.dll
[408/599    0s] CopyFiles /Users/ilseoblee/workspace/seoul-kenshi-wt/unity-poc-mac/.omo/evidence/unity-html-poc-ui-parity/task-07/player/Targeting.app/Contents/Resources/Data/Managed/UnityEngine.ClothModule.dll
[409/599    0s] CopyFiles /Users/ilseoblee/workspace/seoul-kenshi-wt/unity-poc-mac/.omo/evidence/unity-html-poc-ui-parity/task-07/player/Targeting.app/Contents/Resources/Data/Managed/UnityEngine.BurstModule.pdb
[410/599    0s] CopyFiles /Users/ilseoblee/workspace/seoul-kenshi-wt/unity-poc-mac/.omo/evidence/unity-html-poc-ui-parity/task-07/player/Targeting.app/Contents/Resources/Data/Managed/UnityEngine.VideoModule.dll
[411/599    0s] CopyFiles /Users/ilseoblee/workspace/seoul-kenshi-wt/unity-poc-mac/.omo/evidence/unity-html-poc-ui-parity/task-07/player/Targeting.app/Contents/Resources/Data/Managed/UnityEngine.InputModule.dll
[412/599    0s] CopyFiles /Users/ilseoblee/workspace/seoul-kenshi-wt/unity-poc-mac/.omo/evidence/unity-html-poc-ui-parity/task-07/player/Targeting.app/Contents/Resources/Data/Managed/UnityEngine.AudioModule.dll
[413/599    0s] CopyFiles /Users/ilseoblee/workspace/seoul-kenshi-wt/unity-poc-mac/.omo/evidence/unity-html-poc-ui-parity/task-07/player/Targeting.app/Contents/Resources/Data/Managed/UnityEngine.ManagedKernelModule.pdb
[414/599    0s] CopyFiles /Users/ilseoblee/workspace/seoul-kenshi-wt/unity-poc-mac/.omo/evidence/unity-html-poc-ui-parity/task-07/player/Targeting.app/Contents/Resources/Data/Managed/UnityEngine.PerformanceReportingModule.dll
[415/599    0s] CopyFiles /Users/ilseoblee/workspace/seoul-kenshi-wt/unity-poc-mac/.omo/evidence/unity-html-poc-ui-parity/task-07/player/Targeting.app/Contents/Resources/Data/Managed/UnityEngine.UnityWebRequestAudioModule.pdb
[416/599    0s] CopyFiles /Users/ilseoblee/workspace/seoul-kenshi-wt/unity-poc-mac/.omo/evidence/unity-html-poc-ui-parity/task-07/player/Targeting.app/Contents/Resources/Data/Managed/System.Runtime.CompilerServices.Unsafe.dll
[417/599    0s] CopyFiles /Users/ilseoblee/workspace/seoul-kenshi-wt/unity-poc-mac/.omo/evidence/unity-html-poc-ui-parity/task-07/player/Targeting.app/Contents/Resources/Data/Managed/Unity.RenderPipelines.Core.Runtime.Shared.dll
[418/599    0s] CopyFiles /Users/ilseoblee/workspace/seoul-kenshi-wt/unity-poc-mac/.omo/evidence/unity-html-poc-ui-parity/task-07/player/Targeting.app/Contents/Resources/Data/Managed/UnityEngine.BurstModule.dll
[419/599    0s] CopyFiles /Users/ilseoblee/workspace/seoul-kenshi-wt/unity-poc-mac/.omo/evidence/unity-html-poc-ui-parity/task-07/player/Targeting.app/Contents/Resources/Data/Managed/UnityEngine.ScreenCaptureModule.pdb
[420/599    0s] CopyFiles /Users/ilseoblee/workspace/seoul-kenshi-wt/unity-poc-mac/.omo/evidence/unity-html-poc-ui-parity/task-07/player/Targeting.app/Contents/Resources/Data/Managed/UnityEngine.IMGUIModule.dll
[421/599    0s] CopyFiles /Users/ilseoblee/workspace/seoul-kenshi-wt/unity-poc-mac/.omo/evidence/unity-html-poc-ui-parity/task-07/player/Targeting.app/Contents/Resources/Data/Managed/UnityEngine.JSONSerializeModule.pdb
[422/599    0s] CopyFiles /Users/ilseoblee/workspace/seoul-kenshi-wt/unity-poc-mac/.omo/evidence/unity-html-poc-ui-parity/task-07/player/Targeting.app/Contents/Resources/Data/Managed/UnityEngine.AccessibilityModule.pdb
[423/599    0s] CopyFiles /Users/ilseoblee/workspace/seoul-kenshi-wt/unity-poc-mac/.omo/evidence/unity-html-poc-ui-parity/task-07/player/Targeting.app/Contents/Resources/Data/Managed/UnityEngine.HierarchyCoreModule.pdb
[424/599    0s] CopyFiles /Users/ilseoblee/workspace/seoul-kenshi-wt/unity-poc-mac/.omo/evidence/unity-html-poc-ui-parity/task-07/player/Targeting.app/Contents/Resources/Data/Managed/UnityEngine.SpriteShapeModule.pdb
[425/599    0s] CopyFiles /Users/ilseoblee/workspace/seoul-kenshi-wt/unity-poc-mac/.omo/evidence/unity-html-poc-ui-parity/task-07/player/Targeting.app/Contents/Resources/Data/Managed/UnityEngine.PhysicsCore2DModule.pdb
[426/599    0s] CopyFiles /Users/ilseoblee/workspace/seoul-kenshi-wt/unity-poc-mac/.omo/evidence/unity-html-poc-ui-parity/task-07/player/Targeting.app/Contents/Resources/Data/Managed/UnityEngine.IdentifiersModule.pdb
[427/599    0s] CopyFiles /Users/ilseoblee/workspace/seoul-kenshi-wt/unity-poc-mac/.omo/evidence/unity-html-poc-ui-parity/task-07/player/Targeting.app/Contents/Resources/Data/Managed/UnityEngine.InputLegacyModule.pdb
[428/599    0s] CopyFiles /Users/ilseoblee/workspace/seoul-kenshi-wt/unity-poc-mac/.omo/evidence/unity-html-poc-ui-parity/task-07/player/Targeting.app/Contents/Resources/Data/Managed/System.Data.DataSetExtensions.dll
[429/599    0s] CopyFiles /Users/ilseoblee/workspace/seoul-kenshi-wt/unity-poc-mac/.omo/evidence/unity-html-poc-ui-parity/task-07/player/Targeting.app/Contents/Resources/Data/Managed/UnityEngine.MultiplayerModule.pdb
[430/599    0s] CopyFiles /Users/ilseoblee/workspace/seoul-kenshi-wt/unity-poc-mac/.omo/evidence/unity-html-poc-ui-parity/task-07/player/Targeting.app/Contents/Resources/Data/Managed/UnityEngine.AssetBundleModule.pdb
[431/599    0s] CopyFiles /Users/ilseoblee/workspace/seoul-kenshi-wt/unity-poc-mac/.omo/evidence/unity-html-poc-ui-parity/task-07/player/Targeting.app/Contents/Resources/Data/Managed/UnityEngine.MarshallingModule.pdb
[432/599    0s] CopyFiles /Users/ilseoblee/workspace/seoul-kenshi-wt/unity-poc-mac/.omo/evidence/unity-html-poc-ui-parity/task-07/player/Targeting.app/Contents/Resources/Data/Managed/UnityEngine.IdentifiersModule.dll
[433/599    0s] CopyFiles /Users/ilseoblee/workspace/seoul-kenshi-wt/unity-poc-mac/.omo/evidence/unity-html-poc-ui-parity/task-07/player/Targeting.app/Contents/Resources/Data/Managed/UnityEngine.SpriteShapeModule.dll
[434/599    0s] CopyFiles /Users/ilseoblee/workspace/seoul-kenshi-wt/unity-poc-mac/.omo/evidence/unity-html-poc-ui-parity/task-07/player/Targeting.app/Contents/Resources/Data/Managed/UnityEngine.ContentLoadModule.pdb
[435/599    0s] CopyFiles /Users/ilseoblee/workspace/seoul-kenshi-wt/unity-poc-mac/.omo/evidence/unity-html-poc-ui-parity/task-07/player/Targeting.app/Contents/Resources/Data/Managed/System.ServiceModel.Internals.dll
[436/599    0s] CopyFiles /Users/ilseoblee/workspace/seoul-kenshi-wt/unity-poc-mac/.omo/evidence/unity-html-poc-ui-parity/task-07/player/Targeting.app/Contents/Resources/Data/Managed/UnityEngine.MathematicsModule.pdb
[437/599    0s] CopyFiles /Users/ilseoblee/workspace/seoul-kenshi-wt/unity-poc-mac/.omo/evidence/unity-html-poc-ui-parity/task-07/player/Targeting.app/Contents/Resources/Data/Managed/UnityEngine.MultiplayerModule.dll
[438/599    0s] CopyFiles /Users/ilseoblee/workspace/seoul-kenshi-wt/unity-poc-mac/.omo/evidence/unity-html-poc-ui-parity/task-07/player/Targeting.app/Contents/Resources/Data/Managed/UnityEngine.InputLegacyModule.dll
[439/599    0s] CopyFiles /Users/ilseoblee/workspace/seoul-kenshi-wt/unity-poc-mac/.omo/evidence/unity-html-poc-ui-parity/task-07/player/Targeting.app/Contents/Resources/Data/Managed/UnityEngine.ContentLoadModule.dll
[440/599    0s] CopyFiles /Users/ilseoblee/workspace/seoul-kenshi-wt/unity-poc-mac/.omo/evidence/unity-html-poc-ui-parity/task-07/player/Targeting.app/Contents/Resources/Data/Managed/UnityEngine.AssetBundleModule.dll
[441/599    0s] CopyFiles /Users/ilseoblee/workspace/seoul-kenshi-wt/unity-poc-mac/.omo/evidence/unity-html-poc-ui-parity/task-07/player/Targeting.app/Contents/Resources/Data/Managed/UnityEngine.TextRenderingModule.pdb
[442/599    0s] CopyFiles /Users/ilseoblee/workspace/seoul-kenshi-wt/unity-poc-mac/.omo/evidence/unity-html-poc-ui-parity/task-07/player/Targeting.app/Contents/Resources/Data/Managed/UnityEngine.MarshallingModule.dll
[443/599    0s] CopyFiles /Users/ilseoblee/workspace/seoul-kenshi-wt/unity-poc-mac/.omo/evidence/unity-html-poc-ui-parity/task-07/player/Targeting.app/Contents/Resources/Data/Managed/Unity.UnifiedRayTracing.Runtime.dll
[444/599    0s] CopyFiles /Users/ilseoblee/workspace/seoul-kenshi-wt/unity-poc-mac/.omo/evidence/unity-html-poc-ui-parity/task-07/player/Targeting.app/Contents/Resources/Data/Managed/UnityEngine.ManagedKernelModule.dll
[445/599    0s] CopyFiles /Users/ilseoblee/workspace/seoul-kenshi-wt/unity-poc-mac/.omo/evidence/unity-html-poc-ui-parity/task-07/player/Targeting.app/Contents/Resources/Data/Managed/UnityEngine.MathematicsModule.dll
[446/599    0s] CopyFiles /Users/ilseoblee/workspace/seoul-kenshi-wt/unity-poc-mac/.omo/evidence/unity-html-poc-ui-parity/task-07/player/Targeting.app/Contents/Resources/Data/Managed/UnityEngine.ScreenCaptureModule.dll
[447/599    0s] CopyFiles /Users/ilseoblee/workspace/seoul-kenshi-wt/unity-poc-mac/.omo/evidence/unity-html-poc-ui-parity/task-07/player/Targeting.app/Contents/Resources/Data/Managed/UnityEngine.JSONSerializeModule.dll
[448/599    0s] CopyFiles /Users/ilseoblee/workspace/seoul-kenshi-wt/unity-poc-mac/.omo/evidence/unity-html-poc-ui-parity/task-07/player/Targeting.app/Contents/Resources/Data/Managed/Unity.UnifiedRayTracing.Runtime.pdb
[449/599    0s] CopyFiles /Users/ilseoblee/workspace/seoul-kenshi-wt/unity-poc-mac/.omo/evidence/unity-html-poc-ui-parity/task-07/player/Targeting.app/Contents/Resources/Data/Managed/UnityEngine.TextRenderingModule.dll
[450/599    0s] CopyFiles /Users/ilseoblee/workspace/seoul-kenshi-wt/unity-poc-mac/.omo/evidence/unity-html-poc-ui-parity/task-07/player/Targeting.app/Contents/Resources/Data/Managed/UnityEngine.AccessibilityModule.dll
[451/599    0s] CopyFiles /Users/ilseoblee/workspace/seoul-kenshi-wt/unity-poc-mac/.omo/evidence/unity-html-poc-ui-parity/task-07/player/Targeting.app/Contents/Resources/Data/Managed/Unity.RenderPipelines.Universal.2D.Runtime.pdb
[452/599    0s] CopyFiles /Users/ilseoblee/workspace/seoul-kenshi-wt/unity-poc-mac/.omo/evidence/unity-html-poc-ui-parity/task-07/player/Targeting.app/Contents/Resources/Data/Managed/UnityEngine.HierarchyCoreModule.dll
[453/599    0s] CopyFiles /Users/ilseoblee/workspace/seoul-kenshi-wt/unity-poc-mac/.omo/evidence/unity-html-poc-ui-parity/task-07/player/Targeting.app/Contents/Resources/Data/Managed/UnityEngine.PhysicsCore2DModule.dll
[454/599    0s] ExtractUsedFeatures Library/Bee/artifacts/MacStandalonePlayerBuildProgram/Features/UnityEngine.ClusterRendererModule-FeaturesChecked.txt
[455/599    0s] ExtractUsedFeatures Library/Bee/artifacts/MacStandalonePlayerBuildProgram/Features/UnityEngine.UnityConsentModule-FeaturesChecked.txt
[456/599    0s] ExtractUsedFeatures Library/Bee/artifacts/MacStandalonePlayerBuildProgram/Features/UnityEngine.GIModule-FeaturesChecked.txt
[457/599    0s] ExtractUsedFeatures Library/Bee/artifacts/MacStandalonePlayerBuildProgram/Features/UnityEngine.UnityWebRequestTextureModule-FeaturesChecked.txt
[458/599    0s] ExtractUsedFeatures Library/Bee/artifacts/MacStandalonePlayerBuildProgram/Features/Janseon.Foundation-FeaturesChecked.txt
[459/599    0s] ExtractUsedFeatures Library/Bee/artifacts/MacStandalonePlayerBuildProgram/Features/UnityEngine-FeaturesChecked.txt
[460/599    0s] ExtractUsedFeatures Library/Bee/artifacts/MacStandalonePlayerBuildProgram/Features/UnityEngine.UnityWebRequestModule-FeaturesChecked.txt
[461/599    0s] ExtractUsedFeatures Library/Bee/artifacts/MacStandalonePlayerBuildProgram/Features/Unity.InputSystem.ForUI-FeaturesChecked.txt
[462/599    0s] ExtractUsedFeatures Library/Bee/artifacts/MacStandalonePlayerBuildProgram/Features/UnityEngine.SmartStringsModule-FeaturesChecked.txt
[463/599    0s] ExtractUsedFeatures Library/Bee/artifacts/MacStandalonePlayerBuildProgram/Features/UnityEngine.IMGUIModule-FeaturesChecked.txt
[464/599    0s] ExtractUsedFeatures Library/Bee/artifacts/MacStandalonePlayerBuildProgram/Features/Unity.RenderPipelines.Core.ShaderLibrary-FeaturesChecked.txt
[465/599    0s] ExtractUsedFeatures Library/Bee/artifacts/MacStandalonePlayerBuildProgram/Features/UnityEngine.InsightsModule-FeaturesChecked.txt
[466/599    0s] ExtractUsedFeatures Library/Bee/artifacts/MacStandalonePlayerBuildProgram/Features/UnityEngine.VirtualTexturingModule-FeaturesChecked.txt
[467/599    0s] ExtractUsedFeatures Library/Bee/artifacts/MacStandalonePlayerBuildProgram/Features/System.EnterpriseServices-FeaturesChecked.txt
[468/599    0s] ExtractUsedFeatures Library/Bee/artifacts/MacStandalonePlayerBuildProgram/Features/UnityEngine.PerformanceReportingModule-FeaturesChecked.txt
[469/599    0s] ExtractUsedFeatures Library/Bee/artifacts/MacStandalonePlayerBuildProgram/Features/System.Data.DataSetExtensions-FeaturesChecked.txt
[470/599    0s] ExtractUsedFeatures Library/Bee/artifacts/MacStandalonePlayerBuildProgram/Features/UnityEngine.TextCoreTextEngineModule-FeaturesChecked.txt
[471/599    0s] ExtractUsedFeatures Library/Bee/artifacts/MacStandalonePlayerBuildProgram/Features/UnityEngine.VFXModule-FeaturesChecked.txt
[472/599    0s] ExtractUsedFeatures Library/Bee/artifacts/MacStandalonePlayerBuildProgram/Features/UnityEngine.TimelineFoundationModule-FeaturesChecked.txt
[473/599    0s] ExtractUsedFeatures Library/Bee/artifacts/MacStandalonePlayerBuildProgram/Features/System.IO.Compression.FileSystem-FeaturesChecked.txt
[474/599    0s] ExtractUsedFeatures Library/Bee/artifacts/MacStandalonePlayerBuildProgram/Features/Unity.RenderPipelines.Core.Runtime.Shared-FeaturesChecked.txt
[475/599    0s] ExtractUsedFeatures Library/Bee/artifacts/MacStandalonePlayerBuildProgram/Features/UnityEngine.PhysicsModule-FeaturesChecked.txt
[476/599    0s] ExtractUsedFeatures Library/Bee/artifacts/MacStandalonePlayerBuildProgram/Features/UnityEngine.ManagedKernelModule-FeaturesChecked.txt
[477/599    0s] ExtractUsedFeatures Library/Bee/artifacts/MacStandalonePlayerBuildProgram/Features/UnityEngine.ARModule-FeaturesChecked.txt
[478/599    0s] ExtractUsedFeatures Library/Bee/artifacts/MacStandalonePlayerBuildProgram/Features/UnityEngine.StreamingModule-FeaturesChecked.txt
[479/599    0s] ExtractUsedFeatures Library/Bee/artifacts/MacStandalonePlayerBuildProgram/Features/UnityEngine.InputLegacyModule-FeaturesChecked.txt
[480/599    0s] ExtractUsedFeatures Library/Bee/artifacts/MacStandalonePlayerBuildProgram/Features/UnityEngine.ContentLoadModule-FeaturesChecked.txt
[481/599    0s] ExtractUsedFeatures Library/Bee/artifacts/MacStandalonePlayerBuildProgram/Features/Mono.Security-FeaturesChecked.txt
[482/599    0s] ExtractUsedFeatures Library/Bee/artifacts/MacStandalonePlayerBuildProgram/Features/Unity.Collections.LowLevel.ILSupport-FeaturesChecked.txt
[483/599    0s] ExtractUsedFeatures Library/Bee/artifacts/MacStandalonePlayerBuildProgram/Features/UnityEngine.MultiplayerModule-FeaturesChecked.txt
[484/599    0s] ExtractUsedFeatures Library/Bee/artifacts/MacStandalonePlayerBuildProgram/Features/UnityEngine.LocalizationModule-FeaturesChecked.txt
[485/599    0s] ExtractUsedFeatures Library/Bee/artifacts/MacStandalonePlayerBuildProgram/Features/UnityEngine.TerrainPhysicsModule-FeaturesChecked.txt
[486/599    0s] ExtractUsedFeatures Library/Bee/artifacts/MacStandalonePlayerBuildProgram/Features/UnityEngine.SpriteMaskModule-FeaturesChecked.txt
[487/599    0s] ExtractUsedFeatures Library/Bee/artifacts/MacStandalonePlayerBuildProgram/Features/UnityEngine.MathematicsModule-FeaturesChecked.txt
[488/599    0s] ExtractUsedFeatures Library/Bee/artifacts/MacStandalonePlayerBuildProgram/Features/UnityEngine.GameCenterModule-FeaturesChecked.txt
[489/599    0s] ExtractUsedFeatures Library/Bee/artifacts/MacStandalonePlayerBuildProgram/Features/UnityEngine.ClothModule-FeaturesChecked.txt
[490/599    0s] ExtractUsedFeatures Library/Bee/artifacts/MacStandalonePlayerBuildProgram/Features/UnityEngine.TetgenModule-FeaturesChecked.txt
[491/599    0s] ExtractUsedFeatures Library/Bee/artifacts/MacStandalonePlayerBuildProgram/Features/System.Runtime.Serialization-FeaturesChecked.txt
[492/599    0s] ExtractUsedFeatures Library/Bee/artifacts/MacStandalonePlayerBuildProgram/Features/UnityEngine.UnityAnalyticsModule-FeaturesChecked.txt
[493/599    0s] ExtractUsedFeatures Library/Bee/artifacts/MacStandalonePlayerBuildProgram/Features/UnityEngine.ClusterInputModule-FeaturesChecked.txt
[494/599    0s] ExtractUsedFeatures Library/Bee/artifacts/MacStandalonePlayerBuildProgram/Features/UnityEngine.UnityConnectModule-FeaturesChecked.txt
[495/599    0s] ExtractUsedFeatures Library/Bee/artifacts/MacStandalonePlayerBuildProgram/Features/System.Numerics-FeaturesChecked.txt
[496/599    0s] ExtractUsedFeatures Library/Bee/artifacts/MacStandalonePlayerBuildProgram/Features/UnityEngine.PhysicsBackendPhysXModule-FeaturesChecked.txt
[497/599    0s] ExtractUsedFeatures Library/Bee/artifacts/MacStandalonePlayerBuildProgram/Features/UnityEngine.ShaderVariantAnalyticsModule-FeaturesChecked.txt
[498/599    0s] ExtractUsedFeatures Library/Bee/artifacts/MacStandalonePlayerBuildProgram/Features/Unity.Collections-FeaturesChecked.txt
[499/599    0s] ExtractUsedFeatures Library/Bee/artifacts/MacStandalonePlayerBuildProgram/Features/System.Transactions-FeaturesChecked.txt
[500/599    0s] ExtractUsedFeatures Library/Bee/artifacts/MacStandalonePlayerBuildProgram/Features/UnityEngine.TerrainModule-FeaturesChecked.txt
[501/599    0s] ExtractUsedFeatures Library/Bee/artifacts/MacStandalonePlayerBuildProgram/Features/UnityEngine.AccessibilityModule-FeaturesChecked.txt
[502/599    0s] ExtractUsedFeatures Library/Bee/artifacts/MacStandalonePlayerBuildProgram/Features/UnityEngine.ParticleSystemModule-FeaturesChecked.txt
[503/599    0s] ExtractUsedFeatures Library/Bee/artifacts/MacStandalonePlayerBuildProgram/Features/UnityEngine.UIModule-FeaturesChecked.txt
[504/599    0s] ExtractUsedFeatures Library/Bee/artifacts/MacStandalonePlayerBuildProgram/Features/UnityEngine.UnityWebRequestAssetBundleModule-FeaturesChecked.txt
[505/599    0s] ExtractUsedFeatures Library/Bee/artifacts/MacStandalonePlayerBuildProgram/Features/UnityEngine.UnityCurlModule-FeaturesChecked.txt
[506/599    0s] ExtractUsedFeatures Library/Bee/artifacts/MacStandalonePlayerBuildProgram/Features/UnityEngine.InputModule-FeaturesChecked.txt
[507/599    0s] ExtractUsedFeatures Library/Bee/artifacts/MacStandalonePlayerBuildProgram/Features/System.Configuration-FeaturesChecked.txt
[508/599    0s] ExtractUsedFeatures Library/Bee/artifacts/MacStandalonePlayerBuildProgram/Features/UnityEngine.AIModule-FeaturesChecked.txt
[509/599    0s] ExtractUsedFeatures Library/Bee/artifacts/MacStandalonePlayerBuildProgram/Features/VContainer-FeaturesChecked.txt
[510/599    0s] ExtractUsedFeatures Library/Bee/artifacts/MacStandalonePlayerBuildProgram/Features/Unity.Scripting-FeaturesChecked.txt
[511/599    0s] ExtractUsedFeatures Library/Bee/artifacts/MacStandalonePlayerBuildProgram/Features/Unity.PathTracing.Runtime-FeaturesChecked.txt
[512/599    0s] ExtractUsedFeatures Library/Bee/artifacts/MacStandalonePlayerBuildProgram/Features/UnityEngine.XRModule-FeaturesChecked.txt
[513/599    0s] ExtractUsedFeatures Library/Bee/artifacts/MacStandalonePlayerBuildProgram/Features/UnityEngine.VehiclesModule-FeaturesChecked.txt
[514/599    0s] ExtractUsedFeatures Library/Bee/artifacts/MacStandalonePlayerBuildProgram/Features/UnityEngine.GridModule-FeaturesChecked.txt
[515/599    0s] ExtractUsedFeatures Library/Bee/artifacts/MacStandalonePlayerBuildProgram/Features/UnityEngine.PropertiesModule-FeaturesChecked.txt
[516/599    0s] ExtractUsedFeatures Library/Bee/artifacts/MacStandalonePlayerBuildProgram/Features/UnityEngine.ImageConversionModule-FeaturesChecked.txt
[517/599    0s] ExtractUsedFeatures Library/Bee/artifacts/MacStandalonePlayerBuildProgram/Features/UnityEngine.ScreenCaptureModule-FeaturesChecked.txt
[518/599    0s] ExtractUsedFeatures Library/Bee/artifacts/MacStandalonePlayerBuildProgram/Features/UnityEngine.HierarchyModule-FeaturesChecked.txt
[519/599    0s] ExtractUsedFeatures Library/Bee/artifacts/MacStandalonePlayerBuildProgram/Features/System.Collections.Immutable-FeaturesChecked.txt
[520/599    0s] ExtractUsedFeatures Library/Bee/artifacts/MacStandalonePlayerBuildProgram/Features/UnityEngine.HotReloadModule-FeaturesChecked.txt
[521/599    0s] ExtractUsedFeatures Library/Bee/artifacts/MacStandalonePlayerBuildProgram/Features/System.Memory-FeaturesChecked.txt
[522/599    0s] ExtractUsedFeatures Library/Bee/artifacts/MacStandalonePlayerBuildProgram/Features/Unity.RenderPipelines.Universal.Shaders-FeaturesChecked.txt
[523/599    0s] ExtractUsedFeatures Library/Bee/artifacts/MacStandalonePlayerBuildProgram/Features/UnityEngine.TLSModule-FeaturesChecked.txt
[524/599    0s] ExtractUsedFeatures Library/Bee/artifacts/MacStandalonePlayerBuildProgram/Features/UnityEngine.UI-FeaturesChecked.txt
[525/599    0s] ExtractUsedFeatures Library/Bee/artifacts/MacStandalonePlayerBuildProgram/Features/Janseon.Art-FeaturesChecked.txt
[526/599    0s] ExtractUsedFeatures Library/Bee/artifacts/MacStandalonePlayerBuildProgram/Features/Unity.RenderPipelines.ShaderGraph.ShaderGraphLibrary-FeaturesChecked.txt
[527/599    0s] ExtractUsedFeatures Library/Bee/artifacts/MacStandalonePlayerBuildProgram/Features/UnityEngine.UnityWebRequestAudioModule-FeaturesChecked.txt
[528/599    0s] ExtractUsedFeatures Library/Bee/artifacts/MacStandalonePlayerBuildProgram/Features/UnityEngine.RuntimeInitializeOnLoadManagerInitializerModule-FeaturesChecked.txt
[529/599    0s] ExtractUsedFeatures Library/Bee/artifacts/MacStandalonePlayerBuildProgram/Features/UnityEngine.DirectorModule-FeaturesChecked.txt
[530/599    0s] ExtractUsedFeatures Library/Bee/artifacts/MacStandalonePlayerBuildProgram/Features/UnityEngine.U2DRuntimeModule-FeaturesChecked.txt
[531/599    0s] ExtractUsedFeatures Library/Bee/artifacts/MacStandalonePlayerBuildProgram/Features/UnityEngine.TextRenderingModule-FeaturesChecked.txt
[532/599    0s] ExtractUsedFeatures Library/Bee/artifacts/MacStandalonePlayerBuildProgram/Features/System.Security-FeaturesChecked.txt
[533/599    0s] ExtractUsedFeatures Library/Bee/artifacts/MacStandalonePlayerBuildProgram/Features/Unity.RenderPipelines.Universal.2D.Runtime-FeaturesChecked.txt
[534/599    0s] ExtractUsedFeatures Library/Bee/artifacts/MacStandalonePlayerBuildProgram/Features/Unity.Burst-FeaturesChecked.txt
[535/599    0s] ExtractUsedFeatures Library/Bee/artifacts/MacStandalonePlayerBuildProgram/Features/Unity.InternalAPIEngineBridge.RenderPipelines.Core.Runtime.Shared-FeaturesChecked.txt
[536/599    0s] ExtractUsedFeatures Library/Bee/artifacts/MacStandalonePlayerBuildProgram/Features/UnityEngine.HierarchyCoreModule-FeaturesChecked.txt
[537/599    0s] ExtractUsedFeatures Library/Bee/artifacts/MacStandalonePlayerBuildProgram/Features/UnityEngine.DSPGraphModule-FeaturesChecked.txt
[538/599    0s] ExtractUsedFeatures Library/Bee/artifacts/MacStandalonePlayerBuildProgram/Features/UnityEngine.InputForUIModule-FeaturesChecked.txt
[539/599    0s] ExtractUsedFeatures Library/Bee/artifacts/MacStandalonePlayerBuildProgram/Features/UnityEngine.ScriptingModule-FeaturesChecked.txt
[540/599    0s] ExtractUsedFeatures Library/Bee/artifacts/MacStandalonePlayerBuildProgram/Features/System.Runtime.CompilerServices.Unsafe-FeaturesChecked.txt
[541/599    0s] ExtractUsedFeatures Library/Bee/artifacts/MacStandalonePlayerBuildProgram/Features/Unity.RenderPipelines.Universal.Runtime-FeaturesChecked.txt
[542/599    0s] ExtractUsedFeatures Library/Bee/artifacts/MacStandalonePlayerBuildProgram/Features/Janseon.Core-FeaturesChecked.txt
[543/599    0s] ExtractUsedFeatures Library/Bee/artifacts/MacStandalonePlayerBuildProgram/Features/UnityEngine.SubsystemsModule-FeaturesChecked.txt
[544/599    0s] ExtractUsedFeatures Library/Bee/artifacts/MacStandalonePlayerBuildProgram/Features/UnityEngine.SpriteShapeModule-FeaturesChecked.txt
[545/599    0s] ExtractUsedFeatures Library/Bee/artifacts/MacStandalonePlayerBuildProgram/Features/UnityEngine.AssetBundleModule-FeaturesChecked.txt
[546/599    0s] ExtractUsedFeatures Library/Bee/artifacts/MacStandalonePlayerBuildProgram/Features/System.Data-FeaturesChecked.txt
[547/599    0s] ExtractUsedFeatures Library/Bee/artifacts/MacStandalonePlayerBuildProgram/Features/UnityEngine.AdaptivePerformanceModule-FeaturesChecked.txt
[548/599    0s] ExtractUsedFeatures Library/Bee/artifacts/MacStandalonePlayerBuildProgram/Features/UnityEngine.VectorGraphicsModule-FeaturesChecked.txt
[549/599    0s] ExtractUsedFeatures Library/Bee/artifacts/MacStandalonePlayerBuildProgram/Features/UnityEngine.MarshallingModule-FeaturesChecked.txt
[550/599    0s] ExtractUsedFeatures Library/Bee/artifacts/MacStandalonePlayerBuildProgram/Features/UnityEngine.CrashReportingModule-FeaturesChecked.txt
[551/599    0s] ExtractUsedFeatures Library/Bee/artifacts/MacStandalonePlayerBuildProgram/Features/System.ServiceModel.Internals-FeaturesChecked.txt
[552/599    0s] ExtractUsedFeatures Library/Bee/artifacts/MacStandalonePlayerBuildProgram/Features/UnityEngine.TextCoreFontEngineModule-FeaturesChecked.txt
[553/599    0s] ExtractUsedFeatures Library/Bee/artifacts/MacStandalonePlayerBuildProgram/Features/netstandard-FeaturesChecked.txt
[554/599    0s] ExtractUsedFeatures Library/Bee/artifacts/MacStandalonePlayerBuildProgram/Features/Unity.TextMeshPro-FeaturesChecked.txt
[555/599    0s] ExtractUsedFeatures Library/Bee/artifacts/MacStandalonePlayerBuildProgram/Features/System.ComponentModel.Composition-FeaturesChecked.txt
[556/599    0s] ExtractUsedFeatures Library/Bee/artifacts/MacStandalonePlayerBuildProgram/Features/UnityEngine.WindModule-FeaturesChecked.txt
[557/599    0s] ExtractUsedFeatures Library/Bee/artifacts/MacStandalonePlayerBuildProgram/Features/UnityEngine.IdentifiersModule-FeaturesChecked.txt
[558/599    0s] ExtractUsedFeatures Library/Bee/artifacts/MacStandalonePlayerBuildProgram/Features/System.Buffers-FeaturesChecked.txt
[559/599    0s] ExtractUsedFeatures Library/Bee/artifacts/MacStandalonePlayerBuildProgram/Features/UnityEngine.GraphicsStateCollectionSerializerModule-FeaturesChecked.txt
[560/599    0s] ExtractUsedFeatures Library/Bee/artifacts/MacStandalonePlayerBuildProgram/Features/System.Core-FeaturesChecked.txt
[561/599    0s] ExtractUsedFeatures Library/Bee/artifacts/MacStandalonePlayerBuildProgram/Features/Unity.InternalAPIEngineBridge.ObjectDispatcher.Runtime-FeaturesChecked.txt
[562/599    0s] ExtractUsedFeatures Library/Bee/artifacts/MacStandalonePlayerBuildProgram/Features/Unity.Profiling.Core-FeaturesChecked.txt
[563/599    0s] ExtractUsedFeatures Library/Bee/artifacts/MacStandalonePlayerBuildProgram/Features/UnityEngine.TilemapModule-FeaturesChecked.txt
[564/599    0s] ExtractUsedFeatures Library/Bee/artifacts/MacStandalonePlayerBuildProgram/Features/Unity.RenderPipelines.Universal.Config.Runtime-FeaturesChecked.txt
[565/599    0s] ExtractUsedFeatures Library/Bee/artifacts/MacStandalonePlayerBuildProgram/Features/Unity.RenderPipeline.Universal.ShaderLibrary-FeaturesChecked.txt
[566/599    0s] ExtractUsedFeatures Library/Bee/artifacts/MacStandalonePlayerBuildProgram/Features/Unity.SurfaceCache.Runtime-FeaturesChecked.txt
[567/599    0s] ExtractUsedFeatures Library/Bee/artifacts/MacStandalonePlayerBuildProgram/Features/Newtonsoft.Json-FeaturesChecked.txt
[568/599    0s] ExtractUsedFeatures Library/Bee/artifacts/MacStandalonePlayerBuildProgram/Features/UnityEngine.UmbraModule-FeaturesChecked.txt
[569/599    0s] ExtractUsedFeatures Library/Bee/artifacts/MacStandalonePlayerBuildProgram/Features/UnityEngine.BurstModule-FeaturesChecked.txt
[570/599    0s] ExtractUsedFeatures Library/Bee/artifacts/MacStandalonePlayerBuildProgram/Features/UnityEngine.CoreModule-FeaturesChecked.txt
[571/599    0s] ExtractUsedFeatures Library/Bee/artifacts/MacStandalonePlayerBuildProgram/Features/UnityEngine.JSONSerializeModule-FeaturesChecked.txt
[572/599    0s] ExtractUsedFeatures Library/Bee/artifacts/MacStandalonePlayerBuildProgram/Features/Unity.RenderPipelines.Core.Runtime-FeaturesChecked.txt
[573/599    0s] ExtractUsedFeatures Library/Bee/artifacts/MacStandalonePlayerBuildProgram/Features/System.Reflection.Metadata-FeaturesChecked.txt
[574/599    0s] ExtractUsedFeatures Library/Bee/artifacts/MacStandalonePlayerBuildProgram/Features/System.Net.Http-FeaturesChecked.txt
[575/599    0s] ExtractUsedFeatures Library/Bee/artifacts/MacStandalonePlayerBuildProgram/Features/UnityEngine.UnityAnalyticsCommonModule-FeaturesChecked.txt
[576/599    0s] ExtractUsedFeatures Library/Bee/artifacts/MacStandalonePlayerBuildProgram/Features/mscorlib-FeaturesChecked.txt
[577/599    0s] ExtractUsedFeatures Library/Bee/artifacts/MacStandalonePlayerBuildProgram/Features/System.Drawing-FeaturesChecked.txt
[578/599    0s] ExtractUsedFeatures Library/Bee/artifacts/MacStandalonePlayerBuildProgram/Features/UnityEngine.RenderAs2DModule-FeaturesChecked.txt
[579/599    0s] ExtractUsedFeatures Library/Bee/artifacts/MacStandalonePlayerBuildProgram/Features/UnityEngine.AnimationModule-FeaturesChecked.txt
[580/599    0s] ExtractUsedFeatures Library/Bee/artifacts/MacStandalonePlayerBuildProgram/Features/UnityEngine.UIElementsModule-FeaturesChecked.txt
[581/599    0s] ExtractUsedFeatures Library/Bee/artifacts/MacStandalonePlayerBuildProgram/Features/System.Xml.Linq-FeaturesChecked.txt
[582/599    0s] ExtractUsedFeatures Library/Bee/artifacts/MacStandalonePlayerBuildProgram/Features/UnityEngine.PhysicsCore2DModule-FeaturesChecked.txt
[583/599    0s] ExtractUsedFeatures Library/Bee/artifacts/MacStandalonePlayerBuildProgram/Features/UnityEngine.AudioModule-FeaturesChecked.txt
[584/599    0s] ExtractUsedFeatures Library/Bee/artifacts/MacStandalonePlayerBuildProgram/Features/UnityEngine.AndroidJNIModule-FeaturesChecked.txt
[585/599    0s] ExtractUsedFeatures Library/Bee/artifacts/MacStandalonePlayerBuildProgram/Features/Unity.RenderPipelines.GPUDriven.Runtime-FeaturesChecked.txt
[586/599    0s] ExtractUsedFeatures Library/Bee/artifacts/MacStandalonePlayerBuildProgram/Features/UnityEngine.VideoModule-FeaturesChecked.txt
[587/599    0s] ExtractUsedFeatures Library/Bee/artifacts/MacStandalonePlayerBuildProgram/Features/Unity.InternalAPIEngineBridge.004-FeaturesChecked.txt
[588/599    0s] ExtractUsedFeatures Library/Bee/artifacts/MacStandalonePlayerBuildProgram/Features/UnityEngine.Physics2DModule-FeaturesChecked.txt
[589/599    0s] ExtractUsedFeatures Library/Bee/artifacts/MacStandalonePlayerBuildProgram/Features/Unity.UnifiedRayTracing.Runtime-FeaturesChecked.txt
[590/599    0s] ExtractUsedFeatures Library/Bee/artifacts/MacStandalonePlayerBuildProgram/Features/UnityEngine.UnityWebRequestWWWModule-FeaturesChecked.txt
[591/599    0s] ExtractUsedFeatures Library/Bee/artifacts/MacStandalonePlayerBuildProgram/Features/Janseon.Data-FeaturesChecked.txt
[592/599    0s] ExtractUsedFeatures Library/Bee/artifacts/MacStandalonePlayerBuildProgram/Features/System.IO.Compression-FeaturesChecked.txt
[593/599    0s] ExtractUsedFeatures Library/Bee/artifacts/MacStandalonePlayerBuildProgram/Features/System.Xml-FeaturesChecked.txt
[594/599    0s] ExtractUsedFeatures Library/Bee/artifacts/MacStandalonePlayerBuildProgram/Features/Unity.InputSystem-FeaturesChecked.txt
[595/599    0s] ExtractUsedFeatures Library/Bee/artifacts/MacStandalonePlayerBuildProgram/Features/System-FeaturesChecked.txt
[596/599    3s] GenerateNativePluginsForAssemblies Library/Bee/artifacts/MacStandalonePlayerBuildProgram/AsyncPluginsFromLinker
*** Tundra requires additional run (3.47 seconds), 543 items updated, 599 evaluated
*** Additional run caused by: timestamp change of Library/Bee/artifacts/MacStandalonePlayerBuildProgram/AsyncPluginsFromLinker
/Applications/Unity/Hub/Editor/6000.7.0a5/Unity.app/Contents/Resources/Burst/Client/bcl/bcl.dll exited after 3316 ms.
stdout:
Starting 1 library requests
Completed library /Users/ilseoblee/workspace/seoul-kenshi-wt/unity-poc-mac/Game/Library/BurstCache/macOS-Arm/c4e7a9a9d7745e91b80f2ef7d7d6edd2.bundle with result Compiled,Compiled,Compiled,Compiled,Compiled,Compiled
Total end-to-end time      :      3226ms
Peak physical memory usage :     0.000 B
Peak virtual memory usage  :     0.000 B
Peak paged memory usage    :     0.000 B
Done
stderr:

Starting: /Applications/Unity/Hub/Editor/6000.7.0a5/Unity.app/Contents/Resources/Scripting/DotNetSdk/dotnet "/Applications/Unity/Hub/Editor/6000.7.0a5/PlaybackEngines/MacStandaloneSupport/MacStandalonePlayerBuildProgram.exe" "/Applications/Unity/Hub/Editor/6000.7.0a5/PlaybackEngines/MacStandaloneSupport/Bee:/Applications/Unity/Hub/Editor/6000.7.0a5/Unity.app/Contents/Resources/BuildPipeline" "Library/Bee/Player2152d0f8.dag.json" "Library/Bee/Player2152d0f8-inputdata.json" "Library/Bee/buildprogram2.traceevents"
WorkingDir: /Users/ilseoblee/workspace/seoul-kenshi-wt/unity-poc-mac/Game
ExitCode: 4 Duration: 3s574ms
ExitCode: 0 Duration: 0s296ms
Starting: /Applications/Unity/Hub/Editor/6000.7.0a5/Unity.app/Contents/Resources/BuildPipeline/bee_backend --ipc --dagfile="Library/Bee/Player2152d0f8.dag" --dagfilejson="Library/Bee/Player2152d0f8.dag.json" --profile="Library/Bee/backend4.traceevents" Player
WorkingDir: /Users/ilseoblee/workspace/seoul-kenshi-wt/unity-poc-mac/Game
Finished compiling graph: 601 nodes, 1903 flattened edges (1903 ToBuild, 0 ToUse), maximum node priority 410
[           0s] Delete 1 artifact files that are no longer in use. (like Library/Bee/artifacts/csharpactions/lib_burst_generated.dylib_hay4.info)
[ 32/600    0s] WriteFile Library/Bee/artifacts/csharpactions/lib_burst_generated.bundle_lab8.info
[131/600    0s] WriteFile Library/Bee/artifacts/csharpactions/잔선: 서울_ekc0.info
[523/600    0s] CopyFiles /Users/ilseoblee/workspace/seoul-kenshi-wt/unity-poc-mac/.omo/evidence/unity-html-poc-ui-parity/task-07/player/Targeting_BackUpThisFolder_ButDontShipItWithYourGame/lib_burst_generated/lib_burst_generated.txt
[598/600    0s] MacOSCodeSignDylibCopy /Users/ilseoblee/workspace/seoul-kenshi-wt/unity-poc-mac/.omo/evidence/unity-html-poc-ui-parity/task-07/player/Targeting.app/Contents/PlugIns/lib_burst_generated.bundle
[599/600    0s] MacOSCodeSignBundleInPlace /Users/ilseoblee/workspace/seoul-kenshi-wt/unity-poc-mac/.omo/evidence/unity-html-poc-ui-parity/task-07/player/Targeting.app/Contents/MacOS/잔선: 서울 (+1 other)
*** Tundra build success (0.19 seconds), 5 items updated, 600 evaluated

-------------------------------------------------------------------------------
Build Report
Uncompressed usage by category (Percentages based on user generated assets only):
Textures               4.2 mb	 61.7% 
Meshes                 0.0 kb	 0.0% 
Animations             0.0 kb	 0.0% 
Sounds                 0.0 kb	 0.0% 
Shaders                19.9 kb	 0.3% 
Other Assets           2.3 mb	 34.7% 
Levels                 5.2 kb	 0.1% 
File headers           45.4 kb	 0.7% 
Total User Assets      6.8 mb	 100.0% 
Complete build size    169.5 mb
Used Assets and files from the Resources folder, sorted by uncompressed size:
 2.7 mb	 1.6% Built-in Texture2D: Splash Screen Unity Logo
 2.0 mb	 1.2% Assets/Janseon/Foundation/UI/Fonts/NanumGothic-Regular.ttf
 1.0 mb	 0.6% Assets/TextMesh Pro/Resources/Fonts & Materials/LiberationSans SDF.asset
 522.8 kb	 0.3% Resources/unity_builtin_extra
 344.5 kb	 0.2% Assets/TextMesh Pro/Fonts/LiberationSans.ttf
 12.1 kb	 0.0% Assets/TextMesh Pro/Shaders/TMP_SDF-Mobile.shader
 3.3 kb	 0.0% Assets/TextMesh Pro/Resources/Fonts & Materials/LiberationSans SDF - Fallback.asset
 3.0 kb	 0.0% Assets/Resources/PerformanceTestRunInfo.json
 2.3 kb	 0.0% Assets/TextMesh Pro/Resources/Style Sheets/Default Style Sheet.asset
 1.9 kb	 0.0% Assets/TextMesh Pro/Resources/Fonts & Materials/NanumGothic SDF.asset
 1.6 kb	 0.0% Assets/TextMesh Pro/Resources/Fonts & Materials/LiberationSans SDF - Drop Shadow.mat
 1.6 kb	 0.0% Assets/TextMesh Pro/Resources/Fonts & Materials/LiberationSans SDF - Outline.mat
 1.5 kb	 0.0% Assets/Scenes/Foundation.unity
 0.8 kb	 0.0% Assets/Scenes/MainTitle.unity
 0.6 kb	 0.0% Assets/Scenes/Bootstrap.unity
 0.4 kb	 0.0% Built-in Sprite: 
 0.3 kb	 0.0% Assets/TextMesh Pro/Resources/LineBreaking Following Characters.txt
 0.3 kb	 0.0% Assets/TextMesh Pro/Resources/TMP Settings.asset
 0.3 kb	 0.0% Assets/Janseon/Data/Assets/Formations/Formation_Default3x3.asset
 0.3 kb	 0.0% Assets/Janseon/Data/Assets/Area1GameDataCatalog.asset
 0.2 kb	 0.0% Assets/Janseon/Foundation/Art/RuntimeSlotCatalog.asset
 0.2 kb	 0.0% Assets/Resources/TMP Settings.asset
 0.2 kb	 0.0% Packages/com.unity.render-pipelines.core/Runtime-PrivateShared/InternalBridge/RenderPipelineEditorUtilityBridge.cs
 0.2 kb	 0.0% Packages/com.unity.render-pipelines.universal/Runtime/RendererFeatures/ScreenSpaceReflectionRendererFeature/ScreenSpaceReflectionDepthNormalOnlyTransparentPass.cs
 0.2 kb	 0.0% Packages/com.unity.render-pipelines.core/Runtime-PrivateShared/InternalRenderPipelineGlobalSettingsUtils.cs
 0.2 kb	 0.0% Packages/com.unity.render-pipelines.universal/Runtime/Debug/UniversalRenderPipelineVolumeDebugSettings.deprecated.cs
 0.2 kb	 0.0% Packages/com.unity.render-pipelines.universal/Runtime/RenderPipelineResources/UniversalRenderPipelineRuntimeXRResources.cs
 0.2 kb	 0.0% Packages/com.unity.render-pipelines.universal/Runtime/RenderPipelineResources/UniversalRenderPipelineRuntimeTerrainShaders.cs
 0.2 kb	 0.0% Packages/com.unity.render-pipelines.universal/Runtime/RenderPipelineResources/UniversalRenderPipelineFilmGrainResources.cs
 0.2 kb	 0.0% Packages/com.unity.render-pipelines.universal/Runtime/Debug/UniversalRenderPipelineVolumeDebugSettings.cs
 0.2 kb	 0.0% Packages/com.unity.render-pipelines.universal/Runtime/Debug/UniversalRenderPipelineDebugDisplaySettings.cs
 0.2 kb	 0.0% Packages/com.unity.render-pipelines.core/Runtime/RenderGraph/RenderGraphResourceAccelerationStructure.cs
 0.2 kb	 0.0% Packages/com.unity.render-pipelines.universal/Runtime/UniversalRenderPipelineGlobalSettings.cs
 0.2 kb	 0.0% Packages/com.unity.render-pipelines.universal/Runtime/RendererFeatures/ScreenSpaceReflectionRendererFeature/ScreenSpaceReflectionPersistentResources.cs
 0.2 kb	 0.0% Packages/com.unity.render-pipelines.universal/Runtime/RenderPipelineResources/UniversalRenderPipelineRuntimeTextures.cs
 0.2 kb	 0.0% Packages/com.unity.render-pipelines.universal/Runtime/RenderPipelineResources/UniversalRenderPipelineRuntimeShaders.cs
 0.2 kb	 0.0% Packages/com.unity.render-pipelines.universal/Runtime/RenderPipelineResources/UniversalRenderPipelineEditorMaterials.cs
 0.2 kb	 0.0% Packages/com.unity.render-pipelines.universal/Runtime/Debug/UniversalRenderPipelineDebugDisplayStats.cs
 0.2 kb	 0.0% Packages/com.unity.render-pipelines.core/Runtime-PrivateShared/InternalRenderGraphValidation.cs
 0.2 kb	 0.0% Packages/com.unity.render-pipelines.universal/Runtime/2D/Shadows/Providers/ShadowShape2DProvider_SpriteRenderer.cs
 0.2 kb	 0.0% Packages/com.unity.render-pipelines.core/Runtime/Stripping/RenderPipelineGraphicsSettingsStripperFetcher.cs
 0.2 kb	 0.0% Packages/com.unity.render-pipelines.core/Runtime/RenderGraph/IRenderGraphEnabledRenderPipeline.cs
 0.2 kb	 0.0% Packages/com.unity.render-pipelines.core/Runtime/RenderGraph/Compiler/NativePassCompiler.Markers.cs
 0.2 kb	 0.0% Packages/com.unity.render-pipelines.universal/Runtime/RendererFeatures/ScreenSpaceReflectionRendererFeature/ScreenSpaceReflectionVolumeSettings.cs
 0.2 kb	 0.0% Packages/com.unity.render-pipelines.universal/Runtime/RendererFeatures/ScreenSpaceReflectionRendererFeature/ScreenSpaceReflectionRendererFeature.cs
 0.2 kb	 0.0% Packages/com.unity.render-pipelines.universal/Runtime/RendererFeatures/ScreenSpaceReflectionRendererFeature/ScreenSpaceReflectionDepthHistory.cs
 0.2 kb	 0.0% Packages/com.unity.render-pipelines.universal/Runtime/RendererFeatures/ScreenSpaceReflectionRendererFeature/ScreenSpaceReflectionColorHistory.cs
 0.2 kb	 0.0% Packages/com.unity.render-pipelines.universal/Runtime/RenderPipelineResources/UniversalRenderPipelineEditorShaders.cs
 0.2 kb	 0.0% Packages/com.unity.render-pipelines.universal/Runtime/RenderPipelineResources/UniversalRenderPipelineEditorAssets.cs
 0.2 kb	 0.0% Packages/com.unity.render-pipelines.universal/Runtime/RenderPipelineResources/UniversalRenderPipelineDebugShaders.cs
 0.2 kb	 0.0% Packages/com.unity.render-pipelines.universal/Runtime/Passes/PostProcess/TemporalAntiAliasingPostProcessPass.cs
 0.2 kb	 0.0% Packages/com.unity.render-pipelines.universal/Runtime/Passes/PostProcess/LensFlareScreenSpacePostProcessPass.cs
 0.2 kb	 0.0% Packages/com.unity.render-pipelines.universal/Runtime/Passes/PostProcess/LensFlareDataDrivenPostProcessPass.cs
 0.2 kb	 0.0% Packages/com.unity.render-pipelines.universal/Runtime/Passes/PostProcess/DepthOfFieldGaussianPostProcessPass.cs
 0.2 kb	 0.0% Packages/com.unity.render-pipelines.universal/Runtime/Passes/AdditionalLightsShadowCasterPass.cs
 0.2 kb	 0.0% Packages/com.unity.render-pipelines.universal/Runtime/Passes/AdditionalLightsShadowAtlasLayout.cs
 0.2 kb	 0.0% Packages/com.unity.render-pipelines.universal/Runtime/2D/Profiler/MeshRenderFrameData.cs
 0.2 kb	 0.0% Packages/com.unity.render-pipelines.core/Runtime/Stripping/RenderPipelineGraphicsSettingsStripperReport.cs
 0.2 kb	 0.0% Packages/com.unity.render-pipelines.core/Runtime/RenderGraph/Compiler/NativePassCompiler.Debug.cs
 0.2 kb	 0.0% Packages/com.unity.render-pipelines.core/Runtime/GPUDriven/Culling/OcclusionCullingCommonShaderVariables.cs
 0.2 kb	 0.0% Packages/com.unity.render-pipelines.core/Runtime/GPUDriven/Culling/InstanceOcclusionCullerShaderVariables.cs
 0.2 kb	 0.0% Packages/com.unity.render-pipelines.universal/Runtime/2D/Shadows/Providers/ShadowShape2DProvider_Collider.cs
 0.2 kb	 0.0% Packages/com.unity.render-pipelines.universal/Runtime/2D/CinemachineUniversalPixelPerfect.cs
 0.2 kb	 0.0% Packages/com.unity.render-pipelines.core/Runtime/Stripping/RenderPipelineGraphicsSettingsStripper.cs
 0.2 kb	 0.0% Packages/com.unity.render-pipelines.core/Runtime/RenderPipeline/RenderPipelineGraphicsSettingsContainer.cs
 0.2 kb	 0.0% Packages/com.unity.render-pipelines.core/Runtime/RenderGraph/Compiler/NativePassCompiler.cs
 0.2 kb	 0.0% Packages/com.unity.render-pipelines.core/Runtime/RenderGraph/Compiler/CompilerContextData.cs
 0.2 kb	 0.0% Packages/com.unity.render-pipelines.core/Runtime/Common/IVirtualTexturingEnabledRenderPipeline.cs
 0.2 kb	 0.0% Packages/com.unity.render-pipelines.universal/Runtime/VolumeRequiresRendererFeatures.cs
 0.2 kb	 0.0% Packages/com.unity.render-pipelines.universal/Runtime/UniversalAdditionalCameraData.cs
 0.2 kb	 0.0% Packages/com.unity.render-pipelines.universal/Runtime/Settings/URPDefaultVolumeProfileSetting.cs
 0.2 kb	 0.0% Packages/com.unity.render-pipelines.universal/Runtime/Settings/RenderingCapabilitiesSettings.cs
 0.2 kb	 0.0% Packages/com.unity.render-pipelines.universal/Runtime/RendererFeatures/SurfaceCacheGIRendererFeature/SurfaceCacheGIRendererFeature.cs
 0.2 kb	 0.0% Packages/com.unity.render-pipelines.universal/Runtime/RendererFeatures/FullScreenPassRendererFeature.cs
 0.2 kb	 0.0% Packages/com.unity.render-pipelines.universal/Runtime/RendererFeatures/DisallowMultipleRendererFeature.cs
 0.2 kb	 0.0% Packages/com.unity.render-pipelines.universal/Runtime/Passes/PostProcess/PaniniProjectionPostProcessPass.cs
 0.2 kb	 0.0% Packages/com.unity.render-pipelines.universal/Runtime/Passes/MainLightShadowCasterPass.cs
 0.2 kb	 0.0% Packages/com.unity.render-pipelines.universal/Runtime/Passes/InvokeOnRenderObjectCallbackPass.cs
 0.2 kb	 0.0% Packages/com.unity.render-pipelines.universal/Runtime/MipGen/MipGenRenderPipelineRuntimeResources.cs
 0.2 kb	 0.0% Packages/com.unity.render-pipelines.universal/Runtime/History/BeforeTransparentsColorHistory.cs
 0.2 kb	 0.0% Packages/com.unity.render-pipelines.universal/Runtime/Decal/Entities/DecalUpdateCullingGroupSystem.cs
 0.2 kb	 0.0% Packages/com.unity.render-pipelines.universal/Runtime/Debug/DebugDisplaySettingsRendering.cs
 0.2 kb	 0.0% Packages/com.unity.render-pipelines.core/Runtime/UnifiedRayTracing/Hardware/HardwareRayTracingAccelStruct.cs
 0.2 kb	 0.0% Packages/com.unity.render-pipelines.core/Runtime/RenderGraph/RenderGraphUtilsResources.cs
 0.2 kb	 0.0% Packages/com.unity.render-pipelines.core/Runtime/Lighting/ProbeVolume/ProbeReferenceVolume.ReflProbeNormalization.cs
 0.2 kb	 0.0% Packages/com.unity.render-pipelines.core/Runtime/GPUDriven/Culling/OcclusionCullingDebugShaderVariables.cs
 0.2 kb	 0.0% Packages/com.unity.render-pipelines.core/Runtime-PrivateShared/VolumeStackExtensions.cs
 0.2 kb	 0.0% Packages/com.unity.render-pipelines.core/Runtime-PrivateShared/OnTileValidationLayer.cs
 0.2 kb	 0.0% Packages/com.unity.render-pipelines.universal/Runtime/UniversalRenderPipelineRenderGraph.cs
 0.2 kb	 0.0% Packages/com.unity.render-pipelines.universal/Runtime/Passes/PostProcess/DepthOfFieldBokehProcessPass.cs
 0.2 kb	 0.0% Packages/com.unity.render-pipelines.universal/Runtime/2D/Sources/Shadow2DSource_ShapeEditor.cs
 0.2 kb	 0.0% Packages/com.unity.render-pipelines.universal/Runtime/2D/Shadows/ShadowCasterGroup2DManager.cs
 0.2 kb	 0.0% Packages/com.unity.render-pipelines.universal/Runtime/2D/Rendergraph/CopyCameraSortingLayerPass.cs
 0.2 kb	 0.0% Packages/com.unity.render-pipelines.universal/Runtime/2D/RendererFeatures/ScriptableRendererFeature2D.cs
 0.2 kb	 0.0% Packages/com.unity.render-pipelines.universal/Runtime/2D/PixelPerfectCameraInternal.cs
 0.2 kb	 0.0% Packages/com.unity.render-pipelines.universal/Runtime/2D/FrameData/Universal2DGlobalShaderData.cs
 0.2 kb	 0.0% Packages/com.unity.render-pipelines.core/Runtime/Vrs/VrsRenderPipelineRuntimeResources.cs
 0.2 kb	 0.0% Packages/com.unity.render-pipelines.core/Runtime/Settings/RenderingDebuggerRuntimeResources.cs
 0.2 kb	 0.0% Packages/com.unity.render-pipelines.core/Runtime/RenderPipeline/RenderPipelineGlobalSettingsUtils.cs
 0.2 kb	 0.0% Packages/com.unity.render-pipelines.core/Runtime/RenderGraph/RenderGraphValidationLayer.cs
 0.2 kb	 0.0% Packages/com.unity.render-pipelines.core/Runtime/RenderGraph/RenderGraphResourceRegistry.cs
 0.2 kb	 0.0% Packages/com.unity.render-pipelines.core/Runtime/RenderGraph/RenderGraphProfilerMarkers.cs
 0.2 kb	 0.0% Packages/com.unity.render-pipelines.core/Runtime/RenderGraph/RenderGraphDefaultResources.cs
 0.2 kb	 0.0% Packages/com.unity.render-pipelines.core/Runtime/RenderGraph/Debug/LiveRenderGraphDebugSession.cs
 0.2 kb	 0.0% Packages/com.unity.render-pipelines.core/Runtime/RenderGraph/Compiler/ResourcesData.cs
 0.2 kb	 0.0% Packages/com.unity.render-pipelines.core/Runtime/Lighting/ProbeVolume/ProbeVolumeConstantRuntimeResources.cs
 0.2 kb	 0.0% Packages/com.unity.render-pipelines.core/Runtime/Lighting/ProbeVolume/ProbeVolumeBakingSetWeakReference.cs
 0.2 kb	 0.0% Packages/com.unity.render-pipelines.core/Runtime/Lighting/ProbeVolume/IProbeVolumeEnabledRenderPipeline.cs
 0.2 kb	 0.0% Packages/com.unity.render-pipelines.universal/Runtime/UniversalAdditionalLightData.cs
 0.2 kb	 0.0% Packages/com.unity.render-pipelines.universal/Runtime/Tiling/ReflectionProbeMinMaxZJob.cs
 0.2 kb	 0.0% Packages/com.unity.render-pipelines.universal/Runtime/Settings/URPShaderStrippingSetting.cs
 0.2 kb	 0.0% Packages/com.unity.render-pipelines.universal/Runtime/ScriptableRendererFeature.cs
 0.2 kb	 0.0% Packages/com.unity.render-pipelines.universal/Runtime/RendererFeatures/SurfaceCacheGIRendererFeature/SurfaceCacheWorldChangeSet.cs
 0.2 kb	 0.0% Packages/com.unity.render-pipelines.universal/Runtime/RendererFeatures/SurfaceCacheGIRendererFeature/ObjectDispatcherChangeSource.cs
 0.2 kb	 0.0% Packages/com.unity.render-pipelines.universal/Runtime/RendererFeatures/ScreenSpaceReflectionRendererFeature/ScreenSpaceReflectionPass.cs
 0.2 kb	 0.0% Packages/com.unity.render-pipelines.universal/Runtime/RendererFeatures/ScreenSpaceAmbientOcclusion.cs
 0.2 kb	 0.0% Packages/com.unity.render-pipelines.universal/Runtime/RendererFeatures/OnTilePostProcessResource.cs
 0.2 kb	 0.0% Packages/com.unity.render-pipelines.universal/Runtime/RenderPipelineResources/UniversalRendererResources.cs
 0.2 kb	 0.0% Packages/com.unity.render-pipelines.universal/Runtime/Passes/StencilCrossFadeRenderPass.cs
 0.2 kb	 0.0% Packages/com.unity.render-pipelines.universal/Runtime/Passes/PostProcess/ScalingSetupPostProcessPass.cs
 0.2 kb	 0.0% Packages/com.unity.render-pipelines.universal/Runtime/Passes/PostProcess/MotionBlurPostProcessPass.cs
 0.2 kb	 0.0% Packages/com.unity.render-pipelines.universal/Runtime/Passes/PostProcess/Fsr1UpscalePostProcessPass.cs
 0.2 kb	 0.0% Packages/com.unity.render-pipelines.universal/Runtime/Overrides/SurfaceCacheGIVolumeOverride.cs
 0.2 kb	 0.0% Packages/com.unity.render-pipelines.universal/Runtime/Overrides/ShadowsMidtonesHighlights.cs
 0.2 kb	 0.0% Packages/com.unity.render-pipelines.universal/Runtime/FrameData/UniversalPostProcessingData.cs
 0.2 kb	 0.0% Packages/com.unity.render-pipelines.universal/Runtime/FrameData/UniversalGlobalShaderData.cs
 0.2 kb	 0.0% Packages/com.unity.render-pipelines.universal/Runtime/Decal/ScreenSpace/DecalScreenSpaceRenderPass.cs
 0.2 kb	 0.0% Packages/com.unity.render-pipelines.universal/Runtime/Decal/Entities/DecalCreateDrawCallSystem.cs
 0.2 kb	 0.0% Packages/com.unity.render-pipelines.universal/Runtime/Debug/DebugDisplaySettingsMaterial.cs
 0.2 kb	 0.0% Packages/com.unity.render-pipelines.universal/Runtime/Debug/DebugDisplaySettingsLighting.cs
 0.2 kb	 0.0% Packages/com.unity.render-pipelines.universal/Runtime/Debug/DebugDisplaySettingsCommon.cs
 0.2 kb	 0.0% Packages/com.unity.render-pipelines.universal/Runtime/Data/UniversalRenderPipelineAsset.cs
 0.2 kb	 0.0% Packages/com.unity.render-pipelines.universal/Runtime/2D/Rendergraph/CameraRenderingLayerMask.cs
 0.2 kb	 0.0% Packages/com.unity.render-pipelines.core/Runtime/UnifiedRayTracing/UnifiedRayTracingException.cs
 0.2 kb	 0.0% Packages/com.unity.render-pipelines.core/Runtime/UnifiedRayTracing/Hardware/HardwareRayTracingBackend.cs
 0.2 kb	 0.0% Packages/com.unity.render-pipelines.core/Runtime/UnifiedRayTracing/Compute/ComputeRayTracingAccelStruct.cs
 0.2 kb	 0.0% Packages/com.unity.render-pipelines.core/Runtime/RenderGraph/RenderGraphResourceRendererList.cs
 0.2 kb	 0.0% Packages/com.unity.render-pipelines.core/Runtime/RenderGraph/Compiler/PassesData.cs
 0.2 kb	 0.0% Packages/com.unity.render-pipelines.core/Runtime/Lighting/SurfaceCache/SurfaceCacheRenderPipelineResources.cs
 0.2 kb	 0.0% Packages/com.unity.render-pipelines.core/Runtime/GPUDriven/Debug/DebugDisplayGPUResidentDrawer.cs
 0.2 kb	 0.0% Packages/com.unity.render-pipelines.core/Runtime/GPUDriven/Culling/OccluderDepthPyramidConstants.cs
 0.2 kb	 0.0% Packages/com.unity.collections/Unity.Collections/GenerateTestsForBurstCompatibilityAttribute.cs
 0.2 kb	 0.0% Packages/com.unity.render-pipelines.universal/Runtime/UniversalRenderPipelineCore.cs
 0.2 kb	 0.0% Packages/com.unity.render-pipelines.universal/Runtime/FrameData/UniversalResourceBase.cs
 0.2 kb	 0.0% Packages/com.unity.render-pipelines.universal/Runtime/2D/URP2D_GraphicsExtensions.cs
 0.2 kb	 0.0% Packages/com.unity.render-pipelines.universal/Runtime/2D/Sources/Shadow2DProviderSources.cs
 0.2 kb	 0.0% Packages/com.unity.render-pipelines.universal/Runtime/2D/Sources/Shadow2DProviderSource.cs
 0.2 kb	 0.0% Packages/com.unity.render-pipelines.universal/Runtime/2D/Sources/Light2DSource_BuiltIn.cs
 0.2 kb	 0.0% Packages/com.unity.render-pipelines.universal/Runtime/2D/Sources/Light2DProviderSources.cs
 0.2 kb	 0.0% Packages/com.unity.render-pipelines.universal/Runtime/2D/Sources/Light2DProviderSource.cs
 0.2 kb	 0.0% Packages/com.unity.render-pipelines.universal/Runtime/2D/Shadows/Providers/ShadowShape2DProvider.cs
 0.2 kb	 0.0% Packages/com.unity.render-pipelines.universal/Runtime/2D/Shadows/CompositeShadowCaster2D.cs
 0.2 kb	 0.0% Packages/com.unity.render-pipelines.universal/Runtime/2D/RendererFeatures/ScriptableRenderPass2D.cs
 0.2 kb	 0.0% Packages/com.unity.render-pipelines.universal/Runtime/2D/FrameData/Universal2DRenderingData.cs
 0.2 kb	 0.0% Packages/com.unity.render-pipelines.core/Runtime/Utilities/CoreRenderPipelinePreferences.cs
 0.2 kb	 0.0% Packages/com.unity.render-pipelines.core/Runtime/Settings/IDefaultVolumeProfileSettings.cs
 0.2 kb	 0.0% Packages/com.unity.render-pipelines.core/Runtime/RenderGraph/RenderGraphResourcePool.cs
 0.2 kb	 0.0% Packages/com.unity.render-pipelines.core/Runtime/RenderGraph/RenderGraphObjectPool.cs
 0.2 kb	 0.0% Packages/com.unity.render-pipelines.core/Runtime/RenderGraph/Debug/RenderGraphDebugSession.cs
 0.2 kb	 0.0% Packages/com.unity.render-pipelines.core/Runtime/RenderGraph/Debug/RenderGraphDebugParams.cs
 0.2 kb	 0.0% Packages/com.unity.render-pipelines.core/Runtime/RenderGraph/Debug/RenderGraph.DebugDataSerialization.cs
 0.2 kb	 0.0% Packages/com.unity.render-pipelines.core/Runtime/RenderGraph/Debug/IRenderGraphDebugSession.cs
 0.2 kb	 0.0% Packages/com.unity.render-pipelines.core/Runtime/RenderGraph/Debug/DebugDisplaySettingsRenderGraph.cs
 0.2 kb	 0.0% Packages/com.unity.render-pipelines.core/Runtime/Lighting/ProbeVolume/ProbeVolumeBakingProcessSettings.cs
 0.2 kb	 0.0% Packages/com.unity.render-pipelines.core/Runtime/Debugging/ISerializedDebugDisplaySettings.cs
 0.2 kb	 0.0% Packages/com.unity.render-pipelines.core/Runtime/Debugging/DebugDisplaySettingsHDROutput.cs
 0.2 kb	 0.0% Packages/com.unity.render-pipelines.core/Runtime/Common/GlobalDynamicResolutionSettings.cs
 0.2 kb	 0.0% Packages/com.unity.inputsystem/InputSystem/Runtime/Devices/Commands/QueryEditorWindowCoordinatesCommand.cs
 0.2 kb	 0.0% Packages/com.unity.inputsystem/InputSystem/Runtime/Devices/Commands/InitiateUserAccountPairingCommand.cs
 0.2 kb	 0.0% Packages/com.unity.inputsystem/InputSystem/Editor/UITKAssetEditor/Views/CompositePartBindingPropertiesView.cs
 0.2 kb	 0.0% Packages/com.unity.inputsystem/InputSystem/Editor/UITKAssetEditor/Views/CollectionViewSelectionChangeFilter.cs
 0.2 kb	 0.0% Packages/com.unity.inputsystem/InputSystem/Editor/UITKAssetEditor/InputActionsEditorSettingsProvider.cs
 0.2 kb	 0.0% Packages/com.unity.inputsystem/InputSystem/Editor/PropertyDrawers/InputActionReferenceSearchProviders.cs
 0.2 kb	 0.0% Packages/com.unity.inputsystem/InputSystem/Editor/PropertyDrawers/InputActionReferencePropertyDrawer.cs
 0.2 kb	 0.0% Packages/com.unity.inputsystem/InputSystem/Editor/Devices/Remote/RemoteInputPlayerConnectionEditor.cs
 0.2 kb	 0.0% Packages/com.unity.inputsystem/InputSystem/Editor/Analytics/InputActionsEditorSessionAnalytic.cs
 0.2 kb	 0.0% Packages/com.unity.inputsystem/InputSystem/Editor/Actions/InputControlSchemeEditorExtensions.cs
 0.2 kb	 0.0% Packages/com.unity.render-pipelines.universal/Runtime/UniversalRendererRenderGraph.cs
 0.2 kb	 0.0% Packages/com.unity.render-pipelines.universal/Runtime/UniversalRendererData.cs
 0.2 kb	 0.0% Packages/com.unity.render-pipelines.universal/Runtime/UniversalRenderPipeline.cs
 0.2 kb	 0.0% Packages/com.unity.render-pipelines.universal/Runtime/UniversalCameraHistory.cs
 0.2 kb	 0.0% Packages/com.unity.render-pipelines.universal/Runtime/Tiling/TileRangeExpansionJob.cs
 0.2 kb	 0.0% Packages/com.unity.render-pipelines.universal/Runtime/SupportedOnRenderer.cs
 0.2 kb	 0.0% Packages/com.unity.render-pipelines.universal/Runtime/Settings/URPTerrainShaderSetting.cs
 0.2 kb	 0.0% Packages/com.unity.render-pipelines.universal/Runtime/Settings/URPReflectionProbeSettings.cs
 0.2 kb	 0.0% Packages/com.unity.render-pipelines.universal/Runtime/ScriptableRendererData.cs
 0.2 kb	 0.0% Packages/com.unity.render-pipelines.universal/Runtime/RendererFeatures/SurfaceCacheGIRendererFeature/SurfaceCacheWorldAdapter.cs
 0.2 kb	 0.0% Packages/com.unity.render-pipelines.universal/Runtime/RendererFeatures/FullScreenPassRendererFeature_OldGUID.cs
 0.2 kb	 0.0% Packages/com.unity.render-pipelines.universal/Runtime/ReflectionProbeManager.cs
 0.2 kb	 0.0% Packages/com.unity.render-pipelines.universal/Runtime/Passes/PostProcess/UpscalerPostProcessPass.cs
 0.2 kb	 0.0% Packages/com.unity.render-pipelines.universal/Runtime/Passes/PostProcess/StopNanPostProcessPass.cs
 0.2 kb	 0.0% Packages/com.unity.render-pipelines.universal/Runtime/Passes/MotionVectorRenderPass.cs
 0.2 kb	 0.0% Packages/com.unity.render-pipelines.universal/Runtime/Passes/DrawScreenSpaceUIPass.cs
 0.2 kb	 0.0% Packages/com.unity.render-pipelines.universal/Runtime/Passes/DepthNormalOnlyPass.cs
 0.2 kb	 0.0% Packages/com.unity.render-pipelines.universal/Runtime/Passes/ColorGradingLutPass.cs
 0.2 kb	 0.0% Packages/com.unity.render-pipelines.universal/Runtime/NormalReconstruction.cs
 0.2 kb	 0.0% Packages/com.unity.render-pipelines.universal/Runtime/FrameData/UniversalResourceData.cs
 0.2 kb	 0.0% Packages/com.unity.render-pipelines.universal/Runtime/FrameData/UniversalRenderingData.cs
 0.2 kb	 0.0% Packages/com.unity.render-pipelines.universal/Runtime/FrameData/Universal2DResourceData.cs
 0.2 kb	 0.0% Packages/com.unity.render-pipelines.universal/Runtime/FrameData/DefaultGlobalShaderData.cs
 0.2 kb	 0.0% Packages/com.unity.render-pipelines.universal/Runtime/Decal/ScreenSpace/DecalGBufferRenderPass.cs
 0.2 kb	 0.0% Packages/com.unity.render-pipelines.universal/Runtime/Decal/Entities/DecalUpdateCulledSystem.cs
 0.2 kb	 0.0% Packages/com.unity.render-pipelines.universal/Runtime/Decal/Entities/DecalUpdateCachedSystem.cs
 0.2 kb	 0.0% Packages/com.unity.render-pipelines.universal/Runtime/Decal/Entities/DecalSkipCulledSystem.cs
 0.2 kb	 0.0% Packages/com.unity.render-pipelines.universal/Runtime/Decal/DBuffer/DecalForwardEmissivePass.cs
 0.2 kb	 0.0% Packages/com.unity.render-pipelines.universal/Runtime/2D/Profiler/ProfilerMarkers.cs
 0.2 kb	 0.0% Packages/com.unity.render-pipelines.universal/Runtime/2D/Profiler/MeshFrameData.cs
 0.2 kb	 0.0% Packages/com.unity.render-pipelines.core/Runtime/XR/XRBuiltinShaderConstants.cs
 0.2 kb	 0.0% Packages/com.unity.render-pipelines.core/Runtime/UnifiedRayTracing/IRayTracingAccelStruct.cs
 0.2 kb	 0.0% Packages/com.unity.render-pipelines.core/Runtime/UnifiedRayTracing/Hardware/HardwareRayTracingShader.cs
 0.2 kb	 0.0% Packages/com.unity.render-pipelines.core/Runtime/UnifiedRayTracing/Compute/ComputeRayTracingShader.cs
 0.2 kb	 0.0% Packages/com.unity.render-pipelines.core/Runtime/UnifiedRayTracing/Compute/ComputeRayTracingBackend.cs
 0.2 kb	 0.0% Packages/com.unity.render-pipelines.core/Runtime/Settings/IDefaultVolumeProfileResource.cs
 0.2 kb	 0.0% Packages/com.unity.render-pipelines.core/Runtime/RenderGraph/RenderGraphResourceTexture.cs
 0.2 kb	 0.0% Packages/com.unity.render-pipelines.core/Runtime/RenderGraph/RenderGraph.ExceptionMessages.cs
 0.2 kb	 0.0% Packages/com.unity.render-pipelines.core/Runtime/RenderGraph/IRenderGraphBuilder.cs
 0.2 kb	 0.0% Packages/com.unity.render-pipelines.core/Runtime/PathTracing/UnityComputeProbeIntegrator.cs
 0.2 kb	 0.0% Packages/com.unity.render-pipelines.core/Runtime/PathTracing/LightmapResourceCache.cs
 0.2 kb	 0.0% Packages/com.unity.render-pipelines.core/Runtime/PathTracing/LightmapIntegrationHelpers.cs
 0.2 kb	 0.0% Packages/com.unity.render-pipelines.core/Runtime/PathTracing/Environment/EnvironmentImportanceSampling.cs
 0.2 kb	 0.0% Packages/com.unity.render-pipelines.core/Runtime/GPUDriven/SceneProcessors/SpeedTreeWindGPUDataUpdater.cs
 0.2 kb	 0.0% Packages/com.unity.render-pipelines.core/Runtime/GPUDriven/SceneProcessors/MeshRendererProcessorBurst.cs
 0.2 kb	 0.0% Packages/com.unity.render-pipelines.core/Runtime/GPUDriven/IGPUResidentRenderPipeline.cs
 0.2 kb	 0.0% Packages/com.unity.render-pipelines.core/Runtime/GPUDriven/GPUResidentDrawerResources.cs
 0.2 kb	 0.0% Packages/com.unity.render-pipelines.core/Runtime/GPUDriven/Components/DisallowGPUDrivenRendering.cs
 0.2 kb	 0.0% Packages/com.unity.render-pipelines.core/Runtime/GPUDriven/Batching/InstanceCullingBatcherBurst.cs
 0.2 kb	 0.0% Packages/com.unity.render-pipelines.core/Runtime/GPUDriven/Batching/InstanceCullingBatcher.Jobs.cs
 0.2 kb	 0.0% Packages/com.unity.render-pipelines.core/Runtime-PrivateShared/DebugUIUtilities.cs
 0.2 kb	 0.0% Packages/com.unity.render-pipelines.core/Runtime-PrivateShared/AssemblyInfo.cs
 0.2 kb	 0.0% Packages/com.unity.inputsystem/InputSystem/Editor/Plugins/UI/StandaloneInputModuleEditor.cs
 0.2 kb	 0.0% Packages/com.unity.inputsystem/InputSystem/Editor/Plugins/UI/InputSystemUIInputModuleEditor.cs
 0.1 kb	 0.0% Packages/com.unity.render-pipelines.universal/Runtime/UniversalRendererDebug.cs
 0.1 kb	 0.0% Packages/com.unity.render-pipelines.universal/Runtime/MotionVectors.cs
 0.1 kb	 0.0% Packages/com.unity.render-pipelines.universal/Runtime/Decal/DecalDrawErrorRenderPass.cs
 0.1 kb	 0.0% Packages/com.unity.render-pipelines.universal/Runtime/2D/Sources/IProvider2DSources.cs
 0.1 kb	 0.0% Packages/com.unity.render-pipelines.universal/Runtime/2D/Shadows/ShadowCasterGroup2D.cs
 0.1 kb	 0.0% Packages/com.unity.render-pipelines.universal/Runtime/2D/Shadows/Shadow Provider Utility/ShapeProviderUtility.cs
 0.1 kb	 0.0% Packages/com.unity.render-pipelines.universal/Runtime/2D/Rendergraph/GlobalPropertiesPass.cs
 0.1 kb	 0.0% Packages/com.unity.render-pipelines.universal/Runtime/2D/Rendergraph/DrawRenderer2DPass.cs
Total cache size 267664516
Total cache size after purge 267664516, took 00:00:00.0488344
 0.1 kb	 0.0% Packages/com.unity.render-pipelines.universal/Runtime/2D/PixelPerfectCamera.cs
 0.1 kb	 0.0% Packages/com.unity.render-pipelines.universal/Runtime/2D/Passes/Utility/Light2DLookupTexture.cs
 0.1 kb	 0.0% Packages/com.unity.render-pipelines.universal/Runtime/2D/Lights/Light2DCullResult.cs
 0.1 kb	 0.0% Packages/com.unity.render-pipelines.universal/Runtime/2D/Lights/Light2DBlendStyle.cs
 0.1 kb	 0.0% Packages/com.unity.render-pipelines.universal/Runtime/2D/GlobalShaderVars2D.cs
 0.1 kb	 0.0% Packages/com.unity.render-pipelines.core/Runtime/Volume/VolumeSceneObjectReference.cs
 0.1 kb	 0.0% Packages/com.unity.render-pipelines.core/Runtime/Utilities/BatchRendererGroupGlobals.cs
 0.1 kb	 0.0% Packages/com.unity.render-pipelines.core/Runtime/Settings/IncludeRenderPipelineAsset.cs
 0.1 kb	 0.0% Packages/com.unity.render-pipelines.core/Runtime/STP/ISTPEnabledRenderPipeline.cs
 0.1 kb	 0.0% Packages/com.unity.render-pipelines.core/Runtime/RenderGraph/RenderGraphUtilsBlit.cs
 0.1 kb	 0.0% Packages/com.unity.render-pipelines.core/Runtime/RenderGraph/RenderGraphResourceBuffer.cs
 0.1 kb	 0.0% Packages/com.unity.render-pipelines.core/Runtime/RenderGraph/RenderGraphGlobalSettings.cs
 0.1 kb	 0.0% Packages/com.unity.render-pipelines.core/Runtime/RenderGraph/RenderGraphBuilders.cs
 0.1 kb	 0.0% Packages/com.unity.render-pipelines.core/Runtime/RenderGraph/IRenderGraphRecorder.cs
 0.1 kb	 0.0% Packages/com.unity.render-pipelines.core/Runtime/RenderGraph/IRenderGraphPassData.cs
 0.1 kb	 0.0% Packages/com.unity.render-pipelines.core/Runtime/RenderGraph/Debug/DebugMessageHandler.cs
 0.1 kb	 0.0% Packages/com.unity.render-pipelines.core/Runtime/RenderGraph/Debug/DebugDataContainer.cs
 0.1 kb	 0.0% Packages/com.unity.render-pipelines.core/Runtime/ObjectDispatcher/ObjectDispatcher.cs
 0.1 kb	 0.0% Packages/com.unity.render-pipelines.core/Runtime/Lighting/ProbeVolume/ShaderVariablesProbeVolumes.cs
 0.1 kb	 0.0% Packages/com.unity.render-pipelines.core/Runtime/Lighting/ProbeVolume/ProbeVolumeStreamableAsset.cs
 0.1 kb	 0.0% Packages/com.unity.render-pipelines.core/Runtime/Lighting/ProbeVolume/ProbeVolumeScratchBufferPool.cs
 0.1 kb	 0.0% Packages/com.unity.render-pipelines.core/Runtime/Lighting/ProbeVolume/ProbeVolumeGlobalSettings.cs
 0.1 kb	 0.0% Packages/com.unity.render-pipelines.core/Runtime/GPUDriven/GPUResidentDrawerTypes.cs
 0.1 kb	 0.0% Packages/com.unity.render-pipelines.core/Runtime/GPUDriven/Debug/GPUResidentDrawerDebug.cs
 0.1 kb	 0.0% Packages/com.unity.render-pipelines.core/Runtime/GPUDriven/CoreDataSystems/LODGroupDataSystem.Jobs.cs
 0.1 kb	 0.0% Packages/com.unity.render-pipelines.core/Runtime/GPUDriven/CoreDataSystems/InstanceWindDataUpdateDefs.cs
 0.1 kb	 0.0% Packages/com.unity.render-pipelines.core/Runtime/GPUDriven/CoreDataSystems/InstanceTransformUpdateDefs.cs
 0.1 kb	 0.0% Packages/com.unity.render-pipelines.core/Runtime/Debugging/IDebugDisplaySettingsQuery.cs
 0.1 kb	 0.0% Packages/com.unity.render-pipelines.core/Runtime/Debugging/IDebugDisplaySettingsPanel.cs
 0.1 kb	 0.0% Packages/com.unity.render-pipelines.core/Runtime/Debugging/IDebugDisplaySettingsData.cs
 0.1 kb	 0.0% Packages/com.unity.render-pipelines.core/Runtime/Debugging/DebugDisplaySettingsVolumes.cs
 0.1 kb	 0.0% Packages/com.unity.render-pipelines.core/Runtime/Debugging/DebugDisplaySettingsStats.cs
 0.1 kb	 0.0% Packages/com.unity.render-pipelines.core/Runtime/Debugging/DebugDisplaySettingsPanel.cs
 0.1 kb	 0.0% Packages/com.unity.inputsystem/InputSystem/Runtime/Devices/Commands/QuerySamplingFrequencyCommand.cs
 0.1 kb	 0.0% Packages/com.unity.inputsystem/InputSystem/Runtime/Devices/Commands/QueryPairedUserAccountCommand.cs
 0.1 kb	 0.0% Packages/com.unity.inputsystem/InputSystem/Editor/UITKAssetEditor/Views/CompositeBindingPropertiesView.cs
 0.1 kb	 0.0% Packages/com.unity.inputsystem/InputSystem/Editor/UITKAssetEditor/InputActionsEditorWindowUtils.cs
 0.1 kb	 0.0% Packages/com.unity.inputsystem/InputSystem/Editor/PropertyDrawers/InputActionAssetSearchProvider.cs
 0.1 kb	 0.0% Packages/com.unity.inputsystem/InputSystem/Editor/ProjectWideActions/ProjectWideActionsBuildProvider.cs
 0.1 kb	 0.0% Packages/com.unity.inputsystem/InputSystem/Editor/Plugins/OnScreen/UGUIOnScreenControlEditorUtils.cs
 0.1 kb	 0.0% Packages/com.unity.inputsystem/InputSystem/Editor/Internal/SerializedPropertyLinqExtensions.cs
 0.1 kb	 0.0% Packages/com.unity.inputsystem/InputSystem/Editor/Internal/InputActionSerializationHelpers.cs
 0.1 kb	 0.0% Packages/com.unity.inputsystem/InputSystem/Editor/EditorInputControlLayoutCache.cs
 0.1 kb	 0.0% Packages/com.unity.inputsystem/InputSystem/Editor/ControlPicker/Layouts/TouchscreenControlPickerLayout.cs
 0.1 kb	 0.0% Packages/com.unity.inputsystem/InputSystem/Editor/ControlPicker/Layouts/DefaultInputControlPickerLayout.cs
 0.1 kb	 0.0% Packages/com.unity.inputsystem/InputSystem/Editor/Analytics/VirtualMouseInputEditorAnalytic.cs
 0.1 kb	 0.0% Packages/com.unity.inputsystem/InputSystem/Editor/Analytics/PlayerInputManagerEditorAnalytic.cs
 0.1 kb	 0.0% Packages/com.unity.render-pipelines.universal/Runtime/XR/XRSystemUniversal.cs
 0.1 kb	 0.0% Packages/com.unity.render-pipelines.universal/Runtime/ValidationHandler.cs
 0.1 kb	 0.0% Packages/com.unity.render-pipelines.universal/Runtime/UniversalRenderer.cs
 0.1 kb	 0.0% Packages/com.unity.render-pipelines.universal/Runtime/URPProfilingSamplers.cs
 0.1 kb	 0.0% Packages/com.unity.render-pipelines.universal/Runtime/SpaceFillingCurves.cs
 0.1 kb	 0.0% Packages/com.unity.render-pipelines.universal/Runtime/Settings/RenderGraphSettings.cs
 0.1 kb	 0.0% Packages/com.unity.render-pipelines.universal/Runtime/ScriptableRenderer.cs
 0.1 kb	 0.0% Packages/com.unity.render-pipelines.universal/Runtime/SceneViewDrawMode.cs
 0.1 kb	 0.0% Packages/com.unity.render-pipelines.universal/Runtime/RenderingLayerUtils.cs
 0.1 kb	 0.0% Packages/com.unity.render-pipelines.universal/Runtime/RendererFeatures/ScreenSpaceShadows.cs
 0.1 kb	 0.0% Packages/com.unity.render-pipelines.universal/Runtime/RendererFeatures/DecalRendererFeature.cs
 0.1 kb	 0.0% Packages/com.unity.render-pipelines.universal/Runtime/RenderTargetHandle.cs
 0.1 kb	 0.0% Packages/com.unity.render-pipelines.universal/Runtime/RenderPipelineResources/Renderer2DResources.cs
 0.1 kb	 0.0% Packages/com.unity.render-pipelines.universal/Runtime/Passes/XROcclusionMeshPass.cs
 0.1 kb	 0.0% Packages/com.unity.render-pipelines.universal/Runtime/Passes/XRDepthMotionPass.cs
 0.1 kb	 0.0% Packages/com.unity.render-pipelines.universal/Runtime/Passes/ShadowPassGroup.cs
 0.1 kb	 0.0% Packages/com.unity.render-pipelines.universal/Runtime/Passes/ScriptableRenderPass.cs
 0.1 kb	 0.0% Packages/com.unity.render-pipelines.universal/Runtime/Passes/RenderObjectsPass.cs
 0.1 kb	 0.0% Packages/com.unity.render-pipelines.universal/Runtime/Passes/ProbeVolumeDebugPass.cs
 0.1 kb	 0.0% Packages/com.unity.render-pipelines.universal/Runtime/Passes/PostProcess/UberPostProcessPass.cs
 0.1 kb	 0.0% Packages/com.unity.render-pipelines.universal/Runtime/Passes/PostProcess/StpPostProcessPass.cs
 0.1 kb	 0.0% Packages/com.unity.render-pipelines.universal/Runtime/Passes/PostProcess/SmaaPostProcessPass.cs
 0.1 kb	 0.0% Packages/com.unity.render-pipelines.universal/Runtime/Passes/PostProcess/FinalPostProcessPass.cs
 0.1 kb	 0.0% Packages/com.unity.render-pipelines.universal/Runtime/Passes/PostProcess/BloomPostProcessPass.cs
 0.1 kb	 0.0% Packages/com.unity.render-pipelines.universal/Runtime/Passes/FinalBlitPass.cs
 0.1 kb	 0.0% Packages/com.unity.render-pipelines.universal/Runtime/Passes/DrawObjectsPass.cs
 0.1 kb	 0.0% Packages/com.unity.render-pipelines.universal/Runtime/Passes/DepthOnlyPass.cs
 0.1 kb	 0.0% Packages/com.unity.render-pipelines.universal/Runtime/Passes/CopyDepthPass.cs
 0.1 kb	 0.0% Packages/com.unity.render-pipelines.universal/Runtime/Passes/CopyColorPass.cs
 0.1 kb	 0.0% Packages/com.unity.render-pipelines.universal/Runtime/Overrides/ScreenSpaceLensFlare.cs
 0.1 kb	 0.0% Packages/com.unity.render-pipelines.universal/Runtime/Overrides/ChromaticAberration.cs
 0.1 kb	 0.0% Packages/com.unity.render-pipelines.universal/Runtime/MipGen/Shaders/DepthPyramidConstants.cs
 0.1 kb	 0.0% Packages/com.unity.render-pipelines.universal/Runtime/LightCookieManager.cs
 0.1 kb	 0.0% Packages/com.unity.render-pipelines.universal/Runtime/History/SingleHistoryBase.cs
 0.1 kb	 0.0% Packages/com.unity.render-pipelines.universal/Runtime/FrameData/UniversalShadowData.cs
 0.1 kb	 0.0% Packages/com.unity.render-pipelines.universal/Runtime/FrameData/UniversalLightData.cs
 0.1 kb	 0.0% Packages/com.unity.render-pipelines.universal/Runtime/FrameData/UniversalCameraData.cs
 0.1 kb	 0.0% Packages/com.unity.render-pipelines.universal/Runtime/ForwardRendererData.cs
 0.1 kb	 0.0% Packages/com.unity.render-pipelines.universal/Runtime/ForwardLights.cs
 0.1 kb	 0.0% Packages/com.unity.render-pipelines.universal/Runtime/DeferredLights.cs
 0.1 kb	 0.0% Packages/com.unity.render-pipelines.universal/Runtime/Decal/Entities/DecalEntityManager.cs
 0.1 kb	 0.0% Packages/com.unity.render-pipelines.universal/Runtime/Decal/DecalShaderPassNames.cs
 0.1 kb	 0.0% Packages/com.unity.render-pipelines.universal/Runtime/Decal/DBuffer/DBufferRenderPass.cs
 0.1 kb	 0.0% Packages/com.unity.render-pipelines.universal/Runtime/Decal/DBuffer/DBufferDepthCopyPass.cs
 0.1 kb	 0.0% Packages/com.unity.render-pipelines.universal/Runtime/BaseGlobalShaderVars.cs
 0.1 kb	 0.0% Packages/com.unity.render-pipelines.universal/Runtime/2D/Sources/SelectionSource2D.cs
 0.1 kb	 0.0% Packages/com.unity.render-pipelines.universal/Runtime/2D/Rendergraph/Renderer2DRendergraph.cs
 0.1 kb	 0.0% Packages/com.unity.render-pipelines.core/Runtime/UnifiedRayTracing/RayTracingResources.cs
 0.1 kb	 0.0% Packages/com.unity.render-pipelines.core/Runtime/UnifiedRayTracing/RayTracingContext.cs
 0.1 kb	 0.0% Packages/com.unity.render-pipelines.core/Runtime/UnifiedRayTracing/IRayTracingShader.cs
 0.1 kb	 0.0% Packages/com.unity.render-pipelines.core/Runtime/UnifiedRayTracing/IRayTracingBackend.cs
 0.1 kb	 0.0% Packages/com.unity.render-pipelines.core/Runtime/UnifiedRayTracing/Compute/BLASPositionsPool.cs
 0.1 kb	 0.0% Packages/com.unity.render-pipelines.core/Runtime/UnifiedRayTracing/Common/GeometryPool/GeometryPoolDefs.cs
 0.1 kb	 0.0% Packages/com.unity.render-pipelines.core/Runtime/UnifiedRayTracing/Common/AccelStructInstances.cs
 0.1 kb	 0.0% Packages/com.unity.render-pipelines.core/Runtime/UnifiedRayTracing/Common/AccelStructAdapter.cs
 0.1 kb	 0.0% Packages/com.unity.render-pipelines.core/Runtime/RenderGraph/RenderGraphResources.cs
 0.1 kb	 0.0% Packages/com.unity.render-pipelines.core/Runtime/RenderGraph/Debug/RenderGraph.DebugData.cs
 0.1 kb	 0.0% Packages/com.unity.render-pipelines.core/Runtime/PathTracing/UnityComputeDeviceContext.cs
 0.1 kb	 0.0% Packages/com.unity.render-pipelines.core/Runtime/PathTracing/UVAccelerationStructure.cs
 0.1 kb	 0.0% Packages/com.unity.render-pipelines.core/Runtime/PathTracing/LightmapIntegration.cs
 0.1 kb	 0.0% Packages/com.unity.render-pipelines.core/Runtime/PathTracing/AdaptiveSamplingHelpers.cs
 0.1 kb	 0.0% Packages/com.unity.render-pipelines.core/Runtime/Lighting/ProbeVolume/ProbeReferenceVolume.Streaming.cs
 0.1 kb	 0.0% Packages/com.unity.render-pipelines.core/Runtime/Lighting/ProbeVolume/ProbeReferenceVolume.Debug.cs
 0.1 kb	 0.0% Packages/com.unity.render-pipelines.core/Runtime/GPUDriven/Utilities/ParallelSortExtensions.cs
 0.1 kb	 0.0% Packages/com.unity.render-pipelines.core/Runtime/GPUDriven/Utilities/NativeHandleAllocator.cs
 0.1 kb	 0.0% Packages/com.unity.render-pipelines.core/Runtime/GPUDriven/SceneProcessors/MeshRendererUpdateBatch.cs
 0.1 kb	 0.0% Packages/com.unity.render-pipelines.core/Runtime/GPUDriven/SceneProcessors/MeshRendererProcessor.cs
 0.1 kb	 0.0% Packages/com.unity.render-pipelines.core/Runtime/GPUDriven/GPUResidentDrawer.Validator.cs
 0.1 kb	 0.0% Packages/com.unity.render-pipelines.core/Runtime/GPUDriven/Culling/OcclusionCullingCommon.cs
 0.1 kb	 0.0% Packages/com.unity.render-pipelines.core/Runtime/GPUDriven/CoreDataSystems/LODGroupDataSystemBurst.cs
 0.1 kb	 0.0% Packages/com.unity.render-pipelines.core/Runtime/GPUDriven/CoreDataSystems/InstanceDataSystemBurst.cs
 0.1 kb	 0.0% Packages/com.unity.render-pipelines.core/Runtime/GPUDriven/CoreDataSystems/GPUInstanceDataBuffer.cs
 0.1 kb	 0.0% Packages/com.unity.render-pipelines.core/Runtime/GPUDriven/Components/DisallowSmallMeshCulling.cs
 0.1 kb	 0.0% Packages/com.unity.render-pipelines.core/Runtime/GPUDriven/Batching/InstanceCullingBatcher.cs
 0.1 kb	 0.0% Packages/com.unity.render-pipelines.core/Runtime/GPUDriven/Batching/CPUDrawInstanceDataBurst.cs
 0.1 kb	 0.0% Packages/com.unity.inputsystem/InputSystem/Runtime/Utilities/DisplayStringFormatAttribute.cs
 0.1 kb	 0.0% Packages/com.unity.inputsystem/InputSystem/Runtime/Plugins/XR/Haptics/SendBufferedHapticsCommand.cs
 0.1 kb	 0.0% Packages/com.unity.inputsystem/InputSystem/Runtime/Plugins/XR/Haptics/GetHapticCapabilitiesCommand.cs
 0.1 kb	 0.0% Packages/com.unity.inputsystem/InputSystem/Runtime/Plugins/XR/Haptics/GetCurrentHapticStateCommand.cs
 0.1 kb	 0.0% Packages/com.unity.inputsystem/InputSystem/Runtime/Plugins/UI/ExtendedSubmitCancelEventData.cs
 0.1 kb	 0.0% Packages/com.unity.inputsystem/InputSystem/Runtime/Plugins/Android/AndroidGameController.cs
 0.1 kb	 0.0% Packages/com.unity.inputsystem/InputSystem/Runtime/Controls/Processors/NormalizeVector3Processor.cs
 0.1 kb	 0.0% Packages/com.unity.inputsystem/InputSystem/Runtime/Controls/Processors/NormalizeVector2Processor.cs
 0.1 kb	 0.0% Packages/com.unity.inputsystem/InputSystem/Runtime/Controls/Processors/EditorWindowSpaceProcessor.cs
 0.1 kb	 0.0% Packages/com.unity.inputsystem/InputSystem/Runtime/Controls/Processors/CompensateRotationProcessor.cs
 0.1 kb	 0.0% Packages/com.unity.inputsystem/InputSystem/Runtime/Controls/Processors/CompensateDirectionProcessor.cs
 0.1 kb	 0.0% Packages/com.unity.inputsystem/InputSystem/Editor/Plugins/HID/HIDSupportEditorInitializer.cs
 0.1 kb	 0.0% Packages/com.unity.inputsystem/InputSystem/Editor/Controls/Processors/StickDeadzoneProcessorEditor.cs
 0.1 kb	 0.0% Packages/com.unity.inputsystem/InputSystem/Editor/Controls/Processors/AxisDeadzoneProcessorEditor.cs
 0.1 kb	 0.0% Packages/com.unity.inputsystem/InputSystem/Editor/Actions/Interactions/MultiTapInteractionEditor.cs
 0.1 kb	 0.0% Packages/com.unity.collections/Unity.Collections/UnsafeParallelHashSetExtensions.gen.cs
 0.1 kb	 0.0% Packages/com.unity.collections/Unity.Collections/UnsafeParallelHashMap.cs
 0.1 kb	 0.0% Packages/com.unity.render-pipelines.universal/Runtime/RTHandleUtils.cs
 0.1 kb	 0.0% Packages/com.unity.render-pipelines.universal/Runtime/Documentation.cs
 0.1 kb	 0.0% Packages/com.unity.render-pipelines.universal/Runtime/2D/Sources/Provider2DSource.cs
 0.1 kb	 0.0% Packages/com.unity.render-pipelines.universal/Runtime/2D/Sources/Provider2DRef.cs
 0.1 kb	 0.0% Packages/com.unity.render-pipelines.universal/Runtime/2D/Sources/Provider2DKVPair.cs
 0.1 kb	 0.0% Packages/com.unity.render-pipelines.universal/Runtime/2D/Sources/IProvider2DCache.cs
 0.1 kb	 0.0% Packages/com.unity.render-pipelines.universal/Runtime/2D/Shadows/ShadowRendering.cs
 0.1 kb	 0.0% Packages/com.unity.render-pipelines.universal/Runtime/2D/Shadows/ShadowCaster2D.cs
 0.1 kb	 0.0% Packages/com.unity.render-pipelines.universal/Runtime/2D/Shadows/Shadow Provider Utility/ShadowUtility.cs
 0.1 kb	 0.0% Packages/com.unity.render-pipelines.universal/Runtime/2D/Shadows/Shadow Provider Utility/ShadowShape2D.cs
 0.1 kb	 0.0% Packages/com.unity.render-pipelines.universal/Runtime/2D/Shadows/Shadow Provider Utility/EdgeDictionary.cs
 0.1 kb	 0.0% Packages/com.unity.render-pipelines.universal/Runtime/2D/Rendergraph/DrawShadow2DPass.cs
 0.1 kb	 0.0% Packages/com.unity.render-pipelines.universal/Runtime/2D/Rendergraph/DrawNormal2DPass.cs
 0.1 kb	 0.0% Packages/com.unity.render-pipelines.universal/Runtime/2D/Rendergraph/DrawLight2DPass.cs
 0.1 kb	 0.0% Packages/com.unity.render-pipelines.universal/Runtime/2D/Renderer2DData.cs
 0.1 kb	 0.0% Packages/com.unity.render-pipelines.universal/Runtime/2D/Passes/Utility/RendererLighting.cs
 0.1 kb	 0.0% Packages/com.unity.render-pipelines.universal/Runtime/2D/Lights/Providers/Light2DProvider.cs
 0.1 kb	 0.0% Packages/com.unity.render-pipelines.universal/Runtime/2D/Lights/Light2DManager.cs
 0.1 kb	 0.0% Packages/com.unity.render-pipelines.universal-config/Runtime/ShaderConfig.cs
 0.1 kb	 0.0% Packages/com.unity.render-pipelines.core/Runtime/XR/XRGraphicsAutomatedTests.cs
 0.1 kb	 0.0% Packages/com.unity.render-pipelines.core/Runtime/Textures/PowerOfTwoTextureAtlas.cs
 0.1 kb	 0.0% Packages/com.unity.render-pipelines.core/Runtime/Textures/BufferedRTHandleSystem.cs
 0.1 kb	 0.0% Packages/com.unity.render-pipelines.core/Runtime/Settings/ShaderStrippingSetting.cs
 0.1 kb	 0.0% Packages/com.unity.render-pipelines.core/Runtime/Settings/LightmapSamplingSettings.cs
 0.1 kb	 0.0% Packages/com.unity.render-pipelines.core/Runtime/Sampling/SamplingResources.cs
 0.1 kb	 0.0% Packages/com.unity.render-pipelines.core/Runtime/RenderPipeline/RenderPipelineResources.cs
 0.1 kb	 0.0% Packages/com.unity.render-pipelines.core/Runtime/RenderGraph/RenderGraphPass.cs
 0.1 kb	 0.0% Packages/com.unity.render-pipelines.core/Runtime/RenderGraph/RenderGraph.Compiler.cs
 0.1 kb	 0.0% Packages/com.unity.render-pipelines.core/Runtime/RenderGraph/Deprecated.cs
 0.1 kb	 0.0% Packages/com.unity.render-pipelines.core/Runtime/PostProcessing/LensFlareComponentSRP.cs
 0.1 kb	 0.0% Packages/com.unity.render-pipelines.core/Runtime/PostProcessing/IPostProcessComponent.cs
 0.1 kb	 0.0% Packages/com.unity.render-pipelines.core/Runtime/PathTracing/ProbePostProcessor.cs
 0.1 kb	 0.0% Packages/com.unity.render-pipelines.core/Runtime/Lighting/ProbeVolume/ProbeVolumePositioning.cs
 0.1 kb	 0.0% Packages/com.unity.render-pipelines.core/Runtime/Lighting/ProbeVolume/ProbeVolumePerSceneData.cs
 0.1 kb	 0.0% Packages/com.unity.render-pipelines.core/Runtime/Lighting/ProbeVolume/ProbeReferenceVolume.Binding.cs
 0.1 kb	 0.0% Packages/com.unity.render-pipelines.core/Runtime/Lighting/ProbeVolume/ProbeAdjustmentVolume.cs
 0.1 kb	 0.0% Packages/com.unity.render-pipelines.core/Runtime/GPUDriven/Culling/InstanceOcclusionCuller.cs
 0.1 kb	 0.0% Packages/com.unity.render-pipelines.core/Runtime/GPUDriven/CoreDataSystems/InstanceDataSystem.Jobs.cs
 0.1 kb	 0.0% Packages/com.unity.render-pipelines.core/Runtime/Debugging/ShaderDebugPrintManager.cs
 0.1 kb	 0.0% Packages/com.unity.render-pipelines.core/Runtime/Debugging/RuntimePersistentDebugUI.cs
 0.1 kb	 0.0% Packages/com.unity.render-pipelines.core/Runtime/Debugging/IDebugDisplaySettings.cs
 0.1 kb	 0.0% Packages/com.unity.render-pipelines.core/Runtime/Debugging/DebugDisplaySettingsUI.cs
 0.1 kb	 0.0% Packages/com.unity.render-pipelines.core/Runtime/Debugging/DebugDisplaySerializer.cs
 0.1 kb	 0.0% Packages/com.unity.render-pipelines.core/Runtime/Common/RemoveRange.Extensions.cs
 0.1 kb	 0.0% Packages/com.unity.render-pipelines.core/Runtime/Common/DynamicResolutionHandler.cs
 0.1 kb	 0.0% Packages/com.unity.render-pipelines.core/Runtime/Common/CoreProfilingSamplers.cs
 0.1 kb	 0.0% Packages/com.unity.render-pipelines.core/Runtime/Common/ComponentSingleton.cs
 0.1 kb	 0.0% Packages/com.unity.render-pipelines.core/Runtime/CommandBuffers/IComputeCommandBuffer.cs
 0.1 kb	 0.0% Packages/com.unity.render-pipelines.core/Runtime/Camera/CameraHistory.cs
 0.1 kb	 0.0% Packages/com.unity.inputsystem/InputSystem/Runtime/State/IInputStateCallbackReceiver.cs
 0.1 kb	 0.0% Packages/com.unity.inputsystem/InputSystem/Runtime/Plugins/InputForUI/InputSystemProvider.cs
 0.1 kb	 0.0% Packages/com.unity.inputsystem/InputSystem/Runtime/Plugins/DualShock/DualShockGamepadHID.cs
 0.1 kb	 0.0% Packages/com.unity.inputsystem/InputSystem/Runtime/Devices/IInputUpdateCallbackReceiver.cs
 0.1 kb	 0.0% Packages/com.unity.inputsystem/InputSystem/Runtime/Devices/Commands/SetSamplingFrequencyCommand.cs
 0.1 kb	 0.0% Packages/com.unity.inputsystem/InputSystem/Runtime/Devices/Commands/SetIMECursorPositionCommand.cs
 0.1 kb	 0.0% Packages/com.unity.inputsystem/InputSystem/Runtime/Devices/Commands/QueryKeyboardLayoutCommand.cs
 0.1 kb	 0.0% Packages/com.unity.inputsystem/InputSystem/Runtime/Devices/Commands/EnableIMECompositionCommand.cs
 0.1 kb	 0.0% Packages/com.unity.inputsystem/InputSystem/Runtime/Controls/InputControlLayoutAttribute.cs
 0.1 kb	 0.0% Packages/com.unity.inputsystem/InputSystem/Runtime/Actions/InputActionRebindingExtensions.cs
 0.1 kb	 0.0% Packages/com.unity.inputsystem/InputSystem/Runtime/Actions/DeferBindingResolutionContext.cs
 0.1 kb	 0.0% Packages/com.unity.inputsystem/InputSystem/Editor/UITKAssetEditor/Views/NameAndParametersListView.cs
 0.1 kb	 0.0% Packages/com.unity.inputsystem/InputSystem/Editor/UITKAssetEditor/Views/InputActionMapsTreeViewItem.cs
 0.1 kb	 0.0% Packages/com.unity.inputsystem/InputSystem/Editor/UITKAssetEditor/InputActionsEditorConstants.cs
 0.1 kb	 0.0% Packages/com.unity.inputsystem/InputSystem/Editor/Settings/InputSettingsBuildProvider.cs
 0.1 kb	 0.0% Packages/com.unity.inputsystem/InputSystem/Editor/Settings/EditorPlayerSettingHelpers.cs
 0.1 kb	 0.0% Packages/com.unity.inputsystem/InputSystem/Editor/PropertyDrawers/InputActionPropertyDrawer.cs
 0.1 kb	 0.0% Packages/com.unity.inputsystem/InputSystem/Editor/PropertyDrawers/GamepadButtonPropertyDrawer.cs
 0.1 kb	 0.0% Packages/com.unity.inputsystem/InputSystem/Editor/Internal/SerializedPropertyHelpers.cs
 0.1 kb	 0.0% Packages/com.unity.inputsystem/InputSystem/Editor/Internal/AdvancedDropdown/AdvancedDropdownDataSource.cs
 0.1 kb	 0.0% Packages/com.unity.inputsystem/InputSystem/Editor/InputSystemPackageControl.cs
 0.1 kb	 0.0% Packages/com.unity.inputsystem/InputSystem/Editor/InputSystemEditorInitializer.cs
 0.1 kb	 0.0% Packages/com.unity.inputsystem/InputSystem/Editor/Debugger/SampleFrequencyCalculator.cs
 0.1 kb	 0.0% Packages/com.unity.inputsystem/InputSystem/Editor/Debugger/InputDeviceDebuggerWindow.cs
 0.1 kb	 0.0% Packages/com.unity.inputsystem/InputSystem/Editor/Debugger/InputActionDebuggerWindow.cs
 0.1 kb	 0.0% Packages/com.unity.inputsystem/InputSystem/Editor/ControlPicker/InputControlPickerDropdown.cs
 0.1 kb	 0.0% Packages/com.unity.inputsystem/InputSystem/Editor/ControlPicker/IInputControlPickerLayout.cs
 0.1 kb	 0.0% Packages/com.unity.inputsystem/InputSystem/Editor/AssetImporter/InputActionImporterEditor.cs
 0.1 kb	 0.0% Packages/com.unity.inputsystem/InputSystem/Editor/AssetImporter/InputActionAssetIconLoader.cs
 0.1 kb	 0.0% Packages/com.unity.inputsystem/InputSystem/Editor/AssetEditor/InputBindingPropertiesView.cs
 0.1 kb	 0.0% Packages/com.unity.inputsystem/InputSystem/Editor/AssetEditor/InputActionPropertiesView.cs
 0.1 kb	 0.0% Packages/com.unity.inputsystem/InputSystem/Editor/Analytics/PlayerInputEditorAnalytic.cs
 0.1 kb	 0.0% Packages/com.unity.inputsystem/InputSystem/Editor/Analytics/OnScreenStickEditorAnalytic.cs
 0.1 kb	 0.0% Packages/com.unity.inputsystem/InputSystem/Editor/Analytics/InputExitPlayModeAnalytic.cs
 0.1 kb	 0.0% Packages/com.unity.inputsystem/InputSystem/Editor/Analytics/InputComponentEditorAnalytic.cs
 0.1 kb	 0.0% Packages/com.unity.collections/Unity.Collections/UnsafeNotBurstCompatible.cs
 0.1 kb	 0.0% Assets/Janseon/Foundation/Composition/UnityFoundationSceneLoader.cs
 0.1 kb	 0.0% Packages/com.unity.ugui/Runtime/UGUI/EventSystem/UIElements/UIToolkitInteroperabilityBridge.cs
 0.1 kb	 0.0% Packages/com.unity.render-pipelines.universal/Runtime/XR/XRPassUniversal.cs
 0.1 kb	 0.0% Packages/com.unity.render-pipelines.universal/Runtime/Tiling/LightMinMaxZJob.cs
 0.1 kb	 0.0% Packages/com.unity.render-pipelines.universal/Runtime/Tiling/InclusiveRange.cs
 0.1 kb	 0.0% Packages/com.unity.render-pipelines.universal/Runtime/ShadowCulling.cs
 0.1 kb	 0.0% Packages/com.unity.render-pipelines.universal/Runtime/ShaderBitArray.cs
 0.1 kb	 0.0% Packages/com.unity.render-pipelines.universal/Runtime/RenderingUtils.cs
 0.1 kb	 0.0% Packages/com.unity.render-pipelines.universal/Runtime/RendererFeatures/RenderObjects.cs
 0.1 kb	 0.0% Packages/com.unity.render-pipelines.universal/Runtime/PostProcessUtils.cs
 0.1 kb	 0.0% Packages/com.unity.render-pipelines.universal/Runtime/Passes/PostProcess/PostProcessPass.cs
 0.1 kb	 0.0% Packages/com.unity.render-pipelines.universal/Runtime/Passes/HDRDebugViewPass.cs
 0.1 kb	 0.0% Packages/com.unity.render-pipelines.universal/Runtime/Passes/GBufferPass.cs
 0.1 kb	 0.0% Packages/com.unity.render-pipelines.universal/Runtime/Passes/DrawSkyboxPass.cs
 0.1 kb	 0.0% Packages/com.unity.render-pipelines.universal/Runtime/Passes/DeferredPass.cs
 0.1 kb	 0.0% Packages/com.unity.render-pipelines.universal/Runtime/Overrides/PaniniProjection.cs
 0.1 kb	 0.0% Packages/com.unity.render-pipelines.universal/Runtime/Overrides/LiftGammaGain.cs
 0.1 kb	 0.0% Packages/com.unity.render-pipelines.universal/Runtime/Overrides/LensDistortion.cs
 0.1 kb	 0.0% Packages/com.unity.render-pipelines.universal/Runtime/Overrides/ColorAdjustments.cs
 0.1 kb	 0.0% Packages/com.unity.render-pipelines.universal/Runtime/Memory/BuddyAllocator.cs
 0.1 kb	 0.0% Packages/com.unity.render-pipelines.universal/Runtime/History/RawDepthHistory.cs
 0.1 kb	 0.0% Packages/com.unity.render-pipelines.universal/Runtime/History/RawColorHistory.cs
 0.1 kb	 0.0% Packages/com.unity.render-pipelines.universal/Runtime/GlobalShaderVars.cs
 0.1 kb	 0.0% Packages/com.unity.render-pipelines.universal/Runtime/Deprecated.cs
 0.1 kb	 0.0% Packages/com.unity.render-pipelines.universal/Runtime/Decal/Entities/DecalDrawSystem.cs
 0.1 kb	 0.0% Packages/com.unity.render-pipelines.universal/Runtime/Decal/DecalProjector.cs
 0.1 kb	 0.0% Packages/com.unity.render-pipelines.universal/Runtime/Decal/DecalPreviewPass.cs
 0.1 kb	 0.0% Packages/com.unity.render-pipelines.universal/Runtime/Debug/DebugRenderSetup.cs
 0.1 kb	 0.0% Packages/com.unity.render-pipelines.universal/Runtime/Data/RenderStateData.cs
 0.1 kb	 0.0% Packages/com.unity.render-pipelines.universal/Runtime/Data/PostProcessData.cs
 0.1 kb	 0.0% Packages/com.unity.render-pipelines.universal/Runtime/ComponentUtility.cs
 0.1 kb	 0.0% Packages/com.unity.render-pipelines.universal/Runtime/2D/Shadows/Providers/ShadowShapeProvider2D_Utility.cs
 0.1 kb	 0.0% Packages/com.unity.render-pipelines.core/Runtime/XR/XRVisibleMesh.cs
 0.1 kb	 0.0% Packages/com.unity.render-pipelines.core/Runtime/XR/XROcclusionMesh.cs
 0.1 kb	 0.0% Packages/com.unity.render-pipelines.core/Runtime/XR/XRLayoutStack.cs
 0.1 kb	 0.0% Packages/com.unity.render-pipelines.core/Runtime/UnifiedRayTracing/InlineRayTracing.cs
 0.1 kb	 0.0% Packages/com.unity.render-pipelines.core/Runtime/UnifiedRayTracing/Compute/RadeonRays/HlbvhTopLevelBuilder.cs
 0.1 kb	 0.0% Packages/com.unity.render-pipelines.core/Runtime/UnifiedRayTracing/Common/Utilities/GraphicsHelpers.cs
 0.1 kb	 0.0% Packages/com.unity.render-pipelines.core/Runtime/UnifiedRayTracing/Common/Utilities/BlockAllocator.cs
 0.1 kb	 0.0% Packages/com.unity.render-pipelines.core/Runtime/UnifiedRayTracing/Common/Utilities/BackendHelpers.cs
 0.1 kb	 0.0% Packages/com.unity.render-pipelines.core/Runtime/UnifiedRayTracing/Common/TerrainToMesh.cs
 0.1 kb	 0.0% Packages/com.unity.render-pipelines.core/Runtime/PathTracing/WriteRenderTexture.cs
 0.1 kb	 0.0% Packages/com.unity.render-pipelines.core/Runtime/PathTracing/UnityComputeWorld.cs
 0.1 kb	 0.0% Packages/com.unity.render-pipelines.core/Runtime/PathTracing/SphericalHarmonicsUtil.cs
 0.1 kb	 0.0% Packages/com.unity.render-pipelines.core/Runtime/PathTracing/LightmappingContext.cs
 0.1 kb	 0.0% Packages/com.unity.render-pipelines.core/Runtime/PathTracing/Lightmapping/UVOverlapDetection.cs
 0.1 kb	 0.0% Packages/com.unity.render-pipelines.core/Runtime/PathTracing/Lightmapping/ChartIdentification.cs
 0.1 kb	 0.0% Packages/com.unity.render-pipelines.core/Runtime/PathTracing/LightmapExpansion.cs
 0.1 kb	 0.0% Packages/com.unity.render-pipelines.core/Runtime/PathTracing/BakeLightmapDriver.cs
 0.1 kb	 0.0% Packages/com.unity.render-pipelines.core/Runtime/Lighting/ProbeVolume/ProbeIndexOfIndices.cs
 0.1 kb	 0.0% Packages/com.unity.render-pipelines.core/Runtime/GPUDriven/Utilities/LODRenderingUtils.cs
 0.1 kb	 0.0% Packages/com.unity.render-pipelines.core/Runtime/GPUDriven/Utilities/JaggedJobRangeBurst.cs
 0.1 kb	 0.0% Packages/com.unity.render-pipelines.core/Runtime/GPUDriven/SceneProcessors/WorldProcessorBurst.cs
 0.1 kb	 0.0% Packages/com.unity.render-pipelines.core/Runtime/GPUDriven/SceneProcessors/LODGroupUpdateBatch.cs
 0.1 kb	 0.0% Packages/com.unity.render-pipelines.core/Runtime/GPUDriven/SceneProcessors/LODGroupProcessor.cs
 0.1 kb	 0.0% Packages/com.unity.render-pipelines.core/Runtime/GPUDriven/GPUResidentDrawer.cs
 0.1 kb	 0.0% Packages/com.unity.render-pipelines.core/Runtime/GPUDriven/GPUResidentContext.cs
 0.1 kb	 0.0% Packages/com.unity.render-pipelines.core/Runtime/GPUDriven/Debug/GRDProfilerCounters.cs
 0.1 kb	 0.0% Packages/com.unity.render-pipelines.core/Runtime/GPUDriven/Culling/InstanceCullerBurst.cs
 0.1 kb	 0.0% Packages/com.unity.render-pipelines.core/Runtime/GPUDriven/CoreDataSystems/LODGroupDataSystem.cs
 0.1 kb	 0.0% Packages/com.unity.render-pipelines.core/Runtime/GPUDriven/CoreDataSystems/InstanceDataSystem.cs
 0.1 kb	 0.0% Packages/com.unity.render-pipelines.core/Runtime/GPUDriven/CoreDataSystems/InstanceAllocators.cs
 0.1 kb	 0.0% Packages/com.unity.render-pipelines.core/Runtime/GPUDriven/CoreDataSystems/GPUArchetypeManager.cs
 0.1 kb	 0.0% Packages/com.unity.render-pipelines.core/Runtime/GPUDriven/CoreDataSystems/DefaultGPUComponents.cs
 0.1 kb	 0.0% Packages/com.unity.render-pipelines.core/Runtime/GPUDriven/Batching/CPUDrawInstanceData.cs
 0.1 kb	 0.0% Packages/com.unity.render-pipelines.core/Runtime/Debugging/DebugUI.Fields.cs
 0.1 kb	 0.0% Packages/com.unity.render-pipelines.core/Runtime/Debugging/DebugManager.SchedulerTracker.cs
 0.1 kb	 0.0% Packages/com.unity.inputsystem/InputSystem/Runtime/Utilities/Observables/ForDeviceEventObservable.cs
 0.1 kb	 0.0% Packages/com.unity.inputsystem/InputSystem/Runtime/Plugins/XR/Haptics/SendHapticImpulseCommand.cs
 0.1 kb	 0.0% Packages/com.unity.inputsystem/InputSystem/Runtime/Plugins/Android/AndroidSensors.cs
 0.1 kb	 0.0% Packages/com.unity.inputsystem/InputSystem/Runtime/Controls/Processors/StickDeadzoneProcessor.cs
 0.1 kb	 0.0% Packages/com.unity.inputsystem/InputSystem/Runtime/Controls/Processors/ScaleVector3Processor.cs
 0.1 kb	 0.0% Packages/com.unity.inputsystem/InputSystem/Runtime/Controls/Processors/ScaleVector2Processor.cs
 0.1 kb	 0.0% Packages/com.unity.inputsystem/InputSystem/Runtime/Controls/Processors/InvertVector3Processor.cs
 0.1 kb	 0.0% Packages/com.unity.inputsystem/InputSystem/Runtime/Controls/Processors/InvertVector2Processor.cs
 0.1 kb	 0.0% Packages/com.unity.inputsystem/InputSystem/Runtime/Controls/Processors/AxisDeadzoneProcessor.cs
 0.1 kb	 0.0% Packages/com.unity.inputsystem/InputSystem/Runtime/Actions/Composites/TwoModifiersComposite.cs
 0.1 kb	 0.0% Packages/com.unity.inputsystem/InputSystem/Runtime/Actions/Composites/ButtonWithTwoModifiers.cs
 0.1 kb	 0.0% Packages/com.unity.inputsystem/InputSystem/Runtime/Actions/Composites/ButtonWithOneModifier.cs
 0.1 kb	 0.0% Packages/com.unity.inputsystem/InputSystem/Editor/AssetEditor/NameAndParameterListView.cs
 0.1 kb	 0.0% Packages/com.unity.inputsystem/InputSystem/Editor/Actions/Interactions/SlowTapInteractionEditor.cs
 0.1 kb	 0.0% Packages/com.unity.inputsystem/InputSystem/Editor/Actions/Interactions/PressInteractionEditor.cs
 0.1 kb	 0.0% Packages/com.unity.inputsystem/InputSystem/Editor/Actions/Interactions/HoldInteractionEditor.cs
 0.1 kb	 0.0% Packages/com.unity.inputsystem/InputSystem/Editor/Actions/Composites/Vector3CompositeEditor.cs
 0.1 kb	 0.0% Packages/com.unity.inputsystem/InputSystem/Editor/Actions/Composites/Vector2CompositeEditor.cs
 0.1 kb	 0.0% Packages/com.unity.collections/Unity.Collections/UnsafeScratchAllocator.cs
 0.1 kb	 0.0% Packages/com.unity.collections/Unity.Collections/NativeParallelHashMapExtensions.cs
 0.1 kb	 0.0% Assets/Janseon/Foundation/AppFlow/ApplicationFlowCoordinator.cs
 0.1 kb	 0.0% Packages/com.unity.ugui/Runtime/TMP/TMP_SpriteAssetImportFormats.cs
 0.1 kb	 0.0% Packages/com.unity.shadergraph/ShaderGraphLibrary/DummyShaderGraphLibrary.cs
 0.1 kb	 0.0% Packages/com.unity.render-pipelines.universal/ShaderLibrary/ShaderTypes.cs
 0.1 kb	 0.0% Packages/com.unity.render-pipelines.universal/ShaderLibrary/Deprecated.cs
 0.1 kb	 0.0% Packages/com.unity.render-pipelines.universal/Runtime/Tiling/TileSize.cs
 0.1 kb	 0.0% Packages/com.unity.render-pipelines.universal/Runtime/2D/URP2D_CRC32.cs
 0.1 kb	 0.0% Packages/com.unity.render-pipelines.universal/Runtime/2D/Shadows/Shadow Provider Utility/ShadowMesh2D.cs
 0.1 kb	 0.0% Packages/com.unity.render-pipelines.universal/Runtime/2D/Shadows/Shadow Provider Utility/ShadowEdge.cs
 0.1 kb	 0.0% Packages/com.unity.render-pipelines.universal/Runtime/2D/Shadows/Shadow Provider Utility/IEdgeStore.cs
 0.1 kb	 0.0% Packages/com.unity.render-pipelines.universal/Runtime/2D/Rendergraph/UpscalePass.cs
 0.1 kb	 0.0% Packages/com.unity.render-pipelines.universal/Runtime/2D/Provider2D.cs
 0.1 kb	 0.0% Packages/com.unity.render-pipelines.universal/Runtime/2D/Passes/Utility/LightBatch.cs
 0.1 kb	 0.0% Packages/com.unity.render-pipelines.universal/Runtime/2D/Passes/Utility/LayerUtility.cs
 0.1 kb	 0.0% Packages/com.unity.render-pipelines.universal/Runtime/2D/Passes/Utility/LayerDebug.cs
 0.1 kb	 0.0% Packages/com.unity.render-pipelines.universal/Runtime/2D/Lights/LightUtility.cs
 0.1 kb	 0.0% Packages/com.unity.render-pipelines.core/Runtime/Utilities/SweepLineRectUtils.cs
 0.1 kb	 0.0% Packages/com.unity.render-pipelines.core/Runtime/Utilities/SceneRenderPipeline.cs
 0.1 kb	 0.0% Packages/com.unity.render-pipelines.core/Runtime/Utilities/MaterialQuality.cs
 0.1 kb	 0.0% Packages/com.unity.render-pipelines.core/Runtime/Utilities/CullContextData.cs
 0.1 kb	 0.0% Packages/com.unity.render-pipelines.core/Runtime/Utilities/CameraCaptureBridge.cs
 0.1 kb	 0.0% Packages/com.unity.render-pipelines.core/Runtime/ShaderGenerator/ShaderGeneratorAttributes.cs
 0.1 kb	 0.0% Packages/com.unity.render-pipelines.core/Runtime/RenderGraph/RenderGraph.cs
 0.1 kb	 0.0% Packages/com.unity.render-pipelines.core/Runtime/PostProcessing/LensFlareCommonSRP.cs
 0.1 kb	 0.0% Packages/com.unity.render-pipelines.core/Runtime/PathTracing/WorldResources.cs
 0.1 kb	 0.0% Packages/com.unity.render-pipelines.core/Runtime/LookDev/IDataProvider.cs
 0.1 kb	 0.0% Packages/com.unity.render-pipelines.core/Runtime/Lighting/SphericalHarmonics.cs
 0.1 kb	 0.0% Packages/com.unity.render-pipelines.core/Runtime/Lighting/ProbeVolume/ProbeVolumesOptions.cs
 0.1 kb	 0.0% Packages/com.unity.render-pipelines.core/Runtime/Lighting/ProbeVolume/ProbeVolumeSceneData.cs
 0.1 kb	 0.0% Packages/com.unity.render-pipelines.core/Runtime/Lighting/ProbeVolume/ProbeVolumeGIContributor.cs
 0.1 kb	 0.0% Packages/com.unity.render-pipelines.core/Runtime/Lighting/ProbeVolume/ProbeVolumeBakingSet.cs
 0.1 kb	 0.0% Packages/com.unity.render-pipelines.core/Runtime/Lighting/ProbeVolume/ProbeVolumeAsset.cs
 0.1 kb	 0.0% Packages/com.unity.render-pipelines.core/Runtime/Lighting/ProbeVolume/ProbeReferenceVolume.cs
 0.1 kb	 0.0% Packages/com.unity.render-pipelines.core/Runtime/Documentation.cs
 0.1 kb	 0.0% Packages/com.unity.render-pipelines.core/Runtime/Debugging/RuntimeDebugWindow.cs
 0.1 kb	 0.0% Packages/com.unity.render-pipelines.core/Runtime/Debugging/MousePositionDebug.cs
 0.1 kb	 0.0% Packages/com.unity.render-pipelines.core/Runtime/Debugging/IVolumeDebugSettings.cs
 0.1 kb	 0.0% Packages/com.unity.render-pipelines.core/Runtime/Debugging/FrameTiming/FrameTimeBottleneck.cs
 0.1 kb	 0.0% Packages/com.unity.render-pipelines.core/Runtime/Debugging/DebugDisplayStats.cs
 0.1 kb	 0.0% Packages/com.unity.render-pipelines.core/Runtime/Common/Swap.Extensions.cs
 0.1 kb	 0.0% Packages/com.unity.render-pipelines.core/Runtime/Common/ReloadGroupAttribute.cs
 0.1 kb	 0.0% Packages/com.unity.render-pipelines.core/Runtime/Common/CommandBufferPool.cs
 0.1 kb	 0.0% Packages/com.unity.render-pipelines.core/Runtime/CommandBuffers/UnsafeCommandBuffer.cs
 0.1 kb	 0.0% Packages/com.unity.render-pipelines.core/Runtime/CommandBuffers/RasterCommandBuffer.cs
 0.1 kb	 0.0% Packages/com.unity.render-pipelines.core/Runtime/CommandBuffers/IUnsafeCommandBuffer.cs
 0.1 kb	 0.0% Packages/com.unity.render-pipelines.core/Runtime/CommandBuffers/IRasterCommandBuffer.cs
 0.1 kb	 0.0% Packages/com.unity.render-pipelines.core/Runtime/CommandBuffers/IBaseCommandBuffer.cs
 0.1 kb	 0.0% Packages/com.unity.render-pipelines.core/Runtime/CommandBuffers/ComputeCommandBuffer.cs
 0.1 kb	 0.0% Packages/com.unity.render-pipelines.core/Runtime/CommandBuffers/CommandBufferHelpers.cs
 0.1 kb	 0.0% Packages/com.unity.inputsystem/InputSystem/Runtime/State/IInputStateChangeMonitor.cs
 0.1 kb	 0.0% Packages/com.unity.inputsystem/InputSystem/Runtime/Plugins/iOS/IOSGameController.cs
 0.1 kb	 0.0% Packages/com.unity.inputsystem/InputSystem/Runtime/Plugins/Users/InputUserAccountHandle.cs
 0.1 kb	 0.0% Packages/com.unity.inputsystem/InputSystem/Runtime/Plugins/Switch/SwitchProControllerHID.cs
 0.1 kb	 0.0% Packages/com.unity.inputsystem/InputSystem/Runtime/Plugins/OSX/OSXGameController.cs
 0.1 kb	 0.0% Packages/com.unity.inputsystem/InputSystem/Runtime/Plugins/EnhancedTouch/EnhancedTouchSupport.cs
 0.1 kb	 0.0% Packages/com.unity.inputsystem/InputSystem/Runtime/InputManagerStateMonitors.cs
 0.1 kb	 0.0% Packages/com.unity.inputsystem/InputSystem/Runtime/Events/DeviceConfigurationEvent.cs
 0.1 kb	 0.0% Packages/com.unity.inputsystem/InputSystem/Runtime/Devices/Remote/RemoteInputPlayerConnection.cs
 0.1 kb	 0.0% Packages/com.unity.inputsystem/InputSystem/Runtime/Devices/InputDeviceDescription.cs
 0.1 kb	 0.0% Packages/com.unity.inputsystem/InputSystem/Runtime/Devices/Haptics/DualMotorRumbleCommand.cs
 0.1 kb	 0.0% Packages/com.unity.inputsystem/InputSystem/Runtime/Devices/Commands/WarpMousePositionCommand.cs
 0.1 kb	 0.0% Packages/com.unity.inputsystem/InputSystem/Runtime/Devices/Commands/QueryEnabledStateCommand.cs
 0.1 kb	 0.0% Packages/com.unity.inputsystem/InputSystem/Runtime/Devices/Commands/QueryDimensionsCommand.cs
 0.1 kb	 0.0% Packages/com.unity.inputsystem/InputSystem/Runtime/Devices/Commands/QueryCanRunInBackground.cs
 0.1 kb	 0.0% Packages/com.unity.inputsystem/InputSystem/Runtime/Devices/Commands/IInputDeviceCommandInfo.cs
 0.1 kb	 0.0% Packages/com.unity.inputsystem/InputSystem/Runtime/Controls/InputControlAttribute.cs
 0.1 kb	 0.0% Packages/com.unity.inputsystem/InputSystem/Runtime/Controls/DiscreteButtonControl.cs
 0.1 kb	 0.0% Packages/com.unity.inputsystem/InputSystem/Runtime/Actions/InputBindingCompositeContext.cs
 0.1 kb	 0.0% Packages/com.unity.inputsystem/InputSystem/Runtime/Actions/InputActionSetupExtensions.cs
 0.1 kb	 0.0% Packages/com.unity.inputsystem/InputSystem/Runtime/Actions/InputActionParameters.cs
 0.1 kb	 0.0% Packages/com.unity.inputsystem/InputSystem/Editor/UITKAssetEditor/Views/VisualElementExtensions.cs
 0.1 kb	 0.0% Packages/com.unity.inputsystem/InputSystem/Editor/UITKAssetEditor/Views/InputActionsTreeViewItem.cs
 0.1 kb	 0.0% Packages/com.unity.inputsystem/InputSystem/Editor/UITKAssetEditor/Views/InputActionsEditorView.cs
 0.1 kb	 0.0% Packages/com.unity.inputsystem/InputSystem/Editor/UITKAssetEditor/Views/BindingPropertiesView.cs
 0.1 kb	 0.0% Packages/com.unity.inputsystem/InputSystem/Editor/UITKAssetEditor/SerializedInputBinding.cs
 0.1 kb	 0.0% Packages/com.unity.inputsystem/InputSystem/Editor/UITKAssetEditor/SerializedInputActionMap.cs
 0.1 kb	 0.0% Packages/com.unity.inputsystem/InputSystem/Editor/UITKAssetEditor/SerializedInputAction.cs
 0.1 kb	 0.0% Packages/com.unity.inputsystem/InputSystem/Editor/UITKAssetEditor/InputActionsEditorWindow.cs
 0.1 kb	 0.0% Packages/com.unity.inputsystem/InputSystem/Editor/UITKAssetEditor/InputActionsEditorState.cs
 0.1 kb	 0.0% Packages/com.unity.inputsystem/InputSystem/Editor/UITKAssetEditor/Commands/ControlSchemeCommands.cs
 0.1 kb	 0.0% Packages/com.unity.inputsystem/InputSystem/Editor/Settings/InputSettingsProvider.cs
 0.1 kb	 0.0% Packages/com.unity.inputsystem/InputSystem/Editor/PropertyDrawers/InputControlPathDrawer.cs
 0.1 kb	 0.0% Packages/com.unity.inputsystem/InputSystem/Editor/PropertyDrawers/InputActionDrawerBase.cs
 0.1 kb	 0.0% Packages/com.unity.inputsystem/InputSystem/Editor/PropertyDrawers/InputActionAssetDrawer.cs
 0.1 kb	 0.0% Packages/com.unity.inputsystem/InputSystem/Editor/ProjectWideActions/ProjectWideActionsAsset.cs
 0.1 kb	 0.0% Packages/com.unity.inputsystem/InputSystem/Editor/Plugins/PlayerInput/PlayerInputManagerEditor.cs
 0.1 kb	 0.0% Packages/com.unity.inputsystem/InputSystem/Editor/Plugins/EnhancedTouch/TouchSimulationEditor.cs
 0.1 kb	 0.0% Packages/com.unity.inputsystem/InputSystem/Editor/Internal/AdvancedDropdown/AdvancedDropdownWindow.cs
 0.1 kb	 0.0% Packages/com.unity.inputsystem/InputSystem/Editor/Internal/AdvancedDropdown/AdvancedDropdownState.cs
 0.1 kb	 0.0% Packages/com.unity.inputsystem/InputSystem/Editor/InputSystemPluginControl.cs
 0.1 kb	 0.0% Packages/com.unity.inputsystem/InputSystem/Editor/InputLayoutCodeGenerator.cs
 0.1 kb	 0.0% Packages/com.unity.inputsystem/InputSystem/Editor/InputAssetEditorUtils.cs
 0.1 kb	 0.0% Packages/com.unity.inputsystem/InputSystem/Editor/Debugger/InputLatencyCalculator.cs
 0.1 kb	 0.0% Packages/com.unity.inputsystem/InputSystem/Editor/ControlPicker/InputControlPickerState.cs
 0.1 kb	 0.0% Packages/com.unity.inputsystem/InputSystem/Editor/ControlPicker/InputControlPathEditor.cs
 0.1 kb	 0.0% Packages/com.unity.inputsystem/InputSystem/Editor/ControlPicker/InputControlDropdownItem.cs
 0.1 kb	 0.0% Packages/com.unity.inputsystem/InputSystem/Editor/AssetImporter/InputActionCodeGenerator.cs
 0.1 kb	 0.0% Packages/com.unity.inputsystem/InputSystem/Editor/AssetImporter/InputActionAssetEditor.cs
 0.1 kb	 0.0% Packages/com.unity.inputsystem/InputSystem/Editor/AssetImporter/IInputActionAssetEditor.cs
 0.1 kb	 0.0% Packages/com.unity.inputsystem/InputSystem/Editor/AssetEditor/InputActionAssetManager.cs
 0.1 kb	 0.0% Packages/com.unity.inputsystem/InputSystem/Actions/InputActionStateMonitorIndex.cs
 0.1 kb	 0.0% Packages/com.unity.collections/Unity.Collections/UnsafeAtomicCounter.cs
 0.1 kb	 0.0% Assets/TextMesh Pro/Resources/LineBreaking Leading Characters.txt
 0.1 kb	 0.0% Assets/Janseon/Foundation/UI/OwnerCardTargetingMachine.cs
 0.1 kb	 0.0% Assets/Janseon/Foundation/Presentation/PlaceholderVoxelWorld.cs
 0.1 kb	 0.0% Assets/Janseon/Foundation/Presentation/PlaceholderVoxelLayout.cs
 0.1 kb	 0.0% Assets/Janseon/Foundation/Composition/MainTitleLifetimeScope.cs
 0.1 kb	 0.0% Assets/Janseon/Foundation/Composition/FoundationLifetimeScope.cs
 0.1 kb	 0.0% Assets/Janseon/Data/Assets/Cards/Card_MobilityRegroup.asset
 0.1 kb	 0.0% Packages/jp.hadashikick.vcontainer/Runtime/Unity/LifetimeScope.AwakeScheduler.cs
 0.1 kb	 0.0% Packages/jp.hadashikick.vcontainer/Runtime/Internal/OpenGenericRegistrationBuilder.cs
 0.1 kb	 0.0% Packages/jp.hadashikick.vcontainer/Runtime/Internal/InstanceProviders/ContainerLocalInstanceProvider.cs
 0.1 kb	 0.0% Packages/com.unity.ugui/Runtime/UGUI/UI/Core/Layout/HorizontalOrVerticalLayoutGroup.cs
 0.1 kb	 0.0% Packages/com.unity.render-pipelines.universal/Runtime/Tiling/ZBinningJob.cs
 0.1 kb	 0.0% Packages/com.unity.render-pipelines.universal/Runtime/Tiling/TilingJob.cs
 0.1 kb	 0.0% Packages/com.unity.render-pipelines.universal/Runtime/TemporalAA.cs
 0.1 kb	 0.0% Packages/com.unity.render-pipelines.universal/Runtime/ShadowUtils.cs
 0.1 kb	 0.0% Packages/com.unity.render-pipelines.universal/Runtime/ShaderUtils.cs
 0.1 kb	 0.0% Packages/com.unity.render-pipelines.universal/Runtime/PostProcess.cs
 0.1 kb	 0.0% Packages/com.unity.render-pipelines.universal/Runtime/Passes/ScreenSpaceAmbientOcclusion/SSAOUtils.cs
 0.1 kb	 0.0% Packages/com.unity.render-pipelines.universal/Runtime/Passes/CapturePass.cs
 0.1 kb	 0.0% Packages/com.unity.render-pipelines.universal/Runtime/Overrides/WhiteBalance.cs
 0.1 kb	 0.0% Packages/com.unity.render-pipelines.universal/Runtime/Overrides/Tonemapping.cs
 0.1 kb	 0.0% Packages/com.unity.render-pipelines.universal/Runtime/Overrides/SplitToning.cs
 0.1 kb	 0.0% Packages/com.unity.render-pipelines.universal/Runtime/Overrides/MotionBlur.cs
 0.1 kb	 0.0% Packages/com.unity.render-pipelines.universal/Runtime/Overrides/FilmGrain.cs
 0.1 kb	 0.0% Packages/com.unity.render-pipelines.universal/Runtime/Overrides/DepthOfField.cs
 0.1 kb	 0.0% Packages/com.unity.render-pipelines.universal/Runtime/Overrides/ColorLookup.cs
 0.1 kb	 0.0% Packages/com.unity.render-pipelines.universal/Runtime/Overrides/ColorCurves.cs
 0.1 kb	 0.0% Packages/com.unity.render-pipelines.universal/Runtime/Overrides/ChannelMixer.cs
 0.1 kb	 0.0% Packages/com.unity.render-pipelines.universal/Runtime/History/TaaHistory.cs
 0.1 kb	 0.0% Packages/com.unity.render-pipelines.universal/Runtime/History/StpHistory.cs
 0.1 kb	 0.0% Packages/com.unity.render-pipelines.universal/Runtime/History/DepthHistory.cs
 0.1 kb	 0.0% Packages/com.unity.render-pipelines.universal/Runtime/History/ColorHistory.cs
 0.1 kb	 0.0% Packages/com.unity.render-pipelines.universal/Runtime/Decal/Entities/DecalChunk.cs
 0.1 kb	 0.0% Packages/com.unity.render-pipelines.universal/Runtime/Debug/DebugHandler.cs
 0.1 kb	 0.0% Packages/com.unity.render-pipelines.core/Runtime/XR/XRMirrorView.cs
 0.1 kb	 0.0% Packages/com.unity.render-pipelines.core/Runtime/Utilities/GPUPrefixSum/GPUPrefixSum.ShaderIDs.cs
 0.1 kb	 0.0% Packages/com.unity.render-pipelines.core/Runtime/UnifiedRayTracing/Compute/RadeonRays/RestructureBvh.cs
 0.1 kb	 0.0% Packages/com.unity.render-pipelines.core/Runtime/UnifiedRayTracing/Compute/RadeonRays/RadeonRaysAPI.cs
 0.1 kb	 0.0% Packages/com.unity.render-pipelines.core/Runtime/UnifiedRayTracing/Common/GeometryPool/GeometryPool.cs
 0.1 kb	 0.0% Packages/com.unity.render-pipelines.core/Runtime/PathTracing/UVFallbackBuffer.cs
 0.1 kb	 0.0% Packages/com.unity.render-pipelines.core/Runtime/PathTracing/SegmentedReduction.cs
 0.1 kb	 0.0% Packages/com.unity.render-pipelines.core/Runtime/PathTracing/ProbeIntegrator.cs
 0.1 kb	 0.0% Packages/com.unity.render-pipelines.core/Runtime/PathTracing/MaterialPool/MaterialAspectOracle.cs
 0.1 kb	 0.0% Packages/com.unity.render-pipelines.core/Runtime/PathTracing/ManyLightSampling.cs
 0.1 kb	 0.0% Packages/com.unity.render-pipelines.core/Runtime/PathTracing/Lightmapping/ChartRasterizer.cs
 0.1 kb	 0.0% Packages/com.unity.render-pipelines.core/Runtime/PathTracing/Core/TextureSlotAllocator.cs
 0.1 kb	 0.0% Packages/com.unity.render-pipelines.core/Runtime/PathTracing/BakeLightmap.cs
 0.1 kb	 0.0% Packages/com.unity.render-pipelines.core/Runtime/GPUDriven/Utilities/ParallelBitArray.cs
 0.1 kb	 0.0% Packages/com.unity.render-pipelines.core/Runtime/GPUDriven/Utilities/MemoryUtilities.cs
 0.1 kb	 0.0% Packages/com.unity.render-pipelines.core/Runtime/GPUDriven/Utilities/JaggedJobRange.cs
 0.1 kb	 0.0% Packages/com.unity.render-pipelines.core/Runtime/GPUDriven/Utilities/GPUResidentUtils.cs
 0.1 kb	 0.0% Packages/com.unity.render-pipelines.core/Runtime/GPUDriven/SceneProcessors/WorldProcessor.cs
 0.1 kb	 0.0% Packages/com.unity.render-pipelines.core/Runtime/GPUDriven/Culling/InstanceCuller.cs
 0.1 kb	 0.0% Packages/com.unity.render-pipelines.core/Runtime/Deprecated.cs
 0.1 kb	 0.0% Packages/com.unity.render-pipelines.core/Runtime/Debugging/DebugManager.InputLegacy.cs
 0.1 kb	 0.0% Packages/com.unity.render-pipelines.core/Runtime/Common/CoreAttributes.cs
 0.1 kb	 0.0% Packages/com.unity.render-pipelines.core/Runtime/CommandBuffers/BaseCommandBufer.cs
 0.1 kb	 0.0% Packages/com.unity.inputsystem/InputSystem/Runtime/Utilities/NameAndParameters.cs
 0.1 kb	 0.0% Packages/com.unity.inputsystem/InputSystem/Runtime/Utilities/CSharpCodeHelpers.cs
 0.1 kb	 0.0% Packages/com.unity.inputsystem/InputSystem/Runtime/Plugins/UI/TrackedDeviceRaycaster.cs
 0.1 kb	 0.0% Packages/com.unity.inputsystem/InputSystem/Runtime/Plugins/UI/MultiplayerEventSystem.cs
 0.1 kb	 0.0% Packages/com.unity.inputsystem/InputSystem/Runtime/Plugins/UI/InputSystemUIInputModule.cs
 0.1 kb	 0.0% Packages/com.unity.inputsystem/InputSystem/Runtime/Plugins/UI/ExtendedPointerEventData.cs
 0.1 kb	 0.0% Packages/com.unity.inputsystem/InputSystem/Runtime/Plugins/UI/ExtendedAxisEventData.cs
 0.1 kb	 0.0% Packages/com.unity.inputsystem/InputSystem/Runtime/Plugins/DualShock/IDualShockHaptics.cs
 0.1 kb	 0.0% Packages/com.unity.inputsystem/InputSystem/Runtime/Controls/Processors/NormalizeProcessor.cs
 0.1 kb	 0.0% Packages/com.unity.inputsystem/InputSystem/Runtime/Actions/Interactions/SlowTapInteraction.cs
 0.1 kb	 0.0% Packages/com.unity.inputsystem/InputSystem/Runtime/Actions/Interactions/MultiTapInteraction.cs
 0.1 kb	 0.0% Packages/com.unity.inputsystem/InputSystem/Runtime/Actions/Composites/OneModifierComposite.cs
 0.1 kb	 0.0% Packages/com.unity.inputsystem/InputSystem/Editor/Utilities/DirtyAssetTracker.cs
 0.1 kb	 0.0% Packages/com.unity.inputsystem/InputSystem/Editor/Plugins/HID/HIDDescriptorWindow.cs
 0.1 kb	 0.0% Packages/com.unity.inputsystem/InputSystem/Editor/AssetEditor/ParameterListView.cs
 0.1 kb	 0.0% Packages/com.unity.inputsystem/InputSystem/Editor/AssetEditor/InputActionTreeViewItems.cs
 0.1 kb	 0.0% Packages/com.unity.inputsystem/InputSystem/Editor/Actions/Interactions/TapInteractionEditor.cs
 0.1 kb	 0.0% Packages/com.unity.inputsystem/InputSystem/Editor/Actions/Composites/AxisCompositeEditor.cs
 0.1 kb	 0.0% Packages/com.unity.collections/Unity.Collections/UnsafeUtilityEx.cs
 0.1 kb	 0.0% Packages/com.unity.collections/Unity.Collections/UnsafeAppendBuffer.cs
 0.1 kb	 0.0% Packages/com.unity.collections/Unity.Collections/NativeParallelHashSetExtensions.gen.cs
 0.1 kb	 0.0% Packages/com.unity.collections/Unity.Collections/Jobs/RegisterGenericJobTypeAttribute.cs
 0.1 kb	 0.0% Packages/com.unity.collections/Unity.Collections/DoubleRewindableAllocators.cs
 0.1 kb	 0.0% Packages/com.unity.collections/Unity.Collections/DataStreamExtensions.cs
 0.1 kb	 0.0% Assets/Janseon/Data/Repositories/UnitRoleCatalogRepository.cs
 0.1 kb	 0.0% Assets/Janseon/Data/Repositories/FormationCatalogRepository.cs
 0.1 kb	 0.0% Assets/Janseon/Data/Fingerprints/ContentFingerprintProvider.cs
 0.1 kb	 0.0% Assets/Janseon/Data/Fingerprints/CanonicalContentFingerprint.cs
 0.1 kb	 0.0% Packages/jp.hadashikick.vcontainer/Runtime/Unity/ObjectResolverUnityExtensions.cs
 0.1 kb	 0.0% Packages/jp.hadashikick.vcontainer/Runtime/Unity/ContainerBuilderUnityExtensions.cs
 0.1 kb	 0.0% Packages/com.unity.ugui/Runtime/TMP/TMP_DynamicFontAssetUtilities.cs
 0.1 kb	 0.0% Packages/com.unity.render-pipelines.universal/Runtime/NoAllocUtils.cs
 0.1 kb	 0.0% Packages/com.unity.render-pipelines.universal/Runtime/2D/Lights/Light2D.cs
 0.1 kb	 0.0% Packages/com.unity.render-pipelines.universal/Runtime/2D/Clipper.cs
 0.1 kb	 0.0% Packages/com.unity.render-pipelines.core/Runtime/XR/XRSRPSettings.cs
 0.1 kb	 0.0% Packages/com.unity.render-pipelines.core/Runtime/Volume/VolumeProfile.cs
 0.1 kb	 0.0% Packages/com.unity.render-pipelines.core/Runtime/Volume/VolumeParameter.cs
 0.1 kb	 0.0% Packages/com.unity.render-pipelines.core/Runtime/Volume/VolumeManager.cs
 0.1 kb	 0.0% Packages/com.unity.render-pipelines.core/Runtime/Volume/VolumeDebugData.cs
 0.1 kb	 0.0% Packages/com.unity.render-pipelines.core/Runtime/Volume/VolumeComponent.cs
 0.1 kb	 0.0% Packages/com.unity.render-pipelines.core/Runtime/Volume/VolumeCollection.cs
 0.1 kb	 0.0% Packages/com.unity.render-pipelines.core/Runtime/Volume/KeyframeUtility.cs
 0.1 kb	 0.0% Packages/com.unity.render-pipelines.core/Runtime/Utilities/TileLayoutUtils.cs
 0.1 kb	 0.0% Packages/com.unity.render-pipelines.core/Runtime/Utilities/TextureGradient.cs
 0.1 kb	 0.0% Packages/com.unity.render-pipelines.core/Runtime/Utilities/ResourceReloader.cs
 0.1 kb	 0.0% Packages/com.unity.render-pipelines.core/Runtime/Utilities/LightUnitUtils.cs
 0.1 kb	 0.0% Packages/com.unity.render-pipelines.core/Runtime/Utilities/HaltonSequence.cs
 0.1 kb	 0.0% Packages/com.unity.render-pipelines.core/Runtime/Utilities/HDROutputUtils.cs
 0.1 kb	 0.0% Packages/com.unity.render-pipelines.core/Runtime/Utilities/GPUPrefixSum/GPUPrefixSum.Data.cs
 0.1 kb	 0.0% Packages/com.unity.render-pipelines.core/Runtime/Utilities/DelegateUtility.cs
 0.1 kb	 0.0% Packages/com.unity.render-pipelines.core/Runtime/Utilities/CoreMatrixUtils.cs
 0.1 kb	 0.0% Packages/com.unity.render-pipelines.core/Runtime/Utilities/ColorSpaceUtils.cs
 0.1 kb	 0.0% Packages/com.unity.render-pipelines.core/Runtime/Utilities/ArrayExtensions.cs
 0.1 kb	 0.0% Packages/com.unity.render-pipelines.core/Runtime/Textures/Texture2DAtlas.cs
 0.1 kb	 0.0% Packages/com.unity.render-pipelines.core/Runtime/Textures/RTHandleSystem.cs
 0.1 kb	 0.0% Packages/com.unity.render-pipelines.core/Runtime/Sampling/SobolData.cs
 0.1 kb	 0.0% Packages/com.unity.render-pipelines.core/Runtime/RenderPipeline/IVolumetricCloud.cs
 0.1 kb	 0.0% Packages/com.unity.render-pipelines.core/Runtime/RenderPipeline/ICloudBackground.cs
 0.1 kb	 0.0% Packages/com.unity.render-pipelines.core/Runtime/RenderGraph/RenderGraphCompilationCache.cs
 0.1 kb	 0.0% Packages/com.unity.render-pipelines.core/Runtime/PostProcessing/LensFlareDataSRP.cs
 0.1 kb	 0.0% Packages/com.unity.render-pipelines.core/Runtime/Lighting/SurfaceCache/SurfaceCacheWorld.cs
 0.1 kb	 0.0% Packages/com.unity.render-pipelines.core/Runtime/Lighting/ProbeVolume/ProbeVolumeUtil.cs
 0.1 kb	 0.0% Packages/com.unity.render-pipelines.core/Runtime/Lighting/ProbeVolume/ProbeBrickPool.cs
 0.1 kb	 0.0% Packages/com.unity.render-pipelines.core/Runtime/Lighting/ProbeVolume/ProbeBrickIndex.cs
 0.1 kb	 0.0% Packages/com.unity.render-pipelines.core/Runtime/Debugging/ProfilingScope.cs
 0.1 kb	 0.0% Packages/com.unity.render-pipelines.core/Runtime/Debugging/FrameTiming/FrameTimeSample.cs
 0.1 kb	 0.0% Packages/com.unity.render-pipelines.core/Runtime/Debugging/DebugManager.UIState.cs
 0.1 kb	 0.0% Packages/com.unity.render-pipelines.core/Runtime/Debugging/DebugManager.Input.cs
 0.1 kb	 0.0% Packages/com.unity.render-pipelines.core/Runtime/Debugging/DebugFrameTiming.cs
 0.1 kb	 0.0% Packages/com.unity.render-pipelines.core/Runtime/Common/SerializableEnum.cs
 0.1 kb	 0.0% Packages/com.unity.render-pipelines.core/Runtime/Common/ReloadAttribute.cs
 0.1 kb	 0.0% Packages/com.unity.render-pipelines.core/Runtime/Common/IAdditionalData.cs
 0.1 kb	 0.0% Packages/com.unity.render-pipelines.core/Runtime/Common/DynamicString.cs
 0.1 kb	 0.0% Packages/com.unity.render-pipelines.core/Runtime/Common/CoreUnsafeUtils.cs
 0.1 kb	 0.0% Packages/com.unity.render-pipelines.core/Runtime/Common/ContextContainer.cs
 0.1 kb	 0.0% Packages/com.unity.render-pipelines.core/Runtime/Common/ConstantBuffer.cs
 0.1 kb	 0.0% Packages/com.unity.render-pipelines.core/Runtime/Camera/CameraSwitcher.cs
 0.1 kb	 0.0% Packages/com.unity.inputsystem/InputSystem/Runtime/Utilities/Comparers.cs
 0.1 kb	 0.0% Packages/com.unity.inputsystem/InputSystem/Runtime/State/InputStateHistory.cs
 0.1 kb	 0.0% Packages/com.unity.inputsystem/InputSystem/Runtime/State/InputStateBuffers.cs
 0.1 kb	 0.0% Packages/com.unity.inputsystem/InputSystem/Runtime/State/IInputStateTypeInfo.cs
 0.1 kb	 0.0% Packages/com.unity.inputsystem/InputSystem/Runtime/Plugins/Users/InputUserSettings.cs
 0.1 kb	 0.0% Packages/com.unity.inputsystem/InputSystem/Runtime/Plugins/Switch/SwitchProController.cs
 0.1 kb	 0.0% Packages/com.unity.inputsystem/InputSystem/Runtime/Plugins/EnhancedTouch/TouchSimulation.cs
 0.1 kb	 0.0% Packages/com.unity.inputsystem/InputSystem/Runtime/NativeInputRuntime.cs
 0.1 kb	 0.0% Packages/com.unity.inputsystem/InputSystem/Runtime/InputEditorUserSettings.cs
 0.1 kb	 0.0% Packages/com.unity.inputsystem/InputSystem/Runtime/Events/InputEventListener.cs
 0.1 kb	 0.0% Packages/com.unity.inputsystem/InputSystem/Runtime/Events/IMECompositionEvent.cs
 0.1 kb	 0.0% Packages/com.unity.inputsystem/InputSystem/Runtime/Events/IInputEventTypeInfo.cs
 0.1 kb	 0.0% Packages/com.unity.inputsystem/InputSystem/Runtime/Events/DeviceRemoveEvent.cs
 0.1 kb	 0.0% Packages/com.unity.inputsystem/InputSystem/Runtime/Devices/InputDeviceMatcher.cs
 0.1 kb	 0.0% Packages/com.unity.inputsystem/InputSystem/Runtime/Devices/InputDeviceBuilder.cs
 0.1 kb	 0.0% Packages/com.unity.inputsystem/InputSystem/Runtime/Devices/ITextInputReceiver.cs
 0.1 kb	 0.0% Packages/com.unity.inputsystem/InputSystem/Runtime/Devices/IEventPreProcessor.cs
 0.1 kb	 0.0% Packages/com.unity.inputsystem/InputSystem/Runtime/Devices/ICustomDeviceReset.cs
 0.1 kb	 0.0% Packages/com.unity.inputsystem/InputSystem/Runtime/Devices/Commands/RequestSyncCommand.cs
 0.1 kb	 0.0% Packages/com.unity.inputsystem/InputSystem/Runtime/Devices/Commands/RequestResetCommand.cs
 0.1 kb	 0.0% Packages/com.unity.inputsystem/InputSystem/Runtime/Devices/Commands/QueryUserIdCommand.cs
 0.1 kb	 0.0% Packages/com.unity.inputsystem/InputSystem/Runtime/Devices/Commands/QueryKeyNameCommand.cs
 0.1 kb	 0.0% Packages/com.unity.inputsystem/InputSystem/Runtime/Devices/Commands/InputDeviceCommand.cs
 0.1 kb	 0.0% Packages/com.unity.inputsystem/InputSystem/Runtime/Devices/Commands/EnableDeviceCommand.cs
 0.1 kb	 0.0% Packages/com.unity.inputsystem/InputSystem/Runtime/Devices/Commands/DisableDeviceCommand.cs
 0.1 kb	 0.0% Packages/com.unity.inputsystem/InputSystem/Runtime/Controls/TouchPressControl.cs
 0.1 kb	 0.0% Packages/com.unity.inputsystem/InputSystem/Runtime/Controls/TouchPhaseControl.cs
 0.1 kb	 0.0% Packages/com.unity.inputsystem/InputSystem/Runtime/Controls/QuaternionControl.cs
 0.1 kb	 0.0% Packages/com.unity.inputsystem/InputSystem/Runtime/Controls/InputControlLayout.cs
 0.1 kb	 0.0% Packages/com.unity.inputsystem/InputSystem/Runtime/Controls/InputControlExtensions.cs
 0.1 kb	 0.0% Packages/com.unity.inputsystem/InputSystem/Runtime/Actions/InputInteractionContext.cs
 0.1 kb	 0.0% Packages/com.unity.inputsystem/InputSystem/Runtime/Actions/InputBindingComposite.cs
 0.1 kb	 0.0% Packages/com.unity.inputsystem/InputSystem/Runtime/Actions/IInputActionCollection.cs
 0.1 kb	 0.0% Packages/com.unity.inputsystem/InputSystem/Editor/VirtualMouseInputEditor.cs
 0.1 kb	 0.0% Packages/com.unity.inputsystem/InputSystem/Editor/UITKAssetEditor/Views/MatchingControlPaths.cs
 0.1 kb	 0.0% Packages/com.unity.inputsystem/InputSystem/Editor/UITKAssetEditor/Views/IViewStateCollection.cs
 0.1 kb	 0.0% Packages/com.unity.inputsystem/InputSystem/Editor/UITKAssetEditor/Views/ControlSchemesView.cs
 0.1 kb	 0.0% Packages/com.unity.inputsystem/InputSystem/Editor/UITKAssetEditor/Views/ActionPropertiesView.cs
 0.1 kb	 0.0% Packages/com.unity.inputsystem/InputSystem/Editor/UITKAssetEditor/EnumerableExtensions.cs
 0.1 kb	 0.0% Packages/com.unity.inputsystem/InputSystem/Editor/PropertyDrawers/InputActionMapDrawer.cs
 0.1 kb	 0.0% Packages/com.unity.inputsystem/InputSystem/Editor/PropertyDrawers/InputActionDrawer.cs
 0.1 kb	 0.0% Packages/com.unity.inputsystem/InputSystem/Editor/Plugins/iOS/InputSettingsiOSProvider.cs
 0.1 kb	 0.0% Packages/com.unity.inputsystem/InputSystem/Editor/Plugins/PlayerInput/PlayerInputEditor.cs
 0.1 kb	 0.0% Packages/com.unity.inputsystem/InputSystem/Editor/Plugins/OnScreen/OnScreenStickEditor.cs
 0.1 kb	 0.0% Packages/com.unity.inputsystem/InputSystem/Editor/Plugins/OnScreen/OnScreenButtonEditor.cs
 0.1 kb	 0.0% Packages/com.unity.inputsystem/InputSystem/Editor/Internal/InputEventTreeView.cs
 0.1 kb	 0.0% Packages/com.unity.inputsystem/InputSystem/Editor/Internal/InputControlTreeView.cs
 0.1 kb	 0.0% Packages/com.unity.inputsystem/InputSystem/Editor/Internal/BuildProviderHelpers.cs
 0.1 kb	 0.0% Packages/com.unity.inputsystem/InputSystem/Editor/Internal/AdvancedDropdown/MultiLevelDataSource.cs
 0.1 kb	 0.0% Packages/com.unity.inputsystem/InputSystem/Editor/Internal/AdvancedDropdown/CallbackDataSource.cs
 0.1 kb	 0.0% Packages/com.unity.inputsystem/InputSystem/Editor/Internal/AdvancedDropdown/AdvancedDropdownItem.cs
 0.1 kb	 0.0% Packages/com.unity.inputsystem/InputSystem/Editor/Internal/AdvancedDropdown/AdvancedDropdownGUI.cs
 0.1 kb	 0.0% Packages/com.unity.inputsystem/InputSystem/Editor/InputSystemStateManager.cs
 0.1 kb	 0.0% Packages/com.unity.inputsystem/InputSystem/Editor/InputParameterEditor.cs
 0.1 kb	 0.0% Packages/com.unity.inputsystem/InputSystem/Editor/DeviceSimulator/InputSystemPlugin.cs
 0.1 kb	 0.0% Packages/com.unity.inputsystem/InputSystem/Editor/Debugger/InputDebuggerWindow.cs
 0.1 kb	 0.0% Packages/com.unity.inputsystem/InputSystem/Editor/ControlPicker/InputControlPicker.cs
 0.1 kb	 0.0% Packages/com.unity.inputsystem/InputSystem/Editor/BuildPipeline/LinkFileGenerator.cs
 0.1 kb	 0.0% Packages/com.unity.inputsystem/InputSystem/Editor/AssetImporter/InputActionImporter.cs
 0.1 kb	 0.0% Packages/com.unity.inputsystem/InputSystem/Editor/AssetEditor/PropertiesViewBase.cs
 0.1 kb	 0.0% Packages/com.unity.inputsystem/InputSystem/Editor/AssetEditor/InputActionTreeView.cs
 0.1 kb	 0.0% Packages/com.unity.inputsystem/InputSystem/Editor/Analytics/InputEditorAnalytics.cs
 0.1 kb	 0.0% Packages/com.unity.inputsystem/InputSystem/Editor/Analytics/InputBuildAnalytic.cs
 0.1 kb	 0.0% Packages/com.unity.collections/Unity.Collections/NativeNotBurstCompatible.cs
 0.1 kb	 0.0% Assets/Janseon/Foundation/UI/UiScreenDocumentLease.cs
 0.1 kb	 0.0% Assets/Janseon/Foundation/UI/Presenters/MainTitlePresenter.cs
 0.1 kb	 0.0% Assets/Janseon/Foundation/UI/Presenters/GameplayPresenter.cs
 0.1 kb	 0.0% Assets/Janseon/Foundation/UI/PocCoreLoopController.cs
 0.1 kb	 0.0% Assets/Janseon/Foundation/Presentation/HeightmapVoxelWorld.cs
 0.1 kb	 0.0% Assets/Janseon/Foundation/Composition/FoundationStartup.cs
 0.1 kb	 0.0% Assets/Janseon/Data/Validation/GameDataCatalogIndexBuilder.cs
 0.1 kb	 0.0% Assets/Janseon/Data/Validation/CatalogValidationException.cs
 0.1 kb	 0.0% Assets/Janseon/Data/Assets/Cards/Card_GuardShieldwall.asset
 0.1 kb	 0.0% Packages/jp.hadashikick.vcontainer/Runtime/Internal/InstanceRegistrationBuilder.cs
 0.1 kb	 0.0% Packages/jp.hadashikick.vcontainer/Runtime/Internal/InstanceProviders/OpenGenericInstanceProvider.cs
 0.1 kb	 0.0% Packages/jp.hadashikick.vcontainer/Runtime/Internal/InstanceProviders/ContainerInstanceProvider.cs
 0.1 kb	 0.0% Packages/jp.hadashikick.vcontainer/Runtime/Internal/InstanceProviders/CollectionInstanceProvider.cs
 0.1 kb	 0.0% Packages/jp.hadashikick.vcontainer/Runtime/Internal/BuilderCallbackDisposable.cs
 0.1 kb	 0.0% Packages/com.unity.ugui/Runtime/UGUI/EventSystem/UIElements/WorldDocumentRaycaster.cs
 0.1 kb	 0.0% Packages/com.unity.ugui/Runtime/UGUI/EventSystem/InputModules/StandaloneInputModule.cs
 0.1 kb	 0.0% Packages/com.unity.render-pipelines.universal/Runtime/StpUtils.cs
 0.1 kb	 0.0% Packages/com.unity.render-pipelines.universal/Runtime/RendererFeatures/OnTilePostProcessPass.cs
 0.1 kb	 0.0% Packages/com.unity.render-pipelines.universal/Runtime/RendererFeatures/OnTilePostProcessFeature.cs
 0.1 kb	 0.0% Packages/com.unity.render-pipelines.universal/Runtime/Passes/ScreenSpaceAmbientOcclusion/AAOPass.cs
 0.1 kb	 0.0% Packages/com.unity.render-pipelines.universal/Runtime/Overrides/Vignette.cs
 0.1 kb	 0.0% Packages/com.unity.render-pipelines.universal/Runtime/Overrides/Bloom.cs
 0.1 kb	 0.0% Packages/com.unity.render-pipelines.universal/Runtime/MipGen/MipGenerator.cs
 0.1 kb	 0.0% Packages/com.unity.render-pipelines.core/Runtime/XR/XRView.cs
 0.1 kb	 0.0% Packages/com.unity.render-pipelines.core/Runtime/XR/XRSystem.cs
 0.1 kb	 0.0% Packages/com.unity.render-pipelines.core/Runtime/XR/XRPass.cs
 0.1 kb	 0.0% Packages/com.unity.render-pipelines.core/Runtime/XR/XRLayout.cs
 0.1 kb	 0.0% Packages/com.unity.render-pipelines.core/Runtime/UnifiedRayTracing/StringIDs.cs
 0.1 kb	 0.0% Packages/com.unity.render-pipelines.core/Runtime/UnifiedRayTracing/Compute/RadeonRays/RadixSort.cs
 0.1 kb	 0.0% Packages/com.unity.render-pipelines.core/Runtime/UnifiedRayTracing/Compute/RadeonRays/HlbvhBuilder.cs
 0.1 kb	 0.0% Packages/com.unity.render-pipelines.core/Runtime/UnifiedRayTracing/Common/Utilities/Utils.cs
 0.1 kb	 0.0% Packages/com.unity.render-pipelines.core/Runtime/PathTracing/ShaderProperties.cs
 0.1 kb	 0.0% Packages/com.unity.render-pipelines.core/Runtime/PathTracing/LightFalloffLUT.cs
 0.1 kb	 0.0% Packages/com.unity.render-pipelines.core/Runtime/PathTracing/Environment/CubemapRender.cs
 0.1 kb	 0.0% Packages/com.unity.render-pipelines.core/Runtime/PathTracing/Core/TextureQuadTree.cs
 0.1 kb	 0.0% Packages/com.unity.render-pipelines.core/Runtime/GPUDriven/CoreDataSystems/RenderWorld.cs
 0.1 kb	 0.0% Packages/com.unity.render-pipelines.core/Runtime/GPUDriven/BatchLayers.cs
 0.1 kb	 0.0% Packages/com.unity.render-pipelines.core/Runtime/Debugging/DebugUI.FieldUtils.cs
 0.1 kb	 0.0% Packages/com.unity.render-pipelines.core/Runtime/Debugging/DebugUI.Containers.cs
 0.1 kb	 0.0% Packages/com.unity.inputsystem/InputSystem/Runtime/Utilities/StringHelpers.cs
 0.1 kb	 0.0% Packages/com.unity.inputsystem/InputSystem/Runtime/Utilities/SpriteUtilities.cs
 0.1 kb	 0.0% Packages/com.unity.inputsystem/InputSystem/Runtime/Utilities/PrimitiveValue.cs
 0.1 kb	 0.0% Packages/com.unity.inputsystem/InputSystem/Runtime/Utilities/PredictiveParser.cs
 0.1 kb	 0.0% Packages/com.unity.inputsystem/InputSystem/Runtime/Utilities/NumberHelpers.cs
 0.1 kb	 0.0% Packages/com.unity.inputsystem/InputSystem/Runtime/Utilities/MemoryHelpers.cs
 0.1 kb	 0.0% Packages/com.unity.inputsystem/InputSystem/Runtime/Utilities/InternedString.cs
 0.1 kb	 0.0% Packages/com.unity.inputsystem/InputSystem/Runtime/Utilities/ExceptionHelpers.cs
 0.1 kb	 0.0% Packages/com.unity.inputsystem/InputSystem/Runtime/Utilities/DelegateHelpers.cs
 0.1 kb	 0.0% Packages/com.unity.inputsystem/InputSystem/Runtime/Plugins/iOS/iOSStepCounter.cs
 0.1 kb	 0.0% Packages/com.unity.inputsystem/InputSystem/Runtime/Plugins/XR/TrackedPoseDriver.cs
 0.1 kb	 0.0% Packages/com.unity.inputsystem/InputSystem/Runtime/Plugins/XR/Haptics/BufferedRumble.cs
 0.1 kb	 0.0% Packages/com.unity.inputsystem/InputSystem/Runtime/Plugins/UI/VirtualMouseInput.cs
 0.1 kb	 0.0% Packages/com.unity.inputsystem/InputSystem/Runtime/Plugins/UI/INavigationEventData.cs
 0.1 kb	 0.0% Packages/com.unity.inputsystem/InputSystem/Runtime/Plugins/UI/BaseInputOverride.cs
 0.1 kb	 0.0% Packages/com.unity.inputsystem/InputSystem/Runtime/Plugins/DualShock/DualShockSupport.cs
 0.1 kb	 0.0% Packages/com.unity.inputsystem/InputSystem/Runtime/Plugins/DualShock/DualShockGamepad.cs
 0.1 kb	 0.0% Packages/com.unity.inputsystem/InputSystem/Runtime/Controls/Processors/ScaleProcessor.cs
 0.1 kb	 0.0% Packages/com.unity.inputsystem/InputSystem/Runtime/Controls/Processors/InvertProcessor.cs
 0.1 kb	 0.0% Packages/com.unity.inputsystem/InputSystem/Runtime/Controls/Processors/ClampProcessor.cs
 0.1 kb	 0.0% Packages/com.unity.inputsystem/InputSystem/Runtime/Actions/Interactions/TapInteraction.cs
 0.1 kb	 0.0% Packages/com.unity.inputsystem/InputSystem/Runtime/Actions/Interactions/PressInteraction.cs
 0.1 kb	 0.0% Packages/com.unity.inputsystem/InputSystem/Runtime/Actions/Interactions/HoldInteraction.cs
 0.1 kb	 0.0% Packages/com.unity.inputsystem/InputSystem/Runtime/Actions/InputActionTrace.cs
 0.1 kb	 0.0% Packages/com.unity.inputsystem/InputSystem/Runtime/Actions/Composites/Vector3Composite.cs
 0.1 kb	 0.0% Packages/com.unity.inputsystem/InputSystem/Runtime/Actions/Composites/Vector2Composite.cs
 0.1 kb	 0.0% Packages/com.unity.inputsystem/InputSystem/Runtime/Actions/Composites/AxisComposite.cs
 0.1 kb	 0.0% Packages/com.unity.collections/Unity.Collections/UnsafeBitArray.cs
 0.1 kb	 0.0% Packages/com.unity.collections/Unity.Collections/UTF8ArrayUnsafeUtility.cs
 0.1 kb	 0.0% Packages/com.unity.collections/Unity.Collections/StreamCompressionModel.cs
 0.1 kb	 0.0% Packages/com.unity.collections/Unity.Collections/NativeArrayExtensions.cs
 0.1 kb	 0.0% Packages/com.unity.collections/Unity.Collections/FixedStringInternalMethods.cs
 0.1 kb	 0.0% Packages/com.unity.collections/Unity.Collections/FixedStringFormatMethods.gen.cs
 0.1 kb	 0.0% Assets/Janseon/Foundation/Battle/BattleSessionDriver.cs
 0.1 kb	 0.0% Assets/Janseon/Data/Repositories/StationCatalogRepository.cs
 0.1 kb	 0.0% Assets/Janseon/Data/Repositories/CardCatalogRepository.cs
 0.1 kb	 0.0% Assets/Janseon/Data/Assets/Stations/Station_Sindorim.asset
 0.1 kb	 0.0% Assets/Janseon/Data/Assets/Cards/Card_EncourageMorale.asset
 0.1 kb	 0.0% Packages/jp.hadashikick.vcontainer/Runtime/Unity/InstanceProviders/ExistingComponentProvider.cs
 0.1 kb	 0.0% Packages/jp.hadashikick.vcontainer/Runtime/Unity/EntryPointExceptionHandler.cs
 0.1 kb	 0.0% Packages/jp.hadashikick.vcontainer/Runtime/Unity/ComponentRegistrationBuilder.cs
 0.1 kb	 0.0% Packages/com.unity.ugui/Runtime/TMP/TMP_ScrollbarEventHandler.cs
 0.1 kb	 0.0% Packages/com.unity.ugui/Runtime/TMP/TMP_PackageResourceImporter.cs
 0.1 kb	 0.0% Packages/com.unity.ugui/Runtime/InternalBridge/ObjectUtilsBridge.cs
 0.1 kb	 0.0% Packages/com.unity.render-pipelines.core/Runtime/Vrs/VrsShaders.cs
 0.1 kb	 0.0% Packages/com.unity.render-pipelines.core/Runtime/Vrs/VrsResources.cs
 0.1 kb	 0.0% Packages/com.unity.render-pipelines.core/Runtime/Volume/VolumeStack.cs
 0.1 kb	 0.0% Packages/com.unity.render-pipelines.core/Runtime/Utilities/TextureCurve.cs
 0.1 kb	 0.0% Packages/com.unity.render-pipelines.core/Runtime/Utilities/MeshGizmo.cs
 0.1 kb	 0.0% Packages/com.unity.render-pipelines.core/Runtime/Utilities/HashFNV1A32.cs
 0.1 kb	 0.0% Packages/com.unity.render-pipelines.core/Runtime/Utilities/HableCurve.cs
 0.1 kb	 0.0% Packages/com.unity.render-pipelines.core/Runtime/Utilities/GPUPrefixSum/GPUPrefixSum.cs
 0.1 kb	 0.0% Packages/com.unity.render-pipelines.core/Runtime/Utilities/CoreUtils.cs
 0.1 kb	 0.0% Packages/com.unity.render-pipelines.core/Runtime/Utilities/ColorUtils.cs
 0.1 kb	 0.0% Packages/com.unity.render-pipelines.core/Runtime/Textures/TextureXR.cs
 0.1 kb	 0.0% Packages/com.unity.render-pipelines.core/Runtime/Textures/RTHandles.cs
 0.1 kb	 0.0% Packages/com.unity.render-pipelines.core/Runtime/Stripping/IStripper.cs
 0.1 kb	 0.0% Packages/com.unity.render-pipelines.core/Runtime/ShaderLibrary/Sampling/Hammersley.cs
 0.1 kb	 0.0% Packages/com.unity.render-pipelines.core/Runtime/Lighting/ProbeVolume/ProbeVolume.cs
 0.1 kb	 0.0% Packages/com.unity.render-pipelines.core/Runtime/GPUDriven/Utilities/FrustumPlanes.cs
 0.1 kb	 0.0% Packages/com.unity.render-pipelines.core/Runtime/Debugging/DebugUpdater.cs
 0.1 kb	 0.0% Packages/com.unity.render-pipelines.core/Runtime/Debugging/DebugUI.Panel.cs
 0.1 kb	 0.0% Packages/com.unity.render-pipelines.core/Runtime/Debugging/DebugShapes.cs
 0.1 kb	 0.0% Packages/com.unity.render-pipelines.core/Runtime/Debugging/DebugOverlay.cs
 0.1 kb	 0.0% Packages/com.unity.render-pipelines.core/Runtime/Debugging/DebugManager.cs
 0.1 kb	 0.0% Packages/com.unity.render-pipelines.core/Runtime/Camera/FreeCamera.cs
 0.1 kb	 0.0% Packages/com.unity.profiling.core/Runtime/ProfilerMarkerExtensions.cs
 0.1 kb	 0.0% Packages/com.unity.inputsystem/InputSystem/Runtime/State/InputStateBlock.cs
 0.1 kb	 0.0% Packages/com.unity.inputsystem/InputSystem/Runtime/Plugins/XInput/XboxGamepadMacOS.cs
 0.1 kb	 0.0% Packages/com.unity.inputsystem/InputSystem/Runtime/Plugins/XInput/XInputSupport.cs
 0.1 kb	 0.0% Packages/com.unity.inputsystem/InputSystem/Runtime/Plugins/XInput/XInputController.cs
 0.1 kb	 0.0% Packages/com.unity.inputsystem/InputSystem/Runtime/Plugins/XInput/IXboxOneRumble.cs
 0.1 kb	 0.0% Packages/com.unity.inputsystem/InputSystem/Runtime/Plugins/WebGL/WebGLJoystick.cs
 0.1 kb	 0.0% Packages/com.unity.inputsystem/InputSystem/Runtime/Plugins/Switch/SwitchSupportHID.cs
 0.1 kb	 0.0% Packages/com.unity.inputsystem/InputSystem/Runtime/Plugins/PlayerInput/PlayerInputManager.cs
 0.1 kb	 0.0% Packages/com.unity.inputsystem/InputSystem/Runtime/Plugins/PlayerInput/DefaultInputActions.cs
 0.1 kb	 0.0% Packages/com.unity.inputsystem/InputSystem/Runtime/Plugins/OnScreen/OnScreenSupport.cs
 0.1 kb	 0.0% Packages/com.unity.inputsystem/InputSystem/Runtime/Plugins/OnScreen/OnScreenStick.cs
 0.1 kb	 0.0% Packages/com.unity.inputsystem/InputSystem/Runtime/Plugins/OnScreen/OnScreenControl.cs
 0.1 kb	 0.0% Packages/com.unity.inputsystem/InputSystem/Runtime/Plugins/OnScreen/OnScreenButton.cs
 0.1 kb	 0.0% Packages/com.unity.inputsystem/InputSystem/Runtime/Plugins/Linux/SDLDeviceBuilder.cs
 0.1 kb	 0.0% Packages/com.unity.inputsystem/InputSystem/Runtime/Plugins/EnhancedTouch/TouchHistory.cs
 0.1 kb	 0.0% Packages/com.unity.inputsystem/InputSystem/Runtime/Plugins/Android/AndroidSupport.cs
 0.1 kb	 0.0% Packages/com.unity.inputsystem/InputSystem/Runtime/InputSystemTestHooks.cs
 0.1 kb	 0.0% Packages/com.unity.inputsystem/InputSystem/Runtime/InputFeatureNames.cs
 0.1 kb	 0.0% Packages/com.unity.inputsystem/InputSystem/Runtime/IInputRuntime.cs
 0.1 kb	 0.0% Packages/com.unity.inputsystem/InputSystem/Runtime/IInputDiagnostics.cs
 0.1 kb	 0.0% Packages/com.unity.inputsystem/InputSystem/Runtime/Events/InputEventTrace.cs
 0.1 kb	 0.0% Packages/com.unity.inputsystem/InputSystem/Runtime/Events/InputEventStream.cs
 0.1 kb	 0.0% Packages/com.unity.inputsystem/InputSystem/Runtime/Events/InputEventPtr.cs
 0.1 kb	 0.0% Packages/com.unity.inputsystem/InputSystem/Runtime/Events/InputEventBuffer.cs
 0.1 kb	 0.0% Packages/com.unity.inputsystem/InputSystem/Runtime/Events/DeviceResetEvent.cs
 0.1 kb	 0.0% Packages/com.unity.inputsystem/InputSystem/Runtime/Events/DeltaStateEvent.cs
 0.1 kb	 0.0% Packages/com.unity.inputsystem/InputSystem/Runtime/Devices/Haptics/IDualMotorRumble.cs
 0.1 kb	 0.0% Packages/com.unity.inputsystem/InputSystem/Runtime/Devices/Haptics/DualMotorRumble.cs
 0.1 kb	 0.0% Packages/com.unity.inputsystem/InputSystem/Runtime/Controls/Vector3Control.cs
 0.1 kb	 0.0% Packages/com.unity.inputsystem/InputSystem/Runtime/Controls/Vector2Control.cs
 0.1 kb	 0.0% Packages/com.unity.inputsystem/InputSystem/Runtime/Controls/IntegerControl.cs
 0.1 kb	 0.0% Packages/com.unity.inputsystem/InputSystem/Runtime/Controls/DoubleControl.cs
 0.1 kb	 0.0% Packages/com.unity.inputsystem/InputSystem/Runtime/Controls/ButtonControl.cs
 0.1 kb	 0.0% Packages/com.unity.inputsystem/InputSystem/Runtime/Controls/AnyKeyControl.cs
 0.1 kb	 0.0% Packages/com.unity.inputsystem/InputSystem/Runtime/Actions/InputControlScheme.cs
 0.1 kb	 0.0% Packages/com.unity.inputsystem/InputSystem/Runtime/Actions/InputBindingResolver.cs
 0.1 kb	 0.0% Packages/com.unity.inputsystem/InputSystem/Runtime/Actions/InputActionReference.cs
 0.1 kb	 0.0% Packages/com.unity.inputsystem/InputSystem/Runtime/Actions/InputActionProperty.cs
 0.1 kb	 0.0% Packages/com.unity.inputsystem/InputSystem/Runtime/Actions/IInputInteraction.cs
 0.1 kb	 0.0% Packages/com.unity.inputsystem/InputSystem/Editor/UITKAssetEditor/Views/PropertiesView.cs
 0.1 kb	 0.0% Packages/com.unity.inputsystem/InputSystem/Editor/UITKAssetEditor/Views/DropManipulator.cs
 0.1 kb	 0.0% Packages/com.unity.inputsystem/InputSystem/Editor/UITKAssetEditor/Views/CopyPasteHelper.cs
 0.1 kb	 0.0% Packages/com.unity.inputsystem/InputSystem/Editor/UITKAssetEditor/Views/ActionsTreeView.cs
 0.1 kb	 0.0% Packages/com.unity.inputsystem/InputSystem/Editor/UITKAssetEditor/Views/ActionMapsView.cs
 0.1 kb	 0.0% Packages/com.unity.inputsystem/InputSystem/Editor/UITKAssetEditor/StateContainer.cs
 0.1 kb	 0.0% Packages/com.unity.inputsystem/InputSystem/Editor/UITKAssetEditor/ExpressionUtils.cs
 0.1 kb	 0.0% Packages/com.unity.inputsystem/InputSystem/Editor/Plugins/iOS/iOSPostProcessBuild.cs
 0.1 kb	 0.0% Packages/com.unity.inputsystem/InputSystem/Editor/Plugins/UnityRemote/UnityRemoteSupport.cs
 0.1 kb	 0.0% Packages/com.unity.inputsystem/InputSystem/Editor/Internal/TreeViewHelpers.cs
 0.1 kb	 0.0% Packages/com.unity.inputsystem/InputSystem/Editor/Internal/InputStateWindow.cs
 0.1 kb	 0.0% Packages/com.unity.inputsystem/InputSystem/Editor/Internal/EditorHelpers.cs
 0.1 kb	 0.0% Packages/com.unity.inputsystem/InputSystem/Editor/Internal/AdvancedDropdown/AdvancedDropdown.cs
 0.1 kb	 0.0% Packages/com.unity.inputsystem/InputSystem/Editor/InputSystemObject.cs
 0.1 kb	 0.0% Packages/com.unity.inputsystem/InputSystem/Editor/InputDiagnostics.cs
 0.1 kb	 0.0% Packages/com.unity.collections/Unity.Collections/UnsafeList.cs
 0.1 kb	 0.0% Packages/com.unity.collections/Unity.Collections/FixedStringParseMethods.cs
 0.1 kb	 0.0% Packages/com.unity.collections/Unity.Collections/FixedStringAppendMethods.cs
 0.1 kb	 0.0% Assets/Janseon/Foundation/UI/UiSourceFingerprint.cs
 0.1 kb	 0.0% Assets/Janseon/Foundation/UI/IPocCoreLoopSession.cs
 0.1 kb	 0.0% Assets/Janseon/Foundation/UI/GameplayUiSnapshot.cs
 0.1 kb	 0.0% Assets/Janseon/Foundation/Composition/FoundationScenes.cs
 0.1 kb	 0.0% Assets/Janseon/Foundation/Composition/AppLifetimeScope.cs
 0.1 kb	 0.0% Assets/Janseon/Foundation/Art/RuntimeSlotCatalog.cs
 0.1 kb	 0.0% Assets/Janseon/Foundation/AppFlow/ApplicationFlow.cs
 0.1 kb	 0.0% Assets/Janseon/Data/Validation/GameDataCatalogValidator.cs
 0.1 kb	 0.0% Assets/Janseon/Data/Authoring/UnitRoleDefinitionAsset.cs
 0.1 kb	 0.0% Assets/Janseon/Data/Authoring/StationDefinitionAsset.cs
 0.1 kb	 0.0% Assets/Janseon/Data/Authoring/FormationDefinitionAsset.cs
 0.1 kb	 0.0% Assets/Janseon/Data/Assets/Cards/Card_PassageRetreat.asset
 0.1 kb	 0.0% Packages/jp.hadashikick.vcontainer/Runtime/Internal/InstanceProviders/ExistingInstanceProvider.cs
 0.1 kb	 0.0% Packages/jp.hadashikick.vcontainer/Runtime/Internal/FuncRegistrationBuilder.cs
 0.1 kb	 0.0% Packages/jp.hadashikick.vcontainer/Runtime/IObjectResolverExtensions.cs
 0.1 kb	 0.0% Packages/jp.hadashikick.vcontainer/Runtime/ContainerBuilderExtensions.cs
 0.1 kb	 0.0% Packages/com.unity.ugui/Runtime/UGUI/UI/Core/Utility/ReflectionMethodsCache.cs
 0.1 kb	 0.0% Packages/com.unity.ugui/Runtime/UGUI/UI/Core/MultipleDisplayUtilities.cs
 0.1 kb	 0.0% Packages/com.unity.ugui/Runtime/UGUI/UI/Core/Layout/HorizontalLayoutGroup.cs
 0.1 kb	 0.0% Packages/com.unity.ugui/Runtime/UGUI/UI/Core/IGraphicEnabledDisabled.cs
 0.1 kb	 0.0% Packages/com.unity.ugui/Runtime/UGUI/UI/Core/GraphicRebuildTracker.cs
 0.1 kb	 0.0% Packages/com.unity.ugui/Runtime/UGUI/UI/Core/Culling/RectangularVertexClipper.cs
 0.1 kb	 0.0% Packages/com.unity.ugui/Runtime/UGUI/EventSystem/UIElements/PanelEventHandler.cs
 0.1 kb	 0.0% Packages/com.unity.ugui/Runtime/UGUI/EventSystem/Raycasters/Physics2DRaycaster.cs
 0.1 kb	 0.0% Packages/com.unity.ugui/Runtime/UGUI/EventSystem/InputModules/PointerInputModule.cs
 0.1 kb	 0.0% Packages/com.unity.render-pipelines.core/ShaderLibrary/DummyShaderLibrary.cs
 0.1 kb	 0.0% Packages/com.unity.render-pipelines.core/Runtime/Utilities/GPUSort/GPUSort.Data.cs
 0.1 kb	 0.0% Packages/com.unity.render-pipelines.core/Runtime/Utilities/BitArray.cs
 0.1 kb	 0.0% Packages/com.unity.render-pipelines.core/Runtime/UnifiedRayTracing/Compute/RadeonRays/StringIDs.cs
 0.1 kb	 0.0% Packages/com.unity.render-pipelines.core/Runtime/UnifiedRayTracing/Compute/RadeonRays/Common.cs
 0.1 kb	 0.0% Packages/com.unity.render-pipelines.core/Runtime/UnifiedRayTracing/Compute/RadeonRays/BvhCheck.cs
 0.1 kb	 0.0% Packages/com.unity.render-pipelines.core/Runtime/PathTracing/UVMesh.cs
 0.1 kb	 0.0% Packages/com.unity.render-pipelines.core/Runtime/PathTracing/MaterialPool/MaterialPool.cs
 0.1 kb	 0.0% Packages/com.unity.render-pipelines.core/Runtime/Inputs/InputRegistering.cs
 0.1 kb	 0.0% Packages/com.unity.inputsystem/InputSystem/Runtime/Utilities/TypeTable.cs
 0.1 kb	 0.0% Packages/com.unity.inputsystem/InputSystem/Runtime/Utilities/TypeHelpers.cs
 0.1 kb	 0.0% Packages/com.unity.inputsystem/InputSystem/Runtime/Utilities/Substring.cs
 0.1 kb	 0.0% Packages/com.unity.inputsystem/InputSystem/Runtime/Utilities/SavedState.cs
 0.1 kb	 0.0% Packages/com.unity.inputsystem/InputSystem/Runtime/Utilities/Observables/Observable.cs
 0.1 kb	 0.0% Packages/com.unity.inputsystem/InputSystem/Runtime/Utilities/NamedValue.cs
 0.1 kb	 0.0% Packages/com.unity.inputsystem/InputSystem/Runtime/Utilities/MiscHelpers.cs
 0.1 kb	 0.0% Packages/com.unity.inputsystem/InputSystem/Runtime/Utilities/JsonParser.cs
 0.1 kb	 0.0% Packages/com.unity.inputsystem/InputSystem/Runtime/Utilities/ArrayHelpers.cs
 0.1 kb	 0.0% Packages/com.unity.inputsystem/InputSystem/Runtime/Plugins/iOS/InputSettingsiOS.cs
 0.1 kb	 0.0% Packages/com.unity.inputsystem/InputSystem/Runtime/Plugins/XR/XRLayoutBuilder.cs
 0.1 kb	 0.0% Packages/com.unity.inputsystem/InputSystem/Runtime/Plugins/UI/NavigationModel.cs
 0.1 kb	 0.0% Packages/com.unity.inputsystem/InputSystem/Runtime/InputUpdateType.cs
 0.1 kb	 0.0% Packages/com.unity.collections/Unity.Collections/UnsafeText.cs
 0.1 kb	 0.0% Packages/com.unity.collections/Unity.Collections/UnsafeStream.cs
 0.1 kb	 0.0% Packages/com.unity.collections/Unity.Collections/RewindableAllocator.cs
 0.1 kb	 0.0% Packages/com.unity.collections/Unity.Collections/FixedStringMethods.cs
 0.1 kb	 0.0% Packages/com.unity.collections/Unity.Collections/AutoFreeAllocator.cs
 0.1 kb	 0.0% Assets/Janseon/Data/Assets/Stations/Station_Yeongdeungpo.asset
 0.1 kb	 0.0% Assets/Janseon/Data/Assets/Cards/Card_PincerFocus.asset
 0.1 kb	 0.0% Packages/jp.hadashikick.vcontainer/Runtime/Unity/InstanceProviders/PrefabComponentProvider.cs
 0.1 kb	 0.0% Packages/jp.hadashikick.vcontainer/Runtime/Unity/InstanceProviders/NewGameObjectProvider.cs
 0.1 kb	 0.0% Packages/jp.hadashikick.vcontainer/Runtime/Unity/InstanceProviders/FindComponentProvider.cs
 0.1 kb	 0.0% Packages/jp.hadashikick.vcontainer/Runtime/Diagnostics/DiagnosticsContext.cs
 0.1 kb	 0.0% Packages/jp.hadashikick.vcontainer/Runtime/Diagnostics/DiagnosticsCollector.cs
 0.1 kb	 0.0% Packages/com.unity.ugui/Runtime/UGUI/UI/Animation/CoroutineTween.cs
 0.1 kb	 0.0% Packages/com.unity.ugui/Runtime/UGUI/EventSystem/EventInterfaces.cs
 0.1 kb	 0.0% Packages/com.unity.ugui/Runtime/TMP/TMPro_ExtensionMethods.cs
 0.1 kb	 0.0% Packages/com.unity.ugui/Runtime/TMP/TMP_TextParsingUtilities.cs
 0.1 kb	 0.0% Packages/com.unity.ugui/Runtime/TMP/TMP_TextElement_Legacy.cs
 0.1 kb	 0.0% Packages/com.unity.ugui/Runtime/TMP/TMP_FontAssetUtilities.cs
 0.1 kb	 0.0% Packages/com.unity.ugui/Runtime/TMP/MaterialReferenceManager.cs
 0.1 kb	 0.0% Packages/com.unity.ugui/Runtime/TMP/FontFeatureCommonGSUB.cs
 0.1 kb	 0.0% Packages/com.unity.render-pipelines.universal/Runtime/2D/Sources/Provider2DInfo.cs
 0.1 kb	 0.0% Packages/com.unity.render-pipelines.universal/Runtime/2D/Shadows/Shadow Provider Utility/VertexDictionary.cs
 0.1 kb	 0.0% Packages/com.unity.render-pipelines.core/Runtime/Vrs/VrsLut.cs
 0.1 kb	 0.0% Packages/com.unity.render-pipelines.core/Runtime/Volume/Volume.cs
 0.1 kb	 0.0% Packages/com.unity.render-pipelines.core/Runtime/Utilities/GPUSort/GPUSort.cs
 0.1 kb	 0.0% Packages/com.unity.render-pipelines.core/Runtime/Utilities/FSRUtils.cs
 0.1 kb	 0.0% Packages/com.unity.render-pipelines.core/Runtime/Utilities/Blitter.cs
 0.1 kb	 0.0% Packages/com.unity.render-pipelines.core/Runtime/Textures/RTHandle.cs
 0.1 kb	 0.0% Packages/com.unity.render-pipelines.core/Runtime/PathTracing/PathTracingUtil.cs
 0.1 kb	 0.0% Packages/com.unity.render-pipelines.core/Runtime/Lighting/SurfaceCache/SurfaceCache.cs
 0.1 kb	 0.0% Packages/com.unity.render-pipelines.core/Runtime/Debugging/DebugUI.cs
 0.1 kb	 0.0% Packages/com.unity.inputsystem/InputSystem/Runtime/Utilities/DynamicBitfield.cs
 0.1 kb	 0.0% Packages/com.unity.inputsystem/InputSystem/Runtime/State/InputState.cs
 0.1 kb	 0.0% Packages/com.unity.inputsystem/InputSystem/Runtime/Plugins/WebGL/WebGLSupport.cs
 0.1 kb	 0.0% Packages/com.unity.inputsystem/InputSystem/Runtime/Plugins/WebGL/WebGLGamepad.cs
 0.1 kb	 0.0% Packages/com.unity.inputsystem/InputSystem/Runtime/Plugins/Users/InputUser.cs
 0.1 kb	 0.0% Packages/com.unity.inputsystem/InputSystem/Runtime/Plugins/Linux/LinuxSupport.cs
 0.1 kb	 0.0% Packages/com.unity.inputsystem/InputSystem/Runtime/Plugins/EnhancedTouch/Touch.cs
 0.1 kb	 0.0% Packages/com.unity.inputsystem/InputSystem/Runtime/Plugins/EnhancedTouch/Finger.cs
 0.1 kb	 0.0% Packages/com.unity.inputsystem/InputSystem/Runtime/InputSystemState.cs
 0.1 kb	 0.0% Packages/com.unity.inputsystem/InputSystem/Runtime/InputSettings.cs
 0.1 kb	 0.0% Packages/com.unity.inputsystem/InputSystem/Runtime/InputMetrics.cs
 0.1 kb	 0.0% Packages/com.unity.inputsystem/InputSystem/Runtime/InputExtensions.cs
 0.1 kb	 0.0% Packages/com.unity.inputsystem/InputSystem/Runtime/InputAnalytics.cs
 0.1 kb	 0.0% Packages/com.unity.inputsystem/InputSystem/Runtime/Events/TextEvent.cs
 0.1 kb	 0.0% Packages/com.unity.inputsystem/InputSystem/Runtime/Events/StateEvent.cs
 0.1 kb	 0.0% Packages/com.unity.inputsystem/InputSystem/Runtime/Events/InputEvent.cs
 0.1 kb	 0.0% Packages/com.unity.inputsystem/InputSystem/Runtime/Events/ActionEvent.cs
 0.1 kb	 0.0% Packages/com.unity.inputsystem/InputSystem/Runtime/Devices/TrackedDevice.cs
 0.1 kb	 0.0% Packages/com.unity.inputsystem/InputSystem/Runtime/Devices/Remote/InputRemoting.cs
 0.1 kb	 0.0% Packages/com.unity.inputsystem/InputSystem/Runtime/Devices/Precompiled/FastTouchscreen.cs
 0.1 kb	 0.0% Packages/com.unity.inputsystem/InputSystem/Runtime/Devices/Precompiled/FastMouse.partial.cs
 0.1 kb	 0.0% Packages/com.unity.inputsystem/InputSystem/Runtime/Devices/IEventMerger.cs
 0.1 kb	 0.0% Packages/com.unity.inputsystem/InputSystem/Runtime/Controls/TouchControl.cs
 0.1 kb	 0.0% Packages/com.unity.inputsystem/InputSystem/Runtime/Controls/StickControl.cs
 0.1 kb	 0.0% Packages/com.unity.inputsystem/InputSystem/Runtime/Controls/KeyControl.cs
 0.1 kb	 0.0% Packages/com.unity.inputsystem/InputSystem/Runtime/Controls/InputProcessor.cs
 0.1 kb	 0.0% Packages/com.unity.inputsystem/InputSystem/Runtime/Controls/InputControlPath.cs
 0.1 kb	 0.0% Packages/com.unity.inputsystem/InputSystem/Runtime/Controls/DpadControl.cs
 0.1 kb	 0.0% Packages/com.unity.inputsystem/InputSystem/Runtime/Controls/DeltaControl.cs
 0.1 kb	 0.0% Packages/com.unity.inputsystem/InputSystem/Runtime/Controls/AxisControl.cs
 0.1 kb	 0.0% Packages/com.unity.inputsystem/InputSystem/Runtime/Actions/InputActionState.cs
 0.1 kb	 0.0% Packages/com.unity.inputsystem/InputSystem/Runtime/Actions/InputActionMap.cs
 0.1 kb	 0.0% Packages/com.unity.inputsystem/InputSystem/Runtime/Actions/InputActionAsset.cs
 0.1 kb	 0.0% Packages/com.unity.inputsystem/InputSystem/Editor/UITKAssetEditor/Views/Selectors.cs
 0.1 kb	 0.0% Packages/com.unity.inputsystem/InputSystem/Editor/UITKAssetEditor/Views/ContextMenu.cs
 0.1 kb	 0.0% Packages/com.unity.inputsystem/InputSystem/Editor/Internal/GUIHelpers.cs
 0.1 kb	 0.0% Packages/com.unity.collections/Unity.Collections/UnsafeQueue.cs
 0.1 kb	 0.0% Packages/com.unity.collections/Unity.Collections/NativeHashMap.cs
 0.1 kb	 0.0% Packages/com.unity.collections/Unity.Collections/FixedStringFormat.gen.cs
 0.1 kb	 0.0% Packages/com.unity.collections/Unity.Collections/FixedString.gen.cs
 0.1 kb	 0.0% Assets/Janseon/Foundation/UI/UiScreenPaths.cs
 0.1 kb	 0.0% Assets/Janseon/Foundation/UI/UiElementNames.cs
 0.1 kb	 0.0% Assets/Janseon/Foundation/UI/UguiHudBuilder.cs
 0.1 kb	 0.0% Assets/Janseon/Foundation/UI/Presenters/MainTitleUiHost.cs
 0.1 kb	 0.0% Assets/Janseon/Foundation/UI/Presenters/GameplayUiHost.cs
 0.1 kb	 0.0% Assets/Janseon/Foundation/UI/IScreenReadiness.cs
 0.1 kb	 0.0% Assets/Janseon/Data/Validation/GameDataCatalogIndex.cs
 0.1 kb	 0.0% Assets/Janseon/Data/Authoring/GameDataCatalogAsset.cs
 0.1 kb	 0.0% Assets/Janseon/Data/Authoring/CardDefinitionAsset.cs
 0.1 kb	 0.0% Assets/Janseon/Data/Assets/Cards/Card_SupplyHeal.asset
 0.1 kb	 0.0% Assets/Janseon/Core/Data/ContentCatalogContracts.cs
 0.1 kb	 0.0% Assets/Janseon/Core/Battle/Sim/ReinforcementRules.cs
 0.1 kb	 0.0% Assets/Janseon/Core/Battle/Sim/FormationResolver.cs
 0.1 kb	 0.0% Packages/jp.hadashikick.vcontainer/Runtime/Internal/ReflectionInjector.cs
 0.1 kb	 0.0% Packages/jp.hadashikick.vcontainer/Runtime/Internal/InstanceProviders/FuncInstanceProvider.cs
 0.1 kb	 0.0% Packages/jp.hadashikick.vcontainer/Runtime/Internal/CompositeDisposable.cs
 0.1 kb	 0.0% Packages/com.unity.ugui/Runtime/UGUI/UI/Core/SetPropertyUtility.cs
 0.1 kb	 0.0% Packages/com.unity.ugui/Runtime/UGUI/UI/Core/MaterialModifiers/IMaterialModifier.cs
 0.1 kb	 0.0% Packages/com.unity.ugui/Runtime/UGUI/UI/Core/Layout/VerticalLayoutGroup.cs
 0.1 kb	 0.0% Packages/com.unity.ugui/Runtime/UGUI/UI/Core/Layout/ContentSizeFitter.cs
 0.1 kb	 0.0% Packages/com.unity.ugui/Runtime/UGUI/UI/Core/Layout/AspectRatioFitter.cs
 0.1 kb	 0.0% Packages/com.unity.ugui/Runtime/UGUI/UI/Core/FontUpdateTracker.cs
 0.1 kb	 0.0% Packages/com.unity.ugui/Runtime/UGUI/UI/Core/CanvasUpdateRegistry.cs
 0.1 kb	 0.0% Packages/com.unity.ugui/Runtime/UGUI/UI/Core/AnimationTriggers.cs
 0.1 kb	 0.0% Packages/com.unity.ugui/Runtime/UGUI/EventSystem/UIElements/PanelRaycaster.cs
 0.1 kb	 0.0% Packages/com.unity.ugui/Runtime/UGUI/EventSystem/Raycasters/PhysicsRaycaster.cs
 0.1 kb	 0.0% Packages/com.unity.ugui/Runtime/UGUI/EventSystem/Raycasters/BaseRaycaster.cs
 0.1 kb	 0.0% Packages/com.unity.ugui/Runtime/UGUI/EventSystem/RaycasterManager.cs
 0.1 kb	 0.0% Packages/com.unity.ugui/Runtime/UGUI/EventSystem/RaycastResult.cs
 0.1 kb	 0.0% Packages/com.unity.ugui/Runtime/UGUI/EventSystem/InputModules/TouchInputModule.cs
 0.1 kb	 0.0% Packages/com.unity.ugui/Runtime/UGUI/EventSystem/InputModules/BaseInputModule.cs
 0.1 kb	 0.0% Packages/com.unity.ugui/Runtime/UGUI/EventSystem/ExecuteEvents.cs
 0.1 kb	 0.0% Packages/com.unity.ugui/Runtime/UGUI/EventSystem/EventData/PointerEventData.cs
 0.1 kb	 0.0% Packages/com.unity.ugui/Runtime/UGUI/EventSystem/EventData/BaseEventData.cs
 0.1 kb	 0.0% Packages/com.unity.ugui/Runtime/UGUI/EventSystem/EventData/AxisEventData.cs
 0.1 kb	 0.0% Packages/com.unity.ugui/Runtime/TMP/TMP_TextProcessingStack.cs
 0.1 kb	 0.0% Packages/com.unity.ugui/Runtime/TMP/TMP_FontFeaturesCommon.cs
 0.1 kb	 0.0% Packages/com.unity.render-pipelines.core/Runtime/UnifiedRayTracing/Compute/RadeonRays/Scan.cs
 0.1 kb	 0.0% Packages/com.unity.render-pipelines.core/Runtime/PathTracing/World.cs
 0.1 kb	 0.0% Packages/com.unity.render-pipelines.core/Runtime/Lights/LightAnchor.cs
 0.1 kb	 0.0% Packages/com.unity.render-pipelines.core/Runtime/GPUDriven/Utilities/AABB.cs
 0.1 kb	 0.0% Packages/com.unity.inputsystem/InputSystem/Runtime/Utilities/FourCC.cs
 0.1 kb	 0.0% Packages/com.unity.inputsystem/InputSystem/Runtime/Plugins/iOS/iOSSupport.cs
 0.1 kb	 0.0% Packages/com.unity.inputsystem/InputSystem/Runtime/Plugins/XR/XRSupport.cs
 0.1 kb	 0.0% Packages/com.unity.inputsystem/InputSystem/Runtime/Plugins/XR/GenericXRDevice.cs
 0.1 kb	 0.0% Packages/com.unity.inputsystem/InputSystem/Runtime/Plugins/XR/Devices/WindowsMR.cs
 0.1 kb	 0.0% Packages/com.unity.inputsystem/InputSystem/Runtime/Plugins/XR/Controls/PoseControl.cs
 0.1 kb	 0.0% Packages/com.unity.inputsystem/InputSystem/Runtime/Plugins/UI/UISupport.cs
 0.1 kb	 0.0% Packages/com.unity.inputsystem/InputSystem/Runtime/Plugins/UI/PointerModel.cs
 0.1 kb	 0.0% Packages/com.unity.inputsystem/InputSystem/Runtime/Plugins/OSX/OSXSupport.cs
 0.1 kb	 0.0% Packages/com.unity.inputsystem/InputSystem/Runtime/Plugins/HID/HIDSupport.cs
 0.1 kb	 0.0% Packages/com.unity.inputsystem/InputSystem/Runtime/Plugins/HID/HIDParser.cs
 0.1 kb	 0.0% Packages/com.unity.collections/Unity.Collections/xxHash3.StreamingState.cs
 0.1 kb	 0.0% Packages/com.unity.collections/Unity.Collections/NativeSort.cs
 0.1 kb	 0.0% Packages/com.unity.collections/Unity.Collections/NativeBitArray.cs
 0.1 kb	 0.0% Packages/com.unity.collections/Unity.Collections/ListExtensions.cs
 0.1 kb	 0.0% Packages/com.unity.collections/Unity.Collections/Jobs/IJobParallelForDefer.cs
 0.1 kb	 0.0% Packages/com.unity.collections/Unity.Collections/Jobs/IJobParallelForBatch.cs
 0.1 kb	 0.0% Packages/com.unity.collections/Unity.Collections/FixedStringUtils.cs
 0.1 kb	 0.0% Packages/com.unity.collections/Unity.Collections/DataStreamWriter.cs
 0.1 kb	 0.0% Packages/com.unity.collections/Unity.Collections/DataStreamReader.cs
 0.1 kb	 0.0% Packages/com.unity.collections/Unity.Collections/ConcurrentMask.cs
 0.1 kb	 0.0% Packages/com.unity.collections/Unity.Collections/CollectionHelper.cs
 0.1 kb	 0.0% Packages/com.unity.collections/Unity.Collections/AllocatorManager.cs
 0.1 kb	 0.0% Assets/Janseon/Foundation/GenreContract.cs
 0.1 kb	 0.0% Assets/Janseon/Data/Assets/UnitRoles/UnitRole_Assault.asset
 0.1 kb	 0.0% Assets/Janseon/Core/Battle/Contracts/BattleContracts.cs
 0.1 kb	 0.0% Assets/Janseon/Art/Runtime/CharacterValidationGrid.cs
 0.1 kb	 0.0% Assets/Janseon/Art/Runtime/CharacterFourDirPlayer.cs
 0.1 kb	 0.0% Packages/jp.hadashikick.vcontainer/Runtime/Unity/VContainerSettings.cs
 0.1 kb	 0.0% Packages/jp.hadashikick.vcontainer/Runtime/Unity/EntryPointDispatcher.cs
 0.1 kb	 0.0% Packages/jp.hadashikick.vcontainer/Runtime/Diagnostics/DiagnosticsInfo.cs
 0.1 kb	 0.0% Packages/jp.hadashikick.vcontainer/Runtime/Annotations/IPostLateTickable.cs
 0.1 kb	 0.0% Packages/jp.hadashikick.vcontainer/Runtime/Annotations/IPostInitializable.cs
 0.1 kb	 0.0% Packages/jp.hadashikick.vcontainer/Runtime/Annotations/IPostFixedTickable.cs
 0.1 kb	 0.0% Packages/jp.hadashikick.vcontainer/Runtime/Annotations/AwaitableExtensions.cs
 0.1 kb	 0.0% Packages/com.unity.ugui/Runtime/TMP/TMPro_EventManager.cs
 0.1 kb	 0.0% Packages/com.unity.ugui/Runtime/TMP/TMP_UpdateRegistery.cs
 0.1 kb	 0.0% Packages/com.unity.ugui/Runtime/TMP/TMP_UpdateManager.cs
 0.1 kb	 0.0% Packages/com.unity.ugui/Runtime/TMP/TMP_TextUtilities.cs
 0.1 kb	 0.0% Packages/com.unity.ugui/Runtime/TMP/TMP_TextProcessingCommon.cs
 0.1 kb	 0.0% Packages/com.unity.ugui/Runtime/TMP/TMP_SpriteCharacter.cs
 0.1 kb	 0.0% Packages/com.unity.ugui/Runtime/TMP/TMP_SpriteAnimator.cs
 0.1 kb	 0.0% Packages/com.unity.ugui/Runtime/TMP/TMP_SelectionCaret.cs
 0.1 kb	 0.0% Packages/com.unity.ugui/Runtime/TMP/TMP_ResourcesManager.cs
 0.1 kb	 0.0% Packages/com.unity.ugui/Runtime/TMP/TMP_MaterialManager.cs
 0.1 kb	 0.0% Packages/com.unity.ugui/Runtime/TMP/TMP_InputValidator.cs
 0.1 kb	 0.0% Packages/com.unity.ugui/Runtime/TMP/TMP_FontFeatureTable.cs
 0.1 kb	 0.0% Packages/com.unity.ugui/Runtime/TMP/TMP_DefaultControls.cs
 0.1 kb	 0.0% Packages/com.unity.ugui/Runtime/TMP/TMP_Compatibility.cs
 0.1 kb	 0.0% Packages/com.unity.ugui/Runtime/TMP/TMP_ColorGradient.cs
 0.1 kb	 0.0% Packages/com.unity.ugui/Runtime/TMP/TMP_CharacterInfo.cs
 0.1 kb	 0.0% Packages/com.unity.ugui/Runtime/TMP/ITextPreProcessor.cs
 0.1 kb	 0.0% Packages/com.unity.ugui/Runtime/TMP/FontFeatureCommonGPOS.cs
 0.1 kb	 0.0% Packages/com.unity.ugui/Runtime/InternalBridge/TMPHelpURL.cs
 0.1 kb	 0.0% Packages/com.unity.render-pipelines.core/Runtime/Vrs/Vrs.cs
 0.1 kb	 0.0% Packages/com.unity.render-pipelines.core/Runtime/STP/STP.cs
 0.1 kb	 0.0% Packages/com.unity.profiling.core/Runtime/ProfilerUtility.cs
 0.1 kb	 0.0% Packages/com.unity.inputsystem/InputSystem/Runtime/Plugins/PlayerInput/PlayerInput.cs
 0.1 kb	 0.0% Packages/com.unity.inputsystem/InputSystem/Runtime/Plugins/PlayerInput/InputValue.cs
 0.1 kb	 0.0% Packages/com.unity.inputsystem/InputSystem/Runtime/InputSystem.cs
 0.1 kb	 0.0% Packages/com.unity.inputsystem/InputSystem/Runtime/InputManager.cs
 0.1 kb	 0.0% Packages/com.unity.inputsystem/InputSystem/Runtime/Devices/Touchscreen.cs
 0.1 kb	 0.0% Packages/com.unity.inputsystem/InputSystem/Runtime/Devices/Precompiled/FastMouse.cs
 0.1 kb	 0.0% Packages/com.unity.inputsystem/InputSystem/Runtime/Devices/Precompiled/FastKeyboard.cs
 0.1 kb	 0.0% Packages/com.unity.inputsystem/InputSystem/Runtime/Devices/InputDevice.cs
 0.1 kb	 0.0% Packages/com.unity.inputsystem/InputSystem/Runtime/Devices/Haptics/IHaptics.cs
 0.1 kb	 0.0% Packages/com.unity.inputsystem/InputSystem/Runtime/Controls/InputControl.cs
 0.1 kb	 0.0% Packages/com.unity.inputsystem/InputSystem/Runtime/Controls/CommonUsages.cs
 0.1 kb	 0.0% Packages/com.unity.inputsystem/InputSystem/Runtime/Actions/InputBinding.cs
 0.1 kb	 0.0% Packages/com.unity.inputsystem/InputSystem/Runtime/Actions/InputAction.cs
 0.1 kb	 0.0% Packages/com.unity.inputsystem/InputSystem/Editor/UITKAssetEditor/Commands/Commands.cs
 0.1 kb	 0.0% Packages/com.unity.inputsystem/InputSystem/Editor/Dialog.cs
 0.1 kb	 0.0% Packages/com.unity.inputsystem/InputSystem/AssemblyInfo.cs
 0.1 kb	 0.0% Packages/com.unity.collections/Unity.Collections/NativeText.gen.cs
 0.1 kb	 0.0% Packages/com.unity.collections/Unity.Collections/FixedList.gen.cs
 0.1 kb	 0.0% Assets/Janseon/Foundation/UI/UguiHudView.cs
 0.1 kb	 0.0% Assets/Janseon/Data/Assets/UnitRoles/UnitRole_Guard.asset
 0.1 kb	 0.0% Assets/Janseon/Data/Assets/UnitRoles/UnitRole_Archer.asset
 0.1 kb	 0.0% Assets/Janseon/Core/Battle/Sim/IntentPlanner.cs
 0.1 kb	 0.0% Assets/Janseon/Core/Battle/Sim/BattleSimState.cs
 0.1 kb	 0.0% Packages/jp.hadashikick.vcontainer/Runtime/VContainerException.cs
 0.1 kb	 0.0% Packages/jp.hadashikick.vcontainer/Runtime/Unity/PlayerLoopItem.cs
 0.1 kb	 0.0% Packages/jp.hadashikick.vcontainer/Runtime/RegistrationBuilder.cs
 0.1 kb	 0.0% Packages/jp.hadashikick.vcontainer/Runtime/Internal/RuntimeTypeCache.cs
 0.1 kb	 0.0% Packages/jp.hadashikick.vcontainer/Runtime/Internal/InstanceProviders/InstanceProvider.cs
 0.1 kb	 0.0% Packages/jp.hadashikick.vcontainer/Runtime/Internal/InjectorCache.cs
 0.1 kb	 0.0% Packages/jp.hadashikick.vcontainer/Runtime/Internal/InjectParameter.cs
 0.1 kb	 0.0% Packages/jp.hadashikick.vcontainer/Runtime/IInstanceProvider.cs
 0.1 kb	 0.0% Packages/com.unity.ugui/Runtime/UGUI/UI/Core/VertexModifiers/PositionAsUV1.cs
 0.1 kb	 0.0% Packages/com.unity.ugui/Runtime/UGUI/UI/Core/VertexModifiers/IMeshModifier.cs
 0.1 kb	 0.0% Packages/com.unity.ugui/Runtime/UGUI/UI/Core/VertexModifiers/BaseMeshEffect.cs
 0.1 kb	 0.0% Packages/com.unity.ugui/Runtime/UGUI/UI/Core/StencilMaterial.cs
 0.1 kb	 0.0% Packages/com.unity.ugui/Runtime/UGUI/UI/Core/RaycastReceiver.cs
 0.1 kb	 0.0% Packages/com.unity.ugui/Runtime/UGUI/UI/Core/MaskableGraphic.cs
 0.1 kb	 0.0% Packages/com.unity.ugui/Runtime/UGUI/UI/Core/MaskUtilities.cs
 0.1 kb	 0.0% Packages/com.unity.ugui/Runtime/UGUI/UI/Core/Layout/LayoutUtility.cs
 0.1 kb	 0.0% Packages/com.unity.ugui/Runtime/UGUI/UI/Core/Layout/LayoutRebuilder.cs
 0.1 kb	 0.0% Packages/com.unity.ugui/Runtime/UGUI/UI/Core/Layout/LayoutElement.cs
 0.1 kb	 0.0% Packages/com.unity.ugui/Runtime/UGUI/UI/Core/Layout/ILayoutElement.cs
 0.1 kb	 0.0% Packages/com.unity.ugui/Runtime/UGUI/UI/Core/Layout/GridLayoutGroup.cs
 0.1 kb	 0.0% Packages/com.unity.ugui/Runtime/UGUI/UI/Core/GraphicRegistry.cs
 0.1 kb	 0.0% Packages/com.unity.ugui/Runtime/UGUI/UI/Core/GraphicRaycaster.cs
 0.1 kb	 0.0% Packages/com.unity.ugui/Runtime/UGUI/UI/Core/DefaultControls.cs
 0.1 kb	 0.0% Packages/com.unity.ugui/Runtime/UGUI/UI/Core/Culling/ClipperRegistry.cs
 0.1 kb	 0.0% Packages/com.unity.ugui/Runtime/UGUI/EventSystem/UIBehaviour.cs
 0.1 kb	 0.0% Packages/com.unity.ugui/Runtime/UGUI/EventSystem/InputModules/BaseInput.cs
 0.1 kb	 0.0% Packages/com.unity.ugui/Runtime/UGUI/EventSystem/EventTrigger.cs
 0.1 kb	 0.0% Packages/com.unity.ugui/Runtime/UGUI/EventSystem/EventSystem.cs
 0.1 kb	 0.0% Packages/com.unity.ugui/Runtime/TMP/TMPro_MeshUtilities.cs
 0.1 kb	 0.0% Packages/com.unity.ugui/Runtime/TMP/TMP_ShaderUtilities.cs
 0.1 kb	 0.0% Packages/com.unity.ugui/Runtime/TMP/TMP_RichTextTagsCommon.cs
 0.1 kb	 0.0% Packages/com.unity.ugui/Runtime/TMP/TMP_FontAssetCommon.cs
 0.1 kb	 0.0% Packages/com.unity.inputsystem/InputSystem/Runtime/Plugins/XR/Devices/Oculus.cs
 0.1 kb	 0.0% Packages/com.unity.collections/Unity.Collections/UIntFloat.cs
 0.1 kb	 0.0% Packages/com.unity.collections/Unity.Collections/NativeStream.cs
 0.1 kb	 0.0% Packages/com.unity.collections/Unity.Collections/Jobs/EarlyInitHelpers.cs
 0.1 kb	 0.0% Packages/jp.hadashikick.vcontainer/Runtime/Unity/PlayerLoopRunner.cs
 0.1 kb	 0.0% Packages/jp.hadashikick.vcontainer/Runtime/Unity/PlayerLoopHelper.cs
 0.1 kb	 0.0% Packages/jp.hadashikick.vcontainer/Runtime/Unity/ParentReference.cs
 0.1 kb	 0.0% Packages/jp.hadashikick.vcontainer/Runtime/Unity/LifetimeScope.cs
 0.1 kb	 0.0% Packages/jp.hadashikick.vcontainer/Runtime/Unity/DisposeLoopItem.cs
 0.1 kb	 0.0% Packages/jp.hadashikick.vcontainer/Runtime/Unity/ActionInstaller.cs
 0.1 kb	 0.0% Packages/jp.hadashikick.vcontainer/Runtime/Diagnostics/ResolveInfo.cs
 0.1 kb	 0.0% Packages/jp.hadashikick.vcontainer/Runtime/Diagnostics/RegisterInfo.cs
 0.1 kb	 0.0% Packages/jp.hadashikick.vcontainer/Runtime/Annotations/IPostTickable.cs
 0.1 kb	 0.0% Packages/jp.hadashikick.vcontainer/Runtime/Annotations/IPostStartable.cs
 0.1 kb	 0.0% Packages/jp.hadashikick.vcontainer/Runtime/Annotations/ILateTickable.cs
 0.1 kb	 0.0% Packages/jp.hadashikick.vcontainer/Runtime/Annotations/IInitializable.cs
 0.1 kb	 0.0% Packages/jp.hadashikick.vcontainer/Runtime/Annotations/IFixedTickable.cs
 0.1 kb	 0.0% Packages/jp.hadashikick.vcontainer/Runtime/Annotations/IAsyncStartable.cs
 0.1 kb	 0.0% Packages/com.unity.ugui/Runtime/TMP/TextMeshProUGUI.cs
 0.1 kb	 0.0% Packages/com.unity.ugui/Runtime/TMP/TextContainer.cs
 0.1 kb	 0.0% Packages/com.unity.ugui/Runtime/TMP/TMP_TextElement.cs
 0.1 kb	 0.0% Packages/com.unity.ugui/Runtime/TMP/TMP_SubMeshUI.cs
 0.1 kb	 0.0% Packages/com.unity.ugui/Runtime/TMP/TMP_StyleSheet.cs
 0.1 kb	 0.0% Packages/com.unity.ugui/Runtime/TMP/TMP_SpriteGlyph.cs
 0.1 kb	 0.0% Packages/com.unity.ugui/Runtime/TMP/TMP_SpriteAsset.cs
 0.1 kb	 0.0% Packages/com.unity.ugui/Runtime/TMP/TMP_InputField.cs
 0.1 kb	 0.0% Packages/com.unity.ugui/Runtime/TMP/TMP_FontAsset.cs
 0.1 kb	 0.0% Packages/com.unity.ugui/Runtime/TMP/TMP_CoroutineTween.cs
 0.1 kb	 0.0% Packages/com.unity.ugui/Runtime/TMP/TMP_Character.cs
 0.1 kb	 0.0% Packages/com.unity.render-pipelines.universal/Shaders/Shaders.cs
 0.1 kb	 0.0% Packages/com.unity.inputsystem/InputSystem/Runtime/Plugins/XR/Devices/GoogleVR.cs
 0.1 kb	 0.0% Packages/com.unity.inputsystem/InputSystem/Runtime/Devices/Sensor.cs
 0.1 kb	 0.0% Packages/com.unity.inputsystem/InputSystem/Runtime/Devices/Pointer.cs
 0.1 kb	 0.0% Packages/com.unity.inputsystem/InputSystem/Runtime/Devices/Mouse.cs
 0.1 kb	 0.0% Packages/com.unity.inputsystem/InputSystem/Runtime/Devices/Keyboard.cs
 0.1 kb	 0.0% Packages/com.unity.inputsystem/InputSystem/Runtime/Devices/Joystick.cs
 0.1 kb	 0.0% Packages/com.unity.inputsystem/InputSystem/Runtime/Devices/Gamepad.cs
 0.1 kb	 0.0% Packages/com.unity.inputsystem/InputSystem/Editor/DownloadableSample.cs
 0.1 kb	 0.0% Packages/com.unity.collections/Unity.Collections/xxHash3.AVX2.cs
 0.1 kb	 0.0% Assets/Janseon/Core/Battle/Sim/OutcomeRules.cs
 0.1 kb	 0.0% Assets/Janseon/Core/Battle/Sim/MoraleRules.cs
 0.1 kb	 0.0% Assets/Janseon/Core/Battle/Sim/CombatRules.cs
 0.1 kb	 0.0% Assets/Janseon/Core/Battle/Sim/CardRules.cs
 0.1 kb	 0.0% Assets/Janseon/Core/Battle/Sim/BattleSim.cs
 0.1 kb	 0.0% Packages/jp.hadashikick.vcontainer/Runtime/Internal/TypeAnalyzer.cs
 0.1 kb	 0.0% Packages/jp.hadashikick.vcontainer/Runtime/IInjectParameter.cs
 0.1 kb	 0.0% Packages/jp.hadashikick.vcontainer/Runtime/ContainerBuilder.cs
 0.1 kb	 0.0% Packages/jp.hadashikick.vcontainer/Runtime/Annotations/InjectAttribute.cs
 0.1 kb	 0.0% Packages/com.unity.ugui/Runtime/UGUI/UI/Core/Utility/VertexHelper.cs
 0.1 kb	 0.0% Packages/com.unity.ugui/Runtime/UGUI/UI/Core/ToggleGroup.cs
 0.1 kb	 0.0% Packages/com.unity.ugui/Runtime/UGUI/UI/Core/SpriteState.cs
 0.1 kb	 0.0% Packages/com.unity.ugui/Runtime/UGUI/UI/Core/Selectable.cs
 0.1 kb	 0.0% Packages/com.unity.ugui/Runtime/UGUI/UI/Core/Scrollbar.cs
 0.1 kb	 0.0% Packages/com.unity.ugui/Runtime/UGUI/UI/Core/ScrollRect.cs
 0.1 kb	 0.0% Packages/com.unity.ugui/Runtime/UGUI/UI/Core/RectMask2D.cs
 0.1 kb	 0.0% Packages/com.unity.ugui/Runtime/UGUI/UI/Core/Navigation.cs
 0.1 kb	 0.0% Packages/com.unity.ugui/Runtime/UGUI/UI/Core/Layout/LayoutGroup.cs
 0.1 kb	 0.0% Packages/com.unity.ugui/Runtime/UGUI/UI/Core/Layout/CanvasScaler.cs
 0.1 kb	 0.0% Packages/com.unity.ugui/Runtime/UGUI/UI/Core/InputField.cs
 0.1 kb	 0.0% Packages/com.unity.ugui/Runtime/UGUI/UI/Core/IMaskable.cs
 0.1 kb	 0.0% Packages/com.unity.ugui/Runtime/UGUI/UI/Core/ColorBlock.cs
 0.1 kb	 0.0% Packages/com.unity.inputsystem/InputSystem/Runtime/Plugins/XR/Devices/OpenVR.cs
 0.1 kb	 0.0% Packages/com.unity.inputsystem/InputSystem/Runtime/Plugins/HID/HID.cs
 0.1 kb	 0.0% Packages/com.unity.collections/Unity.Collections/xxHash3.cs
 0.1 kb	 0.0% Packages/com.unity.collections/Unity.Collections/Unicode.cs
 0.1 kb	 0.0% Packages/com.unity.collections/Unity.Collections/Memory.cs
 0.1 kb	 0.0% Packages/com.unity.collections/Unity.Collections/Jobs/IJobFilter.cs
 0.1 kb	 0.0% Packages/com.unity.collections/Unity.Collections/BitField.cs
 0.1 kb	 0.0% Assets/Janseon/Data/Assets/Stations/Station_Guro.asset
 0.1 kb	 0.0% Assets/Janseon/Core/CampaignDomain.cs
 0.1 kb	 0.0% Packages/jp.hadashikick.vcontainer/Runtime/Unity/IInstaller.cs
 0.1 kb	 0.0% Packages/jp.hadashikick.vcontainer/Runtime/Annotations/ITickable.cs
 0.1 kb	 0.0% Packages/jp.hadashikick.vcontainer/Runtime/Annotations/IStartable.cs
 0.1 kb	 0.0% Packages/com.unity.ugui/Runtime/UGUI/UI/Core/Culling/IClipRegion.cs
 0.1 kb	 0.0% Packages/com.unity.ugui/Runtime/TMP/TextMeshPro.cs
 0.1 kb	 0.0% Packages/com.unity.ugui/Runtime/TMP/TMP_TextInfo.cs
 0.1 kb	 0.0% Packages/com.unity.ugui/Runtime/TMP/TMP_SubMesh.cs
 0.1 kb	 0.0% Packages/com.unity.ugui/Runtime/TMP/TMP_Style.cs
 0.1 kb	 0.0% Packages/com.unity.ugui/Runtime/TMP/TMP_Sprite.cs
 0.1 kb	 0.0% Packages/com.unity.ugui/Runtime/TMP/TMP_Settings.cs
 0.1 kb	 0.0% Packages/com.unity.ugui/Runtime/TMP/TMP_MeshInfo.cs
 0.1 kb	 0.0% Packages/com.unity.ugui/Runtime/TMP/TMP_LineInfo.cs
 0.1 kb	 0.0% Packages/com.unity.ugui/Runtime/TMP/TMP_Dropdown.cs
 0.1 kb	 0.0% Packages/com.unity.ugui/Runtime/TMP/TMP_Asset.cs
 0.1 kb	 0.0% Packages/com.unity.ugui/Runtime/TMP/FastAction.cs
 0.1 kb	 0.0% Packages/com.unity.inputsystem/InputSystem/Runtime/Devices/Pen.cs
 0.1 kb	 0.0% Assets/Janseon/Core/HeightmapDomain.cs
 0.1 kb	 0.0% Assets/Janseon/Core/DeterministicCore.cs
 0.1 kb	 0.0% Packages/jp.hadashikick.vcontainer/Runtime/Registry.cs
 0.1 kb	 0.0% Packages/jp.hadashikick.vcontainer/Runtime/Registration.cs
 0.1 kb	 0.0% Packages/jp.hadashikick.vcontainer/Runtime/IInjector.cs
 0.1 kb	 0.0% Packages/jp.hadashikick.vcontainer/Runtime/Container.cs
 0.1 kb	 0.0% Packages/jp.hadashikick.vcontainer/Runtime/Annotations/KeyAttribute.cs
 0.1 kb	 0.0% Packages/com.unity.ugui/Runtime/UGUI/UI/Core/VertexModifiers/Shadow.cs
 0.1 kb	 0.0% Packages/com.unity.ugui/Runtime/UGUI/UI/Core/VertexModifiers/Outline.cs
 0.1 kb	 0.0% Packages/com.unity.ugui/Runtime/UGUI/UI/Core/Toggle.cs
 0.1 kb	 0.0% Packages/com.unity.ugui/Runtime/UGUI/UI/Core/Slider.cs
 0.1 kb	 0.0% Packages/com.unity.ugui/Runtime/UGUI/UI/Core/SafeArea.cs
 0.1 kb	 0.0% Packages/com.unity.ugui/Runtime/UGUI/UI/Core/RawImage.cs
 0.1 kb	 0.0% Packages/com.unity.ugui/Runtime/UGUI/UI/Core/Image.cs
 0.1 kb	 0.0% Packages/com.unity.ugui/Runtime/UGUI/UI/Core/Graphic.cs
 0.1 kb	 0.0% Packages/com.unity.ugui/Runtime/UGUI/UI/Core/FontData.cs
 0.1 kb	 0.0% Packages/com.unity.ugui/Runtime/UGUI/UI/Core/Dropdown.cs
 0.1 kb	 0.0% Packages/com.unity.ugui/Runtime/UGUI/UI/Core/Culling/Clipping.cs
 0.1 kb	 0.0% Packages/com.unity.ugui/Runtime/UGUI/UI/Core/Button.cs
 0.1 kb	 0.0% Assets/Janseon/Core/SettlementDomain.cs
 0.1 kb	 0.0% Assets/Janseon/Core/RouteDomain.cs
 0.1 kb	 0.0% Packages/com.unity.ugui/Runtime/TMP/TMP_Text.cs
 0.1 kb	 0.0% Packages/com.unity.ugui/Runtime/UGUI/UI/Core/Text.cs
 0.1 kb	 0.0% Packages/com.unity.ugui/Runtime/UGUI/UI/Core/Misc.cs
 0.1 kb	 0.0% Packages/com.unity.ugui/Runtime/UGUI/UI/Core/Mask.cs
 0.1 kb	 0.0% Assets/Janseon/Core/Grid.cs
 0.1 kb	 0.0% Assets/Resources/PerformanceTestRunSettings.json
-------------------------------------------------------------------------------
Unloading 29 Unused Serialized files (Serialized files now loaded: 0)
Unloading 40 unused Assets / (2.7 MB). Loaded Objects now: 4944.
Memory consumption went from 0.53 GB to 0.52 GB.
Total: 7.110958 ms (FindLiveObjects: 0.166750 ms CreateObjectMapping: 0.034458 ms MarkObjects: 6.710458 ms  DeleteObjects: 0.143584 ms)

Build Finished, Result: Success.
Unloading 0 Unused Serialized files (Serialized files now loaded: 0)
Loaded scene 'Temp/__Backupscenes/0.backup'
	Deserialize:            0.291 ms
	Integration:            3.672 ms
	Integration of assets:  0.001 ms
	Thread Wait Time:       0.007 ms
	Total Operation Time:   3.971 ms
Unloading 0 unused Assets / (Unknown). Loaded Objects now: 4936.
Memory consumption went from 0.52 GB to 0.52 GB.
Total: 5.444667 ms (FindLiveObjects: 0.159792 ms CreateObjectMapping: 0.031292 ms MarkObjects: 5.192250 ms  DeleteObjects: 0.012333 ms)

ExitCode: 0 Duration: 0s302ms
Launching external process: /Applications/Unity/Hub/Editor/6000.7.0a5/Unity.app/Contents/Resources/Scripting/il2cpp/build/deploy/Analytics
Asset Pipeline Refresh (id=8c71acd0c232e4c7aa6a1873e016c48d): Total: 0.115 seconds - Initiated by RefreshV2(NoUpdateAssetOptions)
##utp:{"success":true,"type":"PlayerBuildInfo","version":2,"phase":"Immediate","time":1789058774234,"processId":18654,"steps":[{"description":"Call PrepareForBuild callbacks","duration":1},{"description":"Call internal build started callbacks","duration":0},{"description":"Preprocess Player","duration":40},{"description":"Save scenes before build","duration":1},{"description":"Prepare For Build","duration":31},{"description":"ProducePlayerScriptAssemblies","duration":5611},{"description":"Verify Build setup","duration":17},{"description":"Prepare assets for target platform","duration":0},{"description":"Prepare splash screen","duration":8},{"description":"Build scripts DLLs","duration":35},{"description":"Building scenes","duration":46},{"description":"Build GlobalGameManagers file","duration":42},{"description":"Writing asset files","duration":566},{"description":"Building Resources/unity_builtin_extra","duration":1064},{"description":"Write data build dirty tracking information","duration":40},{"description":"Postprocess built player","duration":5325},{"description":"Call Post-Process callbacks","duration":142}],"duration":12969}
BUILD_OSX_DEV_OK output=/Users/ilseoblee/workspace/seoul-kenshi-wt/unity-poc-mac/.omo/evidence/unity-html-poc-ui-parity/task-07/player/Targeting.app sizeBytes=177692728 timeSec=13.297 scenes=Assets/Scenes/Bootstrap.unity,Assets/Scenes/MainTitle.unity,Assets/Scenes/Foundation.unity
UnityEngine.Debug:ExtractStackTraceNoAlloc (byte*,int,string)
UnityEngine.StackTraceUtility:ExtractStackTrace () (at /Users/bokken/build/output/unity/unity/Runtime/Export/Scripting/StackTrace.cs:23)
UnityEngine.DebugLogHandler:Internal_Log (UnityEngine.LogType,UnityEngine.LogOption,string,UnityEngine.Object)
UnityEngine.DebugLogHandler:LogFormat (UnityEngine.LogType,UnityEngine.Object,string,object[])
UnityEngine.Logger:Log (UnityEngine.LogType,object)
UnityEngine.Debug:Log (object)
Janseon.Foundation.Editor.FoundationProjectBuilder:BuildStandaloneOsxDevelopmentPlayer () (at Assets/Janseon/Foundation/Editor/FoundationProjectBuilder.cs:551)

(Filename: Assets/Janseon/Foundation/Editor/FoundationProjectBuilder.cs Line: 551)

Thread 0x16c5e7000 may have been prematurely finalized
Thread 0x16c6c7000 may have been prematurely finalized
Batchmode quit successfully invoked - shutting down!
Killing ADB server in 0.040276 seconds.
Input System module state changed to: ShutdownInProgress.
Input Polling Thread exited.
Input System module state changed to: Shutdown.
Thread 0x16d057000 may have been prematurely finalized
Thread 0x16cfcb000 may have been prematurely finalized
Thread 0x16d0e3000 may have been prematurely finalized
Thread 0x16d16f000 may have been prematurely finalized
Thread 0x16d1fb000 may have been prematurely finalized
Thread 0x16d287000 may have been prematurely finalized
[Physics::Module] Cleanup current backend.
[Physics::Module] Id: 0xf2b8ea05
[Licensing::IpcConnector] LicenseClient-ilseoblee-6000.7.0-notifications channel disconnected successfully.
[Licensing::IpcConnector] LicenseClient-ilseoblee-6000.7.0 channel disconnected successfully.
Shut down UDS service system complete
debugger-agent: Unable to listen on 43
[usbmuxd] Stop listen thread
[usbmuxd] Error: 
[usbmuxd] Listen thread exiting
Lingering sessions upon destruction of worker manager
Unity Data Store service was successfully shut down
UDS shutting down local client system
AcceleratorClientConnectionCallback - disconnected - :0
Exiting batchmode successfully now!
[ExitDontLaunchBugReporter] Exiting without the bug reporter. Application will exit with return code 0
[Package Manager] Server process was shutdown
