Unity Editor version:    6000.7.0a5 (a15235a53881)
Branch:                  trunk
Build type:              Release
Batch mode:              YES
macOS version:           Version 26.6.2 (Build 25G83)
Darwin version:          25.6.0
Architecture:            arm64
Running under Rosetta:   NO
Available memory:        65536 MB
Date:                    2026-09-19T18:05:00Z
VBCSCompilerPreWarmer: pre-warm launched (dotnet PID 56399)
VBCSCompiler prewarm took 1.98 ms

The following diagnostic switches are modified from their default values:
	DebugAllocatorMode: ReleaseMemory (default DecommitMemory)

[Licensing::Module] Trying to connect to existing licensing client channel...
[Licensing::IpcConnector] Successfully connected to: "LicenseClient-ilseoblee" at "2026-09-19T18:05:00.214844Z"
Launching external process: /Applications/Unity/Hub/Editor/6000.7.0a5/Unity.app/Contents/Helpers/PackageManager/Server/UnityPackageManager

COMMAND LINE ARGUMENTS:
/Applications/Unity/Hub/Editor/6000.7.0a5/Unity.app/Contents/MacOS/Unity
-batchmode
-nographics
-projectPath
/Volumes/gameWorkspace/worktrees/seoul-kenshi/layered-full3d-16x9-wave1-clean/GAME
-runTests
-testPlatform
EditMode
-assemblyNames
Janseon.Foundation.EditModeTests
-testFilter
Janseon.Foundation.Tests.PlaceIdentityTests
-testResults
/Volumes/gameWorkspace/worktrees/seoul-kenshi/layered-full3d-16x9-wave1-clean/evidence/layered-full3d-16x9-20260919T180152Z/task-02/red/place-identity.xml
-logFile
/Volumes/gameWorkspace/worktrees/seoul-kenshi/layered-full3d-16x9-wave1-clean/evidence/layered-full3d-16x9-20260919T180152Z/task-02/red/place-identity.log
Successfully changed project path to: /Volumes/gameWorkspace/worktrees/seoul-kenshi/layered-full3d-16x9-wave1-clean/GAME
/Volumes/gameWorkspace/worktrees/seoul-kenshi/layered-full3d-16x9-wave1-clean/GAME
[UnityMemory] Configuration Parameters - Can be set up in boot.config
    "memorysetup-temp-allocator-size-gi-baking-worker=262144"
    "memorysetup-temp-allocator-size-gi-baking-worker=262144"
    "memorysetup-temp-allocator-size-gi-baking-worker=262144"
    "memorysetup-temp-allocator-size-gi-baking-worker=262144"
    "memorysetup-temp-allocator-size-gi-baking-worker=262144"
    "memorysetup-temp-allocator-size-nav-mesh-worker=65536"
    "memorysetup-temp-allocator-size-audio-worker=65536"
    "memorysetup-temp-allocator-size-cloud-worker=32768"
    "memorysetup-entities-archetype-allocator-budget=16777216"
    "memorysetup-entities-query-allocator-budget=16777216"
    "memorysetup-temp-allocator-size-preload-manager=33554432"
    "memorysetup-remapper-allocator-initial-capacity=32768"
    "memorysetup-temp-allocator-size-gfx=262144"
    "memorysetup-allocator-temp-initial-block-size-main=262144"
    "memorysetup-allocator-temp-initial-block-size-worker=262144"
    "memorysetup-temp-allocator-size-background-worker=32768"
    "memorysetup-temp-allocator-size-job-worker=262144"
    "memorysetup-bucket-allocator-granularity=16"
    "memorysetup-bucket-allocator-bucket-count=8"
    "memorysetup-bucket-allocator-block-size=33554432"
    "memorysetup-bucket-allocator-block-count=8"
    "memorysetup-main-allocator-block-size=16777216"
    "memorysetup-thread-allocator-block-size=16777216"
    "memorysetup-main-allocator-mimalloc-enabled=1"
    "memorysetup-gfx-main-allocator-block-size=16777216"
    "memorysetup-gfx-thread-allocator-block-size=16777216"
    "memorysetup-cache-allocator-block-size=4194304"
    "memorysetup-typetree-allocator-block-size=2097152"
    "memorysetup-profiler-bucket-allocator-granularity=16"
    "memorysetup-profiler-bucket-allocator-bucket-count=8"
    "memorysetup-profiler-bucket-allocator-block-size=33554432"
    "memorysetup-profiler-bucket-allocator-block-count=8"
    "memorysetup-profiler-allocator-block-size=16777216"
    "memorysetup-profiler-editor-allocator-block-size=1048576"
    "memorysetup-temp-allocator-size-main=16777216"
    "memorysetup-job-temp-allocator-block-size=2097152"
    "memorysetup-job-temp-allocator-block-size-background=1048576"
    "memorysetup-job-temp-allocator-reduction-small-platforms=262144"
Logging is directed to a specific file, skipping project log.
Player connection [8456692096]  Target information:

Player connection [8456692096]  * "[IP] 192.168.0.218 [Port] 55504 [Flags] 2 [Guid] 2438349567 [EditorId] 2438349567 [Version] 1048832 [Id] OSXEditor(0,MacBook-Pro-2.local) [Debug] 1 [PackageName] OSXEditor [ProjectName] Editor" 

Player connection [8456692096]  * "[IP] 100.71.30.111 [Port] 55504 [Flags] 2 [Guid] 2438349567 [EditorId] 2438349567 [Version] 1048832 [Id] OSXEditor(0,MacBook-Pro-2.local) [Debug] 1 [PackageName] OSXEditor [ProjectName] Editor" 

Player connection [8456692096]  * "[IP] 192.168.0.208 [Port] 55504 [Flags] 2 [Guid] 2438349567 [EditorId] 2438349567 [Version] 1048832 [Id] OSXEditor(0,MacBook-Pro-2.local) [Debug] 1 [PackageName] OSXEditor [ProjectName] Editor" 

Player connection [8456692096] Host joined multi-casting on [225.0.0.222:54997]...
Player connection [8456692096] Host joined alternative multi-casting on [225.0.0.222:34997]...
Input System module state changed to: Initialized.
[Physics::Module] Initialized fallback backend.
[Physics::Module] Id: 0xdecafbad
[Package Manager] Connected to IPC stream "Upm-56398" after 0.1 seconds.
[Licensing::Module] Licensing is not yet initialized.
Launching external process: /Applications/Unity/Hub/Editor/6000.7.0a5/Unity.app/Contents/Helpers/UnityLicensingClient.app/Contents/MacOS/Unity.Licensing.Client
[Licensing::Client] Error: HandshakeResponse reported an error:
	ResponseCode: 505
	ResponseStatus: Unsupported protocol version '1.19.0-rc.1'.
[Licensing::Module] Error: Failed to handshake to channel: "LicenseClient-ilseoblee"
[Licensing::IpcConnector] LicenseClient-ilseoblee channel disconnected successfully.
[Licensing::IpcConnector] Channel LicenseClient-ilseoblee-6000.7.0 doesn't exist
[Licensing::Module] Successfully launched the LicensingClient (PId: 56405)
[Licensing::IpcConnector] Successfully connected to: "LicenseClient-ilseoblee-6000.7.0" at "2026-09-19T18:05:00.70869Z"
Initialising UDS system complete:
  - System type: Client
  - Resource namespace: c6f206a421be32f375f3807cfb1477e4
  - Shared memory size: 1073741824
  - Command buffer id: 1052672
  - Command buffer size: 8192
  - Hashmap size: 4194304
  - Service connected: false
[Licensing::Client] Handshaking with LicensingClient:
  Version:                 1.19.0-rc.1+a1d64c6
  Session Id:              449cf9c53d33490e83b3f932edb0fa43
  Correlation Id:          87488507194fec80de76b31f2340a1cb
  External correlation Id: 3615677620643802187
  Machine Id:              JxhzwWg3pWfWMny3n9AfODBHuIE=
[Licensing::Module] Successfully connected to LicensingClient on channel: "LicenseClient-ilseoblee-6000.7.0" (connect: 0.25s, validation: 0.00s, handshake: 0.06s)
[Licensing::IpcConnector] Successfully connected to: "LicenseClient-ilseoblee-6000.7.0-notifications" at "2026-09-19T18:05:00.769329Z"
[Licensing::Module] Connected to LicensingClient (PId: 56405, launch time: 0.00, total connection time: 0.31s)
[Licensing::Module] Error: Access token is unavailable; failed to update
[Licensing::Client] Successfully resolved entitlement details
[Licensing::Module] License group:
  Id: 86166-UnityPersXXXX
  Product: Unity Personal
  Type: Assigned
  Expiration: Unlimited
[Licensing::Client] Successfully updated license, isAsync: True, time: 0.00
[Licensing::Module] Licensing Background thread has ended after 0.56s
[Licensing::Module] Licensing is initialized (took 0.38s).
[Licensing::Client] Successfully resolved entitlement details
Library Redirect Path: Library/
Launching Unity Data Store - /Applications/Unity/Hub/Editor/6000.7.0a5/Unity.app/Contents/Helpers/Unity.DataStore 
Unity Data Store artifact dir = Library/DataStore, working dir = /Volumes/gameWorkspace/worktrees/seoul-kenshi/layered-full3d-16x9-wave1-clean/GAME[Physics::Module] Selected backend.
[Physics::Module] Name: PhysX
[Physics::Module] Id: 0xf2b8ea05
[Physics::Module] SDK Version: 4.1.2
[Physics::Module] Integration Version: 1.0.0
[Physics::Module] Threading Mode: Multi-Threaded
Unity Data Store running and initialised
Initialize engine version: 6000.7.0a5 (a15235a53881)
[EntityIdStore] init: VM path (explicit commit), pageSize=16384, blockCount=262144, entitiesPerBlock=1024, slots reserved=4294967296 bytes
[Subsystems] Discovering subsystems at path /Applications/Unity/Hub/Editor/6000.7.0a5/Unity.app/Contents/Resources/UnitySubsystems
[Subsystems] Discovering subsystems at path /Volumes/gameWorkspace/worktrees/seoul-kenshi/layered-full3d-16x9-wave1-clean/GAME/Assets
Forcing GfxDevice: Null
GfxDevice: creating device client; kGfxThreadingModeNonThreaded
NullGfxDevice:
    Version:  NULL 1.0 [1.0]
    Renderer: Null Device
    Vendor:   Unity Technologies
Initialize mono
Mono path[0] = '/Applications/Unity/Hub/Editor/6000.7.0a5/Unity.app/Contents/Resources/Scripting/Managed'
Mono path[1] = '/Applications/Unity/Hub/Editor/6000.7.0a5/Unity.app/Contents/Resources/Scripting/BCLExtensions/runtime/netstandard2.1'
Mono path[2] = '/Applications/Unity/Hub/Editor/6000.7.0a5/Unity.app/Contents/Resources/Scripting/MonoBleedingEdge/lib/mono/unityjit-macos'
Mono config path = '/Applications/Unity/Hub/Editor/6000.7.0a5/Unity.app/Contents/Resources/Scripting/MonoBleedingEdge/etc'
Using monoOptions --debugger-agent=transport=dt_socket,embedding=1,server=y,suspend=n,address=127.0.0.1:56398
CodeReloadManager initialized
ImportWorker Server TCP listen port: 0
AcceleratorClientConnectionCallback - disconnected - :0
Begin MonoManager ReloadAssembly
Registering precompiled unity dll's ...
Register platform support module: /Applications/Unity/Hub/Editor/6000.7.0a5/PlaybackEngines/WebGLSupport/UnityEditor.WebGL.Extensions.dll
Register platform support module: /Applications/Unity/Hub/Editor/6000.7.0a5/PlaybackEngines/MacStandaloneSupport/UnityEditor.OSXStandalone.Extensions.dll
Register platform support module: /Applications/Unity/Hub/Editor/6000.7.0a5/PlaybackEngines/WindowsStandaloneSupport/UnityEditor.WindowsStandalone.Extensions.dll
[Licensing::Client] Successfully resolved entitlement details
Register platform support module: /Applications/Unity/Hub/Editor/6000.7.0a5/PlaybackEngines/AndroidPlayer/UnityEditor.Android.Extensions.dll
[Licensing::Client] Successfully resolved entitlement details
Register platform support module: /Applications/Unity/Hub/Editor/6000.7.0a5/PlaybackEngines/iOSSupport/UnityEditor.iOS.Extensions.dll
Register platform support module: /Applications/Unity/Hub/Editor/6000.7.0a5/PlaybackEngines/LinuxStandaloneSupport/UnityEditor.LinuxStandalone.Extensions.dll
Registered in 0.001564 seconds.
[MODES] ModeService[none].Initialize
[MODES] ModeService[none].LoadModes
[MODES] Loading mode Default (0) for mode-current-id-서울:전국
Package Manager log level set to [2]
Native extension for LinuxStandalone target not found
[usbmuxd] Start listen thread
[usbmuxd] Listen thread started
[usbmuxd] Send listen message
Native extension for iOS target not found
Native extension for Android target not found
Native extension for WindowsStandalone target not found
Native extension for OSXStandalone target not found
Native extension for WebGL target not found
[Licensing::Client] Successfully resolved entitlement details
Diagnostic switches are active and may impact performance or degrade your user experience. Switches can be configured through the Diagnostics section in the Preferences window.
	DebugAllocatorMode: 0
ScheduleIndexationOnStartup MainProcess:False IndexOnStartup:False
Scripting: successfully reloaded assembly
- Finished resetting the current domain, in  2.878 seconds
Domain Reload Profiling: 3209ms
	BeginReloadAssembly (70ms)
		CreateAndSetChildDomain (6ms)
	RebuildCommonClasses (3ms)
	RebuildNativeTypeToScriptingClass (9ms)
	initialDomainReloadingComplete (30ms)
	LoadAllAssembliesAndSetupDomain (219ms)
		LoadAssemblies (65ms)
		TypeCache.Refresh (136ms)
			TypeCache.ScanAssembly (127ms)
		AnalyzeDomain (0ms)
	FinalizeReload (2879ms)
		SetupLoadedEditorAssemblies (0ms)
			InitializePlatformSupportModulesInManaged (25ms)
			BeforeProcessingInitializeOnLoad (79ms)
			ProcessInitializeOnLoadAttributes (29ms)
			ProcessInitializeOnLoadMethodAttributes (2561ms)
[Licensing::Client] Successfully resolved entitlement details
Application.AssetDatabase Initial Refresh Start
[Package Manager] Restoring resolved packages state from cache
[Licensing::Client] Successfully resolved entitlement details
[Package Manager] Registered 59 packages:
  Packages from [https://packages.unity.com]:
    com.unity.ide.rider@3.0.38 (location: /Volumes/gameWorkspace/worktrees/seoul-kenshi/layered-full3d-16x9-wave1-clean/GAME/Library/PackageCache/com.unity.ide.rider@1f60b3138684)
    com.unity.ide.visualstudio@2.0.26 (location: /Volumes/gameWorkspace/worktrees/seoul-kenshi/layered-full3d-16x9-wave1-clean/GAME/Library/PackageCache/com.unity.ide.visualstudio@a99d56dec63f)
    com.unity.inputsystem@1.20.0 (location: /Volumes/gameWorkspace/worktrees/seoul-kenshi/layered-full3d-16x9-wave1-clean/GAME/Library/PackageCache/com.unity.inputsystem@7a4e1a2a8194)
    com.unity.nuget.newtonsoft-json@3.2.2 (location: /Volumes/gameWorkspace/worktrees/seoul-kenshi/layered-full3d-16x9-wave1-clean/GAME/Library/PackageCache/com.unity.nuget.newtonsoft-json@4dfd81071c64)
    com.unity.searcher@4.9.5 (location: /Volumes/gameWorkspace/worktrees/seoul-kenshi/layered-full3d-16x9-wave1-clean/GAME/Library/PackageCache/com.unity.searcher@a463122f2c00)
    com.unity.nuget.mono-cecil@1.11.6 (location: /Volumes/gameWorkspace/worktrees/seoul-kenshi/layered-full3d-16x9-wave1-clean/GAME/Library/PackageCache/com.unity.nuget.mono-cecil@ecb9724e46ff)
  Built-in packages:
    com.unity.render-pipelines.universal@17.7.0 (location: /Volumes/gameWorkspace/worktrees/seoul-kenshi/layered-full3d-16x9-wave1-clean/GAME/Library/PackageCache/com.unity.render-pipelines.universal@c657e0850617)
    com.unity.test-framework@1.8.0 (location: /Volumes/gameWorkspace/worktrees/seoul-kenshi/layered-full3d-16x9-wave1-clean/GAME/Library/PackageCache/com.unity.test-framework@4c309923fa3b)
    com.unity.ugui@2.7.0 (location: /Volumes/gameWorkspace/worktrees/seoul-kenshi/layered-full3d-16x9-wave1-clean/GAME/Library/PackageCache/com.unity.ugui@8e276752998c)
    com.unity.modules.accessibility@1.0.0 (location: /Volumes/gameWorkspace/worktrees/seoul-kenshi/layered-full3d-16x9-wave1-clean/GAME/Library/PackageCache/com.unity.modules.accessibility)
    com.unity.modules.adaptiveperformance@1.0.0 (location: /Volumes/gameWorkspace/worktrees/seoul-kenshi/layered-full3d-16x9-wave1-clean/GAME/Library/PackageCache/com.unity.modules.adaptiveperformance)
    com.unity.modules.ai@1.0.0 (location: /Volumes/gameWorkspace/worktrees/seoul-kenshi/layered-full3d-16x9-wave1-clean/GAME/Library/PackageCache/com.unity.modules.ai)
    com.unity.modules.androidjni@1.0.0 (location: /Volumes/gameWorkspace/worktrees/seoul-kenshi/layered-full3d-16x9-wave1-clean/GAME/Library/PackageCache/com.unity.modules.androidjni)
    com.unity.modules.animation@1.0.0 (location: /Volumes/gameWorkspace/worktrees/seoul-kenshi/layered-full3d-16x9-wave1-clean/GAME/Library/PackageCache/com.unity.modules.animation)
    com.unity.modules.assetbundle@1.0.0 (location: /Volumes/gameWorkspace/worktrees/seoul-kenshi/layered-full3d-16x9-wave1-clean/GAME/Library/PackageCache/com.unity.modules.assetbundle)
    com.unity.modules.audio@1.0.0 (location: /Volumes/gameWorkspace/worktrees/seoul-kenshi/layered-full3d-16x9-wave1-clean/GAME/Library/PackageCache/com.unity.modules.audio)
    com.unity.modules.cloth@1.0.0 (location: /Volumes/gameWorkspace/worktrees/seoul-kenshi/layered-full3d-16x9-wave1-clean/GAME/Library/PackageCache/com.unity.modules.cloth)
    com.unity.modules.director@1.0.0 (location: /Volumes/gameWorkspace/worktrees/seoul-kenshi/layered-full3d-16x9-wave1-clean/GAME/Library/PackageCache/com.unity.modules.director)
    com.unity.modules.imageconversion@1.0.0 (location: /Volumes/gameWorkspace/worktrees/seoul-kenshi/layered-full3d-16x9-wave1-clean/GAME/Library/PackageCache/com.unity.modules.imageconversion)
    com.unity.modules.imgui@1.0.0 (location: /Volumes/gameWorkspace/worktrees/seoul-kenshi/layered-full3d-16x9-wave1-clean/GAME/Library/PackageCache/com.unity.modules.imgui)
    com.unity.modules.jsonserialize@1.0.0 (location: /Volumes/gameWorkspace/worktrees/seoul-kenshi/layered-full3d-16x9-wave1-clean/GAME/Library/PackageCache/com.unity.modules.jsonserialize)
    com.unity.modules.particlesystem@1.0.0 (location: /Volumes/gameWorkspace/worktrees/seoul-kenshi/layered-full3d-16x9-wave1-clean/GAME/Library/PackageCache/com.unity.modules.particlesystem)
    com.unity.modules.physics@1.0.0 (location: /Volumes/gameWorkspace/worktrees/seoul-kenshi/layered-full3d-16x9-wave1-clean/GAME/Library/PackageCache/com.unity.modules.physics)
    com.unity.modules.physics2d@1.0.0 (location: /Volumes/gameWorkspace/worktrees/seoul-kenshi/layered-full3d-16x9-wave1-clean/GAME/Library/PackageCache/com.unity.modules.physics2d)
    com.unity.modules.physicscore2d@1.0.0 (location: /Volumes/gameWorkspace/worktrees/seoul-kenshi/layered-full3d-16x9-wave1-clean/GAME/Library/PackageCache/com.unity.modules.physicscore2d)
    com.unity.modules.screencapture@1.0.0 (location: /Volumes/gameWorkspace/worktrees/seoul-kenshi/layered-full3d-16x9-wave1-clean/GAME/Library/PackageCache/com.unity.modules.screencapture)
    com.unity.modules.smartstrings@1.0.0 (location: /Volumes/gameWorkspace/worktrees/seoul-kenshi/layered-full3d-16x9-wave1-clean/GAME/Library/PackageCache/com.unity.modules.smartstrings)
    com.unity.modules.terrain@1.0.0 (location: /Volumes/gameWorkspace/worktrees/seoul-kenshi/layered-full3d-16x9-wave1-clean/GAME/Library/PackageCache/com.unity.modules.terrain)
    com.unity.modules.terrainphysics@1.0.0 (location: /Volumes/gameWorkspace/worktrees/seoul-kenshi/layered-full3d-16x9-wave1-clean/GAME/Library/PackageCache/com.unity.modules.terrainphysics)
    com.unity.modules.tetgen@1.0.0 (location: /Volumes/gameWorkspace/worktrees/seoul-kenshi/layered-full3d-16x9-wave1-clean/GAME/Library/PackageCache/com.unity.modules.tetgen)
    com.unity.modules.tilemap@1.0.0 (location: /Volumes/gameWorkspace/worktrees/seoul-kenshi/layered-full3d-16x9-wave1-clean/GAME/Library/PackageCache/com.unity.modules.tilemap)
    com.unity.modules.timelinefoundation@1.0.0 (location: /Volumes/gameWorkspace/worktrees/seoul-kenshi/layered-full3d-16x9-wave1-clean/GAME/Library/PackageCache/com.unity.modules.timelinefoundation)
    com.unity.modules.ui@1.0.0 (location: /Volumes/gameWorkspace/worktrees/seoul-kenshi/layered-full3d-16x9-wave1-clean/GAME/Library/PackageCache/com.unity.modules.ui)
    com.unity.modules.uielements@1.0.0 (location: /Volumes/gameWorkspace/worktrees/seoul-kenshi/layered-full3d-16x9-wave1-clean/GAME/Library/PackageCache/com.unity.modules.uielements)
    com.unity.modules.umbra@1.0.0 (location: /Volumes/gameWorkspace/worktrees/seoul-kenshi/layered-full3d-16x9-wave1-clean/GAME/Library/PackageCache/com.unity.modules.umbra)
    com.unity.modules.unityanalytics@1.0.0 (location: /Volumes/gameWorkspace/worktrees/seoul-kenshi/layered-full3d-16x9-wave1-clean/GAME/Library/PackageCache/com.unity.modules.unityanalytics)
    com.unity.modules.unitywebrequest@1.0.0 (location: /Volumes/gameWorkspace/worktrees/seoul-kenshi/layered-full3d-16x9-wave1-clean/GAME/Library/PackageCache/com.unity.modules.unitywebrequest)
    com.unity.modules.unitywebrequestassetbundle@1.0.0 (location: /Volumes/gameWorkspace/worktrees/seoul-kenshi/layered-full3d-16x9-wave1-clean/GAME/Library/PackageCache/com.unity.modules.unitywebrequestassetbundle)
    com.unity.modules.unitywebrequestaudio@1.0.0 (location: /Volumes/gameWorkspace/worktrees/seoul-kenshi/layered-full3d-16x9-wave1-clean/GAME/Library/PackageCache/com.unity.modules.unitywebrequestaudio)
    com.unity.modules.unitywebrequesttexture@1.0.0 (location: /Volumes/gameWorkspace/worktrees/seoul-kenshi/layered-full3d-16x9-wave1-clean/GAME/Library/PackageCache/com.unity.modules.unitywebrequesttexture)
    com.unity.modules.unitywebrequestwww@1.0.0 (location: /Volumes/gameWorkspace/worktrees/seoul-kenshi/layered-full3d-16x9-wave1-clean/GAME/Library/PackageCache/com.unity.modules.unitywebrequestwww)
    com.unity.modules.vectorgraphics@1.0.0 (location: /Volumes/gameWorkspace/worktrees/seoul-kenshi/layered-full3d-16x9-wave1-clean/GAME/Library/PackageCache/com.unity.modules.vectorgraphics)
    com.unity.modules.vehicles@1.0.0 (location: /Volumes/gameWorkspace/worktrees/seoul-kenshi/layered-full3d-16x9-wave1-clean/GAME/Library/PackageCache/com.unity.modules.vehicles)
    com.unity.modules.video@1.0.0 (location: /Volumes/gameWorkspace/worktrees/seoul-kenshi/layered-full3d-16x9-wave1-clean/GAME/Library/PackageCache/com.unity.modules.video)
    com.unity.modules.wind@1.0.0 (location: /Volumes/gameWorkspace/worktrees/seoul-kenshi/layered-full3d-16x9-wave1-clean/GAME/Library/PackageCache/com.unity.modules.wind)
    com.unity.modules.xr@1.0.0 (location: /Volumes/gameWorkspace/worktrees/seoul-kenshi/layered-full3d-16x9-wave1-clean/GAME/Library/PackageCache/com.unity.modules.xr)
    com.unity.modules.subsystems@1.0.0 (location: /Volumes/gameWorkspace/worktrees/seoul-kenshi/layered-full3d-16x9-wave1-clean/GAME/Library/PackageCache/com.unity.modules.subsystems)
    com.unity.modules.hierarchycore@1.0.0 (location: /Volumes/gameWorkspace/worktrees/seoul-kenshi/layered-full3d-16x9-wave1-clean/GAME/Library/PackageCache/com.unity.modules.hierarchycore)
    com.unity.ext.nunit@2.1.1 (location: /Volumes/gameWorkspace/worktrees/seoul-kenshi/layered-full3d-16x9-wave1-clean/GAME/Library/PackageCache/com.unity.ext.nunit@f6178be85c6e)
    com.unity.render-pipelines.core@17.7.0 (location: /Volumes/gameWorkspace/worktrees/seoul-kenshi/layered-full3d-16x9-wave1-clean/GAME/Library/PackageCache/com.unity.render-pipelines.core@c86064616c0c)
    com.unity.shadergraph@17.7.0 (location: /Volumes/gameWorkspace/worktrees/seoul-kenshi/layered-full3d-16x9-wave1-clean/GAME/Library/PackageCache/com.unity.shadergraph@f32f227ad317)
    com.unity.render-pipelines.universal-config@17.7.0 (location: /Volumes/gameWorkspace/worktrees/seoul-kenshi/layered-full3d-16x9-wave1-clean/GAME/Library/PackageCache/com.unity.render-pipelines.universal-config@767fc04a69c2)
    com.unity.graph-authoring@1.0.0 (location: /Volumes/gameWorkspace/worktrees/seoul-kenshi/layered-full3d-16x9-wave1-clean/GAME/Library/PackageCache/com.unity.graph-authoring@cfd2588851ee)
    com.unity.burst@2.0.0 (location: /Volumes/gameWorkspace/worktrees/seoul-kenshi/layered-full3d-16x9-wave1-clean/GAME/Library/PackageCache/com.unity.burst@626e66ab421b)
    com.unity.collections@6.7.0 (location: /Volumes/gameWorkspace/worktrees/seoul-kenshi/layered-full3d-16x9-wave1-clean/GAME/Library/PackageCache/com.unity.collections@642e35c36221)
    com.unity.profiling.core@1.0.3 (location: /Volumes/gameWorkspace/worktrees/seoul-kenshi/layered-full3d-16x9-wave1-clean/GAME/Library/PackageCache/com.unity.profiling.core@9f367c25a5d3)
    com.unity.test-framework.performance@6.6.0 (location: /Volumes/gameWorkspace/worktrees/seoul-kenshi/layered-full3d-16x9-wave1-clean/GAME/Library/PackageCache/com.unity.test-framework.performance@2779acc3f9c0)
  Local packages:
    com.islee.unity-remote@file:/Volumes/gameWorkspace/worktrees/seoul-kenshi/layered-full3d-16x9-wave1-clean/TOOL/unity-remote/unity-package (location: /Volumes/gameWorkspace/worktrees/seoul-kenshi/layered-full3d-16x9-wave1-clean/TOOL/unity-remote/unity-package)
  Git packages:
    jp.hadashikick.vcontainer@https://github.com/hadashiA/VContainer.git?path=VContainer/Assets/VContainer#1.19.0 (location: /Volumes/gameWorkspace/worktrees/seoul-kenshi/layered-full3d-16x9-wave1-clean/GAME/Library/PackageCache/jp.hadashikick.vcontainer@dcf16cda6a65)
[Subsystems] No new subsystems found in resolved package list.
[Package Manager] Done registering packages in 0.00 seconds
ADB: OOP importers: 'AudioImporter' is OOP-eligible (per-importer)
ADB: OOP importers: 'ComputeShaderImporter' is OOP-eligible (per-importer)
ADB: OOP importers: 'FBXImporter' is OOP-eligible (per-importer)
ADB: OOP importers: 'Mesh3DSImporter' is OOP-eligible (per-importer)
ADB: OOP importers: 'PrefabImporter' is OOP-eligible (per-importer)
ADB: OOP importers: 'RayTracingShaderImporter' is OOP-eligible (per-importer)
ADB: OOP importers: 'ShaderImporter' is OOP-eligible (per-importer)
ADB: OOP importers: 'TextScriptImporter' is OOP-eligible (per-importer)
ADB: OOP importers: 'TextureImporter' is OOP-eligible (per-importer)
ADB: OOP importers: 'TrueTypeFontImporter' is OOP-eligible (per-importer)
ADB: OOP importers: 'VideoClipImporter' is OOP-eligible (per-importer)
ADB: OOP importers: queue -1003 composition: TextureImporter, TextureImporter, TextureImporter, TextureImporter, TextureImporter, TextureImporter, TextureImporter, TextureImporter, TextureImporter, TextureImporter, TextureImporter, TextureImporter, TextureImporter, TextureImporter, TextureImporter (only the named importers above run OOP; the rest stay in-process)
ADB: OOP importers: queue -1001 composition: ShaderImporter, ComputeShaderImporter, RayTracingShaderImporter (only the named importers above run OOP; the rest stay in-process)
ADB: OOP importers: queue 2 composition: TrueTypeFontImporter, TrueTypeFontImporter, TrueTypeFontImporter, TrueTypeFontImporter (only the named importers above run OOP; the rest stay in-process)
ADB: OOP importers: queue 100 composition: Mesh3DSImporter, FBXImporter, FBXImporter, FBXImporter, FBXImporter, FBXImporter, FBXImporter, FBXImporter, FBXImporter, FBXImporter, FBXImporter (only the named importers above run OOP; the rest stay in-process)
ADB: OOP importers: queue 1050 composition: TextScriptImporter, TextScriptImporter, TextScriptImporter, TextScriptImporter, TextScriptImporter, TextScriptImporter, TextScriptImporter, TextScriptImporter, TextScriptImporter, TextScriptImporter, TextScriptImporter, TextScriptImporter (only the named importers above run OOP; the rest stay in-process)
ADB: OOP importers: queue 1100 composition: AudioImporter, AudioImporter, AudioImporter, AudioImporter, AudioImporter, AudioImporter, AudioImporter, AudioImporter, AudioImporter, AudioImporter (only the named importers above run OOP; the rest stay in-process)
ADB: OOP importers: queue 1500 composition: PrefabImporter (only the named importers above run OOP; the rest stay in-process)
ADB: OOP importers: queue 1700 composition: VideoClipImporter, VideoClipImporter, VideoClipImporter, VideoClipImporter, VideoClipImporter, VideoClipImporter, VideoClipImporter, VideoClipImporter, VideoClipImporter, VideoClipImporter (only the named importers above run OOP; the rest stay in-process)
[ScriptCompilation] Requested script compilation because: AssetDatabase observed changes in script compilation related files
Starting: /Applications/Unity/Hub/Editor/6000.7.0a5/Unity.app/Contents/Resources/BuildPipeline/bee_backend --ipc --defer-dag-verification --dagfile="Library/Bee/200b0aE.dag" --continue-on-failure --profile="Library/Bee/backend1.traceevents" ScriptAssemblies
WorkingDir: /Volumes/gameWorkspace/worktrees/seoul-kenshi/layered-full3d-16x9-wave1-clean/GAME
DisplayProgressbar: Compiling Scripts
warn: Unity.ILPP.Runner.PostProcessingAssemblyLoadContext[0]
      Assembly unityeditor.ios.extensions.xcode has duplicate hint path. Ignoring "/Applications/Unity/Hub/Editor/6000.7.0a5/PlaybackEngines/iOSSupport/UnityEditor.iOS.Extensions.Xcode.dll" in favor of "/Applications/Unity/Hub/Editor/6000.7.0a5/PlaybackEngines/MacStandaloneSupport/UnityEditor.iOS.Extensions.Xcode.dll"
warn: Unity.ILPP.Runner.PostProcessingAssemblyLoadContext[0]
      Assembly system.runtime.interopservices.windowsruntime has duplicate hint path. Ignoring "/Applications/Unity/Hub/Editor/6000.7.0a5/Unity.app/Contents/Resources/Scripting/UnityReferenceAssemblies/unity-4.8-api/Facades/System.Runtime.InteropServices.WindowsRuntime.dll" in favor of "/Applications/Unity/Hub/Editor/6000.7.0a5/Unity.app/Contents/Resources/Scripting/NetStandard/Extensions/2.0.0/System.Runtime.InteropServices.WindowsRuntime.dll"
warn: Unity.ILPP.Runner.PostProcessingAssemblyLoadContext[0]
      Assembly system.componentmodel.composition has duplicate hint path. Ignoring "/Applications/Unity/Hub/Editor/6000.7.0a5/Unity.app/Contents/Resources/Scripting/UnityReferenceAssemblies/unity-4.8-api/System.ComponentModel.Composition.dll" in favor of "/Applications/Unity/Hub/Editor/6000.7.0a5/Unity.app/Contents/Resources/Scripting/NetStandard/compat/2.1.0/shims/netfx/System.ComponentModel.Composition.dll"
ExitCode: 3 Duration: 1s18ms
[587/763    0s] ILPP-Configuration Library/ilpp-configuration.nevergeneratedoutput
[759/763    0s] Csc Library/Bee/artifacts/200b0aE.dag/Janseon.Foundation.EditModeTests.dll (+2 others)
##### CommandLine
"/Applications/Unity/Hub/Editor/6000.7.0a5/Unity.app/Contents/Resources/Scripting/DotNetSdk/dotnet" exec "/Applications/Unity/Hub/Editor/6000.7.0a5/Unity.app/Contents/Resources/Scripting/DotNetSdk/sdk/10.0.301/Roslyn/bincore/csc.dll" /nostdlib /noconfig /shared "@Library/Bee/artifacts/200b0aE.dag/Janseon.Foundation.EditModeTests.rsp" "@Library/Bee/artifacts/200b0aE.dag/Janseon.Foundation.EditModeTests.rsp2"
##### Contents of Library/Bee/artifacts/200b0aE.dag/Janseon.Foundation.EditModeTests.rsp
-target:library
-out:"Library/Bee/artifacts/200b0aE.dag/Janseon.Foundation.EditModeTests.dll"
-refout:"Library/Bee/artifacts/200b0aE.dag/Janseon.Foundation.EditModeTests.ref.dll"
-define:UNITY_6000_7_0
-define:UNITY_6000_7
-define:UNITY_6000
-define:UNITY_5_3_OR_NEWER
-define:UNITY_5_4_OR_NEWER
-define:UNITY_5_5_OR_NEWER
-define:UNITY_5_6_OR_NEWER
-define:UNITY_2017_1_OR_NEWER
-define:UNITY_2017_2_OR_NEWER
-define:UNITY_2017_3_OR_NEWER
-define:UNITY_2017_4_OR_NEWER
-define:UNITY_2018_1_OR_NEWER
-define:UNITY_2018_2_OR_NEWER
-define:UNITY_2018_3_OR_NEWER
-define:UNITY_2018_4_OR_NEWER
-define:UNITY_2019_1_OR_NEWER
-define:UNITY_2019_2_OR_NEWER
-define:UNITY_2019_3_OR_NEWER
-define:UNITY_2019_4_OR_NEWER
-define:UNITY_2020_1_OR_NEWER
-define:UNITY_2020_2_OR_NEWER
-define:UNITY_2020_3_OR_NEWER
-define:UNITY_2021_1_OR_NEWER
-define:UNITY_2021_2_OR_NEWER
-define:UNITY_2021_3_OR_NEWER
-define:UNITY_2022_1_OR_NEWER
-define:UNITY_2022_2_OR_NEWER
-define:UNITY_2022_3_OR_NEWER
-define:UNITY_2023_1_OR_NEWER
-define:UNITY_2023_2_OR_NEWER
-define:UNITY_2023_3_OR_NEWER
-define:UNITY_6000_0_OR_NEWER
-define:UNITY_6000_1_OR_NEWER
-define:UNITY_6000_2_OR_NEWER
-define:UNITY_6000_3_OR_NEWER
-define:UNITY_6000_4_OR_NEWER
-define:UNITY_6000_5_OR_NEWER
-define:UNITY_6000_6_OR_NEWER
-define:UNITY_6000_7_OR_NEWER
-define:PLATFORM_ARCH_64
-define:UNITY_64
-define:UNITY_INCLUDE_TESTS
-define:ENABLE_AR
-define:ENABLE_AUDIO
-define:ENABLE_AUDIO_SCRIPTABLE_PIPELINE
-define:ENABLE_BURST
-define:ENABLE_CACHING
-define:ENABLE_CLOTH
-define:ENABLE_MICROPHONE
-define:ENABLE_MULTIPLE_DISPLAYS
-define:ENABLE_PHYSICS
-define:ENABLE_TEXTURE_STREAMING
-define:ENABLE_VIRTUALTEXTURING
-define:ENABLE_LZMA
-define:ENABLE_UNITYEVENTS
-define:ENABLE_VR
-define:ENABLE_WEBCAM
-define:ENABLE_UNITYWEBREQUEST
-define:ENABLE_WWW
-define:ENABLE_CLOUD_SERVICES
-define:ENABLE_CLOUD_SERVICES_ADS
-define:ENABLE_CLOUD_SERVICES_USE_WEBREQUEST
-define:ENABLE_UNITY_CONSENT
-define:ENABLE_UNITY_CLOUD_IDENTIFIERS
-define:ENABLE_CLOUD_SERVICES_CRASH_REPORTING
-define:ENABLE_CLOUD_SERVICES_NATIVE_CRASH_REPORTING
-define:ENABLE_CLOUD_SERVICES_PURCHASING
-define:ENABLE_CLOUD_SERVICES_ANALYTICS
-define:ENABLE_CLOUD_SERVICES_BUILD
-define:ENABLE_EDITOR_GAME_SERVICES
-define:ENABLE_UNITY_GAME_SERVICES_ANALYTICS_SUPPORT
-define:ENABLE_CLOUD_LICENSE
-define:ENABLE_EDITOR_HUB_LICENSE
-define:ENABLE_WEBSOCKET_CLIENT
-define:ENABLE_GENERATE_NATIVE_PLUGINS_FOR_ASSEMBLIES_API
-define:ENABLE_DIRECTOR_AUDIO
-define:ENABLE_DIRECTOR_TEXTURE
-define:ENABLE_MANAGED_JOBS
-define:ENABLE_MANAGED_TRANSFORM_JOBS
-define:ENABLE_MANAGED_ANIMATION_JOBS
-define:ENABLE_MANAGED_AUDIO_JOBS
-define:ENABLE_MANAGED_UNITYTLS
-define:INCLUDE_DYNAMIC_GI
-define:ENABLE_SCRIPTING_GC_WBARRIERS
-define:PLATFORM_SUPPORTS_MONO
-define:RENDER_SOFTWARE_CURSOR
-define:ENABLE_MARSHALLING_TESTS
-define:ENABLE_VIDEO
-define:ENABLE_NAVIGATION_OFFMESHLINK_TO_NAVMESHLINK
-define:ENABLE_ACCELERATOR_CLIENT_DEBUGGING
-define:ENABLE_ACCESSIBILITY_SCREEN_READER
-define:ENABLE_SMARTSTRINGS
-define:TEXTCORE_1_0_OR_NEWER
-define:EDITOR_ONLY_NAVMESH_BUILDER_DEPRECATED
-define:INCLUDE_UNIFIED_RAYTRACING_COMPUTE_BACKEND
-define:INCLUDE_UNIFIED_RAYTRACING_HARDWARE_BACKEND
-define:PLATFORM_STANDALONE_OSX
-define:PLATFORM_STANDALONE
-define:UNITY_STANDALONE_OSX
-define:UNITY_STANDALONE
-define:ENABLE_RUNTIME_GI
-define:SURFACE_CACHE_SUPPORTED
-define:ENABLE_NETWORK
-define:ENABLE_CRUNCH_TEXTURE_COMPRESSION
-define:ENABLE_CLOUD_SERVICES_ENGINE_DIAGNOSTICS
-define:ENABLE_CLUSTER_SYNC
-define:ENABLE_CLUSTERINPUT
-define:ENABLE_SPATIALTRACKING
-define:PLATFORM_HAS_CUSTOM_MUTEX
-define:PLATFORM_UPDATES_TIME_OUTSIDE_OF_PLAYER_LOOP
-define:PLATFORM_SUPPORTS_SPLIT_GRAPHICS_JOBS
-define:PLATFORM_REQUIRES_PATH_NORMALIZATION
-define:ENABLE_MONO
-define:NET_4_6
-define:NET_UNITY_4_8
-define:ENABLE_PROFILER
-define:UNITY_INCLUDE_INSTRUMENTATION
-define:DEBUG
-define:TRACE
-define:UNITY_ASSERTIONS
-define:UNITY_ENABLE_CHECKS
-define:UNITY_EDITOR
-define:UNITY_EDITOR_64
-define:UNITY_EDITOR_OSX
-define:ENABLE_UNITY_COLLECTIONS_CHECKS
-define:ENABLE_BURST_AOT
-define:UNITY_TEAM_LICENSE
-define:ENABLE_CUSTOM_RENDER_TEXTURE
-define:ENABLE_DIRECTOR
-define:ENABLE_LOCALIZATION
-define:ENABLE_SPRITES
-define:ENABLE_TERRAIN
-define:ENABLE_TILEMAP
-define:ENABLE_TIMELINE
-define:ENABLE_LEGACY_INPUT_MANAGER
-define:TEXTCORE_FONT_ENGINE_1_5_OR_NEWER
-define:TEXTCORE_TEXT_ENGINE_1_5_OR_NEWER
-define:TEXTCORE_FONT_ENGINE_1_6_OR_NEWER
-define:CSHARP_7_OR_LATER
-define:CSHARP_7_3_OR_NEWER
-define:UNITY_EDITOR_ONLY_COMPILATION
-r:"/Applications/Unity/Hub/Editor/6000.7.0a5/Unity.app/Contents/Resources/Scripting/BCLExtensions/TargetingPacks/netstandard2.1/ref/Microsoft.Bcl.AsyncInterfaces.dll"
-r:"/Applications/Unity/Hub/Editor/6000.7.0a5/Unity.app/Contents/Resources/Scripting/BCLExtensions/TargetingPacks/netstandard2.1/ref/Microsoft.Extensions.DependencyInjection.Abstractions.dll"
-r:"/Applications/Unity/Hub/Editor/6000.7.0a5/Unity.app/Contents/Resources/Scripting/BCLExtensions/TargetingPacks/netstandard2.1/ref/Microsoft.Extensions.Logging.Abstractions.dll"
-r:"/Applications/Unity/Hub/Editor/6000.7.0a5/Unity.app/Contents/Resources/Scripting/BCLExtensions/TargetingPacks/netstandard2.1/ref/System.Collections.Immutable.dll"
-r:"/Applications/Unity/Hub/Editor/6000.7.0a5/Unity.app/Contents/Resources/Scripting/BCLExtensions/TargetingPacks/netstandard2.1/ref/System.Diagnostics.DiagnosticSource.dll"
-r:"/Applications/Unity/Hub/Editor/6000.7.0a5/Unity.app/Contents/Resources/Scripting/BCLExtensions/TargetingPacks/netstandard2.1/ref/System.IO.Hashing.dll"
-r:"/Applications/Unity/Hub/Editor/6000.7.0a5/Unity.app/Contents/Resources/Scripting/BCLExtensions/TargetingPacks/netstandard2.1/ref/System.IO.Pipelines.dll"
-r:"/Applications/Unity/Hub/Editor/6000.7.0a5/Unity.app/Contents/Resources/Scripting/BCLExtensions/TargetingPacks/netstandard2.1/ref/System.Reflection.Metadata.dll"
-r:"/Applications/Unity/Hub/Editor/6000.7.0a5/Unity.app/Contents/Resources/Scripting/BCLExtensions/TargetingPacks/netstandard2.1/ref/System.Runtime.CompilerServices.Unsafe.dll"
-r:"/Applications/Unity/Hub/Editor/6000.7.0a5/Unity.app/Contents/Resources/Scripting/BCLExtensions/TargetingPacks/netstandard2.1/ref/System.Text.Encodings.Web.dll"
-r:"/Applications/Unity/Hub/Editor/6000.7.0a5/Unity.app/Contents/Resources/Scripting/BCLExtensions/TargetingPacks/netstandard2.1/ref/System.Text.Json.dll"
-r:"/Applications/Unity/Hub/Editor/6000.7.0a5/PlaybackEngines/AndroidPlayer/Unity.Android.Gradle.dll"
-r:"/Applications/Unity/Hub/Editor/6000.7.0a5/PlaybackEngines/AndroidPlayer/Unity.Android.Types.dll"
-r:"/Applications/Unity/Hub/Editor/6000.7.0a5/PlaybackEngines/AndroidPlayer/UnityEditor.Android.Extensions.dll"
-r:"/Applications/Unity/Hub/Editor/6000.7.0a5/PlaybackEngines/LinuxStandaloneSupport/UnityEditor.LinuxStandalone.Extensions.dll"
-r:"/Applications/Unity/Hub/Editor/6000.7.0a5/PlaybackEngines/MacStandaloneSupport/UnityEditor.OSXStandalone.Extensions.dll"
-r:"/Applications/Unity/Hub/Editor/6000.7.0a5/PlaybackEngines/MacStandaloneSupport/UnityEditor.iOS.Extensions.Xcode.dll"
-r:"/Applications/Unity/Hub/Editor/6000.7.0a5/PlaybackEngines/WebGLSupport/UnityEditor.WebGL.Extensions.dll"
-r:"/Applications/Unity/Hub/Editor/6000.7.0a5/PlaybackEngines/WindowsStandaloneSupport/UnityEditor.WindowsStandalone.Extensions.dll"
-r:"/Applications/Unity/Hub/Editor/6000.7.0a5/PlaybackEngines/iOSSupport/UnityEditor.Apple.Extensions.Common.dll"
-r:"/Applications/Unity/Hub/Editor/6000.7.0a5/PlaybackEngines/iOSSupport/UnityEditor.iOS.Extensions.Common.dll"
-r:"/Applications/Unity/Hub/Editor/6000.7.0a5/PlaybackEngines/iOSSupport/UnityEditor.iOS.Extensions.Xcode.dll"
-r:"/Applications/Unity/Hub/Editor/6000.7.0a5/PlaybackEngines/iOSSupport/UnityEditor.iOS.Extensions.dll"
-r:"/Applications/Unity/Hub/Editor/6000.7.0a5/Unity.app/Contents/Resources/Scripting/Managed/UnityEditor.Graphs.dll"
-r:"/Applications/Unity/Hub/Editor/6000.7.0a5/Unity.app/Contents/Resources/Scripting/Managed/UnityEngine/Unity.Scripting.dll"
-r:"/Applications/Unity/Hub/Editor/6000.7.0a5/Unity.app/Contents/Resources/Scripting/Managed/UnityEngine/UnityEditor.AIModule.dll"
-r:"/Applications/Unity/Hub/Editor/6000.7.0a5/Unity.app/Contents/Resources/Scripting/Managed/UnityEngine/UnityEditor.AccessibilityModule.dll"
-r:"/Applications/Unity/Hub/Editor/6000.7.0a5/Unity.app/Contents/Resources/Scripting/Managed/UnityEngine/UnityEditor.AdaptivePerformanceModule.dll"
-r:"/Applications/Unity/Hub/Editor/6000.7.0a5/Unity.app/Contents/Resources/Scripting/Managed/UnityEngine/UnityEditor.AnimationWindowModule.dll"
-r:"/Applications/Unity/Hub/Editor/6000.7.0a5/Unity.app/Contents/Resources/Scripting/Managed/UnityEngine/UnityEditor.AssetComplianceModule.dll"
-r:"/Applications/Unity/Hub/Editor/6000.7.0a5/Unity.app/Contents/Resources/Scripting/Managed/UnityEngine/UnityEditor.BuildAnalysisModule.dll"
-r:"/Applications/Unity/Hub/Editor/6000.7.0a5/Unity.app/Contents/Resources/Scripting/Managed/UnityEngine/UnityEditor.BuildProfileModule.dll"
-r:"/Applications/Unity/Hub/Editor/6000.7.0a5/Unity.app/Contents/Resources/Scripting/Managed/UnityEngine/UnityEditor.BurstModule.dll"
-r:"/Applications/Unity/Hub/Editor/6000.7.0a5/Unity.app/Contents/Resources/Scripting/Managed/UnityEngine/UnityEditor.ClothModule.dll"
-r:"/Applications/Unity/Hub/Editor/6000.7.0a5/Unity.app/Contents/Resources/Scripting/Managed/UnityEngine/UnityEditor.ContentLoadModule.dll"
-r:"/Applications/Unity/Hub/Editor/6000.7.0a5/Unity.app/Contents/Resources/Scripting/Managed/UnityEngine/UnityEditor.CoreBusinessMetricsModule.dll"
-r:"/Applications/Unity/Hub/Editor/6000.7.0a5/Unity.app/Contents/Resources/Scripting/Managed/UnityEngine/UnityEditor.CoreModule.dll"
-r:"/Applications/Unity/Hub/Editor/6000.7.0a5/Unity.app/Contents/Resources/Scripting/Managed/UnityEngine/UnityEditor.DeviceSimulatorModule.dll"
-r:"/Applications/Unity/Hub/Editor/6000.7.0a5/Unity.app/Contents/Resources/Scripting/Managed/UnityEngine/UnityEditor.DiagnosticsModule.dll"
-r:"/Applications/Unity/Hub/Editor/6000.7.0a5/Unity.app/Contents/Resources/Scripting/Managed/UnityEngine/UnityEditor.EditorToolbarModule.dll"
-r:"/Applications/Unity/Hub/Editor/6000.7.0a5/Unity.app/Contents/Resources/Scripting/Managed/UnityEngine/UnityEditor.EmbreeModule.dll"
-r:"/Applications/Unity/Hub/Editor/6000.7.0a5/Unity.app/Contents/Resources/Scripting/Managed/UnityEngine/UnityEditor.GIModule.dll"
-r:"/Applications/Unity/Hub/Editor/6000.7.0a5/Unity.app/Contents/Resources/Scripting/Managed/UnityEngine/UnityEditor.GenericRemoteModule.dll"
-r:"/Applications/Unity/Hub/Editor/6000.7.0a5/Unity.app/Contents/Resources/Scripting/Managed/UnityEngine/UnityEditor.GraphToolkitModule.dll"
-r:"/Applications/Unity/Hub/Editor/6000.7.0a5/Unity.app/Contents/Resources/Scripting/Managed/UnityEngine/UnityEditor.GraphViewModule.dll"
-r:"/Applications/Unity/Hub/Editor/6000.7.0a5/Unity.app/Contents/Resources/Scripting/Managed/UnityEngine/UnityEditor.GraphicsStateCollectionSerializerModule.dll"
-r:"/Applications/Unity/Hub/Editor/6000.7.0a5/Unity.app/Contents/Resources/Scripting/Managed/UnityEngine/UnityEditor.GridAndSnapModule.dll"
-r:"/Applications/Unity/Hub/Editor/6000.7.0a5/Unity.app/Contents/Resources/Scripting/Managed/UnityEngine/UnityEditor.GridModule.dll"
-r:"/Applications/Unity/Hub/Editor/6000.7.0a5/Unity.app/Contents/Resources/Scripting/Managed/UnityEngine/UnityEditor.HierarchyModule.dll"
-r:"/Applications/Unity/Hub/Editor/6000.7.0a5/Unity.app/Contents/Resources/Scripting/Managed/UnityEngine/UnityEditor.LightingModule.dll"
-r:"/Applications/Unity/Hub/Editor/6000.7.0a5/Unity.app/Contents/Resources/Scripting/Managed/UnityEngine/UnityEditor.MathematicsModule.dll"
-r:"/Applications/Unity/Hub/Editor/6000.7.0a5/Unity.app/Contents/Resources/Scripting/Managed/UnityEngine/UnityEditor.MediaModule.dll"
-r:"/Applications/Unity/Hub/Editor/6000.7.0a5/Unity.app/Contents/Resources/Scripting/Managed/UnityEngine/UnityEditor.MultiplayerModule.dll"
-r:"/Applications/Unity/Hub/Editor/6000.7.0a5/Unity.app/Contents/Resources/Scripting/Managed/UnityEngine/UnityEditor.Physics2DModule.dll"
-r:"/Applications/Unity/Hub/Editor/6000.7.0a5/Unity.app/Contents/Resources/Scripting/Managed/UnityEngine/UnityEditor.PhysicsCore2DModule.dll"
-r:"/Applications/Unity/Hub/Editor/6000.7.0a5/Unity.app/Contents/Resources/Scripting/Managed/UnityEngine/UnityEditor.PhysicsModule.dll"
-r:"/Applications/Unity/Hub/Editor/6000.7.0a5/Unity.app/Contents/Resources/Scripting/Managed/UnityEngine/UnityEditor.PlayModeModule.dll"
-r:"/Applications/Unity/Hub/Editor/6000.7.0a5/Unity.app/Contents/Resources/Scripting/Managed/UnityEngine/UnityEditor.PresetsUIModule.dll"
-r:"/Applications/Unity/Hub/Editor/6000.7.0a5/Unity.app/Contents/Resources/Scripting/Managed/UnityEngine/UnityEditor.ProjectAuditorModule.dll"
-r:"/Applications/Unity/Hub/Editor/6000.7.0a5/Unity.app/Contents/Resources/Scripting/Managed/UnityEngine/UnityEditor.PropertiesModule.dll"
-r:"/Applications/Unity/Hub/Editor/6000.7.0a5/Unity.app/Contents/Resources/Scripting/Managed/UnityEngine/UnityEditor.QuickInstallModule.dll"
-r:"/Applications/Unity/Hub/Editor/6000.7.0a5/Unity.app/Contents/Resources/Scripting/Managed/UnityEngine/UnityEditor.QuickSearchModule.dll"
-r:"/Applications/Unity/Hub/Editor/6000.7.0a5/Unity.app/Contents/Resources/Scripting/Managed/UnityEngine/UnityEditor.SafeModeModule.dll"
-r:"/Applications/Unity/Hub/Editor/6000.7.0a5/Unity.app/Contents/Resources/Scripting/Managed/UnityEngine/UnityEditor.SceneTemplateModule.dll"
-r:"/Applications/Unity/Hub/Editor/6000.7.0a5/Unity.app/Contents/Resources/Scripting/Managed/UnityEngine/UnityEditor.SceneViewModule.dll"
-r:"/Applications/Unity/Hub/Editor/6000.7.0a5/Unity.app/Contents/Resources/Scripting/Managed/UnityEngine/UnityEditor.ShaderBuildSettingsModule.dll"
-r:"/Applications/Unity/Hub/Editor/6000.7.0a5/Unity.app/Contents/Resources/Scripting/Managed/UnityEngine/UnityEditor.ShaderCompilationModule.dll"
-r:"/Applications/Unity/Hub/Editor/6000.7.0a5/Unity.app/Contents/Resources/Scripting/Managed/UnityEngine/UnityEditor.ShaderPreprocessorModule.dll"
-r:"/Applications/Unity/Hub/Editor/6000.7.0a5/Unity.app/Contents/Resources/Scripting/Managed/UnityEngine/UnityEditor.SketchUpModule.dll"
-r:"/Applications/Unity/Hub/Editor/6000.7.0a5/Unity.app/Contents/Resources/Scripting/Managed/UnityEngine/UnityEditor.SmartStringsModule.dll"
-r:"/Applications/Unity/Hub/Editor/6000.7.0a5/Unity.app/Contents/Resources/Scripting/Managed/UnityEngine/UnityEditor.SpriteMaskModule.dll"
-r:"/Applications/Unity/Hub/Editor/6000.7.0a5/Unity.app/Contents/Resources/Scripting/Managed/UnityEngine/UnityEditor.SpriteShapeModule.dll"
-r:"/Applications/Unity/Hub/Editor/6000.7.0a5/Unity.app/Contents/Resources/Scripting/Managed/UnityEngine/UnityEditor.TerrainModule.dll"
-r:"/Applications/Unity/Hub/Editor/6000.7.0a5/Unity.app/Contents/Resources/Scripting/Managed/UnityEngine/UnityEditor.TextCoreFontEngineModule.dll"
-r:"/Applications/Unity/Hub/Editor/6000.7.0a5/Unity.app/Contents/Resources/Scripting/Managed/UnityEngine/UnityEditor.TextCoreTextEngineModule.dll"
-r:"/Applications/Unity/Hub/Editor/6000.7.0a5/Unity.app/Contents/Resources/Scripting/Managed/UnityEngine/UnityEditor.TextRenderingModule.dll"
-r:"/Applications/Unity/Hub/Editor/6000.7.0a5/Unity.app/Contents/Resources/Scripting/Managed/UnityEngine/UnityEditor.TilemapModule.dll"
-r:"/Applications/Unity/Hub/Editor/6000.7.0a5/Unity.app/Contents/Resources/Scripting/Managed/UnityEngine/UnityEditor.TimelineFoundationModule.dll"
-r:"/Applications/Unity/Hub/Editor/6000.7.0a5/Unity.app/Contents/Resources/Scripting/Managed/UnityEngine/UnityEditor.TreeModule.dll"
-r:"/Applications/Unity/Hub/Editor/6000.7.0a5/Unity.app/Contents/Resources/Scripting/Managed/UnityEngine/UnityEditor.U2DModule.dll"
-r:"/Applications/Unity/Hub/Editor/6000.7.0a5/Unity.app/Contents/Resources/Scripting/Managed/UnityEngine/UnityEditor.UIAutomationModule.dll"
-r:"/Applications/Unity/Hub/Editor/6000.7.0a5/Unity.app/Contents/Resources/Scripting/Managed/UnityEngine/UnityEditor.UIBuilderModule.dll"
-r:"/Applications/Unity/Hub/Editor/6000.7.0a5/Unity.app/Contents/Resources/Scripting/Managed/UnityEngine/UnityEditor.UIElementsModule.dll"
-r:"/Applications/Unity/Hub/Editor/6000.7.0a5/Unity.app/Contents/Resources/Scripting/Managed/UnityEngine/UnityEditor.UIElementsSamplesModule.dll"
-r:"/Applications/Unity/Hub/Editor/6000.7.0a5/Unity.app/Contents/Resources/Scripting/Managed/UnityEngine/UnityEditor.UIToolkitAuthoringModule.dll"
-r:"/Applications/Unity/Hub/Editor/6000.7.0a5/Unity.app/Contents/Resources/Scripting/Managed/UnityEngine/UnityEditor.UmbraModule.dll"
-r:"/Applications/Unity/Hub/Editor/6000.7.0a5/Unity.app/Contents/Resources/Scripting/Managed/UnityEngine/UnityEditor.UnityConnectModule.dll"
-r:"/Applications/Unity/Hub/Editor/6000.7.0a5/Unity.app/Contents/Resources/Scripting/Managed/UnityEngine/UnityEditor.VFXModule.dll"
-r:"/Applications/Unity/Hub/Editor/6000.7.0a5/Unity.app/Contents/Resources/Scripting/Managed/UnityEngine/UnityEditor.VectorGraphicsModule.dll"
-r:"/Applications/Unity/Hub/Editor/6000.7.0a5/Unity.app/Contents/Resources/Scripting/Managed/UnityEngine/UnityEditor.VideoModule.dll"
-r:"/Applications/Unity/Hub/Editor/6000.7.0a5/Unity.app/Contents/Resources/Scripting/Managed/UnityEngine/UnityEditor.XRModule.dll"
-r:"/Applications/Unity/Hub/Editor/6000.7.0a5/Unity.app/Contents/Resources/Scripting/Managed/UnityEngine/UnityEditor.dll"
-r:"/Applications/Unity/Hub/Editor/6000.7.0a5/Unity.app/Contents/Resources/Scripting/Managed/UnityEngine/UnityEngine.AIModule.dll"
-r:"/Applications/Unity/Hub/Editor/6000.7.0a5/Unity.app/Contents/Resources/Scripting/Managed/UnityEngine/UnityEngine.AMDModule.dll"
-r:"/Applications/Unity/Hub/Editor/6000.7.0a5/Unity.app/Contents/Resources/Scripting/Managed/UnityEngine/UnityEngine.ARModule.dll"
-r:"/Applications/Unity/Hub/Editor/6000.7.0a5/Unity.app/Contents/Resources/Scripting/Managed/UnityEngine/UnityEngine.AccessibilityModule.dll"
-r:"/Applications/Unity/Hub/Editor/6000.7.0a5/Unity.app/Contents/Resources/Scripting/Managed/UnityEngine/UnityEngine.AdaptivePerformanceModule.dll"
-r:"/Applications/Unity/Hub/Editor/6000.7.0a5/Unity.app/Contents/Resources/Scripting/Managed/UnityEngine/UnityEngine.AndroidJNIModule.dll"
-r:"/Applications/Unity/Hub/Editor/6000.7.0a5/Unity.app/Contents/Resources/Scripting/Managed/UnityEngine/UnityEngine.AnimationModule.dll"
-r:"/Applications/Unity/Hub/Editor/6000.7.0a5/Unity.app/Contents/Resources/Scripting/Managed/UnityEngine/UnityEngine.AssetBundleModule.dll"
-r:"/Applications/Unity/Hub/Editor/6000.7.0a5/Unity.app/Contents/Resources/Scripting/Managed/UnityEngine/UnityEngine.AudioModule.dll"
-r:"/Applications/Unity/Hub/Editor/6000.7.0a5/Unity.app/Contents/Resources/Scripting/Managed/UnityEngine/UnityEngine.BurstModule.dll"
-r:"/Applications/Unity/Hub/Editor/6000.7.0a5/Unity.app/Contents/Resources/Scripting/Managed/UnityEngine/UnityEngine.ClothModule.dll"
-r:"/Applications/Unity/Hub/Editor/6000.7.0a5/Unity.app/Contents/Resources/Scripting/Managed/UnityEngine/UnityEngine.ClusterInputModule.dll"
-r:"/Applications/Unity/Hub/Editor/6000.7.0a5/Unity.app/Contents/Resources/Scripting/Managed/UnityEngine/UnityEngine.ClusterRendererModule.dll"
-r:"/Applications/Unity/Hub/Editor/6000.7.0a5/Unity.app/Contents/Resources/Scripting/Managed/UnityEngine/UnityEngine.ContentLoadModule.dll"
-r:"/Applications/Unity/Hub/Editor/6000.7.0a5/Unity.app/Contents/Resources/Scripting/Managed/UnityEngine/UnityEngine.CoreModule.dll"
-r:"/Applications/Unity/Hub/Editor/6000.7.0a5/Unity.app/Contents/Resources/Scripting/Managed/UnityEngine/UnityEngine.CrashReportingModule.dll"
-r:"/Applications/Unity/Hub/Editor/6000.7.0a5/Unity.app/Contents/Resources/Scripting/Managed/UnityEngine/UnityEngine.DSPGraphModule.dll"
-r:"/Applications/Unity/Hub/Editor/6000.7.0a5/Unity.app/Contents/Resources/Scripting/Managed/UnityEngine/UnityEngine.DirectorModule.dll"
-r:"/Applications/Unity/Hub/Editor/6000.7.0a5/Unity.app/Contents/Resources/Scripting/Managed/UnityEngine/UnityEngine.GIModule.dll"
-r:"/Applications/Unity/Hub/Editor/6000.7.0a5/Unity.app/Contents/Resources/Scripting/Managed/UnityEngine/UnityEngine.GameCenterModule.dll"
-r:"/Applications/Unity/Hub/Editor/6000.7.0a5/Unity.app/Contents/Resources/Scripting/Managed/UnityEngine/UnityEngine.GraphicsStateCollectionSerializerModule.dll"
-r:"/Applications/Unity/Hub/Editor/6000.7.0a5/Unity.app/Contents/Resources/Scripting/Managed/UnityEngine/UnityEngine.GridModule.dll"
-r:"/Applications/Unity/Hub/Editor/6000.7.0a5/Unity.app/Contents/Resources/Scripting/Managed/UnityEngine/UnityEngine.HierarchyCoreModule.dll"
-r:"/Applications/Unity/Hub/Editor/6000.7.0a5/Unity.app/Contents/Resources/Scripting/Managed/UnityEngine/UnityEngine.HierarchyModule.dll"
-r:"/Applications/Unity/Hub/Editor/6000.7.0a5/Unity.app/Contents/Resources/Scripting/Managed/UnityEngine/UnityEngine.HotReloadModule.dll"
-r:"/Applications/Unity/Hub/Editor/6000.7.0a5/Unity.app/Contents/Resources/Scripting/Managed/UnityEngine/UnityEngine.IMGUIModule.dll"
-r:"/Applications/Unity/Hub/Editor/6000.7.0a5/Unity.app/Contents/Resources/Scripting/Managed/UnityEngine/UnityEngine.IdentifiersModule.dll"
-r:"/Applications/Unity/Hub/Editor/6000.7.0a5/Unity.app/Contents/Resources/Scripting/Managed/UnityEngine/UnityEngine.ImageConversionModule.dll"
-r:"/Applications/Unity/Hub/Editor/6000.7.0a5/Unity.app/Contents/Resources/Scripting/Managed/UnityEngine/UnityEngine.InputForUIModule.dll"
-r:"/Applications/Unity/Hub/Editor/6000.7.0a5/Unity.app/Contents/Resources/Scripting/Managed/UnityEngine/UnityEngine.InputLegacyModule.dll"
-r:"/Applications/Unity/Hub/Editor/6000.7.0a5/Unity.app/Contents/Resources/Scripting/Managed/UnityEngine/UnityEngine.InputModule.dll"
-r:"/Applications/Unity/Hub/Editor/6000.7.0a5/Unity.app/Contents/Resources/Scripting/Managed/UnityEngine/UnityEngine.InsightsModule.dll"
-r:"/Applications/Unity/Hub/Editor/6000.7.0a5/Unity.app/Contents/Resources/Scripting/Managed/UnityEngine/UnityEngine.JSONSerializeModule.dll"
-r:"/Applications/Unity/Hub/Editor/6000.7.0a5/Unity.app/Contents/Resources/Scripting/Managed/UnityEngine/UnityEngine.LocalizationModule.dll"
-r:"/Applications/Unity/Hub/Editor/6000.7.0a5/Unity.app/Contents/Resources/Scripting/Managed/UnityEngine/UnityEngine.ManagedKernelModule.dll"
-r:"/Applications/Unity/Hub/Editor/6000.7.0a5/Unity.app/Contents/Resources/Scripting/Managed/UnityEngine/UnityEngine.MarshallingModule.dll"
-r:"/Applications/Unity/Hub/Editor/6000.7.0a5/Unity.app/Contents/Resources/Scripting/Managed/UnityEngine/UnityEngine.MathematicsModule.dll"
-r:"/Applications/Unity/Hub/Editor/6000.7.0a5/Unity.app/Contents/Resources/Scripting/Managed/UnityEngine/UnityEngine.MultiplayerModule.dll"
-r:"/Applications/Unity/Hub/Editor/6000.7.0a5/Unity.app/Contents/Resources/Scripting/Managed/UnityEngine/UnityEngine.NVIDIAModule.dll"
-r:"/Applications/Unity/Hub/Editor/6000.7.0a5/Unity.app/Contents/Resources/Scripting/Managed/UnityEngine/UnityEngine.ParticleSystemModule.dll"
-r:"/Applications/Unity/Hub/Editor/6000.7.0a5/Unity.app/Contents/Resources/Scripting/Managed/UnityEngine/UnityEngine.PerformanceReportingModule.dll"
-r:"/Applications/Unity/Hub/Editor/6000.7.0a5/Unity.app/Contents/Resources/Scripting/Managed/UnityEngine/UnityEngine.Physics2DModule.dll"
-r:"/Applications/Unity/Hub/Editor/6000.7.0a5/Unity.app/Contents/Resources/Scripting/Managed/UnityEngine/UnityEngine.PhysicsBackendPhysXModule.dll"
-r:"/Applications/Unity/Hub/Editor/6000.7.0a5/Unity.app/Contents/Resources/Scripting/Managed/UnityEngine/UnityEngine.PhysicsCore2DModule.dll"
-r:"/Applications/Unity/Hub/Editor/6000.7.0a5/Unity.app/Contents/Resources/Scripting/Managed/UnityEngine/UnityEngine.PhysicsModule.dll"
-r:"/Applications/Unity/Hub/Editor/6000.7.0a5/Unity.app/Contents/Resources/Scripting/Managed/UnityEngine/UnityEngine.PropertiesModule.dll"
-r:"/Applications/Unity/Hub/Editor/6000.7.0a5/Unity.app/Contents/Resources/Scripting/Managed/UnityEngine/UnityEngine.RenderAs2DModule.dll"
-r:"/Applications/Unity/Hub/Editor/6000.7.0a5/Unity.app/Contents/Resources/Scripting/Managed/UnityEngine/UnityEngine.RuntimeInitializeOnLoadManagerInitializerModule.dll"
-r:"/Applications/Unity/Hub/Editor/6000.7.0a5/Unity.app/Contents/Resources/Scripting/Managed/UnityEngine/UnityEngine.ScreenCaptureModule.dll"
-r:"/Applications/Unity/Hub/Editor/6000.7.0a5/Unity.app/Contents/Resources/Scripting/Managed/UnityEngine/UnityEngine.ScriptingModule.dll"
-r:"/Applications/Unity/Hub/Editor/6000.7.0a5/Unity.app/Contents/Resources/Scripting/Managed/UnityEngine/UnityEngine.ShaderVariantAnalyticsModule.dll"
-r:"/Applications/Unity/Hub/Editor/6000.7.0a5/Unity.app/Contents/Resources/Scripting/Managed/UnityEngine/UnityEngine.SmartStringsModule.dll"
-r:"/Applications/Unity/Hub/Editor/6000.7.0a5/Unity.app/Contents/Resources/Scripting/Managed/UnityEngine/UnityEngine.SpriteMaskModule.dll"
-r:"/Applications/Unity/Hub/Editor/6000.7.0a5/Unity.app/Contents/Resources/Scripting/Managed/UnityEngine/UnityEngine.SpriteShapeModule.dll"
-r:"/Applications/Unity/Hub/Editor/6000.7.0a5/Unity.app/Contents/Resources/Scripting/Managed/UnityEngine/UnityEngine.StreamingModule.dll"
-r:"/Applications/Unity/Hub/Editor/6000.7.0a5/Unity.app/Contents/Resources/Scripting/Managed/UnityEngine/UnityEngine.SubsystemsModule.dll"
-r:"/Applications/Unity/Hub/Editor/6000.7.0a5/Unity.app/Contents/Resources/Scripting/Managed/UnityEngine/UnityEngine.TLSModule.dll"
-r:"/Applications/Unity/Hub/Editor/6000.7.0a5/Unity.app/Contents/Resources/Scripting/Managed/UnityEngine/UnityEngine.TerrainModule.dll"
-r:"/Applications/Unity/Hub/Editor/6000.7.0a5/Unity.app/Contents/Resources/Scripting/Managed/UnityEngine/UnityEngine.TerrainPhysicsModule.dll"
-r:"/Applications/Unity/Hub/Editor/6000.7.0a5/Unity.app/Contents/Resources/Scripting/Managed/UnityEngine/UnityEngine.TetgenModule.dll"
-r:"/Applications/Unity/Hub/Editor/6000.7.0a5/Unity.app/Contents/Resources/Scripting/Managed/UnityEngine/UnityEngine.TextCoreFontEngineModule.dll"
-r:"/Applications/Unity/Hub/Editor/6000.7.0a5/Unity.app/Contents/Resources/Scripting/Managed/UnityEngine/UnityEngine.TextCoreTextEngineModule.dll"
-r:"/Applications/Unity/Hub/Editor/6000.7.0a5/Unity.app/Contents/Resources/Scripting/Managed/UnityEngine/UnityEngine.TextRenderingModule.dll"
-r:"/Applications/Unity/Hub/Editor/6000.7.0a5/Unity.app/Contents/Resources/Scripting/Managed/UnityEngine/UnityEngine.TilemapModule.dll"
-r:"/Applications/Unity/Hub/Editor/6000.7.0a5/Unity.app/Contents/Resources/Scripting/Managed/UnityEngine/UnityEngine.TimelineFoundationModule.dll"
-r:"/Applications/Unity/Hub/Editor/6000.7.0a5/Unity.app/Contents/Resources/Scripting/Managed/UnityEngine/UnityEngine.U2DRuntimeModule.dll"
-r:"/Applications/Unity/Hub/Editor/6000.7.0a5/Unity.app/Contents/Resources/Scripting/Managed/UnityEngine/UnityEngine.UIElementsModule.dll"
-r:"/Applications/Unity/Hub/Editor/6000.7.0a5/Unity.app/Contents/Resources/Scripting/Managed/UnityEngine/UnityEngine.UIModule.dll"
-r:"/Applications/Unity/Hub/Editor/6000.7.0a5/Unity.app/Contents/Resources/Scripting/Managed/UnityEngine/UnityEngine.UmbraModule.dll"
-r:"/Applications/Unity/Hub/Editor/6000.7.0a5/Unity.app/Contents/Resources/Scripting/Managed/UnityEngine/UnityEngine.UnityAnalyticsCommonModule.dll"
-r:"/Applications/Unity/Hub/Editor/6000.7.0a5/Unity.app/Contents/Resources/Scripting/Managed/UnityEngine/UnityEngine.UnityAnalyticsModule.dll"
-r:"/Applications/Unity/Hub/Editor/6000.7.0a5/Unity.app/Contents/Resources/Scripting/Managed/UnityEngine/UnityEngine.UnityConnectModule.dll"
-r:"/Applications/Unity/Hub/Editor/6000.7.0a5/Unity.app/Contents/Resources/Scripting/Managed/UnityEngine/UnityEngine.UnityConsentModule.dll"
-r:"/Applications/Unity/Hub/Editor/6000.7.0a5/Unity.app/Contents/Resources/Scripting/Managed/UnityEngine/UnityEngine.UnityCurlModule.dll"
-r:"/Applications/Unity/Hub/Editor/6000.7.0a5/Unity.app/Contents/Resources/Scripting/Managed/UnityEngine/UnityEngine.UnityWebRequestAssetBundleModule.dll"
-r:"/Applications/Unity/Hub/Editor/6000.7.0a5/Unity.app/Contents/Resources/Scripting/Managed/UnityEngine/UnityEngine.UnityWebRequestAudioModule.dll"
-r:"/Applications/Unity/Hub/Editor/6000.7.0a5/Unity.app/Contents/Resources/Scripting/Managed/UnityEngine/UnityEngine.UnityWebRequestModule.dll"
-r:"/Applications/Unity/Hub/Editor/6000.7.0a5/Unity.app/Contents/Resources/Scripting/Managed/UnityEngine/UnityEngine.UnityWebRequestTextureModule.dll"
-r:"/Applications/Unity/Hub/Editor/6000.7.0a5/Unity.app/Contents/Resources/Scripting/Managed/UnityEngine/UnityEngine.UnityWebRequestWWWModule.dll"
-r:"/Applications/Unity/Hub/Editor/6000.7.0a5/Unity.app/Contents/Resources/Scripting/Managed/UnityEngine/UnityEngine.VFXModule.dll"
-r:"/Applications/Unity/Hub/Editor/6000.7.0a5/Unity.app/Contents/Resources/Scripting/Managed/UnityEngine/UnityEngine.VectorGraphicsModule.dll"
-r:"/Applications/Unity/Hub/Editor/6000.7.0a5/Unity.app/Contents/Resources/Scripting/Managed/UnityEngine/UnityEngine.VehiclesModule.dll"
-r:"/Applications/Unity/Hub/Editor/6000.7.0a5/Unity.app/Contents/Resources/Scripting/Managed/UnityEngine/UnityEngine.VideoModule.dll"
-r:"/Applications/Unity/Hub/Editor/6000.7.0a5/Unity.app/Contents/Resources/Scripting/Managed/UnityEngine/UnityEngine.VirtualTexturingModule.dll"
-r:"/Applications/Unity/Hub/Editor/6000.7.0a5/Unity.app/Contents/Resources/Scripting/Managed/UnityEngine/UnityEngine.WindModule.dll"
-r:"/Applications/Unity/Hub/Editor/6000.7.0a5/Unity.app/Contents/Resources/Scripting/Managed/UnityEngine/UnityEngine.XRModule.dll"
-r:"/Applications/Unity/Hub/Editor/6000.7.0a5/Unity.app/Contents/Resources/Scripting/Managed/UnityEngine/UnityEngine.dll"
-r:"/Applications/Unity/Hub/Editor/6000.7.0a5/Unity.app/Contents/Resources/Scripting/UnityReferenceAssemblies/unity-4.8-api/Facades/Microsoft.Win32.Primitives.dll"
-r:"/Applications/Unity/Hub/Editor/6000.7.0a5/Unity.app/Contents/Resources/Scripting/UnityReferenceAssemblies/unity-4.8-api/Facades/System.AppContext.dll"
-r:"/Applications/Unity/Hub/Editor/6000.7.0a5/Unity.app/Contents/Resources/Scripting/UnityReferenceAssemblies/unity-4.8-api/Facades/System.Buffers.dll"
-r:"/Applications/Unity/Hub/Editor/6000.7.0a5/Unity.app/Contents/Resources/Scripting/UnityReferenceAssemblies/unity-4.8-api/Facades/System.Collections.Concurrent.dll"
-r:"/Applications/Unity/Hub/Editor/6000.7.0a5/Unity.app/Contents/Resources/Scripting/UnityReferenceAssemblies/unity-4.8-api/Facades/System.Collections.NonGeneric.dll"
-r:"/Applications/Unity/Hub/Editor/6000.7.0a5/Unity.app/Contents/Resources/Scripting/UnityReferenceAssemblies/unity-4.8-api/Facades/System.Collections.Specialized.dll"
-r:"/Applications/Unity/Hub/Editor/6000.7.0a5/Unity.app/Contents/Resources/Scripting/UnityReferenceAssemblies/unity-4.8-api/Facades/System.Collections.dll"
-r:"/Applications/Unity/Hub/Editor/6000.7.0a5/Unity.app/Contents/Resources/Scripting/UnityReferenceAssemblies/unity-4.8-api/Facades/System.ComponentModel.Annotations.dll"
-r:"/Applications/Unity/Hub/Editor/6000.7.0a5/Unity.app/Contents/Resources/Scripting/UnityReferenceAssemblies/unity-4.8-api/Facades/System.ComponentModel.EventBasedAsync.dll"
-r:"/Applications/Unity/Hub/Editor/6000.7.0a5/Unity.app/Contents/Resources/Scripting/UnityReferenceAssemblies/unity-4.8-api/Facades/System.ComponentModel.Primitives.dll"
-r:"/Applications/Unity/Hub/Editor/6000.7.0a5/Unity.app/Contents/Resources/Scripting/UnityReferenceAssemblies/unity-4.8-api/Facades/System.ComponentModel.TypeConverter.dll"
-r:"/Applications/Unity/Hub/Editor/6000.7.0a5/Unity.app/Contents/Resources/Scripting/UnityReferenceAssemblies/unity-4.8-api/Facades/System.ComponentModel.dll"
-r:"/Applications/Unity/Hub/Editor/6000.7.0a5/Unity.app/Contents/Resources/Scripting/UnityReferenceAssemblies/unity-4.8-api/Facades/System.Console.dll"
-r:"/Applications/Unity/Hub/Editor/6000.7.0a5/Unity.app/Contents/Resources/Scripting/UnityReferenceAssemblies/unity-4.8-api/Facades/System.Data.Common.dll"
-r:"/Applications/Unity/Hub/Editor/6000.7.0a5/Unity.app/Contents/Resources/Scripting/UnityReferenceAssemblies/unity-4.8-api/Facades/System.Diagnostics.Contracts.dll"
-r:"/Applications/Unity/Hub/Editor/6000.7.0a5/Unity.app/Contents/Resources/Scripting/UnityReferenceAssemblies/unity-4.8-api/Facades/System.Diagnostics.Debug.dll"
-r:"/Applications/Unity/Hub/Editor/6000.7.0a5/Unity.app/Contents/Resources/Scripting/UnityReferenceAssemblies/unity-4.8-api/Facades/System.Diagnostics.FileVersionInfo.dll"
-r:"/Applications/Unity/Hub/Editor/6000.7.0a5/Unity.app/Contents/Resources/Scripting/UnityReferenceAssemblies/unity-4.8-api/Facades/System.Diagnostics.Process.dll"
-r:"/Applications/Unity/Hub/Editor/6000.7.0a5/Unity.app/Contents/Resources/Scripting/UnityReferenceAssemblies/unity-4.8-api/Facades/System.Diagnostics.StackTrace.dll"
-r:"/Applications/Unity/Hub/Editor/6000.7.0a5/Unity.app/Contents/Resources/Scripting/UnityReferenceAssemblies/unity-4.8-api/Facades/System.Diagnostics.TextWriterTraceListener.dll"
-r:"/Applications/Unity/Hub/Editor/6000.7.0a5/Unity.app/Contents/Resources/Scripting/UnityReferenceAssemblies/unity-4.8-api/Facades/System.Diagnostics.Tools.dll"
-r:"/Applications/Unity/Hub/Editor/6000.7.0a5/Unity.app/Contents/Resources/Scripting/UnityReferenceAssemblies/unity-4.8-api/Facades/System.Diagnostics.TraceSource.dll"
-r:"/Applications/Unity/Hub/Editor/6000.7.0a5/Unity.app/Contents/Resources/Scripting/UnityReferenceAssemblies/unity-4.8-api/Facades/System.Drawing.Primitives.dll"
-r:"/Applications/Unity/Hub/Editor/6000.7.0a5/Unity.app/Contents/Resources/Scripting/UnityReferenceAssemblies/unity-4.8-api/Facades/System.Dynamic.Runtime.dll"
-r:"/Applications/Unity/Hub/Editor/6000.7.0a5/Unity.app/Contents/Resources/Scripting/UnityReferenceAssemblies/unity-4.8-api/Facades/System.Globalization.Calendars.dll"
-r:"/Applications/Unity/Hub/Editor/6000.7.0a5/Unity.app/Contents/Resources/Scripting/UnityReferenceAssemblies/unity-4.8-api/Facades/System.Globalization.Extensions.dll"
-r:"/Applications/Unity/Hub/Editor/6000.7.0a5/Unity.app/Contents/Resources/Scripting/UnityReferenceAssemblies/unity-4.8-api/Facades/System.Globalization.dll"
-r:"/Applications/Unity/Hub/Editor/6000.7.0a5/Unity.app/Contents/Resources/Scripting/UnityReferenceAssemblies/unity-4.8-api/Facades/System.IO.Compression.ZipFile.dll"
-r:"/Applications/Unity/Hub/Editor/6000.7.0a5/Unity.app/Contents/Resources/Scripting/UnityReferenceAssemblies/unity-4.8-api/Facades/System.IO.FileSystem.DriveInfo.dll"
-r:"/Applications/Unity/Hub/Editor/6000.7.0a5/Unity.app/Contents/Resources/Scripting/UnityReferenceAssemblies/unity-4.8-api/Facades/System.IO.FileSystem.Primitives.dll"
-r:"/Applications/Unity/Hub/Editor/6000.7.0a5/Unity.app/Contents/Resources/Scripting/UnityReferenceAssemblies/unity-4.8-api/Facades/System.IO.FileSystem.Watcher.dll"
-r:"/Applications/Unity/Hub/Editor/6000.7.0a5/Unity.app/Contents/Resources/Scripting/UnityReferenceAssemblies/unity-4.8-api/Facades/System.IO.FileSystem.dll"
-r:"/Applications/Unity/Hub/Editor/6000.7.0a5/Unity.app/Contents/Resources/Scripting/UnityReferenceAssemblies/unity-4.8-api/Facades/System.IO.IsolatedStorage.dll"
-r:"/Applications/Unity/Hub/Editor/6000.7.0a5/Unity.app/Contents/Resources/Scripting/UnityReferenceAssemblies/unity-4.8-api/Facades/System.IO.MemoryMappedFiles.dll"
-r:"/Applications/Unity/Hub/Editor/6000.7.0a5/Unity.app/Contents/Resources/Scripting/UnityReferenceAssemblies/unity-4.8-api/Facades/System.IO.Pipes.dll"
-r:"/Applications/Unity/Hub/Editor/6000.7.0a5/Unity.app/Contents/Resources/Scripting/UnityReferenceAssemblies/unity-4.8-api/Facades/System.IO.UnmanagedMemoryStream.dll"
-r:"/Applications/Unity/Hub/Editor/6000.7.0a5/Unity.app/Contents/Resources/Scripting/UnityReferenceAssemblies/unity-4.8-api/Facades/System.IO.dll"
-r:"/Applications/Unity/Hub/Editor/6000.7.0a5/Unity.app/Contents/Resources/Scripting/UnityReferenceAssemblies/unity-4.8-api/Facades/System.Linq.Expressions.dll"
-r:"/Applications/Unity/Hub/Editor/6000.7.0a5/Unity.app/Contents/Resources/Scripting/UnityReferenceAssemblies/unity-4.8-api/Facades/System.Linq.Parallel.dll"
-r:"/Applications/Unity/Hub/Editor/6000.7.0a5/Unity.app/Contents/Resources/Scripting/UnityReferenceAssemblies/unity-4.8-api/Facades/System.Linq.Queryable.dll"
-r:"/Applications/Unity/Hub/Editor/6000.7.0a5/Unity.app/Contents/Resources/Scripting/UnityReferenceAssemblies/unity-4.8-api/Facades/System.Linq.dll"
-r:"/Applications/Unity/Hub/Editor/6000.7.0a5/Unity.app/Contents/Resources/Scripting/UnityReferenceAssemblies/unity-4.8-api/Facades/System.Memory.dll"
-r:"/Applications/Unity/Hub/Editor/6000.7.0a5/Unity.app/Contents/Resources/Scripting/UnityReferenceAssemblies/unity-4.8-api/Facades/System.Net.Http.Rtc.dll"
-r:"/Applications/Unity/Hub/Editor/6000.7.0a5/Unity.app/Contents/Resources/Scripting/UnityReferenceAssemblies/unity-4.8-api/Facades/System.Net.NameResolution.dll"
-r:"/Applications/Unity/Hub/Editor/6000.7.0a5/Unity.app/Contents/Resources/Scripting/UnityReferenceAssemblies/unity-4.8-api/Facades/System.Net.NetworkInformation.dll"
-r:"/Applications/Unity/Hub/Editor/6000.7.0a5/Unity.app/Contents/Resources/Scripting/UnityReferenceAssemblies/unity-4.8-api/Facades/System.Net.Ping.dll"
-r:"/Applications/Unity/Hub/Editor/6000.7.0a5/Unity.app/Contents/Resources/Scripting/UnityReferenceAssemblies/unity-4.8-api/Facades/System.Net.Primitives.dll"
-r:"/Applications/Unity/Hub/Editor/6000.7.0a5/Unity.app/Contents/Resources/Scripting/UnityReferenceAssemblies/unity-4.8-api/Facades/System.Net.Requests.dll"
-r:"/Applications/Unity/Hub/Editor/6000.7.0a5/Unity.app/Contents/Resources/Scripting/UnityReferenceAssemblies/unity-4.8-api/Facades/System.Net.Security.dll"
-r:"/Applications/Unity/Hub/Editor/6000.7.0a5/Unity.app/Contents/Resources/Scripting/UnityReferenceAssemblies/unity-4.8-api/Facades/System.Net.Sockets.dll"
-r:"/Applications/Unity/Hub/Editor/6000.7.0a5/Unity.app/Contents/Resources/Scripting/UnityReferenceAssemblies/unity-4.8-api/Facades/System.Net.WebHeaderCollection.dll"
-r:"/Applications/Unity/Hub/Editor/6000.7.0a5/Unity.app/Contents/Resources/Scripting/UnityReferenceAssemblies/unity-4.8-api/Facades/System.Net.WebSockets.Client.dll"
-r:"/Applications/Unity/Hub/Editor/6000.7.0a5/Unity.app/Contents/Resources/Scripting/UnityReferenceAssemblies/unity-4.8-api/Facades/System.Net.WebSockets.dll"
-r:"/Applications/Unity/Hub/Editor/6000.7.0a5/Unity.app/Contents/Resources/Scripting/UnityReferenceAssemblies/unity-4.8-api/Facades/System.ObjectModel.dll"
-r:"/Applications/Unity/Hub/Editor/6000.7.0a5/Unity.app/Contents/Resources/Scripting/UnityReferenceAssemblies/unity-4.8-api/Facades/System.Reflection.DispatchProxy.dll"
-r:"/Applications/Unity/Hub/Editor/6000.7.0a5/Unity.app/Contents/Resources/Scripting/UnityReferenceAssemblies/unity-4.8-api/Facades/System.Reflection.Emit.ILGeneration.dll"
-r:"/Applications/Unity/Hub/Editor/6000.7.0a5/Unity.app/Contents/Resources/Scripting/UnityReferenceAssemblies/unity-4.8-api/Facades/System.Reflection.Emit.Lightweight.dll"
-r:"/Applications/Unity/Hub/Editor/6000.7.0a5/Unity.app/Contents/Resources/Scripting/UnityReferenceAssemblies/unity-4.8-api/Facades/System.Reflection.Emit.dll"
-r:"/Applications/Unity/Hub/Editor/6000.7.0a5/Unity.app/Contents/Resources/Scripting/UnityReferenceAssemblies/unity-4.8-api/Facades/System.Reflection.Extensions.dll"
-r:"/Applications/Unity/Hub/Editor/6000.7.0a5/Unity.app/Contents/Resources/Scripting/UnityReferenceAssemblies/unity-4.8-api/Facades/System.Reflection.Primitives.dll"
-r:"/Applications/Unity/Hub/Editor/6000.7.0a5/Unity.app/Contents/Resources/Scripting/UnityReferenceAssemblies/unity-4.8-api/Facades/System.Reflection.dll"
-r:"/Applications/Unity/Hub/Editor/6000.7.0a5/Unity.app/Contents/Resources/Scripting/UnityReferenceAssemblies/unity-4.8-api/Facades/System.Resources.Reader.dll"
-r:"/Applications/Unity/Hub/Editor/6000.7.0a5/Unity.app/Contents/Resources/Scripting/UnityReferenceAssemblies/unity-4.8-api/Facades/System.Resources.ResourceManager.dll"
-r:"/Applications/Unity/Hub/Editor/6000.7.0a5/Unity.app/Contents/Resources/Scripting/UnityReferenceAssemblies/unity-4.8-api/Facades/System.Resources.Writer.dll"
-r:"/Applications/Unity/Hub/Editor/6000.7.0a5/Unity.app/Contents/Resources/Scripting/UnityReferenceAssemblies/unity-4.8-api/Facades/System.Runtime.CompilerServices.VisualC.dll"
-r:"/Applications/Unity/Hub/Editor/6000.7.0a5/Unity.app/Contents/Resources/Scripting/UnityReferenceAssemblies/unity-4.8-api/Facades/System.Runtime.Extensions.dll"
-r:"/Applications/Unity/Hub/Editor/6000.7.0a5/Unity.app/Contents/Resources/Scripting/UnityReferenceAssemblies/unity-4.8-api/Facades/System.Runtime.Handles.dll"
-r:"/Applications/Unity/Hub/Editor/6000.7.0a5/Unity.app/Contents/Resources/Scripting/UnityReferenceAssemblies/unity-4.8-api/Facades/System.Runtime.InteropServices.RuntimeInformation.dll"
-r:"/Applications/Unity/Hub/Editor/6000.7.0a5/Unity.app/Contents/Resources/Scripting/UnityReferenceAssemblies/unity-4.8-api/Facades/System.Runtime.InteropServices.WindowsRuntime.dll"
-r:"/Applications/Unity/Hub/Editor/6000.7.0a5/Unity.app/Contents/Resources/Scripting/UnityReferenceAssemblies/unity-4.8-api/Facades/System.Runtime.InteropServices.dll"
-r:"/Applications/Unity/Hub/Editor/6000.7.0a5/Unity.app/Contents/Resources/Scripting/UnityReferenceAssemblies/unity-4.8-api/Facades/System.Runtime.Numerics.dll"
-r:"/Applications/Unity/Hub/Editor/6000.7.0a5/Unity.app/Contents/Resources/Scripting/UnityReferenceAssemblies/unity-4.8-api/Facades/System.Runtime.Serialization.Formatters.dll"
-r:"/Applications/Unity/Hub/Editor/6000.7.0a5/Unity.app/Contents/Resources/Scripting/UnityReferenceAssemblies/unity-4.8-api/Facades/System.Runtime.Serialization.Json.dll"
-r:"/Applications/Unity/Hub/Editor/6000.7.0a5/Unity.app/Contents/Resources/Scripting/UnityReferenceAssemblies/unity-4.8-api/Facades/System.Runtime.Serialization.Primitives.dll"
-r:"/Applications/Unity/Hub/Editor/6000.7.0a5/Unity.app/Contents/Resources/Scripting/UnityReferenceAssemblies/unity-4.8-api/Facades/System.Runtime.Serialization.Xml.dll"
-r:"/Applications/Unity/Hub/Editor/6000.7.0a5/Unity.app/Contents/Resources/Scripting/UnityReferenceAssemblies/unity-4.8-api/Facades/System.Runtime.dll"
-r:"/Applications/Unity/Hub/Editor/6000.7.0a5/Unity.app/Contents/Resources/Scripting/UnityReferenceAssemblies/unity-4.8-api/Facades/System.Security.Claims.dll"
-r:"/Applications/Unity/Hub/Editor/6000.7.0a5/Unity.app/Contents/Resources/Scripting/UnityReferenceAssemblies/unity-4.8-api/Facades/System.Security.Cryptography.Algorithms.dll"
-r:"/Applications/Unity/Hub/Editor/6000.7.0a5/Unity.app/Contents/Resources/Scripting/UnityReferenceAssemblies/unity-4.8-api/Facades/System.Security.Cryptography.Csp.dll"
-r:"/Applications/Unity/Hub/Editor/6000.7.0a5/Unity.app/Contents/Resources/Scripting/UnityReferenceAssemblies/unity-4.8-api/Facades/System.Security.Cryptography.Encoding.dll"
-r:"/Applications/Unity/Hub/Editor/6000.7.0a5/Unity.app/Contents/Resources/Scripting/UnityReferenceAssemblies/unity-4.8-api/Facades/System.Security.Cryptography.Primitives.dll"
-r:"/Applications/Unity/Hub/Editor/6000.7.0a5/Unity.app/Contents/Resources/Scripting/UnityReferenceAssemblies/unity-4.8-api/Facades/System.Security.Cryptography.X509Certificates.dll"
-r:"/Applications/Unity/Hub/Editor/6000.7.0a5/Unity.app/Contents/Resources/Scripting/UnityReferenceAssemblies/unity-4.8-api/Facades/System.Security.Principal.dll"
-r:"/Applications/Unity/Hub/Editor/6000.7.0a5/Unity.app/Contents/Resources/Scripting/UnityReferenceAssemblies/unity-4.8-api/Facades/System.Security.SecureString.dll"
-r:"/Applications/Unity/Hub/Editor/6000.7.0a5/Unity.app/Contents/Resources/Scripting/UnityReferenceAssemblies/unity-4.8-api/Facades/System.ServiceModel.Duplex.dll"
-r:"/Applications/Unity/Hub/Editor/6000.7.0a5/Unity.app/Contents/Resources/Scripting/UnityReferenceAssemblies/unity-4.8-api/Facades/System.ServiceModel.Http.dll"
-r:"/Applications/Unity/Hub/Editor/6000.7.0a5/Unity.app/Contents/Resources/Scripting/UnityReferenceAssemblies/unity-4.8-api/Facades/System.ServiceModel.NetTcp.dll"
-r:"/Applications/Unity/Hub/Editor/6000.7.0a5/Unity.app/Contents/Resources/Scripting/UnityReferenceAssemblies/unity-4.8-api/Facades/System.ServiceModel.Primitives.dll"
-r:"/Applications/Unity/Hub/Editor/6000.7.0a5/Unity.app/Contents/Resources/Scripting/UnityReferenceAssemblies/unity-4.8-api/Facades/System.ServiceModel.Security.dll"
-r:"/Applications/Unity/Hub/Editor/6000.7.0a5/Unity.app/Contents/Resources/Scripting/UnityReferenceAssemblies/unity-4.8-api/Facades/System.Text.Encoding.Extensions.dll"
-r:"/Applications/Unity/Hub/Editor/6000.7.0a5/Unity.app/Contents/Resources/Scripting/UnityReferenceAssemblies/unity-4.8-api/Facades/System.Text.Encoding.dll"
-r:"/Applications/Unity/Hub/Editor/6000.7.0a5/Unity.app/Contents/Resources/Scripting/UnityReferenceAssemblies/unity-4.8-api/Facades/System.Text.RegularExpressions.dll"
-r:"/Applications/Unity/Hub/Editor/6000.7.0a5/Unity.app/Contents/Resources/Scripting/UnityReferenceAssemblies/unity-4.8-api/Facades/System.Threading.Overlapped.dll"
-r:"/Applications/Unity/Hub/Editor/6000.7.0a5/Unity.app/Contents/Resources/Scripting/UnityReferenceAssemblies/unity-4.8-api/Facades/System.Threading.Tasks.Extensions.dll"
-r:"/Applications/Unity/Hub/Editor/6000.7.0a5/Unity.app/Contents/Resources/Scripting/UnityReferenceAssemblies/unity-4.8-api/Facades/System.Threading.Tasks.Parallel.dll"
-r:"/Applications/Unity/Hub/Editor/6000.7.0a5/Unity.app/Contents/Resources/Scripting/UnityReferenceAssemblies/unity-4.8-api/Facades/System.Threading.Tasks.dll"
-r:"/Applications/Unity/Hub/Editor/6000.7.0a5/Unity.app/Contents/Resources/Scripting/UnityReferenceAssemblies/unity-4.8-api/Facades/System.Threading.Thread.dll"
-r:"/Applications/Unity/Hub/Editor/6000.7.0a5/Unity.app/Contents/Resources/Scripting/UnityReferenceAssemblies/unity-4.8-api/Facades/System.Threading.ThreadPool.dll"
-r:"/Applications/Unity/Hub/Editor/6000.7.0a5/Unity.app/Contents/Resources/Scripting/UnityReferenceAssemblies/unity-4.8-api/Facades/System.Threading.Timer.dll"
-r:"/Applications/Unity/Hub/Editor/6000.7.0a5/Unity.app/Contents/Resources/Scripting/UnityReferenceAssemblies/unity-4.8-api/Facades/System.Threading.dll"
-r:"/Applications/Unity/Hub/Editor/6000.7.0a5/Unity.app/Contents/Resources/Scripting/UnityReferenceAssemblies/unity-4.8-api/Facades/System.ValueTuple.dll"
-r:"/Applications/Unity/Hub/Editor/6000.7.0a5/Unity.app/Contents/Resources/Scripting/UnityReferenceAssemblies/unity-4.8-api/Facades/System.Xml.ReaderWriter.dll"
-r:"/Applications/Unity/Hub/Editor/6000.7.0a5/Unity.app/Contents/Resources/Scripting/UnityReferenceAssemblies/unity-4.8-api/Facades/System.Xml.XDocument.dll"
-r:"/Applications/Unity/Hub/Editor/6000.7.0a5/Unity.app/Contents/Resources/Scripting/UnityReferenceAssemblies/unity-4.8-api/Facades/System.Xml.XPath.XDocument.dll"
-r:"/Applications/Unity/Hub/Editor/6000.7.0a5/Unity.app/Contents/Resources/Scripting/UnityReferenceAssemblies/unity-4.8-api/Facades/System.Xml.XPath.dll"
-r:"/Applications/Unity/Hub/Editor/6000.7.0a5/Unity.app/Contents/Resources/Scripting/UnityReferenceAssemblies/unity-4.8-api/Facades/System.Xml.XmlDocument.dll"
-r:"/Applications/Unity/Hub/Editor/6000.7.0a5/Unity.app/Contents/Resources/Scripting/UnityReferenceAssemblies/unity-4.8-api/Facades/System.Xml.XmlSerializer.dll"
-r:"/Applications/Unity/Hub/Editor/6000.7.0a5/Unity.app/Contents/Resources/Scripting/UnityReferenceAssemblies/unity-4.8-api/Facades/netstandard.dll"
-r:"/Applications/Unity/Hub/Editor/6000.7.0a5/Unity.app/Contents/Resources/Scripting/UnityReferenceAssemblies/unity-4.8-api/Microsoft.CSharp.dll"
-r:"/Applications/Unity/Hub/Editor/6000.7.0a5/Unity.app/Contents/Resources/Scripting/UnityReferenceAssemblies/unity-4.8-api/System.ComponentModel.Composition.dll"
-r:"/Applications/Unity/Hub/Editor/6000.7.0a5/Unity.app/Contents/Resources/Scripting/UnityReferenceAssemblies/unity-4.8-api/System.Core.dll"
-r:"/Applications/Unity/Hub/Editor/6000.7.0a5/Unity.app/Contents/Resources/Scripting/UnityReferenceAssemblies/unity-4.8-api/System.Data.DataSetExtensions.dll"
-r:"/Applications/Unity/Hub/Editor/6000.7.0a5/Unity.app/Contents/Resources/Scripting/UnityReferenceAssemblies/unity-4.8-api/System.Data.dll"
-r:"/Applications/Unity/Hub/Editor/6000.7.0a5/Unity.app/Contents/Resources/Scripting/UnityReferenceAssemblies/unity-4.8-api/System.Drawing.dll"
-r:"/Applications/Unity/Hub/Editor/6000.7.0a5/Unity.app/Contents/Resources/Scripting/UnityReferenceAssemblies/unity-4.8-api/System.IO.Compression.FileSystem.dll"
-r:"/Applications/Unity/Hub/Editor/6000.7.0a5/Unity.app/Contents/Resources/Scripting/UnityReferenceAssemblies/unity-4.8-api/System.IO.Compression.dll"
-r:"/Applications/Unity/Hub/Editor/6000.7.0a5/Unity.app/Contents/Resources/Scripting/UnityReferenceAssemblies/unity-4.8-api/System.Net.Http.dll"
-r:"/Applications/Unity/Hub/Editor/6000.7.0a5/Unity.app/Contents/Resources/Scripting/UnityReferenceAssemblies/unity-4.8-api/System.Numerics.Vectors.dll"
-r:"/Applications/Unity/Hub/Editor/6000.7.0a5/Unity.app/Contents/Resources/Scripting/UnityReferenceAssemblies/unity-4.8-api/System.Numerics.dll"
-r:"/Applications/Unity/Hub/Editor/6000.7.0a5/Unity.app/Contents/Resources/Scripting/UnityReferenceAssemblies/unity-4.8-api/System.Runtime.Serialization.dll"
-r:"/Applications/Unity/Hub/Editor/6000.7.0a5/Unity.app/Contents/Resources/Scripting/UnityReferenceAssemblies/unity-4.8-api/System.Transactions.dll"
-r:"/Applications/Unity/Hub/Editor/6000.7.0a5/Unity.app/Contents/Resources/Scripting/UnityReferenceAssemblies/unity-4.8-api/System.Xml.Linq.dll"
-r:"/Applications/Unity/Hub/Editor/6000.7.0a5/Unity.app/Contents/Resources/Scripting/UnityReferenceAssemblies/unity-4.8-api/System.Xml.dll"
-r:"/Applications/Unity/Hub/Editor/6000.7.0a5/Unity.app/Contents/Resources/Scripting/UnityReferenceAssemblies/unity-4.8-api/System.dll"
-r:"/Applications/Unity/Hub/Editor/6000.7.0a5/Unity.app/Contents/Resources/Scripting/UnityReferenceAssemblies/unity-4.8-api/mscorlib.dll"
-r:"Library/PackageCache/com.unity.ext.nunit@f6178be85c6e/net472/unity-custom/nunit.framework.dll"
-r:"Library/Bee/artifacts/200b0aE.dag/Janseon.Core.ref.dll"
-r:"Library/Bee/artifacts/200b0aE.dag/Janseon.Data.Editor.ref.dll"
-r:"Library/Bee/artifacts/200b0aE.dag/Janseon.Data.ref.dll"
-r:"Library/Bee/artifacts/200b0aE.dag/Janseon.Foundation.ref.dll"
-r:"Library/Bee/artifacts/200b0aE.dag/Unity.TextMeshPro.ref.dll"
-r:"Library/Bee/artifacts/200b0aE.dag/UnityEditor.TestRunner.ref.dll"
-r:"Library/Bee/artifacts/200b0aE.dag/UnityEditor.UI.ref.dll"
-r:"Library/Bee/artifacts/200b0aE.dag/UnityEngine.TestRunner.ref.dll"
-r:"Library/Bee/artifacts/200b0aE.dag/UnityEngine.UI.ref.dll"
-r:"Library/Bee/artifacts/200b0aE.dag/VContainer.ref.dll"
-analyzer:"/Applications/Unity/Hub/Editor/6000.7.0a5/Unity.app/Contents/Resources/BuildPipeline/Unity.Analyzers/Unity.Analyzers.Common.dll"
-analyzer:"/Applications/Unity/Hub/Editor/6000.7.0a5/Unity.app/Contents/Resources/BuildPipeline/Unity.Analyzers/Unity.Analyzers.LongLiving.dll"
-analyzer:"/Applications/Unity/Hub/Editor/6000.7.0a5/Unity.app/Contents/Resources/BuildPipeline/Unity.SourceGenerators/Unity.Properties.SourceGenerator.dll"
-analyzer:"/Applications/Unity/Hub/Editor/6000.7.0a5/Unity.app/Contents/Resources/BuildPipeline/Unity.SourceGenerators/Unity.SourceGenerators.dll"
-analyzer:"/Applications/Unity/Hub/Editor/6000.7.0a5/Unity.app/Contents/Resources/BuildPipeline/Unity.SourceGenerators/Unity.UIToolkit.SourceGenerator.dll"
-analyzer:"/Applications/Unity/Hub/Editor/6000.7.0a5/Unity.app/Contents/Resources/Scripting/BCLExtensions/TargetingPacks/netstandard2.1/analyzers/dotnet/roslyn4.4/cs/Microsoft.Extensions.Logging.Generators.dll"
-analyzer:"/Applications/Unity/Hub/Editor/6000.7.0a5/Unity.app/Contents/Resources/Scripting/BCLExtensions/TargetingPacks/netstandard2.1/analyzers/dotnet/roslyn4.4/cs/System.Text.Json.SourceGeneration.dll"
"Assets/Tests/EditMode/ApplicationFlowTests.cs"
"Assets/Tests/EditMode/Area1CatalogProjectionTests.cs"
"Assets/Tests/EditMode/Area1CatalogValidationTests.cs"
"Assets/Tests/EditMode/Area1ContentContractTests.cs"
"Assets/Tests/EditMode/Area1ContentFingerprintTests.cs"
"Assets/Tests/EditMode/Area1GameDataBuilderTests.cs"
"Assets/Tests/EditMode/BattleSessionDriverTests.cs"
"Assets/Tests/EditMode/CampaignLoopTests.cs"
"Assets/Tests/EditMode/CoreDeterminismTests.cs"
"Assets/Tests/EditMode/DynamicTravelUiTests.cs"
"Assets/Tests/EditMode/FormationEditScreenTests.cs"
"Assets/Tests/EditMode/FoundationBattleViewTests.cs"
"Assets/Tests/EditMode/GenreContractTests.cs"
"Assets/Tests/EditMode/HeightmapTests.cs"
"Assets/Tests/EditMode/OwnerCardTargetingTests.cs"
"Assets/Tests/EditMode/PlaceIdentityTests.cs"
"Assets/Tests/EditMode/PlaceholderVoxelLayoutTests.cs"
"Assets/Tests/EditMode/PortraitCommanderCardDockTests.cs"
"Assets/Tests/EditMode/RealtimeBattleSimTests.cs"
"Assets/Tests/EditMode/RealtimeCardSettlementTests.cs"
"Assets/Tests/EditMode/RouteTraversalTests.cs"
"Assets/Tests/EditMode/SMapSchematicTests.cs"
"Assets/Tests/EditMode/SeoulWorldGraphTests.cs"
"Assets/Tests/EditMode/StrategyMapCatalogTests.cs"
"Assets/Tests/EditMode/StrategyMapPresenterTests.cs"
"Assets/Tests/EditMode/Task23DeployPanelTests.cs"
"Assets/Tests/EditMode/UguiScreenTests.cs"
"Assets/Tests/EditMode/UguiVisualQaDefectTests.cs"
-langversion:9.0
/unsafe+
/deterministic
/optimize+
/debug:portable
/nologo
/RuntimeMetadataVersion:v4.0.30319
/nowarn:0169
/nowarn:0649
/nowarn:0282
/nowarn:1701
/nowarn:1702
/utf8output
/preferreduilang:en-US
/additionalfile:"Library/Bee/artifacts/200b0aE.dag/Janseon.Foundation.EditModeTests.UnityAdditionalFile.txt"
##### Custom Environment Variables
DOTNET_HOST_PATH=/Applications/Unity/Hub/Editor/6000.7.0a5/Unity.app/Contents/Resources/Scripting/DotNetSdk/dotnet
DOTNET_MULTILEVEL_LOOKUP=0
DOTNET_ROOT=/Applications/Unity/Hub/Editor/6000.7.0a5/Unity.app/Contents/Resources/Scripting/DotNetSdk
##### ExitCode
1
##### Output
Assets/Tests/EditMode/PlaceIdentityTests.cs(25,32): error CS0246: The type or namespace name 'PlaceId' could not be found (are you missing a using directive or an assembly reference?)
Assets/Tests/EditMode/PlaceIdentityTests.cs(25,40): error CS0103: The name 'PlaceKind' does not exist in the current context
Assets/Tests/EditMode/PlaceIdentityTests.cs(26,36): error CS0246: The type or namespace name 'PlaceDefinition' could not be found (are you missing a using directive or an assembly reference?)
Assets/Tests/EditMode/PlaceIdentityTests.cs(31,37): error CS0246: The type or namespace name 'PlaceDefinition' could not be found (are you missing a using directive or an assembly reference?)
Assets/Tests/EditMode/PlaceIdentityTests.cs(36,41): error CS0246: The type or namespace name 'PlaceId' could not be found (are you missing a using directive or an assembly reference?)
Assets/Tests/EditMode/PlaceIdentityTests.cs(37,17): error CS0103: The name 'PlaceKind' does not exist in the current context
Assets/Tests/EditMode/PlaceIdentityTests.cs(50,26): error CS0246: The type or namespace name 'PlaceId' could not be found (are you missing a using directive or an assembly reference?)
Assets/Tests/EditMode/PlaceIdentityTests.cs(50,34): error CS0103: The name 'PlaceKind' does not exist in the current context
Assets/Tests/EditMode/PlaceIdentityTests.cs(51,32): error CS0246: The type or namespace name 'PlaceDefinition' could not be found (are you missing a using directive or an assembly reference?)
Assets/Tests/EditMode/PlaceIdentityTests.cs(54,34): error CS0246: The type or namespace name 'PlaceId' could not be found (are you missing a using directive or an assembly reference?)
Assets/Tests/EditMode/PlaceIdentityTests.cs(54,42): error CS0103: The name 'PlaceKind' does not exist in the current context
Assets/Tests/EditMode/PlaceIdentityTests.cs(55,32): error CS0246: The type or namespace name 'PlaceId' could not be found (are you missing a using directive or an assembly reference?)
Assets/Tests/EditMode/PlaceIdentityTests.cs(55,40): error CS0103: The name 'PlaceKind' does not exist in the current context
Assets/Tests/EditMode/PlaceIdentityTests.cs(56,32): error CS0246: The type or namespace name 'PlaceDefinition' could not be found (are you missing a using directive or an assembly reference?)
Assets/Tests/EditMode/PlaceIdentityTests.cs(59,34): error CS0246: The type or namespace name 'PlaceId' could not be found (are you missing a using directive or an assembly reference?)
Assets/Tests/EditMode/PlaceIdentityTests.cs(59,42): error CS0103: The name 'PlaceKind' does not exist in the current context
Assets/Tests/EditMode/PlaceIdentityTests.cs(60,32): error CS0246: The type or namespace name 'PlaceId' could not be found (are you missing a using directive or an assembly reference?)
Assets/Tests/EditMode/PlaceIdentityTests.cs(60,40): error CS0103: The name 'PlaceKind' does not exist in the current context
Assets/Tests/EditMode/PlaceIdentityTests.cs(61,31): error CS0246: The type or namespace name 'PlaceDefinitionCatalog' could not be found (are you missing a using directive or an assembly reference?)
Assets/Tests/EditMode/PlaceIdentityTests.cs(64,39): error CS0246: The type or namespace name 'PlaceDefinitionConflictException' could not be found (are you missing a using directive or an assembly reference?)
Assets/Tests/EditMode/UguiVisualQaDefectTests.cs(125,18): warning CS8321: The local function 'Add' is declared but never used
Assets/Tests/EditMode/PlaceIdentityTests.cs(74,56): error CS0246: The type or namespace name 'PlaceId' could not be found (are you missing a using directive or an assembly reference?)
Assets/Tests/EditMode/PlaceIdentityTests.cs(74,64): error CS0103: The name 'PlaceKind' does not exist in the current context
Assets/Tests/EditMode/PlaceIdentityTests.cs(75,56): error CS0246: The type or namespace name 'PlaceId' could not be found (are you missing a using directive or an assembly reference?)
Assets/Tests/EditMode/PlaceIdentityTests.cs(75,64): error CS0103: The name 'PlaceKind' does not exist in the current context
Assets/Tests/EditMode/PlaceIdentityTests.cs(77,31): error CS0246: The type or namespace name 'PlaceId' could not be found (are you missing a using directive or an assembly reference?)
Assets/Tests/EditMode/PlaceIdentityTests.cs(77,39): error CS0103: The name 'PlaceKind' does not exist in the current context
Assets/Tests/EditMode/PlaceIdentityTests.cs(78,33): error CS0246: The type or namespace name 'PlaceId' could not be found (are you missing a using directive or an assembly reference?)
Assets/Tests/EditMode/PlaceIdentityTests.cs(78,41): error CS0103: The name 'PlaceKind' does not exist in the current context
Assets/Tests/EditMode/PlaceIdentityTests.cs(79,37): error CS0246: The type or namespace name 'PlaceId' could not be found (are you missing a using directive or an assembly reference?)
Assets/Tests/EditMode/PlaceIdentityTests.cs(79,45): error CS0103: The name 'PlaceKind' does not exist in the current context
Assets/Tests/EditMode/PlaceIdentityTests.cs(89,29): error CS0246: The type or namespace name 'PlaceDefinition' could not be found (are you missing a using directive or an assembly reference?)
Assets/Tests/EditMode/PlaceIdentityTests.cs(90,21): error CS0246: The type or namespace name 'PlaceId' could not be found (are you missing a using directive or an assembly reference?)
Assets/Tests/EditMode/PlaceIdentityTests.cs(90,29): error CS0103: The name 'PlaceKind' does not exist in the current context
Assets/Tests/EditMode/PlaceIdentityTests.cs(92,30): error CS0246: The type or namespace name 'PlaceDefinition' could not be found (are you missing a using directive or an assembly reference?)
Assets/Tests/EditMode/PlaceIdentityTests.cs(93,21): error CS0246: The type or namespace name 'PlaceId' could not be found (are you missing a using directive or an assembly reference?)
Assets/Tests/EditMode/PlaceIdentityTests.cs(93,29): error CS0103: The name 'PlaceKind' does not exist in the current context
*** Tundra build failed (1.00 seconds), 2 items updated, 763 evaluated
## Script Compilation Error for: Csc Library/Bee/artifacts/200b0aE.dag/Janseon.Foundation.EditModeTests.dll (+2 others)
## CmdLine: "/Applications/Unity/Hub/Editor/6000.7.0a5/Unity.app/Contents/Resources/Scripting/DotNetSdk/dotnet" exec "/Applications/Unity/Hub/Editor/6000.7.0a5/Unity.app/Contents/Resources/Scripting/DotNetSdk/sdk/10.0.301/Roslyn/bincore/csc.dll" /nostdlib /noconfig /shared "@Library/Bee/artifacts/200b0aE.dag/Janseon.Foundation.EditModeTests.rsp" "@Library/Bee/artifacts/200b0aE.dag/Janseon.Foundation.EditModeTests.rsp2"
## Output:
Assets/Tests/EditMode/PlaceIdentityTests.cs(25,32): error CS0246: The type or namespace name 'PlaceId' could not be found (are you missing a using directive or an assembly reference?)
Assets/Tests/EditMode/PlaceIdentityTests.cs(25,40): error CS0103: The name 'PlaceKind' does not exist in the current context
Assets/Tests/EditMode/PlaceIdentityTests.cs(26,36): error CS0246: The type or namespace name 'PlaceDefinition' could not be found (are you missing a using directive or an assembly reference?)
Assets/Tests/EditMode/PlaceIdentityTests.cs(31,37): error CS0246: The type or namespace name 'PlaceDefinition' could not be found (are you missing a using directive or an assembly reference?)
Assets/Tests/EditMode/PlaceIdentityTests.cs(36,41): error CS0246: The type or namespace name 'PlaceId' could not be found (are you missing a using directive or an assembly reference?)
Assets/Tests/EditMode/PlaceIdentityTests.cs(37,17): error CS0103: The name 'PlaceKind' does not exist in the current context
Assets/Tests/EditMode/PlaceIdentityTests.cs(50,26): error CS0246: The type or namespace name 'PlaceId' could not be found (are you missing a using directive or an assembly reference?)
Assets/Tests/EditMode/PlaceIdentityTests.cs(50,34): error CS0103: The name 'PlaceKind' does not exist in the current context
Assets/Tests/EditMode/PlaceIdentityTests.cs(51,32): error CS0246: The type or namespace name 'PlaceDefinition' could not be found (are you missing a using directive or an assembly reference?)
Assets/Tests/EditMode/PlaceIdentityTests.cs(54,34): error CS0246: The type or namespace name 'PlaceId' could not be found (are you missing a using directive or an assembly reference?)
Assets/Tests/EditMode/PlaceIdentityTests.cs(54,42): error CS0103: The name 'PlaceKind' does not exist in the current context
Assets/Tests/EditMode/PlaceIdentityTests.cs(55,32): error CS0246: The type or namespace name 'PlaceId' could not be found (are you missing a using directive or an assembly reference?)
Assets/Tests/EditMode/PlaceIdentityTests.cs(55,40): error CS0103: The name 'PlaceKind' does not exist in the current context
Assets/Tests/EditMode/PlaceIdentityTests.cs(56,32): error CS0246: The type or namespace name 'PlaceDefinition' could not be found (are you missing a using directive or an assembly reference?)
Assets/Tests/EditMode/PlaceIdentityTests.cs(59,34): error CS0246: The type or namespace name 'PlaceId' could not be found (are you missing a using directive or an assembly reference?)
Assets/Tests/EditMode/PlaceIdentityTests.cs(59,42): error CS0103: The name 'PlaceKind' does not exist in the current context
Assets/Tests/EditMode/PlaceIdentityTests.cs(60,32): error CS0246: The type or namespace name 'PlaceId' could not be found (are you missing a using directive or an assembly reference?)
Assets/Tests/EditMode/PlaceIdentityTests.cs(60,40): error CS0103: The name 'PlaceKind' does not exist in the current context
Assets/Tests/EditMode/PlaceIdentityTests.cs(61,31): error CS0246: The type or namespace name 'PlaceDefinitionCatalog' could not be found (are you missing a using directive or an assembly reference?)
Assets/Tests/EditMode/PlaceIdentityTests.cs(64,39): error CS0246: The type or namespace name 'PlaceDefinitionConflictException' could not be found (are you missing a using directive or an assembly reference?)
Assets/Tests/EditMode/UguiVisualQaDefectTests.cs(125,18): warning CS8321: The local function 'Add' is declared but never used
Assets/Tests/EditMode/PlaceIdentityTests.cs(74,56): error CS0246: The type or namespace name 'PlaceId' could not be found (are you missing a using directive or an assembly reference?)
Assets/Tests/EditMode/PlaceIdentityTests.cs(74,64): error CS0103: The name 'PlaceKind' does not exist in the current context
Assets/Tests/EditMode/PlaceIdentityTests.cs(75,56): error CS0246: The type or namespace name 'PlaceId' could not be found (are you missing a using directive or an assembly reference?)
Assets/Tests/EditMode/PlaceIdentityTests.cs(75,64): error CS0103: The name 'PlaceKind' does not exist in the current context
Assets/Tests/EditMode/PlaceIdentityTests.cs(77,31): error CS0246: The type or namespace name 'PlaceId' could not be found (are you missing a using directive or an assembly reference?)
Assets/Tests/EditMode/PlaceIdentityTests.cs(77,39): error CS0103: The name 'PlaceKind' does not exist in the current context
Assets/Tests/EditMode/PlaceIdentityTests.cs(78,33): error CS0246: The type or namespace name 'PlaceId' could not be found (are you missing a using directive or an assembly reference?)
Assets/Tests/EditMode/PlaceIdentityTests.cs(78,41): error CS0103: The name 'PlaceKind' does not exist in the current context
Assets/Tests/EditMode/PlaceIdentityTests.cs(79,37): error CS0246: The type or namespace name 'PlaceId' could not be found (are you missing a using directive or an assembly reference?)
Assets/Tests/EditMode/PlaceIdentityTests.cs(79,45): error CS0103: The name 'PlaceKind' does not exist in the current context
Assets/Tests/EditMode/PlaceIdentityTests.cs(89,29): error CS0246: The type or namespace name 'PlaceDefinition' could not be found (are you missing a using directive or an assembly reference?)
Assets/Tests/EditMode/PlaceIdentityTests.cs(90,21): error CS0246: The type or namespace name 'PlaceId' could not be found (are you missing a using directive or an assembly reference?)
Assets/Tests/EditMode/PlaceIdentityTests.cs(90,29): error CS0103: The name 'PlaceKind' does not exist in the current context
Assets/Tests/EditMode/PlaceIdentityTests.cs(92,30): error CS0246: The type or namespace name 'PlaceDefinition' could not be found (are you missing a using directive or an assembly reference?)
Assets/Tests/EditMode/PlaceIdentityTests.cs(93,21): error CS0246: The type or namespace name 'PlaceId' could not be found (are you missing a using directive or an assembly reference?)
Assets/Tests/EditMode/PlaceIdentityTests.cs(93,29): error CS0103: The name 'PlaceKind' does not exist in the current context

Assets/Tests/EditMode/PlaceIdentityTests.cs(25,32): error CS0246: The type or namespace name 'PlaceId' could not be found (are you missing a using directive or an assembly reference?)
Assets/Tests/EditMode/PlaceIdentityTests.cs(25,40): error CS0103: The name 'PlaceKind' does not exist in the current context
Assets/Tests/EditMode/PlaceIdentityTests.cs(26,36): error CS0246: The type or namespace name 'PlaceDefinition' could not be found (are you missing a using directive or an assembly reference?)
Assets/Tests/EditMode/PlaceIdentityTests.cs(31,37): error CS0246: The type or namespace name 'PlaceDefinition' could not be found (are you missing a using directive or an assembly reference?)
Assets/Tests/EditMode/PlaceIdentityTests.cs(36,41): error CS0246: The type or namespace name 'PlaceId' could not be found (are you missing a using directive or an assembly reference?)
Assets/Tests/EditMode/PlaceIdentityTests.cs(37,17): error CS0103: The name 'PlaceKind' does not exist in the current context
Assets/Tests/EditMode/PlaceIdentityTests.cs(50,26): error CS0246: The type or namespace name 'PlaceId' could not be found (are you missing a using directive or an assembly reference?)
Assets/Tests/EditMode/PlaceIdentityTests.cs(50,34): error CS0103: The name 'PlaceKind' does not exist in the current context
Assets/Tests/EditMode/PlaceIdentityTests.cs(51,32): error CS0246: The type or namespace name 'PlaceDefinition' could not be found (are you missing a using directive or an assembly reference?)
Assets/Tests/EditMode/PlaceIdentityTests.cs(54,34): error CS0246: The type or namespace name 'PlaceId' could not be found (are you missing a using directive or an assembly reference?)
Assets/Tests/EditMode/PlaceIdentityTests.cs(54,42): error CS0103: The name 'PlaceKind' does not exist in the current context
Assets/Tests/EditMode/PlaceIdentityTests.cs(55,32): error CS0246: The type or namespace name 'PlaceId' could not be found (are you missing a using directive or an assembly reference?)
Assets/Tests/EditMode/PlaceIdentityTests.cs(55,40): error CS0103: The name 'PlaceKind' does not exist in the current context
Assets/Tests/EditMode/PlaceIdentityTests.cs(56,32): error CS0246: The type or namespace name 'PlaceDefinition' could not be found (are you missing a using directive or an assembly reference?)
Assets/Tests/EditMode/PlaceIdentityTests.cs(59,34): error CS0246: The type or namespace name 'PlaceId' could not be found (are you missing a using directive or an assembly reference?)
Assets/Tests/EditMode/PlaceIdentityTests.cs(59,42): error CS0103: The name 'PlaceKind' does not exist in the current context
Assets/Tests/EditMode/PlaceIdentityTests.cs(60,32): error CS0246: The type or namespace name 'PlaceId' could not be found (are you missing a using directive or an assembly reference?)
Assets/Tests/EditMode/PlaceIdentityTests.cs(60,40): error CS0103: The name 'PlaceKind' does not exist in the current context
Assets/Tests/EditMode/PlaceIdentityTests.cs(61,31): error CS0246: The type or namespace name 'PlaceDefinitionCatalog' could not be found (are you missing a using directive or an assembly reference?)
Assets/Tests/EditMode/PlaceIdentityTests.cs(64,39): error CS0246: The type or namespace name 'PlaceDefinitionConflictException' could not be found (are you missing a using directive or an assembly reference?)
Assets/Tests/EditMode/UguiVisualQaDefectTests.cs(125,18): warning CS8321: The local function 'Add' is declared but never used
Assets/Tests/EditMode/PlaceIdentityTests.cs(74,56): error CS0246: The type or namespace name 'PlaceId' could not be found (are you missing a using directive or an assembly reference?)
Assets/Tests/EditMode/PlaceIdentityTests.cs(74,64): error CS0103: The name 'PlaceKind' does not exist in the current context
Assets/Tests/EditMode/PlaceIdentityTests.cs(75,56): error CS0246: The type or namespace name 'PlaceId' could not be found (are you missing a using directive or an assembly reference?)
Assets/Tests/EditMode/PlaceIdentityTests.cs(75,64): error CS0103: The name 'PlaceKind' does not exist in the current context
Assets/Tests/EditMode/PlaceIdentityTests.cs(77,31): error CS0246: The type or namespace name 'PlaceId' could not be found (are you missing a using directive or an assembly reference?)
Assets/Tests/EditMode/PlaceIdentityTests.cs(77,39): error CS0103: The name 'PlaceKind' does not exist in the current context
Assets/Tests/EditMode/PlaceIdentityTests.cs(78,33): error CS0246: The type or namespace name 'PlaceId' could not be found (are you missing a using directive or an assembly reference?)
Assets/Tests/EditMode/PlaceIdentityTests.cs(78,41): error CS0103: The name 'PlaceKind' does not exist in the current context
Assets/Tests/EditMode/PlaceIdentityTests.cs(79,37): error CS0246: The type or namespace name 'PlaceId' could not be found (are you missing a using directive or an assembly reference?)
Assets/Tests/EditMode/PlaceIdentityTests.cs(79,45): error CS0103: The name 'PlaceKind' does not exist in the current context
Assets/Tests/EditMode/PlaceIdentityTests.cs(89,29): error CS0246: The type or namespace name 'PlaceDefinition' could not be found (are you missing a using directive or an assembly reference?)
Assets/Tests/EditMode/PlaceIdentityTests.cs(90,21): error CS0246: The type or namespace name 'PlaceId' could not be found (are you missing a using directive or an assembly reference?)
Assets/Tests/EditMode/PlaceIdentityTests.cs(90,29): error CS0103: The name 'PlaceKind' does not exist in the current context
Assets/Tests/EditMode/PlaceIdentityTests.cs(92,30): error CS0246: The type or namespace name 'PlaceDefinition' could not be found (are you missing a using directive or an assembly reference?)
Assets/Tests/EditMode/PlaceIdentityTests.cs(93,21): error CS0246: The type or namespace name 'PlaceId' could not be found (are you missing a using directive or an assembly reference?)
Assets/Tests/EditMode/PlaceIdentityTests.cs(93,29): error CS0103: The name 'PlaceKind' does not exist in the current context
AssetDatabase: script compilation time: 1.466768s
Scripts have compiler errors.
[ExitDontLaunchBugReporter] Exiting without the bug reporter. Application will exit with return code 1
Total cache size 220435548
Total cache size after purge 220435548, took 00:00:00.0684318
[Package Manager] Server process was shutdown
