Unity Editor version:    6000.7.0a5 (a15235a53881)
Branch:                  trunk
Build type:              Release
Batch mode:              YES
macOS version:           Version 26.6.2 (Build 25G83)
Darwin version:          25.6.0
Architecture:            arm64
Running under Rosetta:   NO
Available memory:        65536 MB
Date:                    2026-09-08T07:00:29Z
VBCSCompilerPreWarmer: pre-warm launched (dotnet PID 37915)
VBCSCompiler prewarm took 1.51 ms

The following diagnostic switches are modified from their default values:
	DebugAllocatorMode: ReleaseMemory (default DecommitMemory)

[Licensing::Module] Trying to connect to existing licensing client channel...
[Licensing::IpcConnector] Successfully connected to: "LicenseClient-ilseoblee" at "2026-09-08T07:00:29.115592Z"
Launching external process: /Applications/Unity/Hub/Editor/6000.7.0a5/Unity.app/Contents/Helpers/PackageManager/Server/UnityPackageManager

COMMAND LINE ARGUMENTS:
/Applications/Unity/Hub/Editor/6000.7.0a5/Unity.app/Contents/MacOS/Unity
-batchmode
-nographics
-projectPath
/Users/ilseoblee/workspace/seoul-kenshi-wt/rtfc-phase-c/Game
-runTests
-testPlatform
EditMode
-testResults
/Users/ilseoblee/workspace/seoul-kenshi-wt/rtfc-phase-c/docs/verification/ulw-execute/rtfc/phase-c/simple-repair/editmode.xml
-logFile
/Users/ilseoblee/workspace/seoul-kenshi-wt/rtfc-phase-c/docs/verification/ulw-execute/rtfc/phase-c/simple-repair/editmode.log
Successfully changed project path to: /Users/ilseoblee/workspace/seoul-kenshi-wt/rtfc-phase-c/Game
/Users/ilseoblee/workspace/seoul-kenshi-wt/rtfc-phase-c/Game
[UnityMemory] Configuration Parameters - Can be set up in boot.config
    "memorysetup-temp-allocator-size-gi-baking-worker=262144"
    "memorysetup-temp-allocator-size-gi-baking-worker=262144"
    "memorysetup-temp-allocator-size-gi-baking-worker=262144"
    "memorysetup-temp-allocator-size-gi-baking-worker=262144"
    "memorysetup-temp-allocator-size-gi-baking-worker=262144"
    "memorysetup-temp-allocator-size-nav-mesh-worker=65536"
    "memorysetup-temp-allocator-size-audio-worker=65536"
    "memorysetup-temp-allocator-size-cloud-worker=32768"
    "memorysetup-entities-archetype-allocator-budget=16777216"
    "memorysetup-entities-query-allocator-budget=16777216"
    "memorysetup-temp-allocator-size-preload-manager=33554432"
    "memorysetup-remapper-allocator-initial-capacity=32768"
    "memorysetup-temp-allocator-size-gfx=262144"
    "memorysetup-allocator-temp-initial-block-size-main=262144"
    "memorysetup-allocator-temp-initial-block-size-worker=262144"
    "memorysetup-temp-allocator-size-background-worker=32768"
    "memorysetup-temp-allocator-size-job-worker=262144"
    "memorysetup-bucket-allocator-granularity=16"
    "memorysetup-bucket-allocator-bucket-count=8"
    "memorysetup-bucket-allocator-block-size=33554432"
    "memorysetup-bucket-allocator-block-count=8"
    "memorysetup-main-allocator-block-size=16777216"
    "memorysetup-thread-allocator-block-size=16777216"
    "memorysetup-main-allocator-mimalloc-enabled=1"
    "memorysetup-gfx-main-allocator-block-size=16777216"
    "memorysetup-gfx-thread-allocator-block-size=16777216"
    "memorysetup-cache-allocator-block-size=4194304"
    "memorysetup-typetree-allocator-block-size=2097152"
    "memorysetup-profiler-bucket-allocator-granularity=16"
    "memorysetup-profiler-bucket-allocator-bucket-count=8"
    "memorysetup-profiler-bucket-allocator-block-size=33554432"
    "memorysetup-profiler-bucket-allocator-block-count=8"
    "memorysetup-profiler-allocator-block-size=16777216"
    "memorysetup-profiler-editor-allocator-block-size=1048576"
    "memorysetup-temp-allocator-size-main=16777216"
    "memorysetup-job-temp-allocator-block-size=2097152"
    "memorysetup-job-temp-allocator-block-size-background=1048576"
    "memorysetup-job-temp-allocator-reduction-small-platforms=262144"
Logging is directed to a specific file, skipping project log.
Player connection [8286970240]  Target information:

Player connection [8286970240]  * "[IP] 192.168.0.218 [Port] 55504 [Flags] 2 [Guid] 2997373174 [EditorId] 2997373174 [Version] 1048832 [Id] OSXEditor(0,MacBook-Pro-2.local) [Debug] 1 [PackageName] OSXEditor [ProjectName] Editor" 

Player connection [8286970240]  * "[IP] 192.168.0.205 [Port] 55504 [Flags] 2 [Guid] 2997373174 [EditorId] 2997373174 [Version] 1048832 [Id] OSXEditor(0,MacBook-Pro-2.local) [Debug] 1 [PackageName] OSXEditor [ProjectName] Editor" 

Player connection [8286970240]  * "[IP] 100.71.30.111 [Port] 55504 [Flags] 2 [Guid] 2997373174 [EditorId] 2997373174 [Version] 1048832 [Id] OSXEditor(0,MacBook-Pro-2.local) [Debug] 1 [PackageName] OSXEditor [ProjectName] Editor" 

Player connection [8286970240] Host joined multi-casting on [225.0.0.222:54997]...
Player connection [8286970240] Host joined alternative multi-casting on [225.0.0.222:34997]...
Input System module state changed to: Initialized.
[Physics::Module] Initialized fallback backend.
[Physics::Module] Id: 0xdecafbad
[Package Manager] Connected to IPC stream "Upm-37912" after 0.1 seconds.
[Licensing::Module] Licensing is not yet initialized.
Launching external process: /Applications/Unity/Hub/Editor/6000.7.0a5/Unity.app/Contents/Helpers/UnityLicensingClient.app/Contents/MacOS/Unity.Licensing.Client
[Licensing::Client] Error: HandshakeResponse reported an error:
	ResponseCode: 505
	ResponseStatus: Unsupported protocol version '1.19.0-rc.1'.
[Licensing::Module] Error: Failed to handshake to channel: "LicenseClient-ilseoblee"
[Licensing::IpcConnector] LicenseClient-ilseoblee channel disconnected successfully.
[Licensing::IpcConnector] Channel LicenseClient-ilseoblee-6000.7.0 doesn't exist
[Licensing::Module] Successfully launched the LicensingClient (PId: 37917)
Initialising UDS system complete:
  - System type: Client
  - Resource namespace: bedb6b64f1cf1d03898d85e4adb30283
  - Shared memory size: 1073741824
  - Command buffer id: 1052672
  - Command buffer size: 8192
  - Hashmap size: 4194304
  - Service connected: false
[Licensing::IpcConnector] Successfully connected to: "LicenseClient-ilseoblee-6000.7.0" at "2026-09-08T07:00:29.666555Z"
[Licensing::Client] Handshaking with LicensingClient:
  Version:                 1.19.0-rc.1+a1d64c6
  Session Id:              0f07a3ff8dc843a69c64540a06d2a678
  Correlation Id:          88ce0d449c4b681fa3d5bba88951d697
  External correlation Id: 1808738980964653356
  Machine Id:              JxhzwWg3pWfWMny3n9AfODBHuIE=
[Licensing::Module] Successfully connected to LicensingClient on channel: "LicenseClient-ilseoblee-6000.7.0" (connect: 0.39s, validation: 0.00s, handshake: 0.06s)
[Licensing::IpcConnector] Successfully connected to: "LicenseClient-ilseoblee-6000.7.0-notifications" at "2026-09-08T07:00:29.723752Z"
[Licensing::Module] Connected to LicensingClient (PId: 37917, launch time: 0.00, total connection time: 0.44s)
[Licensing::Module] Error: Access token is unavailable; failed to update
[Licensing::Client] Successfully resolved entitlement details
[Licensing::Module] License group:
  Id: 86166-UnityPersXXXX
  Product: Unity Personal
  Type: Assigned
  Expiration: Unlimited
[Licensing::Client] Successfully updated license, isAsync: True, time: 0.00
[Licensing::Module] Licensing Background thread has ended after 0.61s
[Licensing::Module] Licensing is initialized (took 0.48s).
[Licensing::Client] Successfully resolved entitlement details
Library Redirect Path: Library/
Launching Unity Data Store - /Applications/Unity/Hub/Editor/6000.7.0a5/Unity.app/Contents/Helpers/Unity.DataStore 
Unity Data Store artifact dir = Library/DataStore, working dir = /Users/ilseoblee/workspace/seoul-kenshi-wt/rtfc-phase-c/Game[Physics::Module] Selected backend.
[Physics::Module] Name: PhysX
[Physics::Module] Id: 0xf2b8ea05
[Physics::Module] SDK Version: 4.1.2
[Physics::Module] Integration Version: 1.0.0
[Physics::Module] Threading Mode: Multi-Threaded
Unity Data Store running and initialised
Initialize engine version: 6000.7.0a5 (a15235a53881)
[EntityIdStore] init: VM path (explicit commit), pageSize=16384, blockCount=262144, entitiesPerBlock=1024, slots reserved=4294967296 bytes
[Subsystems] Discovering subsystems at path /Applications/Unity/Hub/Editor/6000.7.0a5/Unity.app/Contents/Resources/UnitySubsystems
[Subsystems] Discovering subsystems at path /Users/ilseoblee/workspace/seoul-kenshi-wt/rtfc-phase-c/Game/Assets
Forcing GfxDevice: Null
GfxDevice: creating device client; kGfxThreadingModeNonThreaded
NullGfxDevice:
    Version:  NULL 1.0 [1.0]
    Renderer: Null Device
    Vendor:   Unity Technologies
Initialize mono
Mono path[0] = '/Applications/Unity/Hub/Editor/6000.7.0a5/Unity.app/Contents/Resources/Scripting/Managed'
Mono path[1] = '/Applications/Unity/Hub/Editor/6000.7.0a5/Unity.app/Contents/Resources/Scripting/BCLExtensions/runtime/netstandard2.1'
Mono path[2] = '/Applications/Unity/Hub/Editor/6000.7.0a5/Unity.app/Contents/Resources/Scripting/MonoBleedingEdge/lib/mono/unityjit-macos'
Mono config path = '/Applications/Unity/Hub/Editor/6000.7.0a5/Unity.app/Contents/Resources/Scripting/MonoBleedingEdge/etc'
Using monoOptions --debugger-agent=transport=dt_socket,embedding=1,server=y,suspend=n,address=127.0.0.1:56912
CodeReloadManager initialized
ImportWorker Server TCP listen port: 0
AcceleratorClientConnectionCallback - disconnected - :0
Begin MonoManager ReloadAssembly
Registering precompiled unity dll's ...
Register platform support module: /Applications/Unity/Hub/Editor/6000.7.0a5/PlaybackEngines/WebGLSupport/UnityEditor.WebGL.Extensions.dll
Register platform support module: /Applications/Unity/Hub/Editor/6000.7.0a5/PlaybackEngines/MacStandaloneSupport/UnityEditor.OSXStandalone.Extensions.dll
Register platform support module: /Applications/Unity/Hub/Editor/6000.7.0a5/PlaybackEngines/WindowsStandaloneSupport/UnityEditor.WindowsStandalone.Extensions.dll
[Licensing::Client] Successfully resolved entitlement details
Register platform support module: /Applications/Unity/Hub/Editor/6000.7.0a5/PlaybackEngines/AndroidPlayer/UnityEditor.Android.Extensions.dll
[Licensing::Client] Successfully resolved entitlement details
Register platform support module: /Applications/Unity/Hub/Editor/6000.7.0a5/PlaybackEngines/iOSSupport/UnityEditor.iOS.Extensions.dll
Register platform support module: /Applications/Unity/Hub/Editor/6000.7.0a5/PlaybackEngines/LinuxStandaloneSupport/UnityEditor.LinuxStandalone.Extensions.dll
Registered in 0.001344 seconds.
[MODES] ModeService[none].Initialize
[MODES] ModeService[none].LoadModes
[MODES] Loading mode Default (0) for mode-current-id-잔선: 서울
Package Manager log level set to [2]
Native extension for LinuxStandalone target not found
[usbmuxd] Start listen thread
[usbmuxd] Listen thread started
[usbmuxd] Send listen message
Native extension for iOS target not found
Native extension for Android target not found
Native extension for WindowsStandalone target not found
Native extension for OSXStandalone target not found
Native extension for WebGL target not found
[Licensing::Client] Successfully resolved entitlement details
Diagnostic switches are active and may impact performance or degrade your user experience. Switches can be configured through the Diagnostics section in the Preferences window.
	DebugAllocatorMode: 0
ScheduleIndexationOnStartup MainProcess:False IndexOnStartup:False
Scripting: successfully reloaded assembly
- Finished resetting the current domain, in  1.850 seconds
Domain Reload Profiling: 2083ms
	BeginReloadAssembly (39ms)
		CreateAndSetChildDomain (6ms)
	RebuildNativeTypeToScriptingClass (7ms)
	initialDomainReloadingComplete (24ms)
	LoadAllAssembliesAndSetupDomain (160ms)
		LoadAssemblies (34ms)
		TypeCache.Refresh (96ms)
			TypeCache.ScanAssembly (89ms)
		AnalyzeDomain (0ms)
	FinalizeReload (1851ms)
		SetupLoadedEditorAssemblies (0ms)
			InitializePlatformSupportModulesInManaged (21ms)
			BeforeProcessingInitializeOnLoad (73ms)
			ProcessInitializeOnLoadAttributes (24ms)
			ProcessInitializeOnLoadMethodAttributes (1611ms)
[Licensing::Client] Successfully resolved entitlement details
Application.AssetDatabase Initial Refresh Start
[Package Manager] Restoring resolved packages state from cache
[Licensing::Client] Successfully resolved entitlement details
[Package Manager] Registered 57 packages:
  Packages from [https://packages.unity.com]:
    com.unity.ide.rider@3.0.38 (location: /Users/ilseoblee/workspace/seoul-kenshi-wt/rtfc-phase-c/Game/Library/PackageCache/com.unity.ide.rider@1f60b3138684)
    com.unity.ide.visualstudio@2.0.26 (location: /Users/ilseoblee/workspace/seoul-kenshi-wt/rtfc-phase-c/Game/Library/PackageCache/com.unity.ide.visualstudio@a99d56dec63f)
    com.unity.inputsystem@1.20.0 (location: /Users/ilseoblee/workspace/seoul-kenshi-wt/rtfc-phase-c/Game/Library/PackageCache/com.unity.inputsystem@7a4e1a2a8194)
    com.unity.searcher@4.9.5 (location: /Users/ilseoblee/workspace/seoul-kenshi-wt/rtfc-phase-c/Game/Library/PackageCache/com.unity.searcher@a463122f2c00)
    com.unity.nuget.mono-cecil@1.11.6 (location: /Users/ilseoblee/workspace/seoul-kenshi-wt/rtfc-phase-c/Game/Library/PackageCache/com.unity.nuget.mono-cecil@ecb9724e46ff)
  Built-in packages:
    com.unity.render-pipelines.universal@17.7.0 (location: /Users/ilseoblee/workspace/seoul-kenshi-wt/rtfc-phase-c/Game/Library/PackageCache/com.unity.render-pipelines.universal@c657e0850617)
    com.unity.test-framework@1.8.0 (location: /Users/ilseoblee/workspace/seoul-kenshi-wt/rtfc-phase-c/Game/Library/PackageCache/com.unity.test-framework@4c309923fa3b)
    com.unity.ugui@2.7.0 (location: /Users/ilseoblee/workspace/seoul-kenshi-wt/rtfc-phase-c/Game/Library/PackageCache/com.unity.ugui@8e276752998c)
    com.unity.modules.accessibility@1.0.0 (location: /Users/ilseoblee/workspace/seoul-kenshi-wt/rtfc-phase-c/Game/Library/PackageCache/com.unity.modules.accessibility)
    com.unity.modules.adaptiveperformance@1.0.0 (location: /Users/ilseoblee/workspace/seoul-kenshi-wt/rtfc-phase-c/Game/Library/PackageCache/com.unity.modules.adaptiveperformance)
    com.unity.modules.ai@1.0.0 (location: /Users/ilseoblee/workspace/seoul-kenshi-wt/rtfc-phase-c/Game/Library/PackageCache/com.unity.modules.ai)
    com.unity.modules.androidjni@1.0.0 (location: /Users/ilseoblee/workspace/seoul-kenshi-wt/rtfc-phase-c/Game/Library/PackageCache/com.unity.modules.androidjni)
    com.unity.modules.animation@1.0.0 (location: /Users/ilseoblee/workspace/seoul-kenshi-wt/rtfc-phase-c/Game/Library/PackageCache/com.unity.modules.animation)
    com.unity.modules.assetbundle@1.0.0 (location: /Users/ilseoblee/workspace/seoul-kenshi-wt/rtfc-phase-c/Game/Library/PackageCache/com.unity.modules.assetbundle)
    com.unity.modules.audio@1.0.0 (location: /Users/ilseoblee/workspace/seoul-kenshi-wt/rtfc-phase-c/Game/Library/PackageCache/com.unity.modules.audio)
    com.unity.modules.cloth@1.0.0 (location: /Users/ilseoblee/workspace/seoul-kenshi-wt/rtfc-phase-c/Game/Library/PackageCache/com.unity.modules.cloth)
    com.unity.modules.director@1.0.0 (location: /Users/ilseoblee/workspace/seoul-kenshi-wt/rtfc-phase-c/Game/Library/PackageCache/com.unity.modules.director)
    com.unity.modules.imageconversion@1.0.0 (location: /Users/ilseoblee/workspace/seoul-kenshi-wt/rtfc-phase-c/Game/Library/PackageCache/com.unity.modules.imageconversion)
    com.unity.modules.imgui@1.0.0 (location: /Users/ilseoblee/workspace/seoul-kenshi-wt/rtfc-phase-c/Game/Library/PackageCache/com.unity.modules.imgui)
    com.unity.modules.jsonserialize@1.0.0 (location: /Users/ilseoblee/workspace/seoul-kenshi-wt/rtfc-phase-c/Game/Library/PackageCache/com.unity.modules.jsonserialize)
    com.unity.modules.particlesystem@1.0.0 (location: /Users/ilseoblee/workspace/seoul-kenshi-wt/rtfc-phase-c/Game/Library/PackageCache/com.unity.modules.particlesystem)
    com.unity.modules.physics@1.0.0 (location: /Users/ilseoblee/workspace/seoul-kenshi-wt/rtfc-phase-c/Game/Library/PackageCache/com.unity.modules.physics)
    com.unity.modules.physics2d@1.0.0 (location: /Users/ilseoblee/workspace/seoul-kenshi-wt/rtfc-phase-c/Game/Library/PackageCache/com.unity.modules.physics2d)
    com.unity.modules.physicscore2d@1.0.0 (location: /Users/ilseoblee/workspace/seoul-kenshi-wt/rtfc-phase-c/Game/Library/PackageCache/com.unity.modules.physicscore2d)
    com.unity.modules.screencapture@1.0.0 (location: /Users/ilseoblee/workspace/seoul-kenshi-wt/rtfc-phase-c/Game/Library/PackageCache/com.unity.modules.screencapture)
    com.unity.modules.smartstrings@1.0.0 (location: /Users/ilseoblee/workspace/seoul-kenshi-wt/rtfc-phase-c/Game/Library/PackageCache/com.unity.modules.smartstrings)
    com.unity.modules.terrain@1.0.0 (location: /Users/ilseoblee/workspace/seoul-kenshi-wt/rtfc-phase-c/Game/Library/PackageCache/com.unity.modules.terrain)
    com.unity.modules.terrainphysics@1.0.0 (location: /Users/ilseoblee/workspace/seoul-kenshi-wt/rtfc-phase-c/Game/Library/PackageCache/com.unity.modules.terrainphysics)
    com.unity.modules.tetgen@1.0.0 (location: /Users/ilseoblee/workspace/seoul-kenshi-wt/rtfc-phase-c/Game/Library/PackageCache/com.unity.modules.tetgen)
    com.unity.modules.tilemap@1.0.0 (location: /Users/ilseoblee/workspace/seoul-kenshi-wt/rtfc-phase-c/Game/Library/PackageCache/com.unity.modules.tilemap)
    com.unity.modules.timelinefoundation@1.0.0 (location: /Users/ilseoblee/workspace/seoul-kenshi-wt/rtfc-phase-c/Game/Library/PackageCache/com.unity.modules.timelinefoundation)
    com.unity.modules.ui@1.0.0 (location: /Users/ilseoblee/workspace/seoul-kenshi-wt/rtfc-phase-c/Game/Library/PackageCache/com.unity.modules.ui)
    com.unity.modules.uielements@1.0.0 (location: /Users/ilseoblee/workspace/seoul-kenshi-wt/rtfc-phase-c/Game/Library/PackageCache/com.unity.modules.uielements)
    com.unity.modules.umbra@1.0.0 (location: /Users/ilseoblee/workspace/seoul-kenshi-wt/rtfc-phase-c/Game/Library/PackageCache/com.unity.modules.umbra)
    com.unity.modules.unityanalytics@1.0.0 (location: /Users/ilseoblee/workspace/seoul-kenshi-wt/rtfc-phase-c/Game/Library/PackageCache/com.unity.modules.unityanalytics)
    com.unity.modules.unitywebrequest@1.0.0 (location: /Users/ilseoblee/workspace/seoul-kenshi-wt/rtfc-phase-c/Game/Library/PackageCache/com.unity.modules.unitywebrequest)
    com.unity.modules.unitywebrequestassetbundle@1.0.0 (location: /Users/ilseoblee/workspace/seoul-kenshi-wt/rtfc-phase-c/Game/Library/PackageCache/com.unity.modules.unitywebrequestassetbundle)
    com.unity.modules.unitywebrequestaudio@1.0.0 (location: /Users/ilseoblee/workspace/seoul-kenshi-wt/rtfc-phase-c/Game/Library/PackageCache/com.unity.modules.unitywebrequestaudio)
    com.unity.modules.unitywebrequesttexture@1.0.0 (location: /Users/ilseoblee/workspace/seoul-kenshi-wt/rtfc-phase-c/Game/Library/PackageCache/com.unity.modules.unitywebrequesttexture)
    com.unity.modules.unitywebrequestwww@1.0.0 (location: /Users/ilseoblee/workspace/seoul-kenshi-wt/rtfc-phase-c/Game/Library/PackageCache/com.unity.modules.unitywebrequestwww)
    com.unity.modules.vectorgraphics@1.0.0 (location: /Users/ilseoblee/workspace/seoul-kenshi-wt/rtfc-phase-c/Game/Library/PackageCache/com.unity.modules.vectorgraphics)
    com.unity.modules.vehicles@1.0.0 (location: /Users/ilseoblee/workspace/seoul-kenshi-wt/rtfc-phase-c/Game/Library/PackageCache/com.unity.modules.vehicles)
    com.unity.modules.video@1.0.0 (location: /Users/ilseoblee/workspace/seoul-kenshi-wt/rtfc-phase-c/Game/Library/PackageCache/com.unity.modules.video)
    com.unity.modules.wind@1.0.0 (location: /Users/ilseoblee/workspace/seoul-kenshi-wt/rtfc-phase-c/Game/Library/PackageCache/com.unity.modules.wind)
    com.unity.modules.xr@1.0.0 (location: /Users/ilseoblee/workspace/seoul-kenshi-wt/rtfc-phase-c/Game/Library/PackageCache/com.unity.modules.xr)
    com.unity.modules.subsystems@1.0.0 (location: /Users/ilseoblee/workspace/seoul-kenshi-wt/rtfc-phase-c/Game/Library/PackageCache/com.unity.modules.subsystems)
    com.unity.modules.hierarchycore@1.0.0 (location: /Users/ilseoblee/workspace/seoul-kenshi-wt/rtfc-phase-c/Game/Library/PackageCache/com.unity.modules.hierarchycore)
    com.unity.ext.nunit@2.1.1 (location: /Users/ilseoblee/workspace/seoul-kenshi-wt/rtfc-phase-c/Game/Library/PackageCache/com.unity.ext.nunit@f6178be85c6e)
    com.unity.render-pipelines.core@17.7.0 (location: /Users/ilseoblee/workspace/seoul-kenshi-wt/rtfc-phase-c/Game/Library/PackageCache/com.unity.render-pipelines.core@c86064616c0c)
    com.unity.shadergraph@17.7.0 (location: /Users/ilseoblee/workspace/seoul-kenshi-wt/rtfc-phase-c/Game/Library/PackageCache/com.unity.shadergraph@f32f227ad317)
    com.unity.render-pipelines.universal-config@17.7.0 (location: /Users/ilseoblee/workspace/seoul-kenshi-wt/rtfc-phase-c/Game/Library/PackageCache/com.unity.render-pipelines.universal-config@767fc04a69c2)
    com.unity.graph-authoring@1.0.0 (location: /Users/ilseoblee/workspace/seoul-kenshi-wt/rtfc-phase-c/Game/Library/PackageCache/com.unity.graph-authoring@cfd2588851ee)
    com.unity.burst@2.0.0 (location: /Users/ilseoblee/workspace/seoul-kenshi-wt/rtfc-phase-c/Game/Library/PackageCache/com.unity.burst@626e66ab421b)
    com.unity.collections@6.7.0 (location: /Users/ilseoblee/workspace/seoul-kenshi-wt/rtfc-phase-c/Game/Library/PackageCache/com.unity.collections@642e35c36221)
    com.unity.profiling.core@1.0.3 (location: /Users/ilseoblee/workspace/seoul-kenshi-wt/rtfc-phase-c/Game/Library/PackageCache/com.unity.profiling.core@9f367c25a5d3)
    com.unity.test-framework.performance@6.6.0 (location: /Users/ilseoblee/workspace/seoul-kenshi-wt/rtfc-phase-c/Game/Library/PackageCache/com.unity.test-framework.performance@2779acc3f9c0)
  Git packages:
    jp.hadashikick.vcontainer@https://github.com/hadashiA/VContainer.git?path=VContainer/Assets/VContainer#1.19.0 (location: /Users/ilseoblee/workspace/seoul-kenshi-wt/rtfc-phase-c/Game/Library/PackageCache/jp.hadashikick.vcontainer@dcf16cda6a65)
[Subsystems] No new subsystems found in resolved package list.
[Package Manager] Done registering packages in 0.00 seconds
ADB: OOP importers: 'AudioImporter' is OOP-eligible (per-importer)
ADB: OOP importers: 'ComputeShaderImporter' is OOP-eligible (per-importer)
ADB: OOP importers: 'FBXImporter' is OOP-eligible (per-importer)
ADB: OOP importers: 'Mesh3DSImporter' is OOP-eligible (per-importer)
ADB: OOP importers: 'PrefabImporter' is OOP-eligible (per-importer)
ADB: OOP importers: 'RayTracingShaderImporter' is OOP-eligible (per-importer)
ADB: OOP importers: 'ShaderImporter' is OOP-eligible (per-importer)
ADB: OOP importers: 'TextScriptImporter' is OOP-eligible (per-importer)
ADB: OOP importers: 'TextureImporter' is OOP-eligible (per-importer)
ADB: OOP importers: 'TrueTypeFontImporter' is OOP-eligible (per-importer)
ADB: OOP importers: 'VideoClipImporter' is OOP-eligible (per-importer)
ADB: OOP importers: queue -1003 composition: TextureImporter, TextureImporter, TextureImporter, TextureImporter, TextureImporter, TextureImporter, TextureImporter, TextureImporter, TextureImporter, TextureImporter, TextureImporter, TextureImporter, TextureImporter, TextureImporter, TextureImporter (only the named importers above run OOP; the rest stay in-process)
ADB: OOP importers: queue -1001 composition: ShaderImporter, ComputeShaderImporter, RayTracingShaderImporter (only the named importers above run OOP; the rest stay in-process)
ADB: OOP importers: queue 2 composition: TrueTypeFontImporter, TrueTypeFontImporter, TrueTypeFontImporter, TrueTypeFontImporter (only the named importers above run OOP; the rest stay in-process)
ADB: OOP importers: queue 100 composition: Mesh3DSImporter, FBXImporter, FBXImporter, FBXImporter, FBXImporter, FBXImporter, FBXImporter, FBXImporter, FBXImporter, FBXImporter, FBXImporter (only the named importers above run OOP; the rest stay in-process)
ADB: OOP importers: queue 1050 composition: TextScriptImporter, TextScriptImporter, TextScriptImporter, TextScriptImporter, TextScriptImporter, TextScriptImporter, TextScriptImporter, TextScriptImporter, TextScriptImporter, TextScriptImporter, TextScriptImporter, TextScriptImporter (only the named importers above run OOP; the rest stay in-process)
ADB: OOP importers: queue 1100 composition: AudioImporter, AudioImporter, AudioImporter, AudioImporter, AudioImporter, AudioImporter, AudioImporter, AudioImporter, AudioImporter, AudioImporter (only the named importers above run OOP; the rest stay in-process)
ADB: OOP importers: queue 1500 composition: PrefabImporter (only the named importers above run OOP; the rest stay in-process)
ADB: OOP importers: queue 1700 composition: VideoClipImporter, VideoClipImporter, VideoClipImporter, VideoClipImporter, VideoClipImporter, VideoClipImporter, VideoClipImporter, VideoClipImporter, VideoClipImporter, VideoClipImporter (only the named importers above run OOP; the rest stay in-process)
Starting: /Applications/Unity/Hub/Editor/6000.7.0a5/Unity.app/Contents/Resources/BuildPipeline/bee_backend --ipc --defer-dag-verification --dagfile="Library/Bee/200b0aE.dag" --continue-on-failure --profile="Library/Bee/backend1.traceevents" ScriptAssemblies
WorkingDir: /Users/ilseoblee/workspace/seoul-kenshi-wt/rtfc-phase-c/Game
DisplayProgressbar: Compiling Scripts
warn: Unity.ILPP.Runner.PostProcessingAssemblyLoadContext[0]
      Assembly unityeditor.ios.extensions.xcode has duplicate hint path. Ignoring "/Applications/Unity/Hub/Editor/6000.7.0a5/PlaybackEngines/iOSSupport/UnityEditor.iOS.Extensions.Xcode.dll" in favor of "/Applications/Unity/Hub/Editor/6000.7.0a5/PlaybackEngines/MacStandaloneSupport/UnityEditor.iOS.Extensions.Xcode.dll"
warn: Unity.ILPP.Runner.PostProcessingAssemblyLoadContext[0]
      Assembly system.runtime.interopservices.windowsruntime has duplicate hint path. Ignoring "/Applications/Unity/Hub/Editor/6000.7.0a5/Unity.app/Contents/Resources/Scripting/UnityReferenceAssemblies/unity-4.8-api/Facades/System.Runtime.InteropServices.WindowsRuntime.dll" in favor of "/Applications/Unity/Hub/Editor/6000.7.0a5/Unity.app/Contents/Resources/Scripting/NetStandard/Extensions/2.0.0/System.Runtime.InteropServices.WindowsRuntime.dll"
warn: Unity.ILPP.Runner.PostProcessingAssemblyLoadContext[0]
      Assembly system.componentmodel.composition has duplicate hint path. Ignoring "/Applications/Unity/Hub/Editor/6000.7.0a5/Unity.app/Contents/Resources/Scripting/UnityReferenceAssemblies/unity-4.8-api/System.ComponentModel.Composition.dll" in favor of "/Applications/Unity/Hub/Editor/6000.7.0a5/Unity.app/Contents/Resources/Scripting/NetStandard/compat/2.1.0/shims/netfx/System.ComponentModel.Composition.dll"
ExitCode: 0 Duration: 0s161ms
[570/736    0s] ILPP-Configuration Library/ilpp-configuration.nevergeneratedoutput
*** Tundra build success (0.15 seconds), 1 items updated, 736 evaluated
AssetDatabase: script compilation time: 0.433539s
Begin MonoManager ReloadAssembly
Total cache size 267856808
Total cache size after purge 267856808, took 00:00:00.0998550
'Packages/com.unity.render-pipelines.core/Editor/Deprecated.cs' contains partial class of Unity.Object, exactly 1 of the partial classes needs to be in a file with the same filename. This is to know the one that can be referenced from ie. GameObjects
'Packages/com.unity.render-pipelines.core/Editor/Deprecated.cs' contains partial class of Unity.Object, exactly 1 of the partial classes needs to be in a file with the same filename. This is to know the one that can be referenced from ie. GameObjects
[MODES] ModeService[none].Initialize
[MODES] ModeService[none].LoadModes
Native extension for LinuxStandalone target not found
Native extension for iOS target not found
Native extension for Android target not found
Native extension for WindowsStandalone target not found
Native extension for OSXStandalone target not found
Native extension for WebGL target not found
ScheduleIndexationOnStartup MainProcess:True IndexOnStartup:False
Diagnostic switches are active and may impact performance or degrade your user experience. Switches can be configured through the Diagnostics section in the Preferences window.
	DebugAllocatorMode: 0
Scripting: successfully reloaded assembly
- Finished resetting the current domain, in  0.294 seconds
Domain Reload Profiling: 608ms
	BeginReloadAssembly (89ms)
		DisableScriptedObjects (6ms)
		CreateAndSetChildDomain (22ms)
	RebuildCommonClasses (3ms)
	RebuildNativeTypeToScriptingClass (6ms)
	initialDomainReloadingComplete (23ms)
	LoadAllAssembliesAndSetupDomain (192ms)
		LoadAssemblies (79ms)
		TypeCache.Refresh (39ms)
			TypeCache.ScanAssembly (33ms)
		AnalyzeDomain (17ms)
			BuildScriptInfoCaches (15ms)
	FinalizeReload (294ms)
		SetupLoadedEditorAssemblies (0ms)
			InitializePlatformSupportModulesInManaged (7ms)
			BeforeProcessingInitializeOnLoad (42ms)
			ProcessInitializeOnLoadAttributes (46ms)
			ProcessInitializeOnLoadMethodAttributes (28ms)
		AwakeInstancesAfterBackupRestoration (8ms)
Starting new worker id: 0 with log in /Users/ilseoblee/workspace/seoul-kenshi-wt/rtfc-phase-c/Game/Logs/AssetImportWorkerHW0.log
Worker ready: AssetImportWorkerHW0 0

Asset Pipeline Refresh (id=b74839ea55b2c4e60b901a11e938e184): Total: 2.747 seconds - Initiated by InitialRefreshV2(ForceSynchronousImport)
	(Values over 0.05ms)
	Summary:
		Imports: total=0 (actual=0, local cache=0, cache server=0)
		Asset DB Process Time: managed=0 ms, native=699 ms
		Asset DB Callback time: managed=1284 ms, native=3 ms
		Scripting: domain reloads=1, domain reload time=325 ms, compile time=434 ms, other=0 ms
		Project Asset Count: scripts=982, non-scripts=2772
		Asset File Changes: new=0, changed=0, moved=0, deleted=0
		Scan Filter Count: 1
	InvokePackagesCallback: 3.507ms
	ApplyChangesToAssetFolders: 0.165ms
	Scan: 321.654ms
	Collect global state as custom dependencies: 2.722ms
	CategorizeScriptCompilationAssets: 8.345ms
	ProcessAssetsWithTransientArtifactChanges: 14.121ms
	CategorizeAssets: 25.107ms
	CompileScripts: 434.125ms
	ImportOutOfDateAssets: 297.457ms (295.805ms without children)
		UnloadImportedAssets: 0.119ms
		EnsureUptoDateAssetsAreRegisteredWithGuidPM: 0.271ms
		ImportSchedulerStart: 1.260ms
	PostProcessAllAssets: 1284.196ms
		MonoPostProcessAllAssets: 1284.172ms
			UniversalRenderPipelineGlobalSettingsPostprocessor.OnPostprocessAllAssets 1274.356ms
			SyncVS.PostprocessSyncProject 3.850ms
			SpeedTree9Postprocessor.OnPostprocessAllAssets 0.707ms
			EditModeScopePostprocessor.OnPostprocessAllAssets 0.587ms
			ShaderReflectionAssetPostProcessor.OnPostprocessAllAssets 0.215ms
			TerrainToolbarOverlayPostProcessor.OnPostprocessAllAssets 0.112ms
			ReferencedClipsPostProcessor.OnPostprocessAllAssets 0.108ms
			InputActionAssetPostprocessor.OnPostprocessAllAssets 0.103ms
			WindowAssetPostprocessingWatcher.OnPostprocessAllAssets 0.102ms
			ProjectSettingsPostprocessor.OnPostprocessAllAssets 0.085ms
			AssetDatabaseCallbacks.OnPostprocessAllAssets 0.067ms
	UnloadStreamsBegin: 0.705ms
	PersistCurrentRevisions: 0.070ms
	GenerateScriptTypeHashes: 0.766ms
	GenerateScriptTypeSerializationHashes: 1.598ms
	Untracked: 353.019ms

Application.AssetDatabase Initial Refresh End
Shader Hidden/ChartRasterizerHardware is not supported: GPU does not support conservative rasterization
Shader Hidden/ChartRasterizerHardware is not supported: GPU does not support conservative rasterization
Scanning for USB devices : 0.389ms
Initializing Unity extensions:
Unloading 265 Unused Serialized files (Serialized files now loaded: 0)
Unloading 3811 unused Assets / (4.9 MB). Loaded Objects now: 4787.
Memory consumption went from 511.5 MB to 506.6 MB.
Total: 5.033167 ms (FindLiveObjects: 0.223125 ms CreateObjectMapping: 0.048916 ms MarkObjects: 3.699792 ms  DeleteObjects: 1.007125 ms)

[Project] Loading completed in 6.365 seconds
	Project init time: 				6.068 seconds
		Template init time: 		0.000 seconds
		Package Manager init time: 		0.535 seconds
		Asset Database init time: 		0.107 seconds
		Global illumination init time: 	0.001 seconds
		Assemblies load time: 			2.094 seconds
		Unity extensions init time: 	0.004 seconds
		Asset Database refresh time: 	2.747 seconds
	Scene opening time: 			0.265 seconds
##utp:{"type":"ProjectInfo","version":2,"phase":"Immediate","time":1788850835476,"processId":37912,"projectLoad":6.365005333000001,"projectInit":6.06825325,"templateInit":0.0,"packageManagerInit":0.535309709,"assetDatabaseInit":0.107104334,"globalIlluminationInit":0.000693083,"assembliesLoad":2.094282666,"unityExtensionsInit":0.004390708,"assetDatabaseRefresh":2.746739709,"sceneOpening":0.264651041}
##utp:{"type":"EditorInfo","version":2,"phase":"Immediate","time":1788850835476,"processId":37912,"editorVersion":"6000.7.0a5 (a15235a53881)","branch":"trunk","buildType":"Release","platform":"OSX"}

Asset Pipeline Refresh (id=c2350ed7d1d54461791b1a978ae28168): Total: 0.337 seconds - Initiated by RefreshV2(ForceSynchronousImport)
	(Values over 0.05ms)
	Summary:
		Imports: total=0 (actual=0, local cache=0, cache server=0)
		Asset DB Process Time: managed=0 ms, native=336 ms
		Asset DB Callback time: managed=0 ms, native=0 ms
		Scripting: domain reloads=0, domain reload time=0 ms, compile time=0 ms, other=0 ms
		Project Asset Count: scripts=982, non-scripts=2772
		Asset File Changes: new=0, changed=0, moved=0, deleted=0
		Scan Filter Count: 1
	InvokePackagesCallback: 0.253ms
	ApplyChangesToAssetFolders: 0.063ms
	Scan: 314.864ms
	Collect global state as custom dependencies: 0.260ms
	CategorizeAssets: 18.486ms
	ImportOutOfDateAssets: 0.441ms (0.070ms without children)
		EnsureUptoDateAssetsAreRegisteredWithGuidPM: 0.179ms
		ImportSchedulerStart: 0.122ms
	GatherAllCurrentPrimaryImportResultRevisions: 0.079ms
	PersistCurrentRevisions: 0.070ms
	Untracked: 1.293ms

[Licensing::Client] Successfully resolved entitlement details
Running tests for ExecutionSettings with details:
targetPlatform = 
playerHeartbeatTimeout = 600
filters[0] = 
   Filter with settings:
   testMode = EditMode
   targetPlatform = 
   testNames = null
   groupNames = null
   categoryNames = null
   assemblyNames = null
ignoreTests = {}
featureFlags = null

UnityEngine.Debug:ExtractStackTraceNoAlloc (byte*,int,string)
UnityEngine.StackTraceUtility:ExtractStackTrace () (at /Users/bokken/build/output/unity/unity/Runtime/Export/Scripting/StackTrace.cs:23)
UnityEngine.DebugLogHandler:Internal_Log (UnityEngine.LogType,UnityEngine.LogOption,string,UnityEngine.Object)
UnityEngine.DebugLogHandler:LogFormat (UnityEngine.LogType,UnityEngine.Object,string,object[])
UnityEngine.Logger:Log (UnityEngine.LogType,object)
UnityEngine.Debug:Log (object)
UnityEditor.TestTools.TestRunner.CommandLineTest.Executer:InitializeAndExecuteRun (string[]) (at ./Library/PackageCache/com.unity.test-framework@4c309923fa3b/UnityEditor.TestRunner/CommandLineTest/Executer.cs:53)
UnityEditor.TestTools.TestRunner.CommandLineTest.TestStarter:InitializeAndExecuteRun () (at ./Library/PackageCache/com.unity.test-framework@4c309923fa3b/UnityEditor.TestRunner/CommandLineTest/TestStarter.cs:64)
UnityEditor.EditorApplication:Internal_CallUpdateFunctions () (at /Users/bokken/build/output/unity/unity/Editor/Mono/EditorApplication.cs:463)

(Filename: ./Library/PackageCache/com.unity.test-framework@4c309923fa3b/UnityEditor.TestRunner/CommandLineTest/Executer.cs Line: 53)

[UnityConnectServicesConfig] config is NOT valid, switching to default
Created GICache directory at /Users/ilseoblee/Library/Caches/com.unity3d.UnityEditor/GiCache. Took: 0.005s, timestamps: [6.366 - 6.371]
Unloading 1 Unused Serialized files (Serialized files now loaded: 0)
Unloading 1 unused Assets / (4.5 KB). Loaded Objects now: 4948.
Memory consumption went from 414.3 MB to 414.3 MB.
Total: 4.600625 ms (FindLiveObjects: 0.120542 ms CreateObjectMapping: 0.023792 ms MarkObjects: 4.388250 ms  DeleteObjects: 0.015959 ms)

Executing IPrebuildSetup for: Unity.PerformanceTesting.Editor.TestRunBuilder.
UnityEngine.Debug:ExtractStackTraceNoAlloc (byte*,int,string)
UnityEngine.StackTraceUtility:ExtractStackTrace () (at /Users/bokken/build/output/unity/unity/Runtime/Export/Scripting/StackTrace.cs:23)
UnityEngine.DebugLogHandler:Internal_Log (UnityEngine.LogType,UnityEngine.LogOption,string,UnityEngine.Object)
UnityEngine.DebugLogHandler:LogFormat (UnityEngine.LogType,UnityEngine.Object,string,object[])
UnityEngine.Logger:Log (UnityEngine.LogType,object)
UnityEngine.Debug:Log (object)
UnityEditor.TestTools.TestRunner.TestRun.Tasks.BuildActionTaskBase`1/<ExecuteMethods>d__8<UnityEngine.TestTools.IPrebuildSetup>:MoveNext () (at ./Library/PackageCache/com.unity.test-framework@4c309923fa3b/UnityEditor.TestRunner/TestRun/Tasks/BuildActionTaskBase.cs:48)
UnityEditor.TestTools.TestRunner.TestRun.Tasks.BuildActionTaskBase`1/<Execute>d__7<UnityEngine.TestTools.IPrebuildSetup>:MoveNext () (at ./Library/PackageCache/com.unity.test-framework@4c309923fa3b/UnityEditor.TestRunner/TestRun/Tasks/BuildActionTaskBase.cs:34)
UnityEditor.TestTools.TestRunner.TestRun.TestJobRunner:ExecuteStep () (at ./Library/PackageCache/com.unity.test-framework@4c309923fa3b/UnityEditor.TestRunner/TestRun/TestJobRunner.cs:194)
UnityEditor.TestTools.TestRunner.TestRun.TestJobRunner:ExecuteCallback () (at ./Library/PackageCache/com.unity.test-framework@4c309923fa3b/UnityEditor.TestRunner/TestRun/TestJobRunner.cs:129)
UnityEditor.EditorApplication:Internal_CallUpdateFunctions () (at /Users/bokken/build/output/unity/unity/Editor/Mono/EditorApplication.cs:463)

(Filename: ./Library/PackageCache/com.unity.test-framework@4c309923fa3b/UnityEditor.TestRunner/TestRun/Tasks/BuildActionTaskBase.cs Line: 48)

JANSEON_STARTUP_READY screen=MainTitle
UnityEngine.Debug:ExtractStackTraceNoAlloc (byte*,int,string)
UnityEngine.StackTraceUtility:ExtractStackTrace () (at /Users/bokken/build/output/unity/unity/Runtime/Export/Scripting/StackTrace.cs:23)
UnityEngine.DebugLogHandler:Internal_Log (UnityEngine.LogType,UnityEngine.LogOption,string,UnityEngine.Object)
UnityEngine.DebugLogHandler:LogFormat (UnityEngine.LogType,UnityEngine.Object,string,object[])
UnityEngine.Logger:Log (UnityEngine.LogType,object)
UnityEngine.Debug:Log (object)
Janseon.Foundation.Composition.FoundationStartup/<StartAsync>d__2:MoveNext () (at Assets/Janseon/Foundation/Composition/FoundationStartup.cs:32)
UnityEngine.Awaitable/AwaitableAsyncMethodBuilder/StateMachineBox`1<Janseon.Foundation.Composition.FoundationStartup/<StartAsync>d__2>:DoMoveNext () (at /Users/bokken/build/output/unity/unity/Runtime/Export/Scripting/Awaitable.AsyncMethodBuilder.cs:49)
System.Threading.Tasks.AwaitTaskContinuation:InvokeAction (object)
System.Threading.Tasks.AwaitTaskContinuation:RunCallback (System.Threading.ContextCallback,object,System.Threading.Tasks.Task&)
System.Threading.Tasks.SynchronizationContextAwaitTaskContinuation:Run (System.Threading.Tasks.Task,bool)
System.Threading.Tasks.Task:FinishContinuations ()
System.Threading.Tasks.Task:FinishStageThree ()
System.Threading.Tasks.Task`1<Janseon.Foundation.AppFlow.TransitionOutcome>:TrySetResult (Janseon.Foundation.AppFlow.TransitionOutcome)
System.Runtime.CompilerServices.AsyncTaskMethodBuilder`1<Janseon.Foundation.AppFlow.TransitionOutcome>:SetResult (Janseon.Foundation.AppFlow.TransitionOutcome)
Janseon.Foundation.AppFlow.ApplicationFlowCoordinator/<RunTransitionAsync>d__19:MoveNext () (at Assets/Janseon/Foundation/AppFlow/ApplicationFlowCoordinator.cs:204)
System.Runtime.CompilerServices.AsyncMethodBuilderCore/MoveNextRunner:InvokeMoveNext (object)
System.Threading.ExecutionContext:RunInternal (System.Threading.ExecutionContext,System.Threading.ContextCallback,object,bool)
System.Threading.ExecutionContext:Run (System.Threading.ExecutionContext,System.Threading.ContextCallback,object,bool)
System.Runtime.CompilerServices.AsyncMethodBuilderCore/MoveNextRunner:Run ()
System.Threading.Tasks.SynchronizationContextAwaitTaskContinuation/<>c:<.cctor>b__7_0 (object)
UnityEngine.UnitySynchronizationContext/WorkRequest:Invoke () (at /Users/bokken/build/output/unity/unity/Runtime/Export/Scripting/UnitySynchronizationContext.cs:155)
UnityEngine.UnitySynchronizationContext:Exec () (at /Users/bokken/build/output/unity/unity/Runtime/Export/Scripting/UnitySynchronizationContext.cs:83)
UnityEngine.UnitySynchronizationContext:ExecuteTasks () (at /Users/bokken/build/output/unity/unity/Runtime/Export/Scripting/UnitySynchronizationContext.cs:109)

(Filename: Assets/Janseon/Foundation/Composition/FoundationStartup.cs Line: 32)

Importing 'GUID: e600898e566f64d3a9c245f51a5500c2 - Path: Assets/Janseon/ArtCandidates/Characters/ImportProbe-0bfc70fd46ac45b5be2a7541c3a7f0d4' with importer (DefaultImporter)
Imported 'GUID: e600898e566f64d3a9c245f51a5500c2' -> (Import Result ID: '27da4714df9c257abf8e854c118ee4e0') in 0.002 seconds [static dependencies only]. Details - ImportResultOutputID=1dc4e3778d552642b4fe14109d3f4745 DependenciesID=62ed193185307a4c28e0a5ac616425e7 StaticDependenciesID=83e7979857517ed8ffd7dad5fe5d73b4 
Importing 'GUID: f6ff6a4158ad040bd9c405b10239c229 - Path: Assets/Janseon/ArtCandidates/Characters/ImportProbe-0bfc70fd46ac45b5be2a7541c3a7f0d4/atlas.png' with importer (TextureImporter)
Imported 'GUID: f6ff6a4158ad040bd9c405b10239c229' -> (Import Result ID: 'bb556733073819d420db7e1368297406') in 0.009 seconds [static and dynamic dependencies]. Details - ImportResultOutputID=8dea5d04377af9ef80981f9fc148deeb DependenciesID=878eec2ab196155691a1e16d2b4e654d StaticDependenciesID=a57f880de9f4f2f3995820d5084131d3 
Asset Pipeline Refresh (id=9505ab64a050842ffb8624a8a0510d7d): Total: 0.078 seconds - Initiated by StopAssetImportingV2(NoUpdateAssetOptions)
Importing 'GUID: f6ff6a4158ad040bd9c405b10239c229 - Path: Assets/Janseon/ArtCandidates/Characters/ImportProbe-0bfc70fd46ac45b5be2a7541c3a7f0d4/atlas.png' with importer (TextureImporter)
Imported 'GUID: f6ff6a4158ad040bd9c405b10239c229' -> (Import Result ID: 'b88de52db4c17b5800db183e2ac80401') in 0.002 seconds [static and dynamic dependencies]. Details - ImportResultOutputID=a70b29de7a30b53c09480ce18ca24231 DependenciesID=0b497225259cd081dbb2fb124795f7b3 StaticDependenciesID=3cf36cb1e8c3fcc452313f178b27e2e2 
Asset Pipeline Refresh (id=d83c782d48c654789b6bec271b1f7641): Total: 0.021 seconds - Initiated by StopAssetImportingV2(NoUpdateAssetOptions)
Asset Pipeline Refresh (id=d22be713bcfb749c7a5cb57b943d034e): Total: 0.015 seconds - Initiated by StopAssetImportingV2(NoUpdateAssetOptions)
Opening scene 'Assets/Scenes/Foundation.unity'
Unloading 6 Unused Serialized files (Serialized files now loaded: 0)
Loaded scene 'Assets/Scenes/Foundation.unity'
	Deserialize:            28.846 ms
	Integration:            130.588 ms
	Integration of assets:  0.465 ms
	Thread Wait Time:       0.002 ms
	Total Operation Time:   159.901 ms
Unloading 9 unused Assets / (14.3 KB). Loaded Objects now: 5096.
Memory consumption went from 448.3 MB to 448.3 MB.
Total: 5.089500 ms (FindLiveObjects: 0.171958 ms CreateObjectMapping: 0.027792 ms MarkObjects: 4.812583 ms  DeleteObjects: 0.025208 ms)

Importing 'GUID: da7d392bae0c0451d80e9d23f9929e5f - Path: Assets/Janseon/Art/UI/icon-talk.png' with importer (TextureImporter)
Imported 'GUID: da7d392bae0c0451d80e9d23f9929e5f' -> (Import Result ID: 'b1760c85aa6ed4366df6741a209a30e4') in 0.002 seconds [static and dynamic dependencies]. Details - ImportResultOutputID=9f5e8ff276486825985e49f2581562ba DependenciesID=98bf06dcdcb19d5c8e50c0f185ed29b3 StaticDependenciesID=b0c36ddf94263afd13559508616a8e9e 
Asset Pipeline Refresh (id=061d746c76e4a49e786510ac6db4fd68): Total: 0.022 seconds - Initiated by StopAssetImportingV2(NoUpdateAssetOptions)
Importing 'GUID: da7d392bae0c0451d80e9d23f9929e5f - Path: Assets/Janseon/Art/UI/icon-talk.png' with importer (TextureImporter)
Imported 'GUID: da7d392bae0c0451d80e9d23f9929e5f' -> (Import Result ID: '6d3d21900e1b1aa3f073fa2c619f6564') in 0.001 seconds [static and dynamic dependencies]. Details - ImportResultOutputID=ad0e71d76414a9d1cbf65b800e4cebcc DependenciesID=fba6d4b543f2ed349d7956229c9b47fa StaticDependenciesID=80fa28dd6a5feec9137acff0a281ae8b 
Asset Pipeline Refresh (id=7be6de6faf0a94a0abfb3c38954c4b6a): Total: 0.018 seconds - Initiated by StopAssetImportingV2(NoUpdateAssetOptions)
ROUNDTRIP;campaign=roundtrip-campaign;battle=battle-97a82f782b7edbfb;contextHash=97a82f782b7edbfbd89bb9c0b3b3e53fc49214def40c935618bd9e89dafb4ea7;card=passage-retreat;cardTick=0;rechargeStart=750;rechargeAfterTick=749;terminal=PlayerRetreat;terminalTick=1;battleHash=d9947e46d1a1c827e3ab509f7677d85d8f744e2ba090105885ff77cd3bdb9012;battleLedgerHash=8c8421e35bc551ed26ebfd162986b7d44c7aab282f4f3d30f427dedf14b16b4f;resultId=result-d9947e46d1a1c827;beforeCampaignHash=b7d4da38c4497b8a9b27b9184e78d7784990774603c795effb597b18a0201cb8;settledCampaignHash=125a18fd64cf85d163de4e7b615de702d65f4a224edb5c9397184a58d0dd58f8;receiptHash=36d9f6466a49ffe8ac2ad6c026a9b0918846412fe5f3c647cad16a0c7e597bc8;duplicateReceiptHash=36d9f6466a49ffe8ac2ad6c026a9b0918846412fe5f3c647cad16a0c7e597bc8;returnTick=7;returnStage=BaseReady;returnHash=72cd944dbdd2d48535d6c3c51b4d54d1f199662ea89bb493dd9be2157fa84c08;checks=battle-id,selected-card,card-effect,recharge-tick,terminal,settlement,duplicate-zero-mutation,return
Importing 'GUID: 9b184f03ae429434f87625ef80ae37cc - Path: Assets/Janseon/ArtCandidates/TestPromotion-7cc988fdd7d441adaeedc7469609f439' with importer (DefaultImporter)
Imported 'GUID: 9b184f03ae429434f87625ef80ae37cc' -> (Import Result ID: '0b47ca6cc4109c4fa6e793a7a84a50e3') in 0.001 seconds [static dependencies only]. Details - ImportResultOutputID=07c1d64c3cae37df68e2554195bea9cb DependenciesID=c221bd3104119c76fc923fabc2e03def StaticDependenciesID=75b4b76ce381aa2eaeabe56b73ff2ac2 
Importing 'GUID: ff2ae3ca0308d475fbf176f047cd0290 - Path: Assets/Janseon/ArtCandidates/TestPromotion-7cc988fdd7d441adaeedc7469609f439/N-idle-0.png' with importer (TextureImporter)
Imported 'GUID: ff2ae3ca0308d475fbf176f047cd0290' -> (Import Result ID: '41f14d5a7ee68888779e57dca3fb2b53') in 0.001 seconds [static and dynamic dependencies]. Details - ImportResultOutputID=5c198b710d9564ff202f0966c42e5832 DependenciesID=d3aa6fe80593655b8df15c532fa904c2 StaticDependenciesID=fecafb39be182dc23dd406af7b78ac89 
Asset Pipeline Refresh (id=82852f306c35940df9c95b68de7fe25c): Total: 0.020 seconds - Initiated by StopAssetImportingV2(NoUpdateAssetOptions)
Importing 'GUID: ff2ae3ca0308d475fbf176f047cd0290 - Path: Assets/Janseon/ArtCandidates/TestPromotion-7cc988fdd7d441adaeedc7469609f439/N-idle-0.png' with importer (TextureImporter)
Imported 'GUID: ff2ae3ca0308d475fbf176f047cd0290' -> (Import Result ID: '56879f37db0736bc05428dd559e41405') in 0.001 seconds [static and dynamic dependencies]. Details - ImportResultOutputID=6a7f59fb0f9d23269376b1146a94ec97 DependenciesID=e6c12b25f1846e59c9db1453fcaf6c5f StaticDependenciesID=7d0f153a5dc9b3e2927f7ae5012f35ce 
Asset Pipeline Refresh (id=81d0a3aa6906d4a16867cd7900cba139): Total: 0.019 seconds - Initiated by StopAssetImportingV2(NoUpdateAssetOptions)
Importing 'GUID: 0c33e986f7cf141e1bc75df879ad1826 - Path: Assets/Janseon/ArtCandidates/TestPromotion-7cc988fdd7d441adaeedc7469609f439/N-idle-1.png' with importer (TextureImporter)
Imported 'GUID: 0c33e986f7cf141e1bc75df879ad1826' -> (Import Result ID: 'df87d03ea88085162e3f7170e0d5da2f') in 0.001 seconds [static and dynamic dependencies]. Details - ImportResultOutputID=ed7020ff406ff9e585381373d1c2e1c9 DependenciesID=f48914c63be76431251ece0263816993 StaticDependenciesID=8993563280128c55a17e9170fa7cf7f7 
Asset Pipeline Refresh (id=9afd9d6d16a924944b694fb0858c3021): Total: 0.015 seconds - Initiated by StopAssetImportingV2(NoUpdateAssetOptions)
Importing 'GUID: 0c33e986f7cf141e1bc75df879ad1826 - Path: Assets/Janseon/ArtCandidates/TestPromotion-7cc988fdd7d441adaeedc7469609f439/N-idle-1.png' with importer (TextureImporter)
Imported 'GUID: 0c33e986f7cf141e1bc75df879ad1826' -> (Import Result ID: '5fcd4a7f579a83e944cdef0705167586') in 0.001 seconds [static and dynamic dependencies]. Details - ImportResultOutputID=2126569ed7554f000d25f134ef5618d0 DependenciesID=0a214d72ec5f9c26a55c494b39695395 StaticDependenciesID=9b61a07a6312dc712f0af3f25e585952 
Asset Pipeline Refresh (id=cf232e2fa74cf4489b767b29159a507a): Total: 0.018 seconds - Initiated by StopAssetImportingV2(NoUpdateAssetOptions)
Importing 'GUID: 320f0ce4a88a54996b596f5ddcab5160 - Path: Assets/Janseon/ArtCandidates/TestPromotion-7cc988fdd7d441adaeedc7469609f439/N-idle-2.png' with importer (TextureImporter)
Imported 'GUID: 320f0ce4a88a54996b596f5ddcab5160' -> (Import Result ID: '1d47574648c34027c61591ea8002aaed') in 0.001 seconds [static and dynamic dependencies]. Details - ImportResultOutputID=80d7827e051d988864fea234bf00ee18 DependenciesID=f9afe220b618b104a087e913bc96889d StaticDependenciesID=d297ac94daeaa851aa80a7c98513786e 
Asset Pipeline Refresh (id=5e8564c74177643e49801aab8b329e25): Total: 0.016 seconds - Initiated by StopAssetImportingV2(NoUpdateAssetOptions)
Importing 'GUID: 320f0ce4a88a54996b596f5ddcab5160 - Path: Assets/Janseon/ArtCandidates/TestPromotion-7cc988fdd7d441adaeedc7469609f439/N-idle-2.png' with importer (TextureImporter)
Imported 'GUID: 320f0ce4a88a54996b596f5ddcab5160' -> (Import Result ID: '00fe9dca897e5edca467b00c102eba56') in 0.001 seconds [static and dynamic dependencies]. Details - ImportResultOutputID=a097ebb53b4b05573ecdd01faf4e2a06 DependenciesID=198ece662a419ec9183544057d85c2e6 StaticDependenciesID=13225156316f2ca30d868de2dfac539d 
Asset Pipeline Refresh (id=0854e9b4fc5c9423696cced7a1dcb030): Total: 0.017 seconds - Initiated by StopAssetImportingV2(NoUpdateAssetOptions)
Importing 'GUID: ce658f99fcefc40a29416a705b9a35e8 - Path: Assets/Janseon/ArtCandidates/TestPromotion-7cc988fdd7d441adaeedc7469609f439/N-idle-3.png' with importer (TextureImporter)
Imported 'GUID: ce658f99fcefc40a29416a705b9a35e8' -> (Import Result ID: 'a300af62d4695cf683ab0b336b0cf1cc') in 0.001 seconds [static and dynamic dependencies]. Details - ImportResultOutputID=de4dcde39f04e82059759e898af9cc1e DependenciesID=3e83f59975d8313344d3585e94c9ac24 StaticDependenciesID=4f01ded7229ebab3d8e6de7620fb1183 
Asset Pipeline Refresh (id=9974701a8a0b941c79fee2e8017613cf): Total: 0.015 seconds - Initiated by StopAssetImportingV2(NoUpdateAssetOptions)
Importing 'GUID: ce658f99fcefc40a29416a705b9a35e8 - Path: Assets/Janseon/ArtCandidates/TestPromotion-7cc988fdd7d441adaeedc7469609f439/N-idle-3.png' with importer (TextureImporter)
Imported 'GUID: ce658f99fcefc40a29416a705b9a35e8' -> (Import Result ID: '48bfe579ee228ae7fea09f7f14f1952c') in 0.001 seconds [static and dynamic dependencies]. Details - ImportResultOutputID=bc9102dab7c45fb36a32477baae55b09 DependenciesID=333345f5d1b780e8951c4bb1cffd5e71 StaticDependenciesID=3094b01c681890fd214ec7b155dc912b 
Asset Pipeline Refresh (id=eb3300f68bd884e0d87f68b344ebaef1): Total: 0.017 seconds - Initiated by StopAssetImportingV2(NoUpdateAssetOptions)
Importing 'GUID: 3f3926d39198f494094c3c5a20c2af0d - Path: Assets/Janseon/ArtCandidates/TestPromotion-7cc988fdd7d441adaeedc7469609f439/N-idle-clip.anim' with importer (NativeFormatImporter)
Imported 'GUID: 3f3926d39198f494094c3c5a20c2af0d' -> (Import Result ID: '9b8a830620e4aab6c2ca731385e9b447') in 0.000 seconds [static dependencies only]. Details - ImportResultOutputID=a0fef3bec359805506085cc7eb6fe607 DependenciesID=168d7ce46adb80a77b51fef5480ddf64 StaticDependenciesID=10274f66466cf816281d26fbdb16d25f 
Asset Pipeline Refresh (id=6bb140cc259314f61a7e2a0b03f0fdb0): Total: 0.018 seconds - Initiated by StopAssetImportingV2(NoUpdateAssetOptions)
Importing 'GUID: be8f84678e7bf4ef99a8ddc9bab4f08a - Path: Assets/Janseon/ArtCandidates/TestPromotion-7cc988fdd7d441adaeedc7469609f439/N-walk-0.png' with importer (TextureImporter)
Imported 'GUID: be8f84678e7bf4ef99a8ddc9bab4f08a' -> (Import Result ID: '4d74c6fc4b8876bace02fb490b054ec0') in 0.001 seconds [static and dynamic dependencies]. Details - ImportResultOutputID=dfe2b02ebd593f5599b9c633297d009b DependenciesID=8b39b64d77cb37b09bead814e96b08b6 StaticDependenciesID=8de16a91ecfbec4dc5bea1190878fa08 
Asset Pipeline Refresh (id=07bbfed3a4dcd44d891d2e7c1ea4e162): Total: 0.016 seconds - Initiated by StopAssetImportingV2(NoUpdateAssetOptions)
Importing 'GUID: be8f84678e7bf4ef99a8ddc9bab4f08a - Path: Assets/Janseon/ArtCandidates/TestPromotion-7cc988fdd7d441adaeedc7469609f439/N-walk-0.png' with importer (TextureImporter)
Imported 'GUID: be8f84678e7bf4ef99a8ddc9bab4f08a' -> (Import Result ID: 'c8602cdf7147c1b44ccf8fd0ed043dd3') in 0.001 seconds [static and dynamic dependencies]. Details - ImportResultOutputID=51cd36b3e62236e9f67aa8c65656a084 DependenciesID=e7853a3ff3c6cd0df7411cf90ec97f3f StaticDependenciesID=88cae63ff6a9730e9799823374e7dc17 
Asset Pipeline Refresh (id=182f560e3655f4ae9bb8fc689d79b046): Total: 0.017 seconds - Initiated by StopAssetImportingV2(NoUpdateAssetOptions)
Importing 'GUID: e43570f2a9d3b44b1a1fd35e33976c60 - Path: Assets/Janseon/ArtCandidates/TestPromotion-7cc988fdd7d441adaeedc7469609f439/N-walk-1.png' with importer (TextureImporter)
Imported 'GUID: e43570f2a9d3b44b1a1fd35e33976c60' -> (Import Result ID: '70f07f04a8d15111906a3319d4603345') in 0.001 seconds [static and dynamic dependencies]. Details - ImportResultOutputID=3c9600cede648ee657eb7fba1256865b DependenciesID=07f27512614ea26d8a71d03e6b3b9086 StaticDependenciesID=d6c3331d2531c09913837ac7d57ecda5 
Asset Pipeline Refresh (id=f971f564bf0fd49f6abfc48f4ed58ab6): Total: 0.015 seconds - Initiated by StopAssetImportingV2(NoUpdateAssetOptions)
Importing 'GUID: e43570f2a9d3b44b1a1fd35e33976c60 - Path: Assets/Janseon/ArtCandidates/TestPromotion-7cc988fdd7d441adaeedc7469609f439/N-walk-1.png' with importer (TextureImporter)
Imported 'GUID: e43570f2a9d3b44b1a1fd35e33976c60' -> (Import Result ID: '8ce442be06458db6f5a6b8b0ecaa8258') in 0.001 seconds [static and dynamic dependencies]. Details - ImportResultOutputID=ed8db7f4c3a0a8f30b61eb90cc125f1a DependenciesID=f1b053c92f8d10d3bd827502cc4cdc5f StaticDependenciesID=aaa84a9497cdb237a6c7fc2aa994d3e8 
Asset Pipeline Refresh (id=2256ec3576a8349d5bba9141c3192b58): Total: 0.017 seconds - Initiated by StopAssetImportingV2(NoUpdateAssetOptions)
Importing 'GUID: 4f67cb62f405d4f4d8ff8c1e082796a0 - Path: Assets/Janseon/ArtCandidates/TestPromotion-7cc988fdd7d441adaeedc7469609f439/N-walk-2.png' with importer (TextureImporter)
Imported 'GUID: 4f67cb62f405d4f4d8ff8c1e082796a0' -> (Import Result ID: '57cc1e9c894bae181a882e0a8a64e781') in 0.001 seconds [static and dynamic dependencies]. Details - ImportResultOutputID=d53b25357fd224fcae5506462465c95f DependenciesID=f1dcfc769e7a23446cd4ea11a0fd0b97 StaticDependenciesID=d00b28f0064973644048950d3697ce0e 
Asset Pipeline Refresh (id=39f3a3f942bea4f0084180cf320d6ef7): Total: 0.016 seconds - Initiated by StopAssetImportingV2(NoUpdateAssetOptions)
Importing 'GUID: 4f67cb62f405d4f4d8ff8c1e082796a0 - Path: Assets/Janseon/ArtCandidates/TestPromotion-7cc988fdd7d441adaeedc7469609f439/N-walk-2.png' with importer (TextureImporter)
Imported 'GUID: 4f67cb62f405d4f4d8ff8c1e082796a0' -> (Import Result ID: '921a34d98d0fb5722f098aeae029da5c') in 0.001 seconds [static and dynamic dependencies]. Details - ImportResultOutputID=c40ab12fab56b4470e5d30ee6571d1e2 DependenciesID=c61331b8c95a0d991b62dfc176972c84 StaticDependenciesID=925549e9769dfcbaa216069bd3194e9b 
Asset Pipeline Refresh (id=4a39d775f11ec43918e0e5bbb41351cd): Total: 0.018 seconds - Initiated by StopAssetImportingV2(NoUpdateAssetOptions)
Importing 'GUID: 09afd752d055942778b3ef9d91a2dc34 - Path: Assets/Janseon/ArtCandidates/TestPromotion-7cc988fdd7d441adaeedc7469609f439/N-walk-3.png' with importer (TextureImporter)
Imported 'GUID: 09afd752d055942778b3ef9d91a2dc34' -> (Import Result ID: '5873fe4ebd16ef50512f2a1847c09ec3') in 0.001 seconds [static and dynamic dependencies]. Details - ImportResultOutputID=3f2a0f90f1b62c1cfdd400d7a69e0df1 DependenciesID=b86db8e6a6b9b2c0f1041f2fdbe651ef StaticDependenciesID=3a887858c90048e3d54f51b0e7e4eb75 
Asset Pipeline Refresh (id=49b2aacb1e91d4a61a92a5080accfd4f): Total: 0.015 seconds - Initiated by StopAssetImportingV2(NoUpdateAssetOptions)
Importing 'GUID: 09afd752d055942778b3ef9d91a2dc34 - Path: Assets/Janseon/ArtCandidates/TestPromotion-7cc988fdd7d441adaeedc7469609f439/N-walk-3.png' with importer (TextureImporter)
Imported 'GUID: 09afd752d055942778b3ef9d91a2dc34' -> (Import Result ID: '3d80b6e580af9e4649505244753ad71e') in 0.001 seconds [static and dynamic dependencies]. Details - ImportResultOutputID=0a2f19f77c1fad4c6672566d20573c57 DependenciesID=e31e1db90a3f890d8f425a08dc6be0ec StaticDependenciesID=3a5ca5cbc9bf9cb8a88a83054a57526b 
Asset Pipeline Refresh (id=901f5bcf96900481ba641466493e48d5): Total: 0.018 seconds - Initiated by StopAssetImportingV2(NoUpdateAssetOptions)
Importing 'GUID: a1d78037024624f57b38e5a2e9892c6c - Path: Assets/Janseon/ArtCandidates/TestPromotion-7cc988fdd7d441adaeedc7469609f439/N-walk-4.png' with importer (TextureImporter)
Imported 'GUID: a1d78037024624f57b38e5a2e9892c6c' -> (Import Result ID: '5121c0212cc734db0cc6a45f51119524') in 0.001 seconds [static and dynamic dependencies]. Details - ImportResultOutputID=97256bb74c8dd9e9ba7baac3d167e3cc DependenciesID=934d30725603b146d6057c6c5cd77232 StaticDependenciesID=667defb8204f22bdd4eae8ec668d7b08 
Asset Pipeline Refresh (id=282ac8aff01d7425aa710cd76e88728f): Total: 0.016 seconds - Initiated by StopAssetImportingV2(NoUpdateAssetOptions)
Importing 'GUID: a1d78037024624f57b38e5a2e9892c6c - Path: Assets/Janseon/ArtCandidates/TestPromotion-7cc988fdd7d441adaeedc7469609f439/N-walk-4.png' with importer (TextureImporter)
Imported 'GUID: a1d78037024624f57b38e5a2e9892c6c' -> (Import Result ID: '1a7a91305b9f21ca0b8f6ec8bee5be09') in 0.001 seconds [static and dynamic dependencies]. Details - ImportResultOutputID=a346e33be42a0b89b607dead7c80d18a DependenciesID=515629a696168432e005dd433bbe4fd5 StaticDependenciesID=ccb303e753124c41aa6c43cf079e2bce 
Asset Pipeline Refresh (id=df0ebe30fb3db4d4a9af342e9583c4e4): Total: 0.017 seconds - Initiated by StopAssetImportingV2(NoUpdateAssetOptions)
Importing 'GUID: 21c1ba25f74f94d36bb2a7caae26d1d5 - Path: Assets/Janseon/ArtCandidates/TestPromotion-7cc988fdd7d441adaeedc7469609f439/N-walk-5.png' with importer (TextureImporter)
Imported 'GUID: 21c1ba25f74f94d36bb2a7caae26d1d5' -> (Import Result ID: '0b78dc94aae7f8f479cc9e8b5acb197a') in 0.001 seconds [static and dynamic dependencies]. Details - ImportResultOutputID=f2f380e38cb52ab7de9368b8aa3f803a DependenciesID=ae1195aeb5b6cebbbe41a3e59539537d StaticDependenciesID=6987a3db58fc7c43c9e112f0c54ae2d3 
Asset Pipeline Refresh (id=62340b55aa173454c99bf2fe2eb854c2): Total: 0.016 seconds - Initiated by StopAssetImportingV2(NoUpdateAssetOptions)
Importing 'GUID: 21c1ba25f74f94d36bb2a7caae26d1d5 - Path: Assets/Janseon/ArtCandidates/TestPromotion-7cc988fdd7d441adaeedc7469609f439/N-walk-5.png' with importer (TextureImporter)
Imported 'GUID: 21c1ba25f74f94d36bb2a7caae26d1d5' -> (Import Result ID: '63e44a423ca3d06b837670cdba47a5d6') in 0.001 seconds [static and dynamic dependencies]. Details - ImportResultOutputID=53d28f1043bc6b8a9a779bfabddbb80c DependenciesID=c4bdcfcffe4ae29e6fba50cc65300bd0 StaticDependenciesID=26aefb9eeadf3e1eef2af07da1ceab10 
Asset Pipeline Refresh (id=e6206ba9c57d246cc8801e807581e136): Total: 0.018 seconds - Initiated by StopAssetImportingV2(NoUpdateAssetOptions)
Importing 'GUID: 12220eea6cd7b4817846aa573b6072cf - Path: Assets/Janseon/ArtCandidates/TestPromotion-7cc988fdd7d441adaeedc7469609f439/N-walk-clip.anim' with importer (NativeFormatImporter)
Imported 'GUID: 12220eea6cd7b4817846aa573b6072cf' -> (Import Result ID: 'bc92ab3f0cc575c61037c7e06e221072') in 0.000 seconds [static dependencies only]. Details - ImportResultOutputID=acbf4d9dfa5ad460acaf86a0150d88f0 DependenciesID=2f5ddad78d1ab012e104d0d7639720fd StaticDependenciesID=2dbd67c04a94db79d2d960e579ea9722 
Asset Pipeline Refresh (id=9d84b381231574c628eefa5b327fbbaa): Total: 0.015 seconds - Initiated by StopAssetImportingV2(NoUpdateAssetOptions)
Importing 'GUID: fedf58010860e49e9a3d7e9d0ae5a8e3 - Path: Assets/Janseon/ArtCandidates/TestPromotion-7cc988fdd7d441adaeedc7469609f439/N-attack-0.png' with importer (TextureImporter)
Imported 'GUID: fedf58010860e49e9a3d7e9d0ae5a8e3' -> (Import Result ID: 'ec4e28c1e434e5578c3b3032d84df133') in 0.001 seconds [static and dynamic dependencies]. Details - ImportResultOutputID=a35976cf028a1cfe95e69774bd86f384 DependenciesID=5aa462d7a8d197b76a06aed6291a5197 StaticDependenciesID=2f02abab233f0603b6b9fb4a6a6ce879 
Asset Pipeline Refresh (id=21e00ef78914146ab90283a99a0f0514): Total: 0.015 seconds - Initiated by StopAssetImportingV2(NoUpdateAssetOptions)
Importing 'GUID: fedf58010860e49e9a3d7e9d0ae5a8e3 - Path: Assets/Janseon/ArtCandidates/TestPromotion-7cc988fdd7d441adaeedc7469609f439/N-attack-0.png' with importer (TextureImporter)
Imported 'GUID: fedf58010860e49e9a3d7e9d0ae5a8e3' -> (Import Result ID: 'afade630cf608f7ddcd6db8676f2d96b') in 0.001 seconds [static and dynamic dependencies]. Details - ImportResultOutputID=b85451a62b806998088357824bbc922b DependenciesID=bab27a8b13090892dc97d074859ba1f4 StaticDependenciesID=7e1a7963c1e13a4e99253169b37c7d4d 
Asset Pipeline Refresh (id=e2eb532effb2b494583bfc1b3b5d66da): Total: 0.017 seconds - Initiated by StopAssetImportingV2(NoUpdateAssetOptions)
Importing 'GUID: 22be711948504409c9f4b0bbacf3b544 - Path: Assets/Janseon/ArtCandidates/TestPromotion-7cc988fdd7d441adaeedc7469609f439/N-attack-1.png' with importer (TextureImporter)
Imported 'GUID: 22be711948504409c9f4b0bbacf3b544' -> (Import Result ID: '3cb1812b7b4cae4972864dddc49f53d2') in 0.001 seconds [static and dynamic dependencies]. Details - ImportResultOutputID=2c176b09b8f06459bbbb19dfd7377323 DependenciesID=ad50940d925483fb10466998fce0ad6f StaticDependenciesID=780c6a5fec56e4c7fb3f3b530392e8be 
Asset Pipeline Refresh (id=f5e5d2d250c2b4777a76dc389332d4b6): Total: 0.015 seconds - Initiated by StopAssetImportingV2(NoUpdateAssetOptions)
Importing 'GUID: 22be711948504409c9f4b0bbacf3b544 - Path: Assets/Janseon/ArtCandidates/TestPromotion-7cc988fdd7d441adaeedc7469609f439/N-attack-1.png' with importer (TextureImporter)
Imported 'GUID: 22be711948504409c9f4b0bbacf3b544' -> (Import Result ID: '7b84aebf5959a60a0a2f7ef8f3e329c9') in 0.001 seconds [static and dynamic dependencies]. Details - ImportResultOutputID=cd7505e6ab213d2607301105161ca46e DependenciesID=acc9827da3193828018da8a3db9432c0 StaticDependenciesID=7316d06d86bdb8664b11d94c59003a27 
Asset Pipeline Refresh (id=919504df2d1e94d24b8dbdd467d47175): Total: 0.017 seconds - Initiated by StopAssetImportingV2(NoUpdateAssetOptions)
Importing 'GUID: bba347dcb0f9b49c3b810915f466d166 - Path: Assets/Janseon/ArtCandidates/TestPromotion-7cc988fdd7d441adaeedc7469609f439/N-attack-2.png' with importer (TextureImporter)
Imported 'GUID: bba347dcb0f9b49c3b810915f466d166' -> (Import Result ID: 'fc397dd9a446544fc048d77f4695ba0d') in 0.001 seconds [static and dynamic dependencies]. Details - ImportResultOutputID=beb02dd2ac7d6b40f813b30fc1518d08 DependenciesID=c05fcc425ec40f80b13733a9116a659b StaticDependenciesID=b976279b99f898b0c34d125dd1e14923 
Asset Pipeline Refresh (id=d1aadf3621f194e4186c25775b2a70e3): Total: 0.015 seconds - Initiated by StopAssetImportingV2(NoUpdateAssetOptions)
Importing 'GUID: bba347dcb0f9b49c3b810915f466d166 - Path: Assets/Janseon/ArtCandidates/TestPromotion-7cc988fdd7d441adaeedc7469609f439/N-attack-2.png' with importer (TextureImporter)
Imported 'GUID: bba347dcb0f9b49c3b810915f466d166' -> (Import Result ID: '53fd18c7b2fa79b2b2dc975d6f9f7546') in 0.001 seconds [static and dynamic dependencies]. Details - ImportResultOutputID=4deedf011d03ac5a0aad821b496311b8 DependenciesID=3ade10cf3b034dbf3c7ce8e9c05ea969 StaticDependenciesID=580194e9850fc7d5273ae675a896b841 
Asset Pipeline Refresh (id=e816f0c66acf24339960c5cdf88662da): Total: 0.017 seconds - Initiated by StopAssetImportingV2(NoUpdateAssetOptions)
Importing 'GUID: 6f3f78f4d637b4c74a0578a54d8276d1 - Path: Assets/Janseon/ArtCandidates/TestPromotion-7cc988fdd7d441adaeedc7469609f439/N-attack-3.png' with importer (TextureImporter)
Imported 'GUID: 6f3f78f4d637b4c74a0578a54d8276d1' -> (Import Result ID: 'f0f5a89058dd61f787d80b08968a5e71') in 0.001 seconds [static and dynamic dependencies]. Details - ImportResultOutputID=90e8094bc64a401f8d964970b7521c6f DependenciesID=c6200810d99c0a8d56eedacf4eaff7f6 StaticDependenciesID=e7e88163d9df0987bf00df33e55016ea 
Asset Pipeline Refresh (id=912eae31327eb4ae8be7489bcae45777): Total: 0.015 seconds - Initiated by StopAssetImportingV2(NoUpdateAssetOptions)
Importing 'GUID: 6f3f78f4d637b4c74a0578a54d8276d1 - Path: Assets/Janseon/ArtCandidates/TestPromotion-7cc988fdd7d441adaeedc7469609f439/N-attack-3.png' with importer (TextureImporter)
Imported 'GUID: 6f3f78f4d637b4c74a0578a54d8276d1' -> (Import Result ID: '1b3c8b9a96dc52f5cbf5d82bf96dc3a2') in 0.001 seconds [static and dynamic dependencies]. Details - ImportResultOutputID=e044bd61e9789e18da482e327ac7bae4 DependenciesID=5078480c3efbcc8b9f41cfb148325f4b StaticDependenciesID=0bb32c2a1395254b3f6d5a88eac3dbc4 
Asset Pipeline Refresh (id=bc0b4a1d02b6b4aaba6fda8937387e99): Total: 0.017 seconds - Initiated by StopAssetImportingV2(NoUpdateAssetOptions)
Importing 'GUID: 6fa1d2331575c4159915cbf337b0251e - Path: Assets/Janseon/ArtCandidates/TestPromotion-7cc988fdd7d441adaeedc7469609f439/N-attack-4.png' with importer (TextureImporter)
Imported 'GUID: 6fa1d2331575c4159915cbf337b0251e' -> (Import Result ID: 'e946d587a21c067b568f1f68af5210e0') in 0.001 seconds [static and dynamic dependencies]. Details - ImportResultOutputID=b881189db0c6063e9e33791cf86397ac DependenciesID=c5fa51a620574cdacf67ef645373cf96 StaticDependenciesID=d105ab2a3b73d8c4122b41ee228e32bd 
Asset Pipeline Refresh (id=cdca58d882568409e88cd882f3187f69): Total: 0.015 seconds - Initiated by StopAssetImportingV2(NoUpdateAssetOptions)
Importing 'GUID: 6fa1d2331575c4159915cbf337b0251e - Path: Assets/Janseon/ArtCandidates/TestPromotion-7cc988fdd7d441adaeedc7469609f439/N-attack-4.png' with importer (TextureImporter)
Imported 'GUID: 6fa1d2331575c4159915cbf337b0251e' -> (Import Result ID: 'c4ee92333d4abb7a82025ad6ff649dca') in 0.001 seconds [static and dynamic dependencies]. Details - ImportResultOutputID=028671e35748de83d1b24787e311cd34 DependenciesID=b219f1cf86d0c54f6da13cb5e37644c5 StaticDependenciesID=b4618cc5cad9517f5a43c59abd6a71c8 
Asset Pipeline Refresh (id=b5060400396df4881afa145198719173): Total: 0.017 seconds - Initiated by StopAssetImportingV2(NoUpdateAssetOptions)
Importing 'GUID: f1a586a7868544804a337db3014d889b - Path: Assets/Janseon/ArtCandidates/TestPromotion-7cc988fdd7d441adaeedc7469609f439/N-attack-5.png' with importer (TextureImporter)
Imported 'GUID: f1a586a7868544804a337db3014d889b' -> (Import Result ID: 'eb186e08d056302ec0d7660f107ab75f') in 0.001 seconds [static and dynamic dependencies]. Details - ImportResultOutputID=5e2c9940546b75a8fcfb4c114ae4e784 DependenciesID=fa8af764cb0b83c205efb8db2200c769 StaticDependenciesID=f4de9dfa9ba58e57c423e2fc1aba24b3 
Asset Pipeline Refresh (id=a4e90d70b2ca348589880e2d1526b571): Total: 0.015 seconds - Initiated by StopAssetImportingV2(NoUpdateAssetOptions)
Importing 'GUID: f1a586a7868544804a337db3014d889b - Path: Assets/Janseon/ArtCandidates/TestPromotion-7cc988fdd7d441adaeedc7469609f439/N-attack-5.png' with importer (TextureImporter)
Imported 'GUID: f1a586a7868544804a337db3014d889b' -> (Import Result ID: '0d54b8850a38c27beacd410066ffd58e') in 0.001 seconds [static and dynamic dependencies]. Details - ImportResultOutputID=653854e313191f0bc127c2115299f18d DependenciesID=eb985a29978b314a61bac02b0bb5d342 StaticDependenciesID=33470ccb5e7c71717d7cabd85075d4eb 
Asset Pipeline Refresh (id=47cfe54673a26467fb6031e92504667d): Total: 0.017 seconds - Initiated by StopAssetImportingV2(NoUpdateAssetOptions)
Importing 'GUID: 0c8492326634b462b96c612fdd785203 - Path: Assets/Janseon/ArtCandidates/TestPromotion-7cc988fdd7d441adaeedc7469609f439/N-attack-clip.anim' with importer (NativeFormatImporter)
Imported 'GUID: 0c8492326634b462b96c612fdd785203' -> (Import Result ID: 'f85f311f4b946e8aa6d2952a273da970') in 0.000 seconds [static dependencies only]. Details - ImportResultOutputID=eefe2c22c7c69d46af224d8adb13fd33 DependenciesID=b7fc57eca5a9722cc295bbc62c9f2957 StaticDependenciesID=9cccca094170fb86365d8f87c2c93fab 
Asset Pipeline Refresh (id=dd7457fda4ff848fcb7819792befd90d): Total: 0.015 seconds - Initiated by StopAssetImportingV2(NoUpdateAssetOptions)
Importing 'GUID: 8b238ae2e00e34c949fc40820061613f - Path: Assets/Janseon/ArtCandidates/TestPromotion-7cc988fdd7d441adaeedc7469609f439/N-hit-0.png' with importer (TextureImporter)
Imported 'GUID: 8b238ae2e00e34c949fc40820061613f' -> (Import Result ID: '4c0e7b8f1cb2126bf3c5e7cb020e83b7') in 0.001 seconds [static and dynamic dependencies]. Details - ImportResultOutputID=7d97e01c5bf989f49377693fc3b924d4 DependenciesID=9ea879f76153a05e632403f10904008d StaticDependenciesID=94ed1beca030d8be2202d5ea6ce4cbb9 
Asset Pipeline Refresh (id=62733984c832e4369aa201e6b70323a2): Total: 0.015 seconds - Initiated by StopAssetImportingV2(NoUpdateAssetOptions)
Importing 'GUID: 8b238ae2e00e34c949fc40820061613f - Path: Assets/Janseon/ArtCandidates/TestPromotion-7cc988fdd7d441adaeedc7469609f439/N-hit-0.png' with importer (TextureImporter)
Imported 'GUID: 8b238ae2e00e34c949fc40820061613f' -> (Import Result ID: '5fae5953e6ce43d71b5404575b614c64') in 0.001 seconds [static and dynamic dependencies]. Details - ImportResultOutputID=2d2ff5447e1b5e9fce4272135e502ff7 DependenciesID=87183236f8f5dfb5488cb7a7169c911f StaticDependenciesID=e254fbffa470eb08e607648739579b7e 
Asset Pipeline Refresh (id=e6481e8b1c0ed4bd2ab81f05c0f704ea): Total: 0.017 seconds - Initiated by StopAssetImportingV2(NoUpdateAssetOptions)
Importing 'GUID: a50b77644a6bc4cb89fddf00821f7a45 - Path: Assets/Janseon/ArtCandidates/TestPromotion-7cc988fdd7d441adaeedc7469609f439/N-hit-1.png' with importer (TextureImporter)
Imported 'GUID: a50b77644a6bc4cb89fddf00821f7a45' -> (Import Result ID: '4f8d1c17f213e0ed15201d5c2bf0b01e') in 0.001 seconds [static and dynamic dependencies]. Details - ImportResultOutputID=4737778a98f58e33a98271927212c006 DependenciesID=f792e951286774f65cb912671320445e StaticDependenciesID=65a2a458e365b90220165759b0758481 
Asset Pipeline Refresh (id=236fd1476ef094e4f8bd858579c499ae): Total: 0.015 seconds - Initiated by StopAssetImportingV2(NoUpdateAssetOptions)
Importing 'GUID: a50b77644a6bc4cb89fddf00821f7a45 - Path: Assets/Janseon/ArtCandidates/TestPromotion-7cc988fdd7d441adaeedc7469609f439/N-hit-1.png' with importer (TextureImporter)
Imported 'GUID: a50b77644a6bc4cb89fddf00821f7a45' -> (Import Result ID: '6af68099aa25ea77c83b16486bc35c27') in 0.001 seconds [static and dynamic dependencies]. Details - ImportResultOutputID=8ab5cd60e231b6d589ca43ec6de87389 DependenciesID=a52d222019eff589ad3455c8e5ae0175 StaticDependenciesID=b79d92208333866d3bb86f1767e1b1f8 
Asset Pipeline Refresh (id=c4d8c439cad3e4041bece9d0ebbcf79d): Total: 0.017 seconds - Initiated by StopAssetImportingV2(NoUpdateAssetOptions)
Importing 'GUID: 9d6da0d791b904ecc9d8287ecc276dbe - Path: Assets/Janseon/ArtCandidates/TestPromotion-7cc988fdd7d441adaeedc7469609f439/N-hit-2.png' with importer (TextureImporter)
Imported 'GUID: 9d6da0d791b904ecc9d8287ecc276dbe' -> (Import Result ID: 'cc83c07cb397eede623322c0aa593c0f') in 0.001 seconds [static and dynamic dependencies]. Details - ImportResultOutputID=4bb438c3267ee1305b53b464f8aaaf91 DependenciesID=32f9fb1a8c15f8b9d91f231f57824933 StaticDependenciesID=b697e7af333dadfbafef855753e6dcba 
Asset Pipeline Refresh (id=90c7cebd3a9e84c888d090563db5c547): Total: 0.015 seconds - Initiated by StopAssetImportingV2(NoUpdateAssetOptions)
Importing 'GUID: 9d6da0d791b904ecc9d8287ecc276dbe - Path: Assets/Janseon/ArtCandidates/TestPromotion-7cc988fdd7d441adaeedc7469609f439/N-hit-2.png' with importer (TextureImporter)
Imported 'GUID: 9d6da0d791b904ecc9d8287ecc276dbe' -> (Import Result ID: '0b1f9db2d6963bac1d125100352074b4') in 0.001 seconds [static and dynamic dependencies]. Details - ImportResultOutputID=3eee160a33124e742ba76419e2b8a03f DependenciesID=0badf4a60c9795c5eeaea962adbc9c5f StaticDependenciesID=a6f13ce00135a85a8b985e0d9f4acb1a 
Asset Pipeline Refresh (id=8d16f099f4976452cac2e857775272ec): Total: 0.017 seconds - Initiated by StopAssetImportingV2(NoUpdateAssetOptions)
Importing 'GUID: a45901d078e114b6a87b02417b1e6ff2 - Path: Assets/Janseon/ArtCandidates/TestPromotion-7cc988fdd7d441adaeedc7469609f439/N-hit-clip.anim' with importer (NativeFormatImporter)
Imported 'GUID: a45901d078e114b6a87b02417b1e6ff2' -> (Import Result ID: '12ba95877f279bf06de4242544e563d3') in 0.000 seconds [static dependencies only]. Details - ImportResultOutputID=9c652b3e02e20f5863db8467a977db67 DependenciesID=9af2ae98834573a8c62ff3dab494d123 StaticDependenciesID=f8cd8ae5dcf3a247e93320e3635aecb7 
Asset Pipeline Refresh (id=46898db12a4c94a81aefae8b47ae8d13): Total: 0.015 seconds - Initiated by StopAssetImportingV2(NoUpdateAssetOptions)
Importing 'GUID: 7708b9afdb5ed4186a2a81b007eb0366 - Path: Assets/Janseon/ArtCandidates/TestPromotion-7cc988fdd7d441adaeedc7469609f439/N-down-0.png' with importer (TextureImporter)
Imported 'GUID: 7708b9afdb5ed4186a2a81b007eb0366' -> (Import Result ID: '4650fd8515001bac8d964b484f5e988b') in 0.001 seconds [static and dynamic dependencies]. Details - ImportResultOutputID=4265f5a91d14f71519b70770afbfc30c DependenciesID=f1febbeca80b8c8498fe9ff90af4d651 StaticDependenciesID=b0cf396349de825d31924ebcf933e0e1 
Asset Pipeline Refresh (id=5aa50277e655949f38ae38997415bd0d): Total: 0.015 seconds - Initiated by StopAssetImportingV2(NoUpdateAssetOptions)
Importing 'GUID: 7708b9afdb5ed4186a2a81b007eb0366 - Path: Assets/Janseon/ArtCandidates/TestPromotion-7cc988fdd7d441adaeedc7469609f439/N-down-0.png' with importer (TextureImporter)
Imported 'GUID: 7708b9afdb5ed4186a2a81b007eb0366' -> (Import Result ID: '56643779374b8004775540ac45c62ca3') in 0.001 seconds [static and dynamic dependencies]. Details - ImportResultOutputID=8810e8fb2900f4273f8c385a277c13cc DependenciesID=0cf0a4deb47d327c8351855f074ad26b StaticDependenciesID=f6062943df1f1be4d30b781ef2988d1d 
Asset Pipeline Refresh (id=6e1999c53dc5d403eb4bb06dee9259c3): Total: 0.017 seconds - Initiated by StopAssetImportingV2(NoUpdateAssetOptions)
Importing 'GUID: b2e98337b2a8944c09e2d78d8e11f2bb - Path: Assets/Janseon/ArtCandidates/TestPromotion-7cc988fdd7d441adaeedc7469609f439/N-down-1.png' with importer (TextureImporter)
Imported 'GUID: b2e98337b2a8944c09e2d78d8e11f2bb' -> (Import Result ID: '0785df9152bc0eb74f781ed6b207fd96') in 0.001 seconds [static and dynamic dependencies]. Details - ImportResultOutputID=1562d46d1aea868f2b848077af1407ac DependenciesID=4639eaa536e94a9453d0c8f23e52a7d4 StaticDependenciesID=9c64beee56827e69baaeed4c4266c17f 
Asset Pipeline Refresh (id=38c97f7f2a2584d089b778db51ed5edb): Total: 0.015 seconds - Initiated by StopAssetImportingV2(NoUpdateAssetOptions)
Importing 'GUID: b2e98337b2a8944c09e2d78d8e11f2bb - Path: Assets/Janseon/ArtCandidates/TestPromotion-7cc988fdd7d441adaeedc7469609f439/N-down-1.png' with importer (TextureImporter)
Imported 'GUID: b2e98337b2a8944c09e2d78d8e11f2bb' -> (Import Result ID: '68e7b7d6eba796cbbab3df939b47cbb6') in 0.002 seconds [static and dynamic dependencies]. Details - ImportResultOutputID=9d6a3b618d18b0bf60471bdda4e52ecf DependenciesID=1fffcfbbf528a9a6ded3b4a2f666283e StaticDependenciesID=f038ba461fb0687897792c0577d30054 
Asset Pipeline Refresh (id=50166f39896404dd0b868a1685aaa9f4): Total: 0.019 seconds - Initiated by StopAssetImportingV2(NoUpdateAssetOptions)
Importing 'GUID: 132e19b4e0d06440da69fcfff8dba20b - Path: Assets/Janseon/ArtCandidates/TestPromotion-7cc988fdd7d441adaeedc7469609f439/N-down-2.png' with importer (TextureImporter)
Imported 'GUID: 132e19b4e0d06440da69fcfff8dba20b' -> (Import Result ID: '1851bf4f35faaa8b8ba32159fc8a4fbc') in 0.001 seconds [static and dynamic dependencies]. Details - ImportResultOutputID=6b2959d76848829e948b5032971b80b8 DependenciesID=acbbd18d018e1609b7a35eb14d93b434 StaticDependenciesID=d550d916d3de29a0371cea80a2ad4d82 
Asset Pipeline Refresh (id=18154b358831446debe5028f2668f084): Total: 0.018 seconds - Initiated by StopAssetImportingV2(NoUpdateAssetOptions)
Importing 'GUID: 132e19b4e0d06440da69fcfff8dba20b - Path: Assets/Janseon/ArtCandidates/TestPromotion-7cc988fdd7d441adaeedc7469609f439/N-down-2.png' with importer (TextureImporter)
Imported 'GUID: 132e19b4e0d06440da69fcfff8dba20b' -> (Import Result ID: '8abafcaa536132b1b529286d22d729f2') in 0.002 seconds [static and dynamic dependencies]. Details - ImportResultOutputID=af939c2718f11db5614a5e424faa1e54 DependenciesID=98e469d7a1d1dbd374876ec74b342f52 StaticDependenciesID=7b78b0d9ca1c4fee8a7d00efdf31f6c1 
Asset Pipeline Refresh (id=a31aa4f961f2f41d89c29fbb1c0e880b): Total: 0.020 seconds - Initiated by StopAssetImportingV2(NoUpdateAssetOptions)
Importing 'GUID: d7515ca4ff8e04792bae1524e5695ee8 - Path: Assets/Janseon/ArtCandidates/TestPromotion-7cc988fdd7d441adaeedc7469609f439/N-down-3.png' with importer (TextureImporter)
Imported 'GUID: d7515ca4ff8e04792bae1524e5695ee8' -> (Import Result ID: 'e89b4d47672dcd4a7fac3cc6907972b1') in 0.001 seconds [static and dynamic dependencies]. Details - ImportResultOutputID=b47960e68bfc9b8911b14917fbb05600 DependenciesID=c3b99189762efabfdc8946ad30779bb2 StaticDependenciesID=c3e6617bf737f80b510fde5eff4225b7 
Asset Pipeline Refresh (id=570ef427567df40e5ad664e7bd7fbd75): Total: 0.016 seconds - Initiated by StopAssetImportingV2(NoUpdateAssetOptions)
Importing 'GUID: d7515ca4ff8e04792bae1524e5695ee8 - Path: Assets/Janseon/ArtCandidates/TestPromotion-7cc988fdd7d441adaeedc7469609f439/N-down-3.png' with importer (TextureImporter)
Imported 'GUID: d7515ca4ff8e04792bae1524e5695ee8' -> (Import Result ID: 'b5f35bdb5638a6b790963ac880862598') in 0.001 seconds [static and dynamic dependencies]. Details - ImportResultOutputID=f9f88ad31f904e2a8a100c3cd307797e DependenciesID=d8124a8848a7b369df7340a2c189755b StaticDependenciesID=d75d1e904cb8d94981ac4c5d74b794ac 
Asset Pipeline Refresh (id=7396b505abfe44c1db62d4d54de189cb): Total: 0.021 seconds - Initiated by StopAssetImportingV2(NoUpdateAssetOptions)
Importing 'GUID: 38b8f9253806345f6b77c086603dcc33 - Path: Assets/Janseon/ArtCandidates/TestPromotion-7cc988fdd7d441adaeedc7469609f439/N-down-clip.anim' with importer (NativeFormatImporter)
Imported 'GUID: 38b8f9253806345f6b77c086603dcc33' -> (Import Result ID: '0442b21ef840e989be4ef5602cc11dfe') in 0.000 seconds [static dependencies only]. Details - ImportResultOutputID=e083c0baa69638be5bc53fa3f9bb8c7f DependenciesID=b77cb2975658789196509292b54ad53b StaticDependenciesID=16205deac5c94c133b1d439a78ceef68 
Asset Pipeline Refresh (id=2027eaef8d4304b5ebba2256b31ad861): Total: 0.017 seconds - Initiated by StopAssetImportingV2(NoUpdateAssetOptions)
Importing 'GUID: c187629aafe73436cab2029872a32f67 - Path: Assets/Janseon/ArtCandidates/TestPromotion-7cc988fdd7d441adaeedc7469609f439/E-idle-0.png' with importer (TextureImporter)
Imported 'GUID: c187629aafe73436cab2029872a32f67' -> (Import Result ID: 'c806cb60ab3569219d85b1efc125afec') in 0.001 seconds [static and dynamic dependencies]. Details - ImportResultOutputID=8cb23fa17cf6d83c54ad078185f0f800 DependenciesID=4c95fbca59a360e3157fb45e7d57e122 StaticDependenciesID=8668c75bf3ddb3bdac13006637c0c671 
Asset Pipeline Refresh (id=ee28edb87c6034d38908370b0bbe7b04): Total: 0.018 seconds - Initiated by StopAssetImportingV2(NoUpdateAssetOptions)
Importing 'GUID: c187629aafe73436cab2029872a32f67 - Path: Assets/Janseon/ArtCandidates/TestPromotion-7cc988fdd7d441adaeedc7469609f439/E-idle-0.png' with importer (TextureImporter)
Imported 'GUID: c187629aafe73436cab2029872a32f67' -> (Import Result ID: 'c0ea27f39a4848c1a5e0a94ad8c7e472') in 0.001 seconds [static and dynamic dependencies]. Details - ImportResultOutputID=89da9eac8fe853faadf54d139e522de0 DependenciesID=322bcfb8b5e2b763719ee4ee798c3445 StaticDependenciesID=feade7b87ca4f045bb1780c0579210de 
Asset Pipeline Refresh (id=121d650cacec24ab5813545a121457c1): Total: 0.020 seconds - Initiated by StopAssetImportingV2(NoUpdateAssetOptions)
Importing 'GUID: 8f3bc69880c8146ddaa8a120ff5a2331 - Path: Assets/Janseon/ArtCandidates/TestPromotion-7cc988fdd7d441adaeedc7469609f439/E-idle-1.png' with importer (TextureImporter)
Imported 'GUID: 8f3bc69880c8146ddaa8a120ff5a2331' -> (Import Result ID: '2ac12ed9cd9fe25e99fbc5a3af54ac8d') in 0.001 seconds [static and dynamic dependencies]. Details - ImportResultOutputID=6f67aa96acf3793f86428cfff8f8674d DependenciesID=2973ebce448537c02e12feaefb93e6c7 StaticDependenciesID=093a1ee3a5451503b95adfb28c317f82 
Asset Pipeline Refresh (id=a70a66959b8c54d7db16494cf1361727): Total: 0.016 seconds - Initiated by StopAssetImportingV2(NoUpdateAssetOptions)
Importing 'GUID: 8f3bc69880c8146ddaa8a120ff5a2331 - Path: Assets/Janseon/ArtCandidates/TestPromotion-7cc988fdd7d441adaeedc7469609f439/E-idle-1.png' with importer (TextureImporter)
Imported 'GUID: 8f3bc69880c8146ddaa8a120ff5a2331' -> (Import Result ID: '5069617b43efcaa7d40fd3fcfb6a9524') in 0.001 seconds [static and dynamic dependencies]. Details - ImportResultOutputID=862b27863eb29230aa5bbd699f1d4221 DependenciesID=727f0e335e8ed551900ed80f41174ee0 StaticDependenciesID=e4ae6fcf0749fc3bf154537b6623701d 
Asset Pipeline Refresh (id=778aad19d060b424b9c0498deb14b88c): Total: 0.017 seconds - Initiated by StopAssetImportingV2(NoUpdateAssetOptions)
Importing 'GUID: 650fa6f6b89d840b3a45db9c6d13ec29 - Path: Assets/Janseon/ArtCandidates/TestPromotion-7cc988fdd7d441adaeedc7469609f439/E-idle-2.png' with importer (TextureImporter)
Imported 'GUID: 650fa6f6b89d840b3a45db9c6d13ec29' -> (Import Result ID: '239ecbe4364c2ceac2e0c19108878ec2') in 0.001 seconds [static and dynamic dependencies]. Details - ImportResultOutputID=5d6d7b1a93009b4bf33786b5cf675f44 DependenciesID=aba6c7f906359ff9daa4cc701e16263b StaticDependenciesID=a1f54d8ec83950a39ddfc862618e5cf8 
Asset Pipeline Refresh (id=ad73f30cbd0f0423285df1862d9adf15): Total: 0.015 seconds - Initiated by StopAssetImportingV2(NoUpdateAssetOptions)
Importing 'GUID: 650fa6f6b89d840b3a45db9c6d13ec29 - Path: Assets/Janseon/ArtCandidates/TestPromotion-7cc988fdd7d441adaeedc7469609f439/E-idle-2.png' with importer (TextureImporter)
Imported 'GUID: 650fa6f6b89d840b3a45db9c6d13ec29' -> (Import Result ID: '460c072e82a00dc7321e17b7c10910ba') in 0.001 seconds [static and dynamic dependencies]. Details - ImportResultOutputID=7b1522c2e3a7f862f0e4d8c11e473fbf DependenciesID=6a7213dfd86ad7551b0df62ff186cb38 StaticDependenciesID=e8d4cb13857cf2fd08f89ed0b879dff8 
Asset Pipeline Refresh (id=2d5a02a31a67c48b9a49f351515534d3): Total: 0.017 seconds - Initiated by StopAssetImportingV2(NoUpdateAssetOptions)
Importing 'GUID: 53dbf6b35427a48eb898945e4fbea504 - Path: Assets/Janseon/ArtCandidates/TestPromotion-7cc988fdd7d441adaeedc7469609f439/E-idle-3.png' with importer (TextureImporter)
Imported 'GUID: 53dbf6b35427a48eb898945e4fbea504' -> (Import Result ID: '37aef61c9f0c33460edacf7759a78c96') in 0.001 seconds [static and dynamic dependencies]. Details - ImportResultOutputID=1e6009c212b1b417db4d56b7ac393702 DependenciesID=763ced61ab660f2fbf08eb5cb746e943 StaticDependenciesID=6835ca070026877793b70a1f0cd97a9b 
Asset Pipeline Refresh (id=1d74042dd6d73442ba63057f1bfb2d61): Total: 0.015 seconds - Initiated by StopAssetImportingV2(NoUpdateAssetOptions)
Importing 'GUID: 53dbf6b35427a48eb898945e4fbea504 - Path: Assets/Janseon/ArtCandidates/TestPromotion-7cc988fdd7d441adaeedc7469609f439/E-idle-3.png' with importer (TextureImporter)
Imported 'GUID: 53dbf6b35427a48eb898945e4fbea504' -> (Import Result ID: '478e067e44b53f3964e30d3058e032b3') in 0.001 seconds [static and dynamic dependencies]. Details - ImportResultOutputID=8e1d138ecca049556f6460524ec700f1 DependenciesID=203b0a6136426bd52dc4782007a7ac8b StaticDependenciesID=c9925623cfcea357daee640fd1054515 
Asset Pipeline Refresh (id=be0c7873b8bbb461f80c3898c55a5acb): Total: 0.017 seconds - Initiated by StopAssetImportingV2(NoUpdateAssetOptions)
Importing 'GUID: 743aeada067ae4520abb160bec5a5010 - Path: Assets/Janseon/ArtCandidates/TestPromotion-7cc988fdd7d441adaeedc7469609f439/E-idle-clip.anim' with importer (NativeFormatImporter)
Imported 'GUID: 743aeada067ae4520abb160bec5a5010' -> (Import Result ID: 'd12755ffbed177bdc545bfdd352f2459') in 0.000 seconds [static dependencies only]. Details - ImportResultOutputID=0bab5996c7baba44911e99af44da06c7 DependenciesID=4f7a4e0d6f94f9c1054de204aa902be8 StaticDependenciesID=66c380f12ae9f70374def54349c38e1b 
Asset Pipeline Refresh (id=634663ef1a5004740a0c6939282c9e08): Total: 0.016 seconds - Initiated by StopAssetImportingV2(NoUpdateAssetOptions)
Importing 'GUID: acbcb6e01132a4d468e87bcc04db8856 - Path: Assets/Janseon/ArtCandidates/TestPromotion-7cc988fdd7d441adaeedc7469609f439/E-walk-0.png' with importer (TextureImporter)
Imported 'GUID: acbcb6e01132a4d468e87bcc04db8856' -> (Import Result ID: '6b31c4726f5c3820f834b7b83fd90e04') in 0.001 seconds [static and dynamic dependencies]. Details - ImportResultOutputID=47f2b1ecbaeb72a20be9a7889615ca10 DependenciesID=e6a33fa5477a32e722d98bd9e46215c9 StaticDependenciesID=be691a4fbd7888786dcf1675660cfd16 
Asset Pipeline Refresh (id=6d4b9679d83494c1fa1b2f3240232db8): Total: 0.015 seconds - Initiated by StopAssetImportingV2(NoUpdateAssetOptions)
Importing 'GUID: acbcb6e01132a4d468e87bcc04db8856 - Path: Assets/Janseon/ArtCandidates/TestPromotion-7cc988fdd7d441adaeedc7469609f439/E-walk-0.png' with importer (TextureImporter)
Imported 'GUID: acbcb6e01132a4d468e87bcc04db8856' -> (Import Result ID: '00284632d7cfba47ea513d93c0f0ab15') in 0.001 seconds [static and dynamic dependencies]. Details - ImportResultOutputID=2372ba79589701059d7a5bb9f4f2adb6 DependenciesID=3f029c6264b54486af2a995a2f8543d4 StaticDependenciesID=a9756bb3e54930d1cef38f64f1fcda0d 
Asset Pipeline Refresh (id=273bcf266a1864f0097dc40c51e0befd): Total: 0.019 seconds - Initiated by StopAssetImportingV2(NoUpdateAssetOptions)
Importing 'GUID: 41c55dcd27dd1437d9d88c589149774b - Path: Assets/Janseon/ArtCandidates/TestPromotion-7cc988fdd7d441adaeedc7469609f439/E-walk-1.png' with importer (TextureImporter)
Imported 'GUID: 41c55dcd27dd1437d9d88c589149774b' -> (Import Result ID: '0f94be6f90a368dd54527163c4669653') in 0.001 seconds [static and dynamic dependencies]. Details - ImportResultOutputID=9b059906029ff78b3f8a1c5cafcb74ff DependenciesID=c1cc8a77e1ea5b772c83a66ab0fed6db StaticDependenciesID=16a42feb7005a970c11c2c47b97b0dea 
Asset Pipeline Refresh (id=16ce24fdb074e4f2a9bb207c48e53caa): Total: 0.017 seconds - Initiated by StopAssetImportingV2(NoUpdateAssetOptions)
Importing 'GUID: 41c55dcd27dd1437d9d88c589149774b - Path: Assets/Janseon/ArtCandidates/TestPromotion-7cc988fdd7d441adaeedc7469609f439/E-walk-1.png' with importer (TextureImporter)
Imported 'GUID: 41c55dcd27dd1437d9d88c589149774b' -> (Import Result ID: '43a8e124cd2e737acdec68c6390ac9bd') in 0.001 seconds [static and dynamic dependencies]. Details - ImportResultOutputID=e6375ef4d8fccba8de3a0a2d583518de DependenciesID=2f845b4c77b90706c25da9c2169dbee0 StaticDependenciesID=db851c3c696b07c2ca6a6803929a066b 
Asset Pipeline Refresh (id=746a4a075fbaf4e4e9d0ed40778326bd): Total: 0.019 seconds - Initiated by StopAssetImportingV2(NoUpdateAssetOptions)
Importing 'GUID: d9589e956123b46b385d31b5818f2b2d - Path: Assets/Janseon/ArtCandidates/TestPromotion-7cc988fdd7d441adaeedc7469609f439/E-walk-2.png' with importer (TextureImporter)
Imported 'GUID: d9589e956123b46b385d31b5818f2b2d' -> (Import Result ID: '2180edc560e6994876c490f77703235c') in 0.001 seconds [static and dynamic dependencies]. Details - ImportResultOutputID=d4aeb222264be43014a386401e09ac6c DependenciesID=36dbebbb24544174acc50f9a1146892a StaticDependenciesID=cbf3beae6995a27b7099b5fde48d0dfe 
Asset Pipeline Refresh (id=8ad9bcabf3fba4460a065a65ef6b4ae0): Total: 0.016 seconds - Initiated by StopAssetImportingV2(NoUpdateAssetOptions)
Importing 'GUID: d9589e956123b46b385d31b5818f2b2d - Path: Assets/Janseon/ArtCandidates/TestPromotion-7cc988fdd7d441adaeedc7469609f439/E-walk-2.png' with importer (TextureImporter)
Imported 'GUID: d9589e956123b46b385d31b5818f2b2d' -> (Import Result ID: '59273ec3e15351ff9dff2f1670267d66') in 0.001 seconds [static and dynamic dependencies]. Details - ImportResultOutputID=7e707cec2b50588fa12a07ff97ccf620 DependenciesID=8091caf6b07074b3f41de0c47c471a60 StaticDependenciesID=858589190672b6bc380c0db9a8713d2f 
Asset Pipeline Refresh (id=bf8f319442b7c4c008866667088d6dc5): Total: 0.018 seconds - Initiated by StopAssetImportingV2(NoUpdateAssetOptions)
Importing 'GUID: a5ec68532710346feb4913fb9e8ace18 - Path: Assets/Janseon/ArtCandidates/TestPromotion-7cc988fdd7d441adaeedc7469609f439/E-walk-3.png' with importer (TextureImporter)
Imported 'GUID: a5ec68532710346feb4913fb9e8ace18' -> (Import Result ID: 'd0517fc527c97c9dc8480a6b74bfa144') in 0.001 seconds [static and dynamic dependencies]. Details - ImportResultOutputID=b25b26e3315fc71a871212f61f2c9551 DependenciesID=a1dfb276cc7c3d2a1dd0f1eb1d84b476 StaticDependenciesID=d0bea6d1218662afb98520747f633611 
Asset Pipeline Refresh (id=5f0a2ff9e1dc74cac90968ca122f4091): Total: 0.016 seconds - Initiated by StopAssetImportingV2(NoUpdateAssetOptions)
Importing 'GUID: a5ec68532710346feb4913fb9e8ace18 - Path: Assets/Janseon/ArtCandidates/TestPromotion-7cc988fdd7d441adaeedc7469609f439/E-walk-3.png' with importer (TextureImporter)
Imported 'GUID: a5ec68532710346feb4913fb9e8ace18' -> (Import Result ID: '4b8505665c5c935c28810b121bb87256') in 0.001 seconds [static and dynamic dependencies]. Details - ImportResultOutputID=a8484affce0133aee1151613dfaf2ad3 DependenciesID=8f85d795d958c6d622389c03d9496ea5 StaticDependenciesID=2e0bac83e4288c1260d88b050150b1ad 
Asset Pipeline Refresh (id=0c7e06af393f4461aac6b4f45296a53e): Total: 0.018 seconds - Initiated by StopAssetImportingV2(NoUpdateAssetOptions)
Importing 'GUID: 6b60746f5204c4d128848aa8f422a10f - Path: Assets/Janseon/ArtCandidates/TestPromotion-7cc988fdd7d441adaeedc7469609f439/E-walk-4.png' with importer (TextureImporter)
Imported 'GUID: 6b60746f5204c4d128848aa8f422a10f' -> (Import Result ID: 'da058e7c4ac4005f0d6ff63af1517368') in 0.001 seconds [static and dynamic dependencies]. Details - ImportResultOutputID=8772a0dec2a4f0b141f343b90b67b277 DependenciesID=e4c2254f7c9670886a23580ace687327 StaticDependenciesID=135c0346b1733f3d856b1c5241b89b0c 
Asset Pipeline Refresh (id=7fa73ccf38eba4c748d6c31bd5465f23): Total: 0.016 seconds - Initiated by StopAssetImportingV2(NoUpdateAssetOptions)
Importing 'GUID: 6b60746f5204c4d128848aa8f422a10f - Path: Assets/Janseon/ArtCandidates/TestPromotion-7cc988fdd7d441adaeedc7469609f439/E-walk-4.png' with importer (TextureImporter)
Imported 'GUID: 6b60746f5204c4d128848aa8f422a10f' -> (Import Result ID: 'a206ae2d8a0f76a63152f11f797100a8') in 0.001 seconds [static and dynamic dependencies]. Details - ImportResultOutputID=3d07d93bb142c32bc61f1f252a86ea08 DependenciesID=c4ffeb944d52807a32b4a436599ac3a5 StaticDependenciesID=5ebffe5aa8bb33c86a1219e87d5a8202 
Asset Pipeline Refresh (id=993bf6976870b484d999d00cb04c70b2): Total: 0.018 seconds - Initiated by StopAssetImportingV2(NoUpdateAssetOptions)
Importing 'GUID: 245f5a0564669426f9b31f32e0b3e895 - Path: Assets/Janseon/ArtCandidates/TestPromotion-7cc988fdd7d441adaeedc7469609f439/E-walk-5.png' with importer (TextureImporter)
Imported 'GUID: 245f5a0564669426f9b31f32e0b3e895' -> (Import Result ID: 'f6262f4b767325d5da0837baa3ab3545') in 0.001 seconds [static and dynamic dependencies]. Details - ImportResultOutputID=daf35cead48d5b4a1ae21bf4e6c905b0 DependenciesID=496e429afa829f9f8f97403015cb0b5c StaticDependenciesID=3dec7684318f31cc6dbdd80ab2ee1c9c 
Asset Pipeline Refresh (id=8bb18bc7eaaa3485ab33b7222653007a): Total: 0.015 seconds - Initiated by StopAssetImportingV2(NoUpdateAssetOptions)
Importing 'GUID: 245f5a0564669426f9b31f32e0b3e895 - Path: Assets/Janseon/ArtCandidates/TestPromotion-7cc988fdd7d441adaeedc7469609f439/E-walk-5.png' with importer (TextureImporter)
Imported 'GUID: 245f5a0564669426f9b31f32e0b3e895' -> (Import Result ID: '64b98e1344cb3aa12538b5287b53e7bc') in 0.001 seconds [static and dynamic dependencies]. Details - ImportResultOutputID=24dad51918227f0b81f9c59946892631 DependenciesID=08d738c745b2c49664d0b651ada87952 StaticDependenciesID=d22c2440f3264ba145b76fedb34d245d 
Asset Pipeline Refresh (id=7f7c8fc22f12c4b93baa4e2cbb378a88): Total: 0.018 seconds - Initiated by StopAssetImportingV2(NoUpdateAssetOptions)
Importing 'GUID: 98d4c08a0069d41a0b03e979f1f6d5a9 - Path: Assets/Janseon/ArtCandidates/TestPromotion-7cc988fdd7d441adaeedc7469609f439/E-walk-clip.anim' with importer (NativeFormatImporter)
Imported 'GUID: 98d4c08a0069d41a0b03e979f1f6d5a9' -> (Import Result ID: '8e20e26c3fdee35bce04eeb30c41994c') in 0.000 seconds [static dependencies only]. Details - ImportResultOutputID=43e25cbf37ab25fdd310e255dd195ff1 DependenciesID=58c8f7eb7fee79d7cabfc279c0a2c3c2 StaticDependenciesID=864dc38fedc7104df08cd3bcd3a47d62 
Asset Pipeline Refresh (id=5ecad82531ae044b0afe23eafa1cf178): Total: 0.015 seconds - Initiated by StopAssetImportingV2(NoUpdateAssetOptions)
Importing 'GUID: 8db65533359514adb98b8aadd64c52e4 - Path: Assets/Janseon/ArtCandidates/TestPromotion-7cc988fdd7d441adaeedc7469609f439/E-attack-0.png' with importer (TextureImporter)
Imported 'GUID: 8db65533359514adb98b8aadd64c52e4' -> (Import Result ID: '8a12a88562af586a31fa469607d3158b') in 0.001 seconds [static and dynamic dependencies]. Details - ImportResultOutputID=42fd49f97717f5a012ff28cf616266c4 DependenciesID=b1a8b75c30bed3d3e444a3d81e20b86b StaticDependenciesID=7648614c02797596a060f8ba4bcb2c7f 
Asset Pipeline Refresh (id=cc20cefe4712f4b3ea428e09e0c3a244): Total: 0.016 seconds - Initiated by StopAssetImportingV2(NoUpdateAssetOptions)
Importing 'GUID: 8db65533359514adb98b8aadd64c52e4 - Path: Assets/Janseon/ArtCandidates/TestPromotion-7cc988fdd7d441adaeedc7469609f439/E-attack-0.png' with importer (TextureImporter)
Imported 'GUID: 8db65533359514adb98b8aadd64c52e4' -> (Import Result ID: 'c222d61bee90736b409b09e6062b73ba') in 0.001 seconds [static and dynamic dependencies]. Details - ImportResultOutputID=55492cc5b0144d64f6e00c3eadd43c4d DependenciesID=59a8e54ff5efcd1f586843b3216ca1bb StaticDependenciesID=dc342ad76ad0da6a5e412997ee09f01f 
Asset Pipeline Refresh (id=4b65cbe9b42bf44419303cdf01cffb98): Total: 0.018 seconds - Initiated by StopAssetImportingV2(NoUpdateAssetOptions)
Importing 'GUID: 5df727dffdd914b32a35373d5f9139b3 - Path: Assets/Janseon/ArtCandidates/TestPromotion-7cc988fdd7d441adaeedc7469609f439/E-attack-1.png' with importer (TextureImporter)
Imported 'GUID: 5df727dffdd914b32a35373d5f9139b3' -> (Import Result ID: '1f599013908b31b4b8f2a5d860378bb4') in 0.001 seconds [static and dynamic dependencies]. Details - ImportResultOutputID=f419d245426741e84911fba0837009fd DependenciesID=f112dc8ce6acd6f9ad63ef481571f00c StaticDependenciesID=2e5df4595152ec711c78f9abefd2cd15 
Asset Pipeline Refresh (id=e175b44249a7f4fea9b8fb558672e1ce): Total: 0.015 seconds - Initiated by StopAssetImportingV2(NoUpdateAssetOptions)
Importing 'GUID: 5df727dffdd914b32a35373d5f9139b3 - Path: Assets/Janseon/ArtCandidates/TestPromotion-7cc988fdd7d441adaeedc7469609f439/E-attack-1.png' with importer (TextureImporter)
Imported 'GUID: 5df727dffdd914b32a35373d5f9139b3' -> (Import Result ID: '99d99743b23118866b28741946f71fb4') in 0.001 seconds [static and dynamic dependencies]. Details - ImportResultOutputID=12f5fc3f7b8dc5ce47d761ae16124f6d DependenciesID=a8a4d63e6615b7967a5cbc519da7dfb1 StaticDependenciesID=7d7c9c7507787f2df9689357f8bfc36d 
Asset Pipeline Refresh (id=b9bd7eb472d7e496fafea077682704f8): Total: 0.017 seconds - Initiated by StopAssetImportingV2(NoUpdateAssetOptions)
Importing 'GUID: c9b1e4f285a6c4f3ebac4a80c86bada7 - Path: Assets/Janseon/ArtCandidates/TestPromotion-7cc988fdd7d441adaeedc7469609f439/E-attack-2.png' with importer (TextureImporter)
Imported 'GUID: c9b1e4f285a6c4f3ebac4a80c86bada7' -> (Import Result ID: 'b8eabe16b54a6fe8c32c4ccdcdad13f6') in 0.001 seconds [static and dynamic dependencies]. Details - ImportResultOutputID=fae79ab52a31ca77fb78b9533588eb98 DependenciesID=ab965e7a1e77bc6fcccc5c67429ca94c StaticDependenciesID=dba3870017dae37054571ce6d94a5e42 
Asset Pipeline Refresh (id=9f701273b65e944dabb32fddc3e0301c): Total: 0.018 seconds - Initiated by StopAssetImportingV2(NoUpdateAssetOptions)
Importing 'GUID: c9b1e4f285a6c4f3ebac4a80c86bada7 - Path: Assets/Janseon/ArtCandidates/TestPromotion-7cc988fdd7d441adaeedc7469609f439/E-attack-2.png' with importer (TextureImporter)
Imported 'GUID: c9b1e4f285a6c4f3ebac4a80c86bada7' -> (Import Result ID: '594d495e131c3b2792e38c6a14c8708f') in 0.001 seconds [static and dynamic dependencies]. Details - ImportResultOutputID=3bf1c97e719c90157996d15b9ef88c30 DependenciesID=de991bceb5aac671ef4c1af8f6ccc863 StaticDependenciesID=1dff485212005e10085aba80c3464e73 
Asset Pipeline Refresh (id=9d30f411eb3be473e8ad3a9b4d8116ad): Total: 0.018 seconds - Initiated by StopAssetImportingV2(NoUpdateAssetOptions)
Importing 'GUID: 96eaee7b90e44456380ee2501cc94f3f - Path: Assets/Janseon/ArtCandidates/TestPromotion-7cc988fdd7d441adaeedc7469609f439/E-attack-3.png' with importer (TextureImporter)
Imported 'GUID: 96eaee7b90e44456380ee2501cc94f3f' -> (Import Result ID: '42e0b2189194c0791b39b5c6148f8ccd') in 0.001 seconds [static and dynamic dependencies]. Details - ImportResultOutputID=27cf2f19dec18b034c3813408ea49e3e DependenciesID=b76ed8d721145321fb298bdccfd5ed24 StaticDependenciesID=c13fac9ba6e52a41be08a48ce20c3abf 
Asset Pipeline Refresh (id=21985259871464e079952c552952f7e1): Total: 0.016 seconds - Initiated by StopAssetImportingV2(NoUpdateAssetOptions)
Importing 'GUID: 96eaee7b90e44456380ee2501cc94f3f - Path: Assets/Janseon/ArtCandidates/TestPromotion-7cc988fdd7d441adaeedc7469609f439/E-attack-3.png' with importer (TextureImporter)
Imported 'GUID: 96eaee7b90e44456380ee2501cc94f3f' -> (Import Result ID: 'bacb2025f92f921f991f748e02250a8c') in 0.001 seconds [static and dynamic dependencies]. Details - ImportResultOutputID=34e440f769584b7b1b0ad06f98cebe46 DependenciesID=5c113ffc8c8525ec21ac39045325b057 StaticDependenciesID=6afbd4d61053328da1753bf7da42a464 
Asset Pipeline Refresh (id=924c5e254b51f4da2b613cf69b43f253): Total: 0.018 seconds - Initiated by StopAssetImportingV2(NoUpdateAssetOptions)
Importing 'GUID: 6605990b130c34671905475e20ac8f49 - Path: Assets/Janseon/ArtCandidates/TestPromotion-7cc988fdd7d441adaeedc7469609f439/E-attack-4.png' with importer (TextureImporter)
Imported 'GUID: 6605990b130c34671905475e20ac8f49' -> (Import Result ID: '7ed320c7ed395384a379562b6cd9f6ce') in 0.001 seconds [static and dynamic dependencies]. Details - ImportResultOutputID=497886c559f5ed25672403925b570137 DependenciesID=d08da16ae6284a56c3cbe119947a6806 StaticDependenciesID=f25f564c1338f5614bdc647c175b3815 
Asset Pipeline Refresh (id=6c16fab5353024cb7901f5bf78a41f0c): Total: 0.015 seconds - Initiated by StopAssetImportingV2(NoUpdateAssetOptions)
Importing 'GUID: 6605990b130c34671905475e20ac8f49 - Path: Assets/Janseon/ArtCandidates/TestPromotion-7cc988fdd7d441adaeedc7469609f439/E-attack-4.png' with importer (TextureImporter)
Imported 'GUID: 6605990b130c34671905475e20ac8f49' -> (Import Result ID: 'c1a1936d78d4d3ea4d745c74eb39e817') in 0.001 seconds [static and dynamic dependencies]. Details - ImportResultOutputID=7a9cee1b288f29fea952597edf6a0d0f DependenciesID=401fadcf1b5b23fcaff9f6816b0a9442 StaticDependenciesID=eda8f97472b548df520464a6a3e28ce1 
Asset Pipeline Refresh (id=f1ad941ca84ff4585ae347558d6b3df2): Total: 0.018 seconds - Initiated by StopAssetImportingV2(NoUpdateAssetOptions)
Importing 'GUID: d95325d4243d247b1aeb6a8a3169177b - Path: Assets/Janseon/ArtCandidates/TestPromotion-7cc988fdd7d441adaeedc7469609f439/E-attack-5.png' with importer (TextureImporter)
Imported 'GUID: d95325d4243d247b1aeb6a8a3169177b' -> (Import Result ID: 'f3df24b5c2b1857782e291e3a5a88eaf') in 0.001 seconds [static and dynamic dependencies]. Details - ImportResultOutputID=7cf815222dba794bf99394e9b1e4d6b4 DependenciesID=04e0bfb275d91aa064be7adc21d13a56 StaticDependenciesID=c49452280a34dbca6e00b4d801d6d94e 
Asset Pipeline Refresh (id=0481d1508030b48a59e2e91ce4354ee2): Total: 0.015 seconds - Initiated by StopAssetImportingV2(NoUpdateAssetOptions)
Importing 'GUID: d95325d4243d247b1aeb6a8a3169177b - Path: Assets/Janseon/ArtCandidates/TestPromotion-7cc988fdd7d441adaeedc7469609f439/E-attack-5.png' with importer (TextureImporter)
Imported 'GUID: d95325d4243d247b1aeb6a8a3169177b' -> (Import Result ID: 'eda64a0a6ddc78f633fa01d010398f77') in 0.001 seconds [static and dynamic dependencies]. Details - ImportResultOutputID=c2b0f02e38ffa2a0c602008ac03470f1 DependenciesID=a00e2bdedde47abf64b561bd82f4fe23 StaticDependenciesID=d90f28dfccff5321701b09e428626ad2 
Asset Pipeline Refresh (id=581e41de8ea26467e8f715701ca93855): Total: 0.017 seconds - Initiated by StopAssetImportingV2(NoUpdateAssetOptions)
Importing 'GUID: d3129af1f237549ec9595ca8532f7f6d - Path: Assets/Janseon/ArtCandidates/TestPromotion-7cc988fdd7d441adaeedc7469609f439/E-attack-clip.anim' with importer (NativeFormatImporter)
Imported 'GUID: d3129af1f237549ec9595ca8532f7f6d' -> (Import Result ID: '26589cd8df1bd293f996433923bf2d71') in 0.000 seconds [static dependencies only]. Details - ImportResultOutputID=e916bdeee3dbb5b0c37b604d847b2fe5 DependenciesID=a14a5ee322d00ec2a417b5fdc443c810 StaticDependenciesID=2bd7fe9fa16343fa84907a4736c6734e 
Asset Pipeline Refresh (id=e53797060d97740a0b1a9283d3f8e539): Total: 0.015 seconds - Initiated by StopAssetImportingV2(NoUpdateAssetOptions)
Importing 'GUID: ba118520e5c1d439a9146278a9b45245 - Path: Assets/Janseon/ArtCandidates/TestPromotion-7cc988fdd7d441adaeedc7469609f439/E-hit-0.png' with importer (TextureImporter)
Imported 'GUID: ba118520e5c1d439a9146278a9b45245' -> (Import Result ID: '12520fb4ca29308acc8fa711d9049e93') in 0.001 seconds [static and dynamic dependencies]. Details - ImportResultOutputID=23b7e90451615b0141dde3ee06e2f190 DependenciesID=9f6809dd7da529208062df8a3d039679 StaticDependenciesID=8bb15012106552863e5896883f7484ea 
Asset Pipeline Refresh (id=a8ea1373b342f4e3ea7772528394e5ea): Total: 0.015 seconds - Initiated by StopAssetImportingV2(NoUpdateAssetOptions)
Importing 'GUID: ba118520e5c1d439a9146278a9b45245 - Path: Assets/Janseon/ArtCandidates/TestPromotion-7cc988fdd7d441adaeedc7469609f439/E-hit-0.png' with importer (TextureImporter)
Imported 'GUID: ba118520e5c1d439a9146278a9b45245' -> (Import Result ID: 'c6cf761eb51245fe6ad6936575769654') in 0.001 seconds [static and dynamic dependencies]. Details - ImportResultOutputID=bd15fe6e9e6f6443b78830a2a2a5b1a7 DependenciesID=bb0d9435f161b62d7f58cc17f62dc1a7 StaticDependenciesID=68f9e648395e69ef807b85e32972c53b 
Asset Pipeline Refresh (id=623cdf3010bf446e0939686fc1f949e5): Total: 0.017 seconds - Initiated by StopAssetImportingV2(NoUpdateAssetOptions)
Importing 'GUID: cc7bffcb13eb54e56bb61304c205a88d - Path: Assets/Janseon/ArtCandidates/TestPromotion-7cc988fdd7d441adaeedc7469609f439/E-hit-1.png' with importer (TextureImporter)
Imported 'GUID: cc7bffcb13eb54e56bb61304c205a88d' -> (Import Result ID: '400a3e74155b0371ce0ce0934f9896f5') in 0.001 seconds [static and dynamic dependencies]. Details - ImportResultOutputID=f5ff54cb24f2703d23eb8b4ae44dcda7 DependenciesID=0e5bb88970008f0dea9f627a9f9146cb StaticDependenciesID=fc8495e8b57f58d4ed6fb9b26af98b97 
Asset Pipeline Refresh (id=627b8fef499ea45de844e32c77499715): Total: 0.015 seconds - Initiated by StopAssetImportingV2(NoUpdateAssetOptions)
Importing 'GUID: cc7bffcb13eb54e56bb61304c205a88d - Path: Assets/Janseon/ArtCandidates/TestPromotion-7cc988fdd7d441adaeedc7469609f439/E-hit-1.png' with importer (TextureImporter)
Imported 'GUID: cc7bffcb13eb54e56bb61304c205a88d' -> (Import Result ID: '8bca0f0c7fab22adf651d1531f15dd4f') in 0.001 seconds [static and dynamic dependencies]. Details - ImportResultOutputID=363ecb6d1c4740c63da14d030a11028c DependenciesID=892587156cbf54862c9cef92c6ba7745 StaticDependenciesID=7bc64559ff8231cccdca205c0f195d46 
Asset Pipeline Refresh (id=2490205085eda42a5b50d16dea36845e): Total: 0.018 seconds - Initiated by StopAssetImportingV2(NoUpdateAssetOptions)
Importing 'GUID: 5b7d44056b74440fb9a6ac65cdaa57cf - Path: Assets/Janseon/ArtCandidates/TestPromotion-7cc988fdd7d441adaeedc7469609f439/E-hit-2.png' with importer (TextureImporter)
Imported 'GUID: 5b7d44056b74440fb9a6ac65cdaa57cf' -> (Import Result ID: '96542becb00404dcbb0922b812232c15') in 0.001 seconds [static and dynamic dependencies]. Details - ImportResultOutputID=d10c59b363f9bf61ca0b8a67966c8af6 DependenciesID=38f30b4c7c0525387bbb9ab522b9e331 StaticDependenciesID=249acd47898c65eb09eb6a52b98c269a 
Asset Pipeline Refresh (id=09ab3e96c4ae0498780de05415b09e0e): Total: 0.015 seconds - Initiated by StopAssetImportingV2(NoUpdateAssetOptions)
Importing 'GUID: 5b7d44056b74440fb9a6ac65cdaa57cf - Path: Assets/Janseon/ArtCandidates/TestPromotion-7cc988fdd7d441adaeedc7469609f439/E-hit-2.png' with importer (TextureImporter)
Imported 'GUID: 5b7d44056b74440fb9a6ac65cdaa57cf' -> (Import Result ID: '7d22e0dcd2d636459f0983600b398301') in 0.001 seconds [static and dynamic dependencies]. Details - ImportResultOutputID=53d85ec7634d717597cce6dd53088ed0 DependenciesID=b79b20bb51d9bc70a9bd40344692905b StaticDependenciesID=e0e6f5e1c3b9ea6bc9b0e3bcab98e206 
Asset Pipeline Refresh (id=3879b849e98954fbcbd193692ae7237a): Total: 0.017 seconds - Initiated by StopAssetImportingV2(NoUpdateAssetOptions)
Importing 'GUID: be19ce5e9efda4e27bff4021b5b2bea1 - Path: Assets/Janseon/ArtCandidates/TestPromotion-7cc988fdd7d441adaeedc7469609f439/E-hit-clip.anim' with importer (NativeFormatImporter)
Imported 'GUID: be19ce5e9efda4e27bff4021b5b2bea1' -> (Import Result ID: '4681eeecb08a9a930dd4f9a51ccd9dcc') in 0.000 seconds [static dependencies only]. Details - ImportResultOutputID=32281a0dbf8dc29b8e94464629aa8c84 DependenciesID=d79b515bc85052fbd9eb1e5d0daa7486 StaticDependenciesID=8da6bae458d8eba0c9a4df353e9a2b41 
Asset Pipeline Refresh (id=fcc73d06b742e424c8a9d05c8b71576a): Total: 0.015 seconds - Initiated by StopAssetImportingV2(NoUpdateAssetOptions)
Importing 'GUID: 38a535b8aa8984148891e452e76bf546 - Path: Assets/Janseon/ArtCandidates/TestPromotion-7cc988fdd7d441adaeedc7469609f439/E-down-0.png' with importer (TextureImporter)
Imported 'GUID: 38a535b8aa8984148891e452e76bf546' -> (Import Result ID: '949ddd79cea9ea1e442f46b39d75fdb4') in 0.001 seconds [static and dynamic dependencies]. Details - ImportResultOutputID=b1e7db13507e1f41ea78f3c03fef2c90 DependenciesID=96e412c9ebb63a8a122e6a7a3cc4de33 StaticDependenciesID=66dc537ae693008a2e42ae12253c67be 
Asset Pipeline Refresh (id=edb2adac413694e2fa49c6dbde5d4d95): Total: 0.015 seconds - Initiated by StopAssetImportingV2(NoUpdateAssetOptions)
Importing 'GUID: 38a535b8aa8984148891e452e76bf546 - Path: Assets/Janseon/ArtCandidates/TestPromotion-7cc988fdd7d441adaeedc7469609f439/E-down-0.png' with importer (TextureImporter)
Imported 'GUID: 38a535b8aa8984148891e452e76bf546' -> (Import Result ID: 'a9024c873a9835607a772c97c4d6e905') in 0.001 seconds [static and dynamic dependencies]. Details - ImportResultOutputID=2f789bd9b60b3201159f739db13164b3 DependenciesID=8bd33cef48d09e184f83f01e7d9e93db StaticDependenciesID=8034665f68b9a0409b5e35f18e138b84 
Asset Pipeline Refresh (id=03eba62b5fb5d4627a61722379990371): Total: 0.018 seconds - Initiated by StopAssetImportingV2(NoUpdateAssetOptions)
Importing 'GUID: 863d9e4cfc20040d0b0dfab82c1652c9 - Path: Assets/Janseon/ArtCandidates/TestPromotion-7cc988fdd7d441adaeedc7469609f439/E-down-1.png' with importer (TextureImporter)
Imported 'GUID: 863d9e4cfc20040d0b0dfab82c1652c9' -> (Import Result ID: 'f4f9babde5ac8f4d506848b2637d64cf') in 0.001 seconds [static and dynamic dependencies]. Details - ImportResultOutputID=5907a8da501097ff253dceb900032fe3 DependenciesID=e4a5bc2dd8a46e1f2cdbf8aa7bea0526 StaticDependenciesID=f92ee73d1dab54c3c472aa605eee1ca1 
Asset Pipeline Refresh (id=b087bc7822fc3447a9d2d49162a5d1d6): Total: 0.015 seconds - Initiated by StopAssetImportingV2(NoUpdateAssetOptions)
Importing 'GUID: 863d9e4cfc20040d0b0dfab82c1652c9 - Path: Assets/Janseon/ArtCandidates/TestPromotion-7cc988fdd7d441adaeedc7469609f439/E-down-1.png' with importer (TextureImporter)
Imported 'GUID: 863d9e4cfc20040d0b0dfab82c1652c9' -> (Import Result ID: '404f4be8c03d4c809d3ce19fc9cfcbb7') in 0.001 seconds [static and dynamic dependencies]. Details - ImportResultOutputID=6b4efc429fd7e2eb9445576ab42e9971 DependenciesID=52314a19f747ba8ec43eee65c8afa72d StaticDependenciesID=17b5416fa19bfbf41f47f207bf5cd354 
Asset Pipeline Refresh (id=4b0b75fe91cd1425792a85fd7bd95586): Total: 0.017 seconds - Initiated by StopAssetImportingV2(NoUpdateAssetOptions)
Importing 'GUID: b61e4c96b01bb4b30bd29c8d9059e86d - Path: Assets/Janseon/ArtCandidates/TestPromotion-7cc988fdd7d441adaeedc7469609f439/E-down-2.png' with importer (TextureImporter)
Imported 'GUID: b61e4c96b01bb4b30bd29c8d9059e86d' -> (Import Result ID: 'cce6ecf436fc92982b4437da77c8b95a') in 0.001 seconds [static and dynamic dependencies]. Details - ImportResultOutputID=dec4b84068aa382402d28edababd5888 DependenciesID=4cf17ebde5879bcc367553684d0bda31 StaticDependenciesID=36f76df95181ecca803cace723c0f4e7 
Asset Pipeline Refresh (id=249c173f578374824af5ac2999878738): Total: 0.015 seconds - Initiated by StopAssetImportingV2(NoUpdateAssetOptions)
Importing 'GUID: b61e4c96b01bb4b30bd29c8d9059e86d - Path: Assets/Janseon/ArtCandidates/TestPromotion-7cc988fdd7d441adaeedc7469609f439/E-down-2.png' with importer (TextureImporter)
Imported 'GUID: b61e4c96b01bb4b30bd29c8d9059e86d' -> (Import Result ID: 'f113217f0f8f374ecd643c3318aacb69') in 0.001 seconds [static and dynamic dependencies]. Details - ImportResultOutputID=085862eeebbb82b4f0658d125b09599a DependenciesID=605d4751e1739eb110a79a532aadb5f6 StaticDependenciesID=2e6862d7a0dcceeb3f24abf70b30a369 
Asset Pipeline Refresh (id=b9ba6ddf62232412d83e07d2f2131509): Total: 0.017 seconds - Initiated by StopAssetImportingV2(NoUpdateAssetOptions)
Importing 'GUID: ea23f088fcc5f412580907ba5876e866 - Path: Assets/Janseon/ArtCandidates/TestPromotion-7cc988fdd7d441adaeedc7469609f439/E-down-3.png' with importer (TextureImporter)
Imported 'GUID: ea23f088fcc5f412580907ba5876e866' -> (Import Result ID: '9f58e5727f4922d821a1bfeb18573e5c') in 0.001 seconds [static and dynamic dependencies]. Details - ImportResultOutputID=5a21374cc11f75f1faaa3bb99adff15a DependenciesID=bd4890fab0db5adb56e17606db593d88 StaticDependenciesID=fd5ecf07317ee7a5238e445542b9366e 
Asset Pipeline Refresh (id=9fd5e4b18af514400a0ec09f5c60458a): Total: 0.015 seconds - Initiated by StopAssetImportingV2(NoUpdateAssetOptions)
Importing 'GUID: ea23f088fcc5f412580907ba5876e866 - Path: Assets/Janseon/ArtCandidates/TestPromotion-7cc988fdd7d441adaeedc7469609f439/E-down-3.png' with importer (TextureImporter)
Imported 'GUID: ea23f088fcc5f412580907ba5876e866' -> (Import Result ID: '279b2ed523d355222b85f5db7b65b7cd') in 0.001 seconds [static and dynamic dependencies]. Details - ImportResultOutputID=b82de7bee1c458b4225e4444ec5ce488 DependenciesID=28c289d32b8625056b21f35ff437bae2 StaticDependenciesID=5245c7f72df652bbb1001af50273abef 
Asset Pipeline Refresh (id=269d02549e56c4f2e832aa7971572982): Total: 0.017 seconds - Initiated by StopAssetImportingV2(NoUpdateAssetOptions)
Importing 'GUID: 3b7c617d90e7343138ff98fe0cf76a05 - Path: Assets/Janseon/ArtCandidates/TestPromotion-7cc988fdd7d441adaeedc7469609f439/E-down-clip.anim' with importer (NativeFormatImporter)
Imported 'GUID: 3b7c617d90e7343138ff98fe0cf76a05' -> (Import Result ID: '9eca0330b926e3234b7a72bf0202054c') in 0.000 seconds [static dependencies only]. Details - ImportResultOutputID=7571799b5df9ba9bc5bc621d75e26d7b DependenciesID=9bb498936dc79569d970b1b8d433370c StaticDependenciesID=08973b9eaa5ba1875d8ed369f6ff2505 
Asset Pipeline Refresh (id=6773f913d287544b299d6ed56c0d1d70): Total: 0.015 seconds - Initiated by StopAssetImportingV2(NoUpdateAssetOptions)
Importing 'GUID: 5fd37742a42f4463db48242249dbcfb2 - Path: Assets/Janseon/ArtCandidates/TestPromotion-7cc988fdd7d441adaeedc7469609f439/S-idle-0.png' with importer (TextureImporter)
Imported 'GUID: 5fd37742a42f4463db48242249dbcfb2' -> (Import Result ID: 'b0525f2e8ce82aee66d4ce9fdbf6082c') in 0.001 seconds [static and dynamic dependencies]. Details - ImportResultOutputID=35d849b94f7bca3f94d0ff52a147d167 DependenciesID=723a9284f18a68efa4cb96eb579c1bed StaticDependenciesID=9fe68e10c5a70836b82f056bc5381a52 
Asset Pipeline Refresh (id=d99b785a3f267425d817b2adca351eb9): Total: 0.015 seconds - Initiated by StopAssetImportingV2(NoUpdateAssetOptions)
Importing 'GUID: 5fd37742a42f4463db48242249dbcfb2 - Path: Assets/Janseon/ArtCandidates/TestPromotion-7cc988fdd7d441adaeedc7469609f439/S-idle-0.png' with importer (TextureImporter)
Imported 'GUID: 5fd37742a42f4463db48242249dbcfb2' -> (Import Result ID: '3a94a2732ebdaad9e56e664c25a51a04') in 0.001 seconds [static and dynamic dependencies]. Details - ImportResultOutputID=264f3f7bdd1db7c908bd56f75a4696ee DependenciesID=75529e9235fb92423a166591310eb034 StaticDependenciesID=f0954b49fdb4b2a4f2534740cfb983ac 
Asset Pipeline Refresh (id=c3e6499bbfea7469ead4e9704c3067d2): Total: 0.017 seconds - Initiated by StopAssetImportingV2(NoUpdateAssetOptions)
Importing 'GUID: 05e77719ee1334d42ab41b1f32edc9a3 - Path: Assets/Janseon/ArtCandidates/TestPromotion-7cc988fdd7d441adaeedc7469609f439/S-idle-1.png' with importer (TextureImporter)
Imported 'GUID: 05e77719ee1334d42ab41b1f32edc9a3' -> (Import Result ID: 'ccc4b48beeda44ae003a7a8f979c7e02') in 0.001 seconds [static and dynamic dependencies]. Details - ImportResultOutputID=e354695d7f44a197188800033356c20e DependenciesID=bd86ccd04315d85c85f55b07acfd50f8 StaticDependenciesID=dc8fc6766446066cd5dfaee6f7d3854c 
Asset Pipeline Refresh (id=930f6aa7f43624556b8f592eb1925d79): Total: 0.015 seconds - Initiated by StopAssetImportingV2(NoUpdateAssetOptions)
Importing 'GUID: 05e77719ee1334d42ab41b1f32edc9a3 - Path: Assets/Janseon/ArtCandidates/TestPromotion-7cc988fdd7d441adaeedc7469609f439/S-idle-1.png' with importer (TextureImporter)
Imported 'GUID: 05e77719ee1334d42ab41b1f32edc9a3' -> (Import Result ID: '9c453d3a8559b54615c56ee448dc451f') in 0.001 seconds [static and dynamic dependencies]. Details - ImportResultOutputID=3dafb1e4508b22513423909d070acedf DependenciesID=d87b9ca46bce0d79567c5491a9626a1c StaticDependenciesID=825358444fc227b33b692407910d4edb 
Asset Pipeline Refresh (id=4bc348ca9c13246f5bf54ffdf9685235): Total: 0.018 seconds - Initiated by StopAssetImportingV2(NoUpdateAssetOptions)
Importing 'GUID: 73225d7cdb41c4a19be14c5f206bffb6 - Path: Assets/Janseon/ArtCandidates/TestPromotion-7cc988fdd7d441adaeedc7469609f439/S-idle-2.png' with importer (TextureImporter)
Imported 'GUID: 73225d7cdb41c4a19be14c5f206bffb6' -> (Import Result ID: 'c21adb225af4a3c2af5e0e39acdd989d') in 0.001 seconds [static and dynamic dependencies]. Details - ImportResultOutputID=c3a747194ec8a8390b378d92a4172413 DependenciesID=7a64b81f9f2f92b8f868f1fe6e601625 StaticDependenciesID=9420435f3d85134f82012bfbab719855 
Asset Pipeline Refresh (id=b62b5aaa08c3c448a826ad65c7a835a0): Total: 0.015 seconds - Initiated by StopAssetImportingV2(NoUpdateAssetOptions)
Importing 'GUID: 73225d7cdb41c4a19be14c5f206bffb6 - Path: Assets/Janseon/ArtCandidates/TestPromotion-7cc988fdd7d441adaeedc7469609f439/S-idle-2.png' with importer (TextureImporter)
Imported 'GUID: 73225d7cdb41c4a19be14c5f206bffb6' -> (Import Result ID: '6c6c6a7d349fbb66224b10b8b6dfd40e') in 0.001 seconds [static and dynamic dependencies]. Details - ImportResultOutputID=3d563a7c3d20534948a545f1f907e02a DependenciesID=38bf2feae6fb2e9a6f4f8ca177bd0418 StaticDependenciesID=6eedc2758c9c7b77289d9dd5c5687f7a 
Asset Pipeline Refresh (id=776bc16ec3c3b43c587c801a5a89b853): Total: 0.018 seconds - Initiated by StopAssetImportingV2(NoUpdateAssetOptions)
Importing 'GUID: 8ae24ce989b044d12becd0ab44f2d377 - Path: Assets/Janseon/ArtCandidates/TestPromotion-7cc988fdd7d441adaeedc7469609f439/S-idle-3.png' with importer (TextureImporter)
Imported 'GUID: 8ae24ce989b044d12becd0ab44f2d377' -> (Import Result ID: '1e9f38e45a6b11d95453da0c049184cf') in 0.001 seconds [static and dynamic dependencies]. Details - ImportResultOutputID=9285b811d8444cfa898164aa3d47a8f3 DependenciesID=2a01f419390979a97708b421f7532199 StaticDependenciesID=38b0dc86f378cf8f93f2fddf20a7dbf3 
Asset Pipeline Refresh (id=73b3dbec88fcc4b74800da5289bb6d50): Total: 0.015 seconds - Initiated by StopAssetImportingV2(NoUpdateAssetOptions)
Importing 'GUID: 8ae24ce989b044d12becd0ab44f2d377 - Path: Assets/Janseon/ArtCandidates/TestPromotion-7cc988fdd7d441adaeedc7469609f439/S-idle-3.png' with importer (TextureImporter)
Imported 'GUID: 8ae24ce989b044d12becd0ab44f2d377' -> (Import Result ID: 'e9260932422945576d54f5fc81c83a3e') in 0.001 seconds [static and dynamic dependencies]. Details - ImportResultOutputID=e9e1ca24a1a4c5d3a1d26def7e7545fb DependenciesID=27eba065c9161ad9b0bf4672a03e1883 StaticDependenciesID=11be50973220b425f4d7495607d437f9 
Asset Pipeline Refresh (id=fea96351ba2e24ec6bcc3ec7a69eb73f): Total: 0.018 seconds - Initiated by StopAssetImportingV2(NoUpdateAssetOptions)
Importing 'GUID: 0f85455d182914bbabde8a49f3e597a9 - Path: Assets/Janseon/ArtCandidates/TestPromotion-7cc988fdd7d441adaeedc7469609f439/S-idle-clip.anim' with importer (NativeFormatImporter)
Imported 'GUID: 0f85455d182914bbabde8a49f3e597a9' -> (Import Result ID: '82a7322c629160918aef1c352df41860') in 0.000 seconds [static dependencies only]. Details - ImportResultOutputID=170a99c49ff974bf205211365c1325dd DependenciesID=bfaad88f83e70baa03a7b43b3d5ae15f StaticDependenciesID=2873e2f22fb8493fa337711d0b11e00e 
Asset Pipeline Refresh (id=c8dcb95affe614405aa240952683b91a): Total: 0.015 seconds - Initiated by StopAssetImportingV2(NoUpdateAssetOptions)
Importing 'GUID: e1e37296309ca4494a30b85a577c1151 - Path: Assets/Janseon/ArtCandidates/TestPromotion-7cc988fdd7d441adaeedc7469609f439/S-walk-0.png' with importer (TextureImporter)
Imported 'GUID: e1e37296309ca4494a30b85a577c1151' -> (Import Result ID: 'fa5d20e5fac0df65b907e6b12c1cf9ff') in 0.001 seconds [static and dynamic dependencies]. Details - ImportResultOutputID=adae719997c1376f70621d35b7e88ccc DependenciesID=9ac9e4a6501dbe65662ca1ce66cfcd50 StaticDependenciesID=25e97a0b4f9ac5b151d17d6ca309a8c2 
Asset Pipeline Refresh (id=d003b299c00e9454c8a055b451e14ddf): Total: 0.016 seconds - Initiated by StopAssetImportingV2(NoUpdateAssetOptions)
Importing 'GUID: e1e37296309ca4494a30b85a577c1151 - Path: Assets/Janseon/ArtCandidates/TestPromotion-7cc988fdd7d441adaeedc7469609f439/S-walk-0.png' with importer (TextureImporter)
Imported 'GUID: e1e37296309ca4494a30b85a577c1151' -> (Import Result ID: '9e9d846dda80110962a96e87cba318ac') in 0.001 seconds [static and dynamic dependencies]. Details - ImportResultOutputID=cbf32350fd42ad6648ccb38d6f779852 DependenciesID=25e8a16dc80a025fc14f87e9434344d7 StaticDependenciesID=0daba98a86213990df023c5404b445e5 
Asset Pipeline Refresh (id=15285722ffc1e4e7593de2cd05b0841a): Total: 0.017 seconds - Initiated by StopAssetImportingV2(NoUpdateAssetOptions)
Importing 'GUID: 72db960c25b50443e95e820d4b6d7163 - Path: Assets/Janseon/ArtCandidates/TestPromotion-7cc988fdd7d441adaeedc7469609f439/S-walk-1.png' with importer (TextureImporter)
Imported 'GUID: 72db960c25b50443e95e820d4b6d7163' -> (Import Result ID: 'efbff9b07ba890ad983f8e7efc9d97ca') in 0.001 seconds [static and dynamic dependencies]. Details - ImportResultOutputID=bd282b18981676aa5112c166dc43ca0b DependenciesID=eb1ff751fbf47da426838accea968fb9 StaticDependenciesID=1e16be85ed247fac1626e14aaec5567e 
Asset Pipeline Refresh (id=ccd59920fcbb94eccbbf54257936025b): Total: 0.015 seconds - Initiated by StopAssetImportingV2(NoUpdateAssetOptions)
Importing 'GUID: 72db960c25b50443e95e820d4b6d7163 - Path: Assets/Janseon/ArtCandidates/TestPromotion-7cc988fdd7d441adaeedc7469609f439/S-walk-1.png' with importer (TextureImporter)
Imported 'GUID: 72db960c25b50443e95e820d4b6d7163' -> (Import Result ID: '42cb0c0dc0048de21adda49302f74d26') in 0.001 seconds [static and dynamic dependencies]. Details - ImportResultOutputID=598181e612511c7949e583ce6dcffe56 DependenciesID=81c30f646de03214473455aa28d555b7 StaticDependenciesID=5e7889430f6e4c7f49c10db1f69f5111 
Asset Pipeline Refresh (id=dd1e264c53820430fb7a3dba54a7988e): Total: 0.017 seconds - Initiated by StopAssetImportingV2(NoUpdateAssetOptions)
Importing 'GUID: d9abf3f493c4a42c2a65e18fe2576f79 - Path: Assets/Janseon/ArtCandidates/TestPromotion-7cc988fdd7d441adaeedc7469609f439/S-walk-2.png' with importer (TextureImporter)
Imported 'GUID: d9abf3f493c4a42c2a65e18fe2576f79' -> (Import Result ID: '2dfb02e3724d46fc8aeacee86f72a528') in 0.001 seconds [static and dynamic dependencies]. Details - ImportResultOutputID=842e205abb39265a1f993d2e9c100745 DependenciesID=cb4288ee11a84d566eb22b34d051c2dc StaticDependenciesID=5961fb2ec5b912615f599940536f250d 
Asset Pipeline Refresh (id=b0cce1b3ad8ba47c586f27102df49246): Total: 0.015 seconds - Initiated by StopAssetImportingV2(NoUpdateAssetOptions)
Importing 'GUID: d9abf3f493c4a42c2a65e18fe2576f79 - Path: Assets/Janseon/ArtCandidates/TestPromotion-7cc988fdd7d441adaeedc7469609f439/S-walk-2.png' with importer (TextureImporter)
Imported 'GUID: d9abf3f493c4a42c2a65e18fe2576f79' -> (Import Result ID: '80a47dee5e17901ff80379b44889e2f5') in 0.001 seconds [static and dynamic dependencies]. Details - ImportResultOutputID=b27de1f9602fee6ed1c160cabee10683 DependenciesID=d4f2fbf70f452e0b98783bbad15d4dd4 StaticDependenciesID=a34e1fa84422ab47dbc0af49a9d13da3 
Asset Pipeline Refresh (id=692ba02ad0e8e49f2a29938a4985878e): Total: 0.017 seconds - Initiated by StopAssetImportingV2(NoUpdateAssetOptions)
Importing 'GUID: c31aa181a621e4d41b451c129469d758 - Path: Assets/Janseon/ArtCandidates/TestPromotion-7cc988fdd7d441adaeedc7469609f439/S-walk-3.png' with importer (TextureImporter)
Imported 'GUID: c31aa181a621e4d41b451c129469d758' -> (Import Result ID: '030d797a2418101db191254051223301') in 0.001 seconds [static and dynamic dependencies]. Details - ImportResultOutputID=b414db7659aff0e6fa592a39c5d37db2 DependenciesID=7b001c5c87b0a7dd9575a68c1fff05f3 StaticDependenciesID=574ec966f30377cbe2f30a952657f5d1 
Asset Pipeline Refresh (id=4ff796df9269d476cb2124a2e2829b1b): Total: 0.015 seconds - Initiated by StopAssetImportingV2(NoUpdateAssetOptions)
Importing 'GUID: c31aa181a621e4d41b451c129469d758 - Path: Assets/Janseon/ArtCandidates/TestPromotion-7cc988fdd7d441adaeedc7469609f439/S-walk-3.png' with importer (TextureImporter)
Imported 'GUID: c31aa181a621e4d41b451c129469d758' -> (Import Result ID: '0620a21c3d22be45e36f2d4c75544146') in 0.001 seconds [static and dynamic dependencies]. Details - ImportResultOutputID=013f08f3ca776ea90c28fd3436f0a372 DependenciesID=76ea044d811b11d2f838c41283356797 StaticDependenciesID=1c51b592ce3d1dc578cd4145ca7b41a4 
Asset Pipeline Refresh (id=e77db296cae4245e9b7c101fa6222043): Total: 0.017 seconds - Initiated by StopAssetImportingV2(NoUpdateAssetOptions)
Importing 'GUID: dd8cec0a62163409997e8170dc84f08e - Path: Assets/Janseon/ArtCandidates/TestPromotion-7cc988fdd7d441adaeedc7469609f439/S-walk-4.png' with importer (TextureImporter)
Imported 'GUID: dd8cec0a62163409997e8170dc84f08e' -> (Import Result ID: '2a1ec7c4ae6054468117d6b0ba0f027f') in 0.001 seconds [static and dynamic dependencies]. Details - ImportResultOutputID=7d8794cddef355c3b01045e053f2c24a DependenciesID=047ac3517541f90373d46d79c6ccc86f StaticDependenciesID=979e79f21601a5c6b3fb732f7deb6647 
Asset Pipeline Refresh (id=ec9787178befe49aa83d8ea2385d1214): Total: 0.016 seconds - Initiated by StopAssetImportingV2(NoUpdateAssetOptions)
Importing 'GUID: dd8cec0a62163409997e8170dc84f08e - Path: Assets/Janseon/ArtCandidates/TestPromotion-7cc988fdd7d441adaeedc7469609f439/S-walk-4.png' with importer (TextureImporter)
Imported 'GUID: dd8cec0a62163409997e8170dc84f08e' -> (Import Result ID: 'ca6537e4ef4a127b29f41b18e6399bfd') in 0.001 seconds [static and dynamic dependencies]. Details - ImportResultOutputID=f8ac4cad2ae0cbfd7f244cc44e9a3fc6 DependenciesID=e9afdfb0c42c850e6354ed6126b28d9c StaticDependenciesID=c1ccdd51316cb20e32b707023c7a786b 
Asset Pipeline Refresh (id=40ad21a274cc745a2b1898ecb73c83b3): Total: 0.017 seconds - Initiated by StopAssetImportingV2(NoUpdateAssetOptions)
Importing 'GUID: e5fb9c76a2d824fa0a732f174985b04a - Path: Assets/Janseon/ArtCandidates/TestPromotion-7cc988fdd7d441adaeedc7469609f439/S-walk-5.png' with importer (TextureImporter)
Imported 'GUID: e5fb9c76a2d824fa0a732f174985b04a' -> (Import Result ID: '2a0bb6f0411cc8a529be1610ef531a63') in 0.001 seconds [static and dynamic dependencies]. Details - ImportResultOutputID=a7bd1a650d80311504d7c983b6658d29 DependenciesID=ea7561b3e9271caf6dc62fce6a0a9fa9 StaticDependenciesID=4f039a36ac1192f707b09003c4420b35 
Asset Pipeline Refresh (id=a667393b5969442c1b9b5f641612a065): Total: 0.016 seconds - Initiated by StopAssetImportingV2(NoUpdateAssetOptions)
Importing 'GUID: e5fb9c76a2d824fa0a732f174985b04a - Path: Assets/Janseon/ArtCandidates/TestPromotion-7cc988fdd7d441adaeedc7469609f439/S-walk-5.png' with importer (TextureImporter)
Imported 'GUID: e5fb9c76a2d824fa0a732f174985b04a' -> (Import Result ID: 'ac306f16f0f2762a843a9d86bd5d3370') in 0.001 seconds [static and dynamic dependencies]. Details - ImportResultOutputID=e9122ae914d71e062ed7e1d0bb96f765 DependenciesID=e45245f606f3de3c922ffd376c96a415 StaticDependenciesID=d52f976a40f76dbfa68aa279f773377a 
Asset Pipeline Refresh (id=b9f1b9634218d4e5184c9c5b28d66292): Total: 0.019 seconds - Initiated by StopAssetImportingV2(NoUpdateAssetOptions)
Importing 'GUID: 0910e943587b6489d88d1de887c9731f - Path: Assets/Janseon/ArtCandidates/TestPromotion-7cc988fdd7d441adaeedc7469609f439/S-walk-clip.anim' with importer (NativeFormatImporter)
Imported 'GUID: 0910e943587b6489d88d1de887c9731f' -> (Import Result ID: 'a1d58f3cf5db5e36d8e333814bb539cb') in 0.000 seconds [static dependencies only]. Details - ImportResultOutputID=cad3c51f582670ce27bf3d543f09b51d DependenciesID=11b3ec164087a21b7179df5e8823d20f StaticDependenciesID=c73e8d3464dd602b9835335d11aca1db 
Asset Pipeline Refresh (id=1967ae763a0b045f5997a862cb880fc5): Total: 0.016 seconds - Initiated by StopAssetImportingV2(NoUpdateAssetOptions)
Importing 'GUID: d809e7d1d77454b76843b3caf8c780bf - Path: Assets/Janseon/ArtCandidates/TestPromotion-7cc988fdd7d441adaeedc7469609f439/S-attack-0.png' with importer (TextureImporter)
Imported 'GUID: d809e7d1d77454b76843b3caf8c780bf' -> (Import Result ID: 'fa6fd8a24d83a3648391d58798e1b1a7') in 0.001 seconds [static and dynamic dependencies]. Details - ImportResultOutputID=8fc052e3df8b5ac79f0c12721b695bab DependenciesID=f534c2b28285e9ab22f76d93a4f401a7 StaticDependenciesID=ecf41148a93d35f3daac28ddfa894556 
Asset Pipeline Refresh (id=d2f2981b51f91438f965707c2ff85c33): Total: 0.017 seconds - Initiated by StopAssetImportingV2(NoUpdateAssetOptions)
Importing 'GUID: d809e7d1d77454b76843b3caf8c780bf - Path: Assets/Janseon/ArtCandidates/TestPromotion-7cc988fdd7d441adaeedc7469609f439/S-attack-0.png' with importer (TextureImporter)
Imported 'GUID: d809e7d1d77454b76843b3caf8c780bf' -> (Import Result ID: 'c72cf7b96d6ce73a9178d55a0bd1d905') in 0.001 seconds [static and dynamic dependencies]. Details - ImportResultOutputID=de3c1e4ad239f8eb88b0ac791d7660c4 DependenciesID=9b8c52c5733466da5e1cc46950307046 StaticDependenciesID=8cfd0118d7b7fa491ff7b73c2e9552c6 
Asset Pipeline Refresh (id=8e8b1154eeabf44a9ac35e1abca7f509): Total: 0.019 seconds - Initiated by StopAssetImportingV2(NoUpdateAssetOptions)
Importing 'GUID: aceccd95c9b1f4ca388b0d495485c968 - Path: Assets/Janseon/ArtCandidates/TestPromotion-7cc988fdd7d441adaeedc7469609f439/S-attack-1.png' with importer (TextureImporter)
Imported 'GUID: aceccd95c9b1f4ca388b0d495485c968' -> (Import Result ID: '5c9b6352dcec8348bffc237d4f160658') in 0.001 seconds [static and dynamic dependencies]. Details - ImportResultOutputID=ec217fe30b998380599e3ae7c90a1a6d DependenciesID=6aa3bf6036042ac6ce51b0f999144251 StaticDependenciesID=0ff5a12061a0b05276c6c93f60b8bfba 
Asset Pipeline Refresh (id=04ffbe081b39d47d69676ac7c0565463): Total: 0.016 seconds - Initiated by StopAssetImportingV2(NoUpdateAssetOptions)
Importing 'GUID: aceccd95c9b1f4ca388b0d495485c968 - Path: Assets/Janseon/ArtCandidates/TestPromotion-7cc988fdd7d441adaeedc7469609f439/S-attack-1.png' with importer (TextureImporter)
Imported 'GUID: aceccd95c9b1f4ca388b0d495485c968' -> (Import Result ID: 'cffc4f9c6ecdb40636634951e1ca0ee0') in 0.001 seconds [static and dynamic dependencies]. Details - ImportResultOutputID=c496ceda8e6dd38ae8e844648d7b4b11 DependenciesID=c443fe55627752bf8d55ca61a9693db3 StaticDependenciesID=b2d2122555242b796a55ce146bbd10f9 
Asset Pipeline Refresh (id=52d0e2486fbf942aa8521d979c1a861d): Total: 0.018 seconds - Initiated by StopAssetImportingV2(NoUpdateAssetOptions)
Importing 'GUID: 7e1764830143c4e8bb03c53c94a8b3df - Path: Assets/Janseon/ArtCandidates/TestPromotion-7cc988fdd7d441adaeedc7469609f439/S-attack-2.png' with importer (TextureImporter)
Imported 'GUID: 7e1764830143c4e8bb03c53c94a8b3df' -> (Import Result ID: '7b5368850f54dddcb0f01e4d749936e7') in 0.001 seconds [static and dynamic dependencies]. Details - ImportResultOutputID=90792993201bc16b8bf7be05f5149a1d DependenciesID=492ddc5a9e4525b54dddaab3af032cbe StaticDependenciesID=6e9493c1a238783fecf047b49b96f3c9 
Asset Pipeline Refresh (id=83b21345c0dd14875b7cd70ad39d41ba): Total: 0.015 seconds - Initiated by StopAssetImportingV2(NoUpdateAssetOptions)
Importing 'GUID: 7e1764830143c4e8bb03c53c94a8b3df - Path: Assets/Janseon/ArtCandidates/TestPromotion-7cc988fdd7d441adaeedc7469609f439/S-attack-2.png' with importer (TextureImporter)
Imported 'GUID: 7e1764830143c4e8bb03c53c94a8b3df' -> (Import Result ID: '85ece4c04f3c3dcf0554392046020064') in 0.001 seconds [static and dynamic dependencies]. Details - ImportResultOutputID=0bed6d885a1a7beb698ecba739dbb7fc DependenciesID=dd403f8f0d0d2377479a57f6342351c5 StaticDependenciesID=b8e24ac0824e6cca2185a6657e907ece 
Asset Pipeline Refresh (id=168251b844cfe4469ba3f300d7ece1be): Total: 0.018 seconds - Initiated by StopAssetImportingV2(NoUpdateAssetOptions)
Importing 'GUID: 8973b83a0c5b04a8db825fa5c99b49d6 - Path: Assets/Janseon/ArtCandidates/TestPromotion-7cc988fdd7d441adaeedc7469609f439/S-attack-3.png' with importer (TextureImporter)
Imported 'GUID: 8973b83a0c5b04a8db825fa5c99b49d6' -> (Import Result ID: '623c4e430c584af737397b3ed083a8bd') in 0.001 seconds [static and dynamic dependencies]. Details - ImportResultOutputID=2621ab9a45d14e6053b0054cef179bf3 DependenciesID=c5b416345cf9f47238e8af127b1a0e34 StaticDependenciesID=8ac815a4df171627956557e0ac719567 
Asset Pipeline Refresh (id=9096cdcaab58648acac4a9f1a1a48222): Total: 0.015 seconds - Initiated by StopAssetImportingV2(NoUpdateAssetOptions)
Importing 'GUID: 8973b83a0c5b04a8db825fa5c99b49d6 - Path: Assets/Janseon/ArtCandidates/TestPromotion-7cc988fdd7d441adaeedc7469609f439/S-attack-3.png' with importer (TextureImporter)
Imported 'GUID: 8973b83a0c5b04a8db825fa5c99b49d6' -> (Import Result ID: '4b0760fbc856ea30bb88be58af4c64f5') in 0.001 seconds [static and dynamic dependencies]. Details - ImportResultOutputID=95ce25cbd088ad312b4489172641cae6 DependenciesID=2070ce1fcdaa9d528d43626657204b55 StaticDependenciesID=836cceb82a62975f139627fe5e48a376 
Asset Pipeline Refresh (id=a57afc639a9ee44f58d27cbdcfb2bb55): Total: 0.018 seconds - Initiated by StopAssetImportingV2(NoUpdateAssetOptions)
Importing 'GUID: bb47435032bd84bdcbc4e7cb904e0e08 - Path: Assets/Janseon/ArtCandidates/TestPromotion-7cc988fdd7d441adaeedc7469609f439/S-attack-4.png' with importer (TextureImporter)
Imported 'GUID: bb47435032bd84bdcbc4e7cb904e0e08' -> (Import Result ID: 'e508fc476090e6593a24e3cc95b87f38') in 0.001 seconds [static and dynamic dependencies]. Details - ImportResultOutputID=58a8c291dbb136987f8a36dab0c3d145 DependenciesID=edc3ca8c2a8d6a212e49535ed4da8234 StaticDependenciesID=3fee9d89da3f703eac23f09f510129c3 
Asset Pipeline Refresh (id=b05567d13e4294142a7a54dd8f6d8b9c): Total: 0.016 seconds - Initiated by StopAssetImportingV2(NoUpdateAssetOptions)
Importing 'GUID: bb47435032bd84bdcbc4e7cb904e0e08 - Path: Assets/Janseon/ArtCandidates/TestPromotion-7cc988fdd7d441adaeedc7469609f439/S-attack-4.png' with importer (TextureImporter)
Imported 'GUID: bb47435032bd84bdcbc4e7cb904e0e08' -> (Import Result ID: '44c2b8d8124f0e85a98ef6ac07008a81') in 0.001 seconds [static and dynamic dependencies]. Details - ImportResultOutputID=93d335586661062bb3584cf29739618f DependenciesID=51963781db185bc1b36fa4b779639e48 StaticDependenciesID=6d135139fa0e4cde01246f42dc6674c2 
Asset Pipeline Refresh (id=509ba7b2f4546428fa80cfc0633ef47a): Total: 0.018 seconds - Initiated by StopAssetImportingV2(NoUpdateAssetOptions)
Importing 'GUID: fcbc0fbae5c244fa78034bf73935800b - Path: Assets/Janseon/ArtCandidates/TestPromotion-7cc988fdd7d441adaeedc7469609f439/S-attack-5.png' with importer (TextureImporter)
Imported 'GUID: fcbc0fbae5c244fa78034bf73935800b' -> (Import Result ID: 'a79cf4e78b339095b4dcf06ae3ed8817') in 0.001 seconds [static and dynamic dependencies]. Details - ImportResultOutputID=5814014ed178aacc178731fa72a2fc52 DependenciesID=a9a679efc091be4eeacaaa325b0db7c0 StaticDependenciesID=f491b1fcf3e03b3e3cf60d29046a100f 
Asset Pipeline Refresh (id=057e65932ebcb43bfad9b3ef5396cd8e): Total: 0.016 seconds - Initiated by StopAssetImportingV2(NoUpdateAssetOptions)
Importing 'GUID: fcbc0fbae5c244fa78034bf73935800b - Path: Assets/Janseon/ArtCandidates/TestPromotion-7cc988fdd7d441adaeedc7469609f439/S-attack-5.png' with importer (TextureImporter)
Imported 'GUID: fcbc0fbae5c244fa78034bf73935800b' -> (Import Result ID: '4f4510f09d2433b926d050327b87a135') in 0.001 seconds [static and dynamic dependencies]. Details - ImportResultOutputID=1a4c15ddc42df5e6854726cdc4a4c913 DependenciesID=3f99e2fb05fe31ab28df7f4c6c9d7ce0 StaticDependenciesID=d480feaf63535ad848ef8b3b4afcf202 
Asset Pipeline Refresh (id=1f87d8445890e4269be958a90378a956): Total: 0.018 seconds - Initiated by StopAssetImportingV2(NoUpdateAssetOptions)
Importing 'GUID: dda93ce60a7524ebf8975e71e4a9f95a - Path: Assets/Janseon/ArtCandidates/TestPromotion-7cc988fdd7d441adaeedc7469609f439/S-attack-clip.anim' with importer (NativeFormatImporter)
Imported 'GUID: dda93ce60a7524ebf8975e71e4a9f95a' -> (Import Result ID: '3b842db56c827bbac738293bd91ac2c3') in 0.000 seconds [static dependencies only]. Details - ImportResultOutputID=e256c9b083ba5b9ebcdb0495e4859f00 DependenciesID=38a2cb5a301730c717d674f1a45a35af StaticDependenciesID=dd15af4c102b6cb0f48961b7a35a703c 
Asset Pipeline Refresh (id=d1e426780170948859458998b3241469): Total: 0.015 seconds - Initiated by StopAssetImportingV2(NoUpdateAssetOptions)
Importing 'GUID: c3ebeb703ee534e33bd08b4a0d3299a4 - Path: Assets/Janseon/ArtCandidates/TestPromotion-7cc988fdd7d441adaeedc7469609f439/S-hit-0.png' with importer (TextureImporter)
Imported 'GUID: c3ebeb703ee534e33bd08b4a0d3299a4' -> (Import Result ID: '83d6523ecbe29f0db39e1d159f087957') in 0.001 seconds [static and dynamic dependencies]. Details - ImportResultOutputID=1cc0820785581348afdb754e5ed1cdb8 DependenciesID=c994ee5943f8d4bb3115f3328822bf63 StaticDependenciesID=73dcc64a1b4004820b3bb7fa7d4e8f34 
Asset Pipeline Refresh (id=328129d8a34ee4da2ac2c5c8ae68de7f): Total: 0.015 seconds - Initiated by StopAssetImportingV2(NoUpdateAssetOptions)
Importing 'GUID: c3ebeb703ee534e33bd08b4a0d3299a4 - Path: Assets/Janseon/ArtCandidates/TestPromotion-7cc988fdd7d441adaeedc7469609f439/S-hit-0.png' with importer (TextureImporter)
Imported 'GUID: c3ebeb703ee534e33bd08b4a0d3299a4' -> (Import Result ID: 'cdd81ce5a59f8f18abf37a6a15a3e0cf') in 0.001 seconds [static and dynamic dependencies]. Details - ImportResultOutputID=635a47961b2811f74c7113a49900cc88 DependenciesID=69257cab6d2f7166514478c2b67e5f3c StaticDependenciesID=c93009f6b9c62dd2ccd3b55a0c461d05 
Asset Pipeline Refresh (id=42d9e7e3d6e7a46c2be3d262b79b257f): Total: 0.017 seconds - Initiated by StopAssetImportingV2(NoUpdateAssetOptions)
Importing 'GUID: 81cc9cbd76b1e4539912342ec53d066d - Path: Assets/Janseon/ArtCandidates/TestPromotion-7cc988fdd7d441adaeedc7469609f439/S-hit-1.png' with importer (TextureImporter)
Imported 'GUID: 81cc9cbd76b1e4539912342ec53d066d' -> (Import Result ID: '8271eddaab3ce4ca13380c9a40388952') in 0.001 seconds [static and dynamic dependencies]. Details - ImportResultOutputID=e8b70defeb517befc100be7a91fbff4b DependenciesID=5e37e2a3474928ca375339ecf3ee89c2 StaticDependenciesID=a4b6108adec14dc2949a7513396f43af 
Asset Pipeline Refresh (id=88eb4131e5ff64e8087fd68d412a1133): Total: 0.015 seconds - Initiated by StopAssetImportingV2(NoUpdateAssetOptions)
Importing 'GUID: 81cc9cbd76b1e4539912342ec53d066d - Path: Assets/Janseon/ArtCandidates/TestPromotion-7cc988fdd7d441adaeedc7469609f439/S-hit-1.png' with importer (TextureImporter)
Imported 'GUID: 81cc9cbd76b1e4539912342ec53d066d' -> (Import Result ID: '766f988a8b3d15ba6ad6ec9d4175347e') in 0.001 seconds [static and dynamic dependencies]. Details - ImportResultOutputID=bd07409422411557451e39fef1be913c DependenciesID=fcdb032557668f410811bd5f91ae248d StaticDependenciesID=f9ac6439c19afbc3ff5917c113823937 
Asset Pipeline Refresh (id=8d25a9225d1634cfd86512282591ed15): Total: 0.018 seconds - Initiated by StopAssetImportingV2(NoUpdateAssetOptions)
Importing 'GUID: 2e92157cca9674146bfcd9d5aa081f42 - Path: Assets/Janseon/ArtCandidates/TestPromotion-7cc988fdd7d441adaeedc7469609f439/S-hit-2.png' with importer (TextureImporter)
Imported 'GUID: 2e92157cca9674146bfcd9d5aa081f42' -> (Import Result ID: 'f6dda06443bd06cdfd8b951d965fb8cc') in 0.001 seconds [static and dynamic dependencies]. Details - ImportResultOutputID=34dae79fb66cf4575f8e10b45f619ef8 DependenciesID=8fbf18d70f826473b28b5635b22abeca StaticDependenciesID=754a6834f7a1dad60c2275133eb87a94 
Asset Pipeline Refresh (id=6a435bbdb9a19451fabc34f915b2ce7c): Total: 0.016 seconds - Initiated by StopAssetImportingV2(NoUpdateAssetOptions)
Importing 'GUID: 2e92157cca9674146bfcd9d5aa081f42 - Path: Assets/Janseon/ArtCandidates/TestPromotion-7cc988fdd7d441adaeedc7469609f439/S-hit-2.png' with importer (TextureImporter)
Imported 'GUID: 2e92157cca9674146bfcd9d5aa081f42' -> (Import Result ID: '690c158b79e101e316d6d378c65325dd') in 0.001 seconds [static and dynamic dependencies]. Details - ImportResultOutputID=436c4b9f0a4038ffc1bf61ab1debfcf2 DependenciesID=cf4de872e7170599122816f3662d618e StaticDependenciesID=7ea487d883f2df25614903efd84304ab 
Asset Pipeline Refresh (id=67dca904d906c4b5c92357e0f624cdbd): Total: 0.018 seconds - Initiated by StopAssetImportingV2(NoUpdateAssetOptions)
Importing 'GUID: caebc692fc9ad40c8bb0661159fdeebc - Path: Assets/Janseon/ArtCandidates/TestPromotion-7cc988fdd7d441adaeedc7469609f439/S-hit-clip.anim' with importer (NativeFormatImporter)
Imported 'GUID: caebc692fc9ad40c8bb0661159fdeebc' -> (Import Result ID: 'edbbe830f0de12c4ab9fd7ee8017a378') in 0.000 seconds [static dependencies only]. Details - ImportResultOutputID=9619e6706247fd02f1267d39831bad18 DependenciesID=fc16159bfa7e89c594d4a84093d3a3ce StaticDependenciesID=5ae9d677c4fb8df7e9e56ed297749760 
Asset Pipeline Refresh (id=9ea621f13fc754f37a4c1f5e15dddbae): Total: 0.015 seconds - Initiated by StopAssetImportingV2(NoUpdateAssetOptions)
Importing 'GUID: 0ab673b06757c45f4b714bb3efa2ba77 - Path: Assets/Janseon/ArtCandidates/TestPromotion-7cc988fdd7d441adaeedc7469609f439/S-down-0.png' with importer (TextureImporter)
Imported 'GUID: 0ab673b06757c45f4b714bb3efa2ba77' -> (Import Result ID: 'f66db2f8d8540506b045a5aaf2e8b0aa') in 0.001 seconds [static and dynamic dependencies]. Details - ImportResultOutputID=2dea9d87522449a08981d86eae0b9b49 DependenciesID=5a7ebd7fda934915a19a775ac71a7995 StaticDependenciesID=80793a308982603989fad213094d256f 
Asset Pipeline Refresh (id=afbb17c4ad76f442fbfa61df50b9946e): Total: 0.015 seconds - Initiated by StopAssetImportingV2(NoUpdateAssetOptions)
Importing 'GUID: 0ab673b06757c45f4b714bb3efa2ba77 - Path: Assets/Janseon/ArtCandidates/TestPromotion-7cc988fdd7d441adaeedc7469609f439/S-down-0.png' with importer (TextureImporter)
Imported 'GUID: 0ab673b06757c45f4b714bb3efa2ba77' -> (Import Result ID: '8d1f649c077f9564b1b4354843e39d95') in 0.001 seconds [static and dynamic dependencies]. Details - ImportResultOutputID=82dd4f887d0647a9291e7e6f3944c7f0 DependenciesID=1c82cdc4f690815da6e03c0d2a550eb1 StaticDependenciesID=1e962f7496f521314ab9f0f5d1b9aa97 
Asset Pipeline Refresh (id=7472f51dfaeae436fb22516cb451592f): Total: 0.017 seconds - Initiated by StopAssetImportingV2(NoUpdateAssetOptions)
Importing 'GUID: a3cceb144e65a42ce9fc3f20245d8a94 - Path: Assets/Janseon/ArtCandidates/TestPromotion-7cc988fdd7d441adaeedc7469609f439/S-down-1.png' with importer (TextureImporter)
Imported 'GUID: a3cceb144e65a42ce9fc3f20245d8a94' -> (Import Result ID: '21c9421cc89094c554d80df3374c35a6') in 0.001 seconds [static and dynamic dependencies]. Details - ImportResultOutputID=af674b23f4ddb6fe71b688fccdf3b8a5 DependenciesID=f9924aa04881d043569d404cd3cee693 StaticDependenciesID=a9c3019dd060ee6cbfdd21500b404ee6 
Asset Pipeline Refresh (id=5ce7dd106b6084115960dce54246038f): Total: 0.018 seconds - Initiated by StopAssetImportingV2(NoUpdateAssetOptions)
Importing 'GUID: a3cceb144e65a42ce9fc3f20245d8a94 - Path: Assets/Janseon/ArtCandidates/TestPromotion-7cc988fdd7d441adaeedc7469609f439/S-down-1.png' with importer (TextureImporter)
Imported 'GUID: a3cceb144e65a42ce9fc3f20245d8a94' -> (Import Result ID: '945fbe903c0187360c250e604fced2df') in 0.001 seconds [static and dynamic dependencies]. Details - ImportResultOutputID=2c9f248364e8c35af1b7c0d5863b0795 DependenciesID=4ad13c768c169f7d99d8720ad662de01 StaticDependenciesID=1dbe5902b168c9683fec22bb7e9f3348 
Asset Pipeline Refresh (id=7279f7691ae934a5cbbed491e4bfd616): Total: 0.018 seconds - Initiated by StopAssetImportingV2(NoUpdateAssetOptions)
Importing 'GUID: 15796e9bcb59b4d6e856614cd7834a87 - Path: Assets/Janseon/ArtCandidates/TestPromotion-7cc988fdd7d441adaeedc7469609f439/S-down-2.png' with importer (TextureImporter)
Imported 'GUID: 15796e9bcb59b4d6e856614cd7834a87' -> (Import Result ID: 'a4826fcd53541c066a0d82db177ad0d3') in 0.001 seconds [static and dynamic dependencies]. Details - ImportResultOutputID=c8d0f04c7c62137affc9a9e9242b8c1a DependenciesID=e271b231c44bbf10fe9abd666789dce2 StaticDependenciesID=676bf894189a4d1ddb98ea3f277c2cbb 
Asset Pipeline Refresh (id=47a32281f4288469dae24079edf07a91): Total: 0.015 seconds - Initiated by StopAssetImportingV2(NoUpdateAssetOptions)
Importing 'GUID: 15796e9bcb59b4d6e856614cd7834a87 - Path: Assets/Janseon/ArtCandidates/TestPromotion-7cc988fdd7d441adaeedc7469609f439/S-down-2.png' with importer (TextureImporter)
Imported 'GUID: 15796e9bcb59b4d6e856614cd7834a87' -> (Import Result ID: '8bae0a41563e1ab2c434add0bf30d8f2') in 0.001 seconds [static and dynamic dependencies]. Details - ImportResultOutputID=58d9e7e4e7a2863f519d20b4a6afa361 DependenciesID=67c80bcd0f23a9d5339d5663dc31ee44 StaticDependenciesID=62397dc02a75cc06458988171c245103 
Asset Pipeline Refresh (id=02e00f9a9449349ff91726da2a7165d0): Total: 0.017 seconds - Initiated by StopAssetImportingV2(NoUpdateAssetOptions)
Importing 'GUID: a1d9206a365dd4367a81204623048eda - Path: Assets/Janseon/ArtCandidates/TestPromotion-7cc988fdd7d441adaeedc7469609f439/S-down-3.png' with importer (TextureImporter)
Imported 'GUID: a1d9206a365dd4367a81204623048eda' -> (Import Result ID: '686d9611bc4f2982dad4ce96fd170d3b') in 0.001 seconds [static and dynamic dependencies]. Details - ImportResultOutputID=0d24a616a8810f5f9f58514aa1c84d62 DependenciesID=87f1ab8798c31b8ed4984138c116af93 StaticDependenciesID=101e2fb72b7b18835bf9a01d787dee8b 
Asset Pipeline Refresh (id=e8a724f6fa00142be8fd8751cd9edf8e): Total: 0.015 seconds - Initiated by StopAssetImportingV2(NoUpdateAssetOptions)
Importing 'GUID: a1d9206a365dd4367a81204623048eda - Path: Assets/Janseon/ArtCandidates/TestPromotion-7cc988fdd7d441adaeedc7469609f439/S-down-3.png' with importer (TextureImporter)
Imported 'GUID: a1d9206a365dd4367a81204623048eda' -> (Import Result ID: 'cfa52518a8efe51edb0ebb9fddcab4de') in 0.001 seconds [static and dynamic dependencies]. Details - ImportResultOutputID=b2c6dec8b351052832af572963ef4ece DependenciesID=64e620ffec3d9344c1532edd216ae2ff StaticDependenciesID=eef4892b24416e3a80b39c3a154c0baf 
Asset Pipeline Refresh (id=2e4942ff9bc324febafe0c471b0fde19): Total: 0.017 seconds - Initiated by StopAssetImportingV2(NoUpdateAssetOptions)
Importing 'GUID: e4c1bb4f7bc314aad89a84a84889f430 - Path: Assets/Janseon/ArtCandidates/TestPromotion-7cc988fdd7d441adaeedc7469609f439/S-down-clip.anim' with importer (NativeFormatImporter)
Imported 'GUID: e4c1bb4f7bc314aad89a84a84889f430' -> (Import Result ID: '03c430c3be5c94512d05aa3eb52dbc29') in 0.000 seconds [static dependencies only]. Details - ImportResultOutputID=ea36a1547a2143a083903bbaa6cbfcf1 DependenciesID=4f4fbedce830726192aa58df19a814be StaticDependenciesID=7b5ea9244a25a5b45d0ba91762f713ed 
Asset Pipeline Refresh (id=01af8e0e705964a4f94555dfb59ca282): Total: 0.015 seconds - Initiated by StopAssetImportingV2(NoUpdateAssetOptions)
Importing 'GUID: 83125feaf1da644d5909ec87d013ba14 - Path: Assets/Janseon/ArtCandidates/TestPromotion-7cc988fdd7d441adaeedc7469609f439/W-idle-0.png' with importer (TextureImporter)
Imported 'GUID: 83125feaf1da644d5909ec87d013ba14' -> (Import Result ID: 'db58f9144989630f77a218584bdceee3') in 0.001 seconds [static and dynamic dependencies]. Details - ImportResultOutputID=7cfcaca3efdd0eddc25b148ee01f2f49 DependenciesID=78a4bbd5c0416f76a387757cec4b8dee StaticDependenciesID=850cfd11a2a136176b8ca9c7662c48e9 
Asset Pipeline Refresh (id=c65c52237e8af432ca52943d8575cbfe): Total: 0.015 seconds - Initiated by StopAssetImportingV2(NoUpdateAssetOptions)
Importing 'GUID: 83125feaf1da644d5909ec87d013ba14 - Path: Assets/Janseon/ArtCandidates/TestPromotion-7cc988fdd7d441adaeedc7469609f439/W-idle-0.png' with importer (TextureImporter)
Imported 'GUID: 83125feaf1da644d5909ec87d013ba14' -> (Import Result ID: '7cc54b3d0f63d310a2a6954fc1263d83') in 0.001 seconds [static and dynamic dependencies]. Details - ImportResultOutputID=50198a7d907c2a798941f079de16b274 DependenciesID=5d97accbdb750a1dc0066fca565002b1 StaticDependenciesID=0bcff480c9c791a43e3c2428e4fd832f 
Asset Pipeline Refresh (id=b07fbb59f75f64607b1ab3536a3b08fa): Total: 0.017 seconds - Initiated by StopAssetImportingV2(NoUpdateAssetOptions)
Importing 'GUID: a4b6ca0ecd79742918267fbe1435813b - Path: Assets/Janseon/ArtCandidates/TestPromotion-7cc988fdd7d441adaeedc7469609f439/W-idle-1.png' with importer (TextureImporter)
Imported 'GUID: a4b6ca0ecd79742918267fbe1435813b' -> (Import Result ID: 'b249d090530055e188ec8858cc4073c4') in 0.001 seconds [static and dynamic dependencies]. Details - ImportResultOutputID=e2edf8ae468fa668807c71be77a7404b DependenciesID=0b9fdbd0e00ff8c8af020812c4e5e601 StaticDependenciesID=0a6ee6c8a886c874ba3c58bbd808f2e3 
Asset Pipeline Refresh (id=183959d9614794fcd89ae2d9a4e31a33): Total: 0.016 seconds - Initiated by StopAssetImportingV2(NoUpdateAssetOptions)
Importing 'GUID: a4b6ca0ecd79742918267fbe1435813b - Path: Assets/Janseon/ArtCandidates/TestPromotion-7cc988fdd7d441adaeedc7469609f439/W-idle-1.png' with importer (TextureImporter)
Imported 'GUID: a4b6ca0ecd79742918267fbe1435813b' -> (Import Result ID: '80ca9f57a7185bb13aedd6237378f7f4') in 0.001 seconds [static and dynamic dependencies]. Details - ImportResultOutputID=ec5ce5d9f41ea1dca405990163301cae DependenciesID=db14e23fdba42cf1df19f1dfa109acf0 StaticDependenciesID=f35ad6ac73a8d69c40faa3d5b5beebe3 
Asset Pipeline Refresh (id=ecbbc94385412400fa0c94a9d1d5be7a): Total: 0.017 seconds - Initiated by StopAssetImportingV2(NoUpdateAssetOptions)
Importing 'GUID: a3a50fb9a0d3c42f68203136ba5222fa - Path: Assets/Janseon/ArtCandidates/TestPromotion-7cc988fdd7d441adaeedc7469609f439/W-idle-2.png' with importer (TextureImporter)
Imported 'GUID: a3a50fb9a0d3c42f68203136ba5222fa' -> (Import Result ID: '5bfa73bd8f8444d1d110b2782f667868') in 0.001 seconds [static and dynamic dependencies]. Details - ImportResultOutputID=e0b278a25cf2be240e5cbdd55d0d5b93 DependenciesID=bce5683fd45c3664fab9b519265e6373 StaticDependenciesID=bffed1244f85cb2c11a63128853082e5 
Asset Pipeline Refresh (id=de912d2b330ba4c849532e75cfef5467): Total: 0.016 seconds - Initiated by StopAssetImportingV2(NoUpdateAssetOptions)
Importing 'GUID: a3a50fb9a0d3c42f68203136ba5222fa - Path: Assets/Janseon/ArtCandidates/TestPromotion-7cc988fdd7d441adaeedc7469609f439/W-idle-2.png' with importer (TextureImporter)
Imported 'GUID: a3a50fb9a0d3c42f68203136ba5222fa' -> (Import Result ID: 'bf744a987e75778e87041cf16ee3898a') in 0.001 seconds [static and dynamic dependencies]. Details - ImportResultOutputID=c0e76a77e2984aed4d31d4c49e3fbb07 DependenciesID=82faed5b3058822c01a038eb73c95392 StaticDependenciesID=a54cb0b0b8d98cb81ff48552bec26121 
Asset Pipeline Refresh (id=c8a4658b71e054a4daf7725fc0d709bf): Total: 0.017 seconds - Initiated by StopAssetImportingV2(NoUpdateAssetOptions)
Importing 'GUID: e7502444e398644fe84e4660a57be8f6 - Path: Assets/Janseon/ArtCandidates/TestPromotion-7cc988fdd7d441adaeedc7469609f439/W-idle-3.png' with importer (TextureImporter)
Imported 'GUID: e7502444e398644fe84e4660a57be8f6' -> (Import Result ID: '48f2be39880661728cd6da68aa016dae') in 0.001 seconds [static and dynamic dependencies]. Details - ImportResultOutputID=4a958db842b6bb0806db0d7e54881f9f DependenciesID=c3d99f92c76fdb56c4a57afe44c92092 StaticDependenciesID=2fa9d230663e797e54a9d170cca8c70b 
Asset Pipeline Refresh (id=a0373c5a5a1c749f9bc33f56c6c59575): Total: 0.015 seconds - Initiated by StopAssetImportingV2(NoUpdateAssetOptions)
Importing 'GUID: e7502444e398644fe84e4660a57be8f6 - Path: Assets/Janseon/ArtCandidates/TestPromotion-7cc988fdd7d441adaeedc7469609f439/W-idle-3.png' with importer (TextureImporter)
Imported 'GUID: e7502444e398644fe84e4660a57be8f6' -> (Import Result ID: 'd05f63fb4c537eddc61ffa8abbc97c83') in 0.001 seconds [static and dynamic dependencies]. Details - ImportResultOutputID=1c5f593611bb055010199ce0f8ed1c3a DependenciesID=22370c59a186fdba32c1009cd77a39b5 StaticDependenciesID=329044c51c8b176f1b7d3b6b96ba9870 
Asset Pipeline Refresh (id=09b40790d24cb457f9fb478f3e3ee3fc): Total: 0.017 seconds - Initiated by StopAssetImportingV2(NoUpdateAssetOptions)
Importing 'GUID: 8a93afabebbd148e9884514499f121c5 - Path: Assets/Janseon/ArtCandidates/TestPromotion-7cc988fdd7d441adaeedc7469609f439/W-idle-clip.anim' with importer (NativeFormatImporter)
Imported 'GUID: 8a93afabebbd148e9884514499f121c5' -> (Import Result ID: '669db7b66b83467c92eb32862e1638f3') in 0.000 seconds [static dependencies only]. Details - ImportResultOutputID=90ebba80de8bd31cd2b3a60c5b51271b DependenciesID=e8ead7fc11e94ad7fdc6f54f835ca44c StaticDependenciesID=c138d0445263a4fb26fca2caebfd4d57 
Asset Pipeline Refresh (id=8b7088ef7cafe49fc9222fd96d9d51c9): Total: 0.015 seconds - Initiated by StopAssetImportingV2(NoUpdateAssetOptions)
Importing 'GUID: 7b7b4749e5ca24772893fe69421e4814 - Path: Assets/Janseon/ArtCandidates/TestPromotion-7cc988fdd7d441adaeedc7469609f439/W-walk-0.png' with importer (TextureImporter)
Imported 'GUID: 7b7b4749e5ca24772893fe69421e4814' -> (Import Result ID: '53332527e4fba8ff40d07b80358e1d5c') in 0.001 seconds [static and dynamic dependencies]. Details - ImportResultOutputID=ff68f96f22998a6c5bccd03842f5e9d8 DependenciesID=3d18cc66146b0bd4cba6baa25d410c0e StaticDependenciesID=f2b6e671617101b014731376b43969dc 
Asset Pipeline Refresh (id=3aa2aa403c17a4dc79b793ccb969c743): Total: 0.016 seconds - Initiated by StopAssetImportingV2(NoUpdateAssetOptions)
Importing 'GUID: 7b7b4749e5ca24772893fe69421e4814 - Path: Assets/Janseon/ArtCandidates/TestPromotion-7cc988fdd7d441adaeedc7469609f439/W-walk-0.png' with importer (TextureImporter)
Imported 'GUID: 7b7b4749e5ca24772893fe69421e4814' -> (Import Result ID: '8beb081f3019dc984653358ae20ad988') in 0.001 seconds [static and dynamic dependencies]. Details - ImportResultOutputID=5e5a82b8a9dca856f3d55e7094775d5e DependenciesID=ea4f9fc5f4318c1e24a5e45cf29b56a7 StaticDependenciesID=f3ad47487b97545060c705bf91319e97 
Asset Pipeline Refresh (id=b3c41ab3d28d54b7db75d5d67a2e2e56): Total: 0.018 seconds - Initiated by StopAssetImportingV2(NoUpdateAssetOptions)
Importing 'GUID: e813456dfc0074033933d7cecd4f9c79 - Path: Assets/Janseon/ArtCandidates/TestPromotion-7cc988fdd7d441adaeedc7469609f439/W-walk-1.png' with importer (TextureImporter)
Imported 'GUID: e813456dfc0074033933d7cecd4f9c79' -> (Import Result ID: 'fad1f8a9dfdcf85ebb5c9648f68d87b6') in 0.001 seconds [static and dynamic dependencies]. Details - ImportResultOutputID=6a30ce832e1f7b05f01ee802f0f3a080 DependenciesID=fc97a978e35cf83168660f19bd2a06d5 StaticDependenciesID=38b353dec2532c699c8ce5feca21cc3b 
Asset Pipeline Refresh (id=ea854968955574ad391645bb9db0bd4d): Total: 0.015 seconds - Initiated by StopAssetImportingV2(NoUpdateAssetOptions)
Importing 'GUID: e813456dfc0074033933d7cecd4f9c79 - Path: Assets/Janseon/ArtCandidates/TestPromotion-7cc988fdd7d441adaeedc7469609f439/W-walk-1.png' with importer (TextureImporter)
Imported 'GUID: e813456dfc0074033933d7cecd4f9c79' -> (Import Result ID: '9f2c6a05c32c632f19729d8057bbb467') in 0.001 seconds [static and dynamic dependencies]. Details - ImportResultOutputID=4eaa56633e9d959584045c5eee3cd4e9 DependenciesID=9e1a6a78f5cb53f72b677ee3d798372d StaticDependenciesID=e7301ccd53d19e5a74366c2d45ed10d9 
Asset Pipeline Refresh (id=8997d8c1dfaa84aac9a6009afbc08ccc): Total: 0.018 seconds - Initiated by StopAssetImportingV2(NoUpdateAssetOptions)
Importing 'GUID: b6375213bf62e407dad8eded44d1f71d - Path: Assets/Janseon/ArtCandidates/TestPromotion-7cc988fdd7d441adaeedc7469609f439/W-walk-2.png' with importer (TextureImporter)
Imported 'GUID: b6375213bf62e407dad8eded44d1f71d' -> (Import Result ID: '3aaab82a31350e3825dc80a77d618a7f') in 0.001 seconds [static and dynamic dependencies]. Details - ImportResultOutputID=b6216b632ca0dab2e00a53a31c7d50f6 DependenciesID=0960c669954512502e5f97f8acd295bf StaticDependenciesID=7c07b7844d3cbce4c191d99954d54b45 
Asset Pipeline Refresh (id=607f0d0e1ed854d249bf992f65f0cedf): Total: 0.015 seconds - Initiated by StopAssetImportingV2(NoUpdateAssetOptions)
Importing 'GUID: b6375213bf62e407dad8eded44d1f71d - Path: Assets/Janseon/ArtCandidates/TestPromotion-7cc988fdd7d441adaeedc7469609f439/W-walk-2.png' with importer (TextureImporter)
Imported 'GUID: b6375213bf62e407dad8eded44d1f71d' -> (Import Result ID: '91acd59d95c04bad4925180a3def221e') in 0.001 seconds [static and dynamic dependencies]. Details - ImportResultOutputID=ae2edb252f9e77c46fceee9ebc073b19 DependenciesID=4389e4d3548410daec29c0965ff4fa3c StaticDependenciesID=f4f43ac21bf2be632283a04f57dbfb26 
Asset Pipeline Refresh (id=6b6bc70919ef7407b9e05eeeb73bc314): Total: 0.017 seconds - Initiated by StopAssetImportingV2(NoUpdateAssetOptions)
Importing 'GUID: e19bfb44dab354bda8f0a8edbb4428bb - Path: Assets/Janseon/ArtCandidates/TestPromotion-7cc988fdd7d441adaeedc7469609f439/W-walk-3.png' with importer (TextureImporter)
Imported 'GUID: e19bfb44dab354bda8f0a8edbb4428bb' -> (Import Result ID: 'b971c740aac93b8714c70bcbfc00434d') in 0.001 seconds [static and dynamic dependencies]. Details - ImportResultOutputID=4b26c8cc4fd5133ac5a5998ad98ab773 DependenciesID=a22e9e059cc1c375989b06a4cfde7d17 StaticDependenciesID=d88e2b7de172c1e3b088f379d912673b 
Asset Pipeline Refresh (id=4f73a803b55c145fb8efd8c08fe8358c): Total: 0.015 seconds - Initiated by StopAssetImportingV2(NoUpdateAssetOptions)
Importing 'GUID: e19bfb44dab354bda8f0a8edbb4428bb - Path: Assets/Janseon/ArtCandidates/TestPromotion-7cc988fdd7d441adaeedc7469609f439/W-walk-3.png' with importer (TextureImporter)
Imported 'GUID: e19bfb44dab354bda8f0a8edbb4428bb' -> (Import Result ID: '2ac97e8ab22d2cd978a3ab61c1c227b4') in 0.001 seconds [static and dynamic dependencies]. Details - ImportResultOutputID=0388b8cdc67654a537b88e0f99fa2540 DependenciesID=f95abf503edb963488e403ceae169311 StaticDependenciesID=468a21bc1e9439b18e8c6a8e0c24c802 
Asset Pipeline Refresh (id=c00e24b18a9b1482a8197eb783639337): Total: 0.017 seconds - Initiated by StopAssetImportingV2(NoUpdateAssetOptions)
Importing 'GUID: 6af66bbfba5934fbbb0a0bb777048333 - Path: Assets/Janseon/ArtCandidates/TestPromotion-7cc988fdd7d441adaeedc7469609f439/W-walk-4.png' with importer (TextureImporter)
Imported 'GUID: 6af66bbfba5934fbbb0a0bb777048333' -> (Import Result ID: '3089673a00c50157e96021958c691c3c') in 0.001 seconds [static and dynamic dependencies]. Details - ImportResultOutputID=492d288b408d0746097a4088f2738111 DependenciesID=7d9ed8480d7831ca259663a6639136fe StaticDependenciesID=e84204fab3ed88adf5743e7b82fc86e5 
Asset Pipeline Refresh (id=2ddfa1ed3945d4493b496c23a8a2d347): Total: 0.016 seconds - Initiated by StopAssetImportingV2(NoUpdateAssetOptions)
Importing 'GUID: 6af66bbfba5934fbbb0a0bb777048333 - Path: Assets/Janseon/ArtCandidates/TestPromotion-7cc988fdd7d441adaeedc7469609f439/W-walk-4.png' with importer (TextureImporter)
Imported 'GUID: 6af66bbfba5934fbbb0a0bb777048333' -> (Import Result ID: '5cf39ae389cbebb9aacb74a085e0c95c') in 0.001 seconds [static and dynamic dependencies]. Details - ImportResultOutputID=0468fd7b2eb40bbbb9e0daa88820bd84 DependenciesID=f4219d6aa0ba63588e03214866826503 StaticDependenciesID=37bc30216c5d92a76929fd2233036a62 
Asset Pipeline Refresh (id=208d281e9610d491499ba7d78b5c3ad6): Total: 0.018 seconds - Initiated by StopAssetImportingV2(NoUpdateAssetOptions)
Importing 'GUID: 98d9fe83623f34f8a9d9b3178b2bbc0d - Path: Assets/Janseon/ArtCandidates/TestPromotion-7cc988fdd7d441adaeedc7469609f439/W-walk-5.png' with importer (TextureImporter)
Imported 'GUID: 98d9fe83623f34f8a9d9b3178b2bbc0d' -> (Import Result ID: 'c6504428abf91337fa3ec050935a6fb7') in 0.001 seconds [static and dynamic dependencies]. Details - ImportResultOutputID=ee7d3c67a3904c27516d8891680aa858 DependenciesID=73ee93a7e05ab915f10a2bf0e7398146 StaticDependenciesID=76c770762169a195239112978f4942a1 
Asset Pipeline Refresh (id=0cd5093f447f9419490ec1f46c9287a1): Total: 0.015 seconds - Initiated by StopAssetImportingV2(NoUpdateAssetOptions)
Importing 'GUID: 98d9fe83623f34f8a9d9b3178b2bbc0d - Path: Assets/Janseon/ArtCandidates/TestPromotion-7cc988fdd7d441adaeedc7469609f439/W-walk-5.png' with importer (TextureImporter)
Imported 'GUID: 98d9fe83623f34f8a9d9b3178b2bbc0d' -> (Import Result ID: 'b8bd1be6e9b67fd8fd2d3cf5fac8fb93') in 0.001 seconds [static and dynamic dependencies]. Details - ImportResultOutputID=e8bb7c390425048dae2d99e7a3e96c07 DependenciesID=a089b3c2ad6672f8052668ed2a74052d StaticDependenciesID=b35c7d9ab21756d9887b10c309bcd08a 
Asset Pipeline Refresh (id=bc5fb14a2497444d384be030ecb7b520): Total: 0.018 seconds - Initiated by StopAssetImportingV2(NoUpdateAssetOptions)
Importing 'GUID: d12332f47c331475d9afe29fd6f0e851 - Path: Assets/Janseon/ArtCandidates/TestPromotion-7cc988fdd7d441adaeedc7469609f439/W-walk-clip.anim' with importer (NativeFormatImporter)
Imported 'GUID: d12332f47c331475d9afe29fd6f0e851' -> (Import Result ID: '4d02f395bc01b08dab3659aa3dd7dcfe') in 0.000 seconds [static dependencies only]. Details - ImportResultOutputID=e82dbfb1a96b92e68558202315e4155f DependenciesID=619b723b980087c6badc1309a84ed51f StaticDependenciesID=b39b4c583719e40a27f6db4a520db0c5 
Asset Pipeline Refresh (id=f4b0b21bfebcd4c9cadbbeb397196d16): Total: 0.015 seconds - Initiated by StopAssetImportingV2(NoUpdateAssetOptions)
Importing 'GUID: ca3e971208a414d30a931124ec4d21dd - Path: Assets/Janseon/ArtCandidates/TestPromotion-7cc988fdd7d441adaeedc7469609f439/W-attack-0.png' with importer (TextureImporter)
Imported 'GUID: ca3e971208a414d30a931124ec4d21dd' -> (Import Result ID: '21d037196b67444b74377dbd056d1d1f') in 0.001 seconds [static and dynamic dependencies]. Details - ImportResultOutputID=28cef6467d4f6c50c176196a569f47a6 DependenciesID=52dfb59e4bf1291392b0d2c16535847c StaticDependenciesID=4c2679b1127182e9104a1937e1f0f97f 
Asset Pipeline Refresh (id=21e005eb6f1e14fba8aeb7b7d4826c4c): Total: 0.015 seconds - Initiated by StopAssetImportingV2(NoUpdateAssetOptions)
Importing 'GUID: ca3e971208a414d30a931124ec4d21dd - Path: Assets/Janseon/ArtCandidates/TestPromotion-7cc988fdd7d441adaeedc7469609f439/W-attack-0.png' with importer (TextureImporter)
Imported 'GUID: ca3e971208a414d30a931124ec4d21dd' -> (Import Result ID: '2d60dca587eeb2551276c1272f09ee53') in 0.001 seconds [static and dynamic dependencies]. Details - ImportResultOutputID=3eee4a46f2bb48d0f0c9c8a60c0c4ccf DependenciesID=77c78de8c767424d342fa913c1815c2a StaticDependenciesID=b6cee73420b7a04bd866b80f80c60e04 
Asset Pipeline Refresh (id=61f34115573554f59bba7d544c47ef94): Total: 0.017 seconds - Initiated by StopAssetImportingV2(NoUpdateAssetOptions)
Importing 'GUID: 998c48f817c3145a0a9c2eb510f68746 - Path: Assets/Janseon/ArtCandidates/TestPromotion-7cc988fdd7d441adaeedc7469609f439/W-attack-1.png' with importer (TextureImporter)
Imported 'GUID: 998c48f817c3145a0a9c2eb510f68746' -> (Import Result ID: 'e52cfd5e26ef6cc56bc579d483f20632') in 0.001 seconds [static and dynamic dependencies]. Details - ImportResultOutputID=064802f4b2269a04e860e6e01ec4c19c DependenciesID=89838e5d998a1ddccff174e52452fde3 StaticDependenciesID=a65e76adbd577aafe2a84eae0a278cd3 
Asset Pipeline Refresh (id=2f6b9d6e34b574e5b9cec972f7959270): Total: 0.015 seconds - Initiated by StopAssetImportingV2(NoUpdateAssetOptions)
Importing 'GUID: 998c48f817c3145a0a9c2eb510f68746 - Path: Assets/Janseon/ArtCandidates/TestPromotion-7cc988fdd7d441adaeedc7469609f439/W-attack-1.png' with importer (TextureImporter)
Imported 'GUID: 998c48f817c3145a0a9c2eb510f68746' -> (Import Result ID: 'c8232117866091276da58ccfebf1dbd3') in 0.001 seconds [static and dynamic dependencies]. Details - ImportResultOutputID=38aaea323c957a47456ba7cd3e495e55 DependenciesID=725d419adefb7a20223c2f7e0f84cd7e StaticDependenciesID=62489edb20386cb83723e9e547592f4d 
Asset Pipeline Refresh (id=5b2a03999a14f47709863be472e88ce7): Total: 0.017 seconds - Initiated by StopAssetImportingV2(NoUpdateAssetOptions)
Importing 'GUID: 32d2ec97003c344899a3a3b97e543369 - Path: Assets/Janseon/ArtCandidates/TestPromotion-7cc988fdd7d441adaeedc7469609f439/W-attack-2.png' with importer (TextureImporter)
Imported 'GUID: 32d2ec97003c344899a3a3b97e543369' -> (Import Result ID: 'ae327f4da40c66ae431ecf18799502e1') in 0.001 seconds [static and dynamic dependencies]. Details - ImportResultOutputID=3bf21eb37ffd15345144d3e225b91c39 DependenciesID=3c6203c16018eb3ef3cc1f9c868e1679 StaticDependenciesID=32116a16053bd1c6eb36d4b19cf819e3 
Asset Pipeline Refresh (id=ea2e15aa95c5241b3b03184985c0469d): Total: 0.016 seconds - Initiated by StopAssetImportingV2(NoUpdateAssetOptions)
Importing 'GUID: 32d2ec97003c344899a3a3b97e543369 - Path: Assets/Janseon/ArtCandidates/TestPromotion-7cc988fdd7d441adaeedc7469609f439/W-attack-2.png' with importer (TextureImporter)
Imported 'GUID: 32d2ec97003c344899a3a3b97e543369' -> (Import Result ID: '1f5577cbad1e3305a6ac07931f5d716a') in 0.001 seconds [static and dynamic dependencies]. Details - ImportResultOutputID=0459287fbb4699a37f61a0c415b06089 DependenciesID=eb575a86d5e34408817e63aa03d0d9a8 StaticDependenciesID=ecb4a649d01fc98d0e8929edaec8dbb6 
Asset Pipeline Refresh (id=560226d9f0193413888756f41ad16770): Total: 0.018 seconds - Initiated by StopAssetImportingV2(NoUpdateAssetOptions)
Importing 'GUID: d5ccfb3a388424ef5886431c476bb13e - Path: Assets/Janseon/ArtCandidates/TestPromotion-7cc988fdd7d441adaeedc7469609f439/W-attack-3.png' with importer (TextureImporter)
Imported 'GUID: d5ccfb3a388424ef5886431c476bb13e' -> (Import Result ID: '83eb30f831d8f70496069812aaa14e11') in 0.001 seconds [static and dynamic dependencies]. Details - ImportResultOutputID=a97ebf577d80d8071ed355f53f7594ac DependenciesID=86d751e0db932a6442ff083a18ded07a StaticDependenciesID=2e30a38bd5e42a6ff03cd21b6a08f200 
Asset Pipeline Refresh (id=c3278de520b7841e0a412bf88fe99eb7): Total: 0.016 seconds - Initiated by StopAssetImportingV2(NoUpdateAssetOptions)
Importing 'GUID: d5ccfb3a388424ef5886431c476bb13e - Path: Assets/Janseon/ArtCandidates/TestPromotion-7cc988fdd7d441adaeedc7469609f439/W-attack-3.png' with importer (TextureImporter)
Imported 'GUID: d5ccfb3a388424ef5886431c476bb13e' -> (Import Result ID: 'b52a10496671d2a2ff7243b5736099f6') in 0.001 seconds [static and dynamic dependencies]. Details - ImportResultOutputID=f48e7f622ad8a2fab8cb8d17de23a32a DependenciesID=1974b375bd6e48bdcb715f90d2581ca4 StaticDependenciesID=553bc6e30e2091114028a61b888071c1 
Asset Pipeline Refresh (id=ec7706ab91a7740e88f2c69bec63c694): Total: 0.018 seconds - Initiated by StopAssetImportingV2(NoUpdateAssetOptions)
Importing 'GUID: fcf05f2c4c64e4a6baf7383794cd08f1 - Path: Assets/Janseon/ArtCandidates/TestPromotion-7cc988fdd7d441adaeedc7469609f439/W-attack-4.png' with importer (TextureImporter)
Imported 'GUID: fcf05f2c4c64e4a6baf7383794cd08f1' -> (Import Result ID: 'f6616855f95c3afe09ebb52bbe4f0467') in 0.001 seconds [static and dynamic dependencies]. Details - ImportResultOutputID=bdbb444beca9a0479b005142cad7f9e2 DependenciesID=757b2a8b5caef04d482eba4de9a0a955 StaticDependenciesID=727f0bc182b2a9b54db9fb47593b20b3 
Asset Pipeline Refresh (id=cec5f1a10050548efbde377d40171d02): Total: 0.016 seconds - Initiated by StopAssetImportingV2(NoUpdateAssetOptions)
Importing 'GUID: fcf05f2c4c64e4a6baf7383794cd08f1 - Path: Assets/Janseon/ArtCandidates/TestPromotion-7cc988fdd7d441adaeedc7469609f439/W-attack-4.png' with importer (TextureImporter)
Imported 'GUID: fcf05f2c4c64e4a6baf7383794cd08f1' -> (Import Result ID: '0c8594d5bf7125b1f69eedfb76984409') in 0.001 seconds [static and dynamic dependencies]. Details - ImportResultOutputID=ac4bd83dadec1fa152f33887af31f8df DependenciesID=4060c5971e1ae9bf3e3c23290292d8ce StaticDependenciesID=60194f0d47ecb6c495c6809dfe57b617 
Asset Pipeline Refresh (id=e1599b9213fc74c259b128bc8e42167f): Total: 0.018 seconds - Initiated by StopAssetImportingV2(NoUpdateAssetOptions)
Importing 'GUID: 4523f24149a984399990eb9d83aee263 - Path: Assets/Janseon/ArtCandidates/TestPromotion-7cc988fdd7d441adaeedc7469609f439/W-attack-5.png' with importer (TextureImporter)
Imported 'GUID: 4523f24149a984399990eb9d83aee263' -> (Import Result ID: '1833b6c6f8d1bc5ef829a0dbaf94f881') in 0.001 seconds [static and dynamic dependencies]. Details - ImportResultOutputID=8297a867a60d0ef82ca47d07531519e2 DependenciesID=1c365dcbb391f91a0da7d1588ae8aaf8 StaticDependenciesID=dcdfa7cac4876195c098ad6e7d6fddb5 
Asset Pipeline Refresh (id=eee6dc9e76a6e4f65bfd127ad6928944): Total: 0.016 seconds - Initiated by StopAssetImportingV2(NoUpdateAssetOptions)
Importing 'GUID: 4523f24149a984399990eb9d83aee263 - Path: Assets/Janseon/ArtCandidates/TestPromotion-7cc988fdd7d441adaeedc7469609f439/W-attack-5.png' with importer (TextureImporter)
Imported 'GUID: 4523f24149a984399990eb9d83aee263' -> (Import Result ID: '6f10ac1ffa7b8b22193aaf3344d606c1') in 0.001 seconds [static and dynamic dependencies]. Details - ImportResultOutputID=e77369fc743b710b47e6ee4b9eaa0182 DependenciesID=fdf9090424fcba1776c756915067e581 StaticDependenciesID=04a4886b2d91786ae34ea1842110eab6 
Asset Pipeline Refresh (id=e2aee1eb4a60e4615bc0e0ea48cbdfea): Total: 0.018 seconds - Initiated by StopAssetImportingV2(NoUpdateAssetOptions)
Importing 'GUID: 726cdd7990078403bab32b4815ff491e - Path: Assets/Janseon/ArtCandidates/TestPromotion-7cc988fdd7d441adaeedc7469609f439/W-attack-clip.anim' with importer (NativeFormatImporter)
Imported 'GUID: 726cdd7990078403bab32b4815ff491e' -> (Import Result ID: '93172d6873a0ce83bb112d4d4c3a5f58') in 0.000 seconds [static dependencies only]. Details - ImportResultOutputID=c7d050f5d688d7fc71041c4b825d6c4b DependenciesID=8e2796e010a09c6c2e9e8a2baf2125f2 StaticDependenciesID=49b7de47474d2bd1d9a16f979043ce29 
Asset Pipeline Refresh (id=9ed2fcbac7d3346f0bc3e5567510cb35): Total: 0.015 seconds - Initiated by StopAssetImportingV2(NoUpdateAssetOptions)
Importing 'GUID: 06cf75fb9024f4a76b8ce388dd322100 - Path: Assets/Janseon/ArtCandidates/TestPromotion-7cc988fdd7d441adaeedc7469609f439/W-hit-0.png' with importer (TextureImporter)
Imported 'GUID: 06cf75fb9024f4a76b8ce388dd322100' -> (Import Result ID: '4293c3ae8d467a2c9c5a51bf9d6ee5ad') in 0.001 seconds [static and dynamic dependencies]. Details - ImportResultOutputID=fe42ddf663a54969a22d17a7f8bfd4a9 DependenciesID=5e28bd6b3500becbd164b5ff2a1bea03 StaticDependenciesID=9759bd5b859eeac2898324c8eabe8091 
Asset Pipeline Refresh (id=96306420500a24eb3b595f0eccbbb250): Total: 0.016 seconds - Initiated by StopAssetImportingV2(NoUpdateAssetOptions)
Importing 'GUID: 06cf75fb9024f4a76b8ce388dd322100 - Path: Assets/Janseon/ArtCandidates/TestPromotion-7cc988fdd7d441adaeedc7469609f439/W-hit-0.png' with importer (TextureImporter)
Imported 'GUID: 06cf75fb9024f4a76b8ce388dd322100' -> (Import Result ID: '7f481a31cc5d079eca7177501c0f5cbd') in 0.001 seconds [static and dynamic dependencies]. Details - ImportResultOutputID=45d206237ccdf5475375932fe4c4d2a1 DependenciesID=a12488ec9d155cff9137eea187ed41d2 StaticDependenciesID=04a421c4f6460473127874cc83bb80a6 
Asset Pipeline Refresh (id=0651d6affb14b42ffa64b4a339e16e29): Total: 0.018 seconds - Initiated by StopAssetImportingV2(NoUpdateAssetOptions)
Importing 'GUID: 34e124f8cee614d218417c387d141685 - Path: Assets/Janseon/ArtCandidates/TestPromotion-7cc988fdd7d441adaeedc7469609f439/W-hit-1.png' with importer (TextureImporter)
Imported 'GUID: 34e124f8cee614d218417c387d141685' -> (Import Result ID: '965132c176991fd83c2d9bea090206da') in 0.001 seconds [static and dynamic dependencies]. Details - ImportResultOutputID=b830a51cdcb623e5caea618770705cff DependenciesID=6ec22a991d5781fc537ef931fa294da3 StaticDependenciesID=15ecd96c5799c3a4961f5e1821ee496e 
Asset Pipeline Refresh (id=9da1c0315d08744419340fe55a110016): Total: 0.016 seconds - Initiated by StopAssetImportingV2(NoUpdateAssetOptions)
Importing 'GUID: 34e124f8cee614d218417c387d141685 - Path: Assets/Janseon/ArtCandidates/TestPromotion-7cc988fdd7d441adaeedc7469609f439/W-hit-1.png' with importer (TextureImporter)
Imported 'GUID: 34e124f8cee614d218417c387d141685' -> (Import Result ID: 'c3038e8fd6bb758271e8176ecb52ca5e') in 0.001 seconds [static and dynamic dependencies]. Details - ImportResultOutputID=2a0cfda7919415598e03ba0d64ff351a DependenciesID=d90994c708a7ff9d16afdbafdd2892a7 StaticDependenciesID=0bfcec30c25d8287c8a4c1712936c40c 
Asset Pipeline Refresh (id=6b7546174373d4675813175d72b68d05): Total: 0.018 seconds - Initiated by StopAssetImportingV2(NoUpdateAssetOptions)
Importing 'GUID: 28a9bee05504a45f5bf024c40d97c299 - Path: Assets/Janseon/ArtCandidates/TestPromotion-7cc988fdd7d441adaeedc7469609f439/W-hit-2.png' with importer (TextureImporter)
Imported 'GUID: 28a9bee05504a45f5bf024c40d97c299' -> (Import Result ID: '2e65cb6d8ff5f613ae41bc0b40f6ece8') in 0.001 seconds [static and dynamic dependencies]. Details - ImportResultOutputID=c4e346bfbb3dd216057c7be9eeff6f65 DependenciesID=80b7dd117af01199a972d17cdde63a7c StaticDependenciesID=998b31b534725782a53d4d461bb0205b 
Asset Pipeline Refresh (id=05f9d890bdd20485d811ea2d83b116b4): Total: 0.016 seconds - Initiated by StopAssetImportingV2(NoUpdateAssetOptions)
Importing 'GUID: 28a9bee05504a45f5bf024c40d97c299 - Path: Assets/Janseon/ArtCandidates/TestPromotion-7cc988fdd7d441adaeedc7469609f439/W-hit-2.png' with importer (TextureImporter)
Imported 'GUID: 28a9bee05504a45f5bf024c40d97c299' -> (Import Result ID: '160f6adc451021cc358be6b8b873e8a9') in 0.001 seconds [static and dynamic dependencies]. Details - ImportResultOutputID=22fd02209a7286a735fb525336bd1e9e DependenciesID=91091de34d75514af83089054c47c55c StaticDependenciesID=9cedf6ba3fa843d9362451902099c86d 
Asset Pipeline Refresh (id=37e4b41f6946b462e88ef471425d4a67): Total: 0.018 seconds - Initiated by StopAssetImportingV2(NoUpdateAssetOptions)
Importing 'GUID: 3a1c69121afa648faaee29ef57c23241 - Path: Assets/Janseon/ArtCandidates/TestPromotion-7cc988fdd7d441adaeedc7469609f439/W-hit-clip.anim' with importer (NativeFormatImporter)
Imported 'GUID: 3a1c69121afa648faaee29ef57c23241' -> (Import Result ID: 'bc1f8594930f3d5226ff1c6276ca427b') in 0.000 seconds [static dependencies only]. Details - ImportResultOutputID=0e1c7ef7e4293ff8d687922e56230fa8 DependenciesID=52809f6db23ecbd37448ceba2cfaa0bf StaticDependenciesID=0cf141225e88f6ee29d50f3de8c5bc75 
Asset Pipeline Refresh (id=935c1c01908bb4a7192c9a56617d8f4c): Total: 0.016 seconds - Initiated by StopAssetImportingV2(NoUpdateAssetOptions)
Importing 'GUID: 84a07f35d54224475ab7e6934b76e63c - Path: Assets/Janseon/ArtCandidates/TestPromotion-7cc988fdd7d441adaeedc7469609f439/W-down-0.png' with importer (TextureImporter)
Imported 'GUID: 84a07f35d54224475ab7e6934b76e63c' -> (Import Result ID: '0c550e9fc66cc6bd55dbae05c63cf36f') in 0.001 seconds [static and dynamic dependencies]. Details - ImportResultOutputID=531601087c0a9ef31995d6e1d6916a43 DependenciesID=8248ba6338dcc3480c05b1541f1d0e7f StaticDependenciesID=a20b3965696df0bee4a276bc0081db11 
Asset Pipeline Refresh (id=1592f916fc8dd437e83110b83cc9c214): Total: 0.016 seconds - Initiated by StopAssetImportingV2(NoUpdateAssetOptions)
Importing 'GUID: 84a07f35d54224475ab7e6934b76e63c - Path: Assets/Janseon/ArtCandidates/TestPromotion-7cc988fdd7d441adaeedc7469609f439/W-down-0.png' with importer (TextureImporter)
Imported 'GUID: 84a07f35d54224475ab7e6934b76e63c' -> (Import Result ID: 'c6f4b0db9f3b4ab3998d5075e00523f8') in 0.001 seconds [static and dynamic dependencies]. Details - ImportResultOutputID=99fc8057682cdce95cb39210ae377ba1 DependenciesID=b927aa125346f019c8e56b43d9dd0a35 StaticDependenciesID=c538b2920c09686251dac0c4a0d4b07a 
Asset Pipeline Refresh (id=06bb51c6c2f4a4de896e6d061faac947): Total: 0.018 seconds - Initiated by StopAssetImportingV2(NoUpdateAssetOptions)
Importing 'GUID: 31e26af88ff1e4b1d9574dfe5ad7c993 - Path: Assets/Janseon/ArtCandidates/TestPromotion-7cc988fdd7d441adaeedc7469609f439/W-down-1.png' with importer (TextureImporter)
Imported 'GUID: 31e26af88ff1e4b1d9574dfe5ad7c993' -> (Import Result ID: '303de917bf10024edb41f82d2e795ea2') in 0.001 seconds [static and dynamic dependencies]. Details - ImportResultOutputID=238c3b2edb678331b55219cd95c790e2 DependenciesID=08ab8bd4c99f5a87004903631bb9352e StaticDependenciesID=52578161d14d538658e990f718f2cc92 
Asset Pipeline Refresh (id=4de2f8950cdb442f4853775c8ca09cc7): Total: 0.016 seconds - Initiated by StopAssetImportingV2(NoUpdateAssetOptions)
Importing 'GUID: 31e26af88ff1e4b1d9574dfe5ad7c993 - Path: Assets/Janseon/ArtCandidates/TestPromotion-7cc988fdd7d441adaeedc7469609f439/W-down-1.png' with importer (TextureImporter)
Imported 'GUID: 31e26af88ff1e4b1d9574dfe5ad7c993' -> (Import Result ID: '0fbec7267c99b600c289a49b00a73219') in 0.001 seconds [static and dynamic dependencies]. Details - ImportResultOutputID=39da98454f1d2ce611281a03e8b33dde DependenciesID=1a96885e1e9d8e4b44b101bf3584be48 StaticDependenciesID=9b51a27f33a41b917aff21f0189c0b16 
Asset Pipeline Refresh (id=fb6ad899c8780486b896f289f2feb72e): Total: 0.019 seconds - Initiated by StopAssetImportingV2(NoUpdateAssetOptions)
Importing 'GUID: c6e3305f4151d4fe792f7453fa75587c - Path: Assets/Janseon/ArtCandidates/TestPromotion-7cc988fdd7d441adaeedc7469609f439/W-down-2.png' with importer (TextureImporter)
Imported 'GUID: c6e3305f4151d4fe792f7453fa75587c' -> (Import Result ID: '8f7b627e0628879735e2c78e41759232') in 0.001 seconds [static and dynamic dependencies]. Details - ImportResultOutputID=68563cad05d3b61d65fdabe042f90c96 DependenciesID=d5031928ebfadb5100b0d9b1d7131467 StaticDependenciesID=9cdf86e427b78afcac2a0382b4d12680 
Asset Pipeline Refresh (id=d5086a28c25a44ed6b113fb876344fc9): Total: 0.016 seconds - Initiated by StopAssetImportingV2(NoUpdateAssetOptions)
Importing 'GUID: c6e3305f4151d4fe792f7453fa75587c - Path: Assets/Janseon/ArtCandidates/TestPromotion-7cc988fdd7d441adaeedc7469609f439/W-down-2.png' with importer (TextureImporter)
Imported 'GUID: c6e3305f4151d4fe792f7453fa75587c' -> (Import Result ID: 'fb18d85c5ef04e19d60be1faa8978d9b') in 0.001 seconds [static and dynamic dependencies]. Details - ImportResultOutputID=72aa3ca09954103a90bcfe897e292501 DependenciesID=ed38b1a2a1f06e39bfbceb423ac72be9 StaticDependenciesID=ab8a553b62e248de67413794119d1110 
Asset Pipeline Refresh (id=291404f14ab764742b64aaf5273b7ef6): Total: 0.018 seconds - Initiated by StopAssetImportingV2(NoUpdateAssetOptions)
Importing 'GUID: fa5e05b84efea485cb1cfa489e7506ba - Path: Assets/Janseon/ArtCandidates/TestPromotion-7cc988fdd7d441adaeedc7469609f439/W-down-3.png' with importer (TextureImporter)
Imported 'GUID: fa5e05b84efea485cb1cfa489e7506ba' -> (Import Result ID: '9e33afdc5d8f2b90fef77032cbec2719') in 0.001 seconds [static and dynamic dependencies]. Details - ImportResultOutputID=094690c2ae2fb89555286e2986b61efe DependenciesID=f77aaf7409ef1f950c1f82f86011cb88 StaticDependenciesID=b1c3098f8b130e8869687cba6b2c4350 
Asset Pipeline Refresh (id=9bc9463475de64a77a8d39fab9c1a26e): Total: 0.016 seconds - Initiated by StopAssetImportingV2(NoUpdateAssetOptions)
Importing 'GUID: fa5e05b84efea485cb1cfa489e7506ba - Path: Assets/Janseon/ArtCandidates/TestPromotion-7cc988fdd7d441adaeedc7469609f439/W-down-3.png' with importer (TextureImporter)
Imported 'GUID: fa5e05b84efea485cb1cfa489e7506ba' -> (Import Result ID: '7b7fb7bb4c09831d27718862c31977cb') in 0.001 seconds [static and dynamic dependencies]. Details - ImportResultOutputID=2f037235b10b293914a3819e76ec7d64 DependenciesID=467168b49edad6d812914be43f3ebfb0 StaticDependenciesID=23fc222f0c30e9d12fb25f16fdc98fb0 
Asset Pipeline Refresh (id=600052b45eced4faa9814bdefd69165e): Total: 0.018 seconds - Initiated by StopAssetImportingV2(NoUpdateAssetOptions)
Importing 'GUID: cdf283be7247a4f2aa0eae54fd01ea1d - Path: Assets/Janseon/ArtCandidates/TestPromotion-7cc988fdd7d441adaeedc7469609f439/W-down-clip.anim' with importer (NativeFormatImporter)
Imported 'GUID: cdf283be7247a4f2aa0eae54fd01ea1d' -> (Import Result ID: '218d2689812f390abdd83f6392781745') in 0.000 seconds [static dependencies only]. Details - ImportResultOutputID=95239d5735f56923afb329c9e5103a45 DependenciesID=d4a1579586f48276e68525ab8683ada9 StaticDependenciesID=49e3ca3040e0a831ee4d3cb225cb17c8 
Asset Pipeline Refresh (id=afc282a3f6c37459ea09e4a02b156953): Total: 0.015 seconds - Initiated by StopAssetImportingV2(NoUpdateAssetOptions)
Importing 'GUID: d76c566b7f45b42f895045a5b66eacfe - Path: Assets/Janseon/Art/Characters/poc-explorer/TestPromotion-7cc988fdd7d441adaeedc7469609f439' with importer (DefaultImporter)
Imported 'GUID: d76c566b7f45b42f895045a5b66eacfe' -> (Import Result ID: '1947363a4c599f10f91db28b53a3f056') in 0.001 seconds [static dependencies only]. Details - ImportResultOutputID=9f971b8f0be2ced5dad715b21258d373 DependenciesID=7ea5e9711fe4647705fe438bb9de2dbe StaticDependenciesID=ddfa106fd0dcaaf88038044b4a54bc5a 
Importing 'GUID: 76a421f649d90498b8d1b611f66142aa - Path: Assets/Janseon/Art/Characters/poc-explorer/TestPromotion-7cc988fdd7d441adaeedc7469609f439/atlas.png' with importer (TextureImporter)
Imported 'GUID: 76a421f649d90498b8d1b611f66142aa' -> (Import Result ID: 'da4e64da0998ab9943a420514604d016') in 0.001 seconds [static and dynamic dependencies]. Details - ImportResultOutputID=c3d399dee3ba9abca8854f0bbc400063 DependenciesID=665e47560d3efefd3fbb1673531a95f1 StaticDependenciesID=398f162cc776971c5c9b5ff62a881bf1 
Asset Pipeline Refresh (id=817522e2cd85e454483a8ee29ca90961): Total: 0.023 seconds - Initiated by StopAssetImportingV2(NoUpdateAssetOptions)
Importing 'GUID: 76a421f649d90498b8d1b611f66142aa - Path: Assets/Janseon/Art/Characters/poc-explorer/TestPromotion-7cc988fdd7d441adaeedc7469609f439/atlas.png' with importer (TextureImporter)
Imported 'GUID: 76a421f649d90498b8d1b611f66142aa' -> (Import Result ID: 'aa4b2d29a7d674f4108e3f4721b14469') in 0.000 seconds [static and dynamic dependencies]. Details - ImportResultOutputID=a826d444224924a76c603ae067192b48 DependenciesID=57da9f41eb160d1d67c0660a40cec06b StaticDependenciesID=7ced7a25b9c050eebd0c1451ff94c590 
Asset Pipeline Refresh (id=112a06bd872a943ce81d6dfeab4be291): Total: 0.018 seconds - Initiated by StopAssetImportingV2(NoUpdateAssetOptions)
Importing 'GUID: 840c28003ddb94f62a46bd1dd7769129 - Path: Assets/Janseon/Art/Characters/poc-explorer/TestPromotion-7cc988fdd7d441adaeedc7469609f439/N-idle-0.png' with importer (TextureImporter)
Imported 'GUID: 840c28003ddb94f62a46bd1dd7769129' -> (Import Result ID: 'db4437bf2cd1a522b8f46f1ee3e4c13e') in 0.001 seconds [static and dynamic dependencies]. Details - ImportResultOutputID=2ac64748b1f97f3e5c2d16529492bd0f DependenciesID=3d328af373bd6facc5faa4257dceaca3 StaticDependenciesID=adbb6410c8fbdc1010010a9c74d8e60d 
Asset Pipeline Refresh (id=754f72188bc3846618a2bb3283e1f087): Total: 0.015 seconds - Initiated by StopAssetImportingV2(NoUpdateAssetOptions)
Importing 'GUID: 840c28003ddb94f62a46bd1dd7769129 - Path: Assets/Janseon/Art/Characters/poc-explorer/TestPromotion-7cc988fdd7d441adaeedc7469609f439/N-idle-0.png' with importer (TextureImporter)
Imported 'GUID: 840c28003ddb94f62a46bd1dd7769129' -> (Import Result ID: '9eab7165cc25061cd73b4596fa954889') in 0.001 seconds [static and dynamic dependencies]. Details - ImportResultOutputID=7f05661c5678bcc8a2d3a930446741b5 DependenciesID=0cf568352cd8c4bd7df8f29020e0fc38 StaticDependenciesID=018884adce42bc0c33bce3b281f1b94e 
Asset Pipeline Refresh (id=bbc94f25a6b294f3f8167c2c1d0d0f82): Total: 0.017 seconds - Initiated by StopAssetImportingV2(NoUpdateAssetOptions)
Importing 'GUID: 1f87661d64e244123bf50993c44a5012 - Path: Assets/Janseon/Art/Characters/poc-explorer/TestPromotion-7cc988fdd7d441adaeedc7469609f439/N-idle-1.png' with importer (TextureImporter)
Imported 'GUID: 1f87661d64e244123bf50993c44a5012' -> (Import Result ID: '90bd8ca97a3c445ca54bd7938b267955') in 0.001 seconds [static and dynamic dependencies]. Details - ImportResultOutputID=1e1167fb241b38cdf0f01c03ca26d4f5 DependenciesID=3235e9142f275fd4a575383db2df3f6a StaticDependenciesID=4a244088a11f880c3baf32dafb8b95e5 
Asset Pipeline Refresh (id=30bd62bfb258345af84ca6810e304f95): Total: 0.016 seconds - Initiated by StopAssetImportingV2(NoUpdateAssetOptions)
Importing 'GUID: 1f87661d64e244123bf50993c44a5012 - Path: Assets/Janseon/Art/Characters/poc-explorer/TestPromotion-7cc988fdd7d441adaeedc7469609f439/N-idle-1.png' with importer (TextureImporter)
Imported 'GUID: 1f87661d64e244123bf50993c44a5012' -> (Import Result ID: 'deb8b636f7c7abfee1ed10fbd112600b') in 0.001 seconds [static and dynamic dependencies]. Details - ImportResultOutputID=90406128194c67ce131c00b47ec2d18d DependenciesID=0cfe8db88cce45901ab1ff74bec110d5 StaticDependenciesID=7a21269087ef6592738fec0cbe8f9b72 
Asset Pipeline Refresh (id=fca5ec25398554e69b983e8c10303eb5): Total: 0.019 seconds - Initiated by StopAssetImportingV2(NoUpdateAssetOptions)
Importing 'GUID: a08994a7a0cff4b58888780d00129736 - Path: Assets/Janseon/Art/Characters/poc-explorer/TestPromotion-7cc988fdd7d441adaeedc7469609f439/N-idle-2.png' with importer (TextureImporter)
Imported 'GUID: a08994a7a0cff4b58888780d00129736' -> (Import Result ID: '7ccd082920c6f956bee14d6d5a14c386') in 0.001 seconds [static and dynamic dependencies]. Details - ImportResultOutputID=cb5e89d6b47d5f53c52fc167fced102d DependenciesID=b3716484866893974ec59d81ae30978c StaticDependenciesID=c0f4be0d75639c86d0bd8f10300ea953 
Asset Pipeline Refresh (id=893dd455f476e4a0aa9c90d914ebb97f): Total: 0.015 seconds - Initiated by StopAssetImportingV2(NoUpdateAssetOptions)
Importing 'GUID: a08994a7a0cff4b58888780d00129736 - Path: Assets/Janseon/Art/Characters/poc-explorer/TestPromotion-7cc988fdd7d441adaeedc7469609f439/N-idle-2.png' with importer (TextureImporter)
Imported 'GUID: a08994a7a0cff4b58888780d00129736' -> (Import Result ID: '9610617cced73041f080d43edc6b7aca') in 0.001 seconds [static and dynamic dependencies]. Details - ImportResultOutputID=ebba43a15f7914e68bde063985a471a4 DependenciesID=b88af8b0313a1ef86543591ce593ebe2 StaticDependenciesID=12d118e23b3cbe5f8b5d2843eb3bda04 
Asset Pipeline Refresh (id=5a2d8aa853cb24eabbf467c1269cd125): Total: 0.017 seconds - Initiated by StopAssetImportingV2(NoUpdateAssetOptions)
Importing 'GUID: 46d41ac33ed2641ea851aac7e93c0e2b - Path: Assets/Janseon/Art/Characters/poc-explorer/TestPromotion-7cc988fdd7d441adaeedc7469609f439/N-idle-3.png' with importer (TextureImporter)
Imported 'GUID: 46d41ac33ed2641ea851aac7e93c0e2b' -> (Import Result ID: '82f178f19db4a8760f41cccc184a5187') in 0.001 seconds [static and dynamic dependencies]. Details - ImportResultOutputID=dc4480c6329c91d35ce6d58a17d94041 DependenciesID=1a021b6e93f0adcae37cf19e3120f1ef StaticDependenciesID=67d4e425bf595ef755ec282a6fb40065 
Asset Pipeline Refresh (id=9bbaf0d0bf4844cc1a7851321f792f1a): Total: 0.015 seconds - Initiated by StopAssetImportingV2(NoUpdateAssetOptions)
Importing 'GUID: 46d41ac33ed2641ea851aac7e93c0e2b - Path: Assets/Janseon/Art/Characters/poc-explorer/TestPromotion-7cc988fdd7d441adaeedc7469609f439/N-idle-3.png' with importer (TextureImporter)
Imported 'GUID: 46d41ac33ed2641ea851aac7e93c0e2b' -> (Import Result ID: '34ff57c23e2ecc50349971dfccd5e63b') in 0.001 seconds [static and dynamic dependencies]. Details - ImportResultOutputID=e030c17cd8547721d65b08b9321330db DependenciesID=b4e5a0d5ab8e8f642ee2526fe066f1f7 StaticDependenciesID=3f9a3238f68f4dd93efb266f7868ae65 
Asset Pipeline Refresh (id=0707975d9f14942ce820d04d09f37ccb): Total: 0.017 seconds - Initiated by StopAssetImportingV2(NoUpdateAssetOptions)
Importing 'GUID: 6d74088d0e6114622b7d8f4a2d6fd33c - Path: Assets/Janseon/Art/Characters/poc-explorer/TestPromotion-7cc988fdd7d441adaeedc7469609f439/N-walk-0.png' with importer (TextureImporter)
Imported 'GUID: 6d74088d0e6114622b7d8f4a2d6fd33c' -> (Import Result ID: '63c485d405062cb843146d666e4b692d') in 0.001 seconds [static and dynamic dependencies]. Details - ImportResultOutputID=ed5f7d021fdb4dd4475a61fff163a5b1 DependenciesID=b327b60903f86a4c7d6b07a11e01e429 StaticDependenciesID=27e6656684a9a0b0ef6c8e8ecbe943d5 
Asset Pipeline Refresh (id=ca05735508dd54a84b825d1628d02d7f): Total: 0.016 seconds - Initiated by StopAssetImportingV2(NoUpdateAssetOptions)
Importing 'GUID: 6d74088d0e6114622b7d8f4a2d6fd33c - Path: Assets/Janseon/Art/Characters/poc-explorer/TestPromotion-7cc988fdd7d441adaeedc7469609f439/N-walk-0.png' with importer (TextureImporter)
Imported 'GUID: 6d74088d0e6114622b7d8f4a2d6fd33c' -> (Import Result ID: '7e2252c9789dbf76d21fd28f45a4f6bd') in 0.001 seconds [static and dynamic dependencies]. Details - ImportResultOutputID=66babfd1ab2ff6b899adf5fc5746fa3a DependenciesID=ee78f3f84c6328bde5a240d165b09197 StaticDependenciesID=ad8fea12c645346b13e4499bf8bc07fe 
Asset Pipeline Refresh (id=22bafc190af83472aaadb7a80ea0658e): Total: 0.017 seconds - Initiated by StopAssetImportingV2(NoUpdateAssetOptions)
Importing 'GUID: fe93ab7b1dd644c9b9b71e088473b63d - Path: Assets/Janseon/Art/Characters/poc-explorer/TestPromotion-7cc988fdd7d441adaeedc7469609f439/N-walk-1.png' with importer (TextureImporter)
Imported 'GUID: fe93ab7b1dd644c9b9b71e088473b63d' -> (Import Result ID: 'fe402d3bda1ee1cdc9d003fb8d420f89') in 0.001 seconds [static and dynamic dependencies]. Details - ImportResultOutputID=604057bd3be10da7e3589e3ae630a657 DependenciesID=bea29dd8ee04e554b1f3d6340f39270f StaticDependenciesID=04e3d7e58e1c35d80b52a3e16bb16862 
Asset Pipeline Refresh (id=1914ab26c08d24b2d9f9a30d154d9252): Total: 0.015 seconds - Initiated by StopAssetImportingV2(NoUpdateAssetOptions)
Importing 'GUID: fe93ab7b1dd644c9b9b71e088473b63d - Path: Assets/Janseon/Art/Characters/poc-explorer/TestPromotion-7cc988fdd7d441adaeedc7469609f439/N-walk-1.png' with importer (TextureImporter)
Imported 'GUID: fe93ab7b1dd644c9b9b71e088473b63d' -> (Import Result ID: '34aa0f527acaa188bf4961fda742e6fb') in 0.001 seconds [static and dynamic dependencies]. Details - ImportResultOutputID=457ce04aad11bf3a89b51a92f44f39af DependenciesID=14b1fd3e5cddb835c4fdffda7c65bcbb StaticDependenciesID=bf346f762dbc61d91e98eeab9712a117 
Asset Pipeline Refresh (id=8ab90faf2497548e893b2f7131f53083): Total: 0.017 seconds - Initiated by StopAssetImportingV2(NoUpdateAssetOptions)
Importing 'GUID: 372f5fd9848634f62ba09533d74d6f08 - Path: Assets/Janseon/Art/Characters/poc-explorer/TestPromotion-7cc988fdd7d441adaeedc7469609f439/N-walk-2.png' with importer (TextureImporter)
Imported 'GUID: 372f5fd9848634f62ba09533d74d6f08' -> (Import Result ID: 'b8475fc72f8329be302cd21093d8c67d') in 0.001 seconds [static and dynamic dependencies]. Details - ImportResultOutputID=6fab39dbc8cbe5367a38de28b90b5d17 DependenciesID=5b9f3f6d616772bca1e574a2c43a0fee StaticDependenciesID=e3925e5400966cdadf1cc08c3d25e69c 
Asset Pipeline Refresh (id=06b11eede1e0c4cd2943aeeb9a89e9d6): Total: 0.015 seconds - Initiated by StopAssetImportingV2(NoUpdateAssetOptions)
Importing 'GUID: 372f5fd9848634f62ba09533d74d6f08 - Path: Assets/Janseon/Art/Characters/poc-explorer/TestPromotion-7cc988fdd7d441adaeedc7469609f439/N-walk-2.png' with importer (TextureImporter)
Imported 'GUID: 372f5fd9848634f62ba09533d74d6f08' -> (Import Result ID: 'ccc14c9c82e309837a8a2ebf902a5ddc') in 0.001 seconds [static and dynamic dependencies]. Details - ImportResultOutputID=f4e937c4f4acf943f45599e1dc9d1996 DependenciesID=0f1c29973f2ceebb3e263d6eaad6e8d5 StaticDependenciesID=390a690f91cf515a692ea4d02e6b476f 
Asset Pipeline Refresh (id=6b5289bd3baec42f0a011f7c02bcde5b): Total: 0.017 seconds - Initiated by StopAssetImportingV2(NoUpdateAssetOptions)
Importing 'GUID: 0eab6bf2e07ff4feb99c86ae53166c28 - Path: Assets/Janseon/Art/Characters/poc-explorer/TestPromotion-7cc988fdd7d441adaeedc7469609f439/N-walk-3.png' with importer (TextureImporter)
Imported 'GUID: 0eab6bf2e07ff4feb99c86ae53166c28' -> (Import Result ID: '5058da76a8891190dc175e43667335c8') in 0.001 seconds [static and dynamic dependencies]. Details - ImportResultOutputID=9b9592d58169dc8fda2a369b8db322c5 DependenciesID=9f68c68d70866032b2d1e248fd223459 StaticDependenciesID=ca8eece84840d0640c209289f8c4ef93 
Asset Pipeline Refresh (id=35f08a983cdce45e285bb5c6f8936b86): Total: 0.015 seconds - Initiated by StopAssetImportingV2(NoUpdateAssetOptions)
Importing 'GUID: 0eab6bf2e07ff4feb99c86ae53166c28 - Path: Assets/Janseon/Art/Characters/poc-explorer/TestPromotion-7cc988fdd7d441adaeedc7469609f439/N-walk-3.png' with importer (TextureImporter)
Imported 'GUID: 0eab6bf2e07ff4feb99c86ae53166c28' -> (Import Result ID: 'bfafa7819c477bc118e9ec3f7f36cb0c') in 0.001 seconds [static and dynamic dependencies]. Details - ImportResultOutputID=932d1df37020bad3a9e6141391d2d77a DependenciesID=50ebe702a327d503a7c1d2db53a2cf66 StaticDependenciesID=6cef5ae0846a748e5fab49fdbfbb298a 
Asset Pipeline Refresh (id=729b840b520324dbeb868abc2fb7e3e0): Total: 0.017 seconds - Initiated by StopAssetImportingV2(NoUpdateAssetOptions)
Importing 'GUID: 39e88ac388a334c1aa12628377bd08ca - Path: Assets/Janseon/Art/Characters/poc-explorer/TestPromotion-7cc988fdd7d441adaeedc7469609f439/N-walk-4.png' with importer (TextureImporter)
Imported 'GUID: 39e88ac388a334c1aa12628377bd08ca' -> (Import Result ID: '04229d1ee121706a6f3559620aa763e4') in 0.001 seconds [static and dynamic dependencies]. Details - ImportResultOutputID=265db785fec80337206ddeb8a6a8fd38 DependenciesID=7e0be906e36cb1355930c451fc3c35b2 StaticDependenciesID=2ec9b423eb96a1c0deaf48966b20038c 
Asset Pipeline Refresh (id=d136de8359c244c5cbcba86f3ed7a7cf): Total: 0.016 seconds - Initiated by StopAssetImportingV2(NoUpdateAssetOptions)
Importing 'GUID: 39e88ac388a334c1aa12628377bd08ca - Path: Assets/Janseon/Art/Characters/poc-explorer/TestPromotion-7cc988fdd7d441adaeedc7469609f439/N-walk-4.png' with importer (TextureImporter)
Imported 'GUID: 39e88ac388a334c1aa12628377bd08ca' -> (Import Result ID: 'cd65128f6a1c4abd4880585a4d06a5d0') in 0.001 seconds [static and dynamic dependencies]. Details - ImportResultOutputID=c2cdcf4f422fdae379009ab5b3abd4df DependenciesID=c6f6f87705c4ce618bc31cc4fa5c3621 StaticDependenciesID=c45b501219d7fdf01146f0ac49740434 
Asset Pipeline Refresh (id=0159c66a6f13b443eab4d677c927ced7): Total: 0.017 seconds - Initiated by StopAssetImportingV2(NoUpdateAssetOptions)
Importing 'GUID: 2db303d22bbd843beaef5da9b503fe98 - Path: Assets/Janseon/Art/Characters/poc-explorer/TestPromotion-7cc988fdd7d441adaeedc7469609f439/N-walk-5.png' with importer (TextureImporter)
Imported 'GUID: 2db303d22bbd843beaef5da9b503fe98' -> (Import Result ID: '9f2261f71503db4823e1b7696ac4f8bc') in 0.001 seconds [static and dynamic dependencies]. Details - ImportResultOutputID=3cd8f829861ec4fc4c6992c614c35be8 DependenciesID=e46b973ec5caf819c5e214b9c2a910c8 StaticDependenciesID=995934a90e23a514a4fd88ef97d8d64e 
Asset Pipeline Refresh (id=7b45ef8cdd426428eb578f6e0f39c442): Total: 0.016 seconds - Initiated by StopAssetImportingV2(NoUpdateAssetOptions)
Importing 'GUID: 2db303d22bbd843beaef5da9b503fe98 - Path: Assets/Janseon/Art/Characters/poc-explorer/TestPromotion-7cc988fdd7d441adaeedc7469609f439/N-walk-5.png' with importer (TextureImporter)
Imported 'GUID: 2db303d22bbd843beaef5da9b503fe98' -> (Import Result ID: '5b40de678e8d48538e498617eb62d735') in 0.001 seconds [static and dynamic dependencies]. Details - ImportResultOutputID=df68be67050c795453f34838dbb6756c DependenciesID=0715c12476ef6a2ddb84b71c7d04d301 StaticDependenciesID=45e608dee789976baf8688da3bd844d7 
Asset Pipeline Refresh (id=38d5afb7ef5574d79ae5c23903bf3b13): Total: 0.017 seconds - Initiated by StopAssetImportingV2(NoUpdateAssetOptions)
Importing 'GUID: e5b63edbb04874f52b1a525f9a57eb9c - Path: Assets/Janseon/Art/Characters/poc-explorer/TestPromotion-7cc988fdd7d441adaeedc7469609f439/N-attack-0.png' with importer (TextureImporter)
Imported 'GUID: e5b63edbb04874f52b1a525f9a57eb9c' -> (Import Result ID: '92f240474b30679d409be885e157838b') in 0.001 seconds [static and dynamic dependencies]. Details - ImportResultOutputID=469aee8f0d7eddb99aa91bee4e9879ac DependenciesID=7cb8347c22b0afdb08da2b8ca67ded78 StaticDependenciesID=68f021f720bf290ea91b794e8b383201 
Asset Pipeline Refresh (id=018cb3ae76a304a82b0a8adb2da07918): Total: 0.016 seconds - Initiated by StopAssetImportingV2(NoUpdateAssetOptions)
Importing 'GUID: e5b63edbb04874f52b1a525f9a57eb9c - Path: Assets/Janseon/Art/Characters/poc-explorer/TestPromotion-7cc988fdd7d441adaeedc7469609f439/N-attack-0.png' with importer (TextureImporter)
Imported 'GUID: e5b63edbb04874f52b1a525f9a57eb9c' -> (Import Result ID: '76bb4ac2e07063e0ffb1bbd38dfb242c') in 0.001 seconds [static and dynamic dependencies]. Details - ImportResultOutputID=0e9a9247ad3ffcaa2abecbaef96e9d6c DependenciesID=6cabff7a47acb955da4d1e4cdb4e574a StaticDependenciesID=887d272e8e678a218e1c50b28fc34555 
Asset Pipeline Refresh (id=87f4a401c0a434413bd706a9a959f532): Total: 0.017 seconds - Initiated by StopAssetImportingV2(NoUpdateAssetOptions)
Importing 'GUID: 0cd8fbd394ce849fda67b0257a3fc87d - Path: Assets/Janseon/Art/Characters/poc-explorer/TestPromotion-7cc988fdd7d441adaeedc7469609f439/N-attack-1.png' with importer (TextureImporter)
Imported 'GUID: 0cd8fbd394ce849fda67b0257a3fc87d' -> (Import Result ID: '0a37095204dc2621b8dd77b2efd0d939') in 0.001 seconds [static and dynamic dependencies]. Details - ImportResultOutputID=ced41a3a6c7df47874f6a6a0f85ed930 DependenciesID=aac377297981fb23116466b45c969f1e StaticDependenciesID=4444626826b84ce57b0963710724f557 
Asset Pipeline Refresh (id=54e6db9b6f605478fb253d1c781de69a): Total: 0.015 seconds - Initiated by StopAssetImportingV2(NoUpdateAssetOptions)
Importing 'GUID: 0cd8fbd394ce849fda67b0257a3fc87d - Path: Assets/Janseon/Art/Characters/poc-explorer/TestPromotion-7cc988fdd7d441adaeedc7469609f439/N-attack-1.png' with importer (TextureImporter)
Imported 'GUID: 0cd8fbd394ce849fda67b0257a3fc87d' -> (Import Result ID: '67e63bddffe3f4b2c0db9568c5d3760f') in 0.001 seconds [static and dynamic dependencies]. Details - ImportResultOutputID=ead0c43ec65f7c81694129c219b942ba DependenciesID=a1ea305155eed6e7ee1bbe176ec562c4 StaticDependenciesID=715e953d5c4a8fe0b96e3d874f2b063d 
Asset Pipeline Refresh (id=eba378b6002f340648b6a65160f047be): Total: 0.017 seconds - Initiated by StopAssetImportingV2(NoUpdateAssetOptions)
Importing 'GUID: a1127b767a8724772bd7bb7a0329ef37 - Path: Assets/Janseon/Art/Characters/poc-explorer/TestPromotion-7cc988fdd7d441adaeedc7469609f439/N-attack-2.png' with importer (TextureImporter)
Imported 'GUID: a1127b767a8724772bd7bb7a0329ef37' -> (Import Result ID: 'bbd83087a3a7d0145dceec02a4fa00b5') in 0.001 seconds [static and dynamic dependencies]. Details - ImportResultOutputID=846e1107af0394a6d1e23a1f05c30034 DependenciesID=c3f9cb357214c3b5e4e99bc56d9155f3 StaticDependenciesID=61bf8042a675c4bda84b567ba3bd2d45 
Asset Pipeline Refresh (id=b4719c94f2d8f4434a36230be44c1b39): Total: 0.015 seconds - Initiated by StopAssetImportingV2(NoUpdateAssetOptions)
Importing 'GUID: a1127b767a8724772bd7bb7a0329ef37 - Path: Assets/Janseon/Art/Characters/poc-explorer/TestPromotion-7cc988fdd7d441adaeedc7469609f439/N-attack-2.png' with importer (TextureImporter)
Imported 'GUID: a1127b767a8724772bd7bb7a0329ef37' -> (Import Result ID: 'e31c03fc5070ad9876ccdeef345a49e9') in 0.001 seconds [static and dynamic dependencies]. Details - ImportResultOutputID=794a2ff4e9ebffb4563042ec3ad5fd1d DependenciesID=ab32ed6a7e57a81e21d8f1a517d11466 StaticDependenciesID=69ee0e3ba0062644d1d98162ac856b71 
Asset Pipeline Refresh (id=9823e70627af64122bd07a7c8ab83b8a): Total: 0.017 seconds - Initiated by StopAssetImportingV2(NoUpdateAssetOptions)
Importing 'GUID: 2281336dba1cb43edb059eeaecfaaea7 - Path: Assets/Janseon/Art/Characters/poc-explorer/TestPromotion-7cc988fdd7d441adaeedc7469609f439/N-attack-3.png' with importer (TextureImporter)
Imported 'GUID: 2281336dba1cb43edb059eeaecfaaea7' -> (Import Result ID: 'd7f7831ed73178962cf6dee21e1e2b51') in 0.001 seconds [static and dynamic dependencies]. Details - ImportResultOutputID=7c9fb22be119bae7754cb7162f310f81 DependenciesID=5a7ed048e2941d198995fafbb09285b6 StaticDependenciesID=e504f6cf006ad0e5b129ac725ab95fd8 
Asset Pipeline Refresh (id=044100e0bd6bd4aecb27b77eee2837d1): Total: 0.015 seconds - Initiated by StopAssetImportingV2(NoUpdateAssetOptions)
Importing 'GUID: 2281336dba1cb43edb059eeaecfaaea7 - Path: Assets/Janseon/Art/Characters/poc-explorer/TestPromotion-7cc988fdd7d441adaeedc7469609f439/N-attack-3.png' with importer (TextureImporter)
Imported 'GUID: 2281336dba1cb43edb059eeaecfaaea7' -> (Import Result ID: '174220670c246855e6805b22c3b7bc95') in 0.001 seconds [static and dynamic dependencies]. Details - ImportResultOutputID=e2e752bc60a9bc4ab456c119fd2ba934 DependenciesID=571133402bd0cd49d30c3167befd8708 StaticDependenciesID=6f2a34ddee0f807ae612391d7cb4dd3a 
Asset Pipeline Refresh (id=5018dc7ea8e1941f7803556be4d7851d): Total: 0.018 seconds - Initiated by StopAssetImportingV2(NoUpdateAssetOptions)
Importing 'GUID: 9d23e45fbabbb40ff8252cb16d418faf - Path: Assets/Janseon/Art/Characters/poc-explorer/TestPromotion-7cc988fdd7d441adaeedc7469609f439/N-attack-4.png' with importer (TextureImporter)
Imported 'GUID: 9d23e45fbabbb40ff8252cb16d418faf' -> (Import Result ID: '5c537b733d455ff857a1161f9285ec92') in 0.001 seconds [static and dynamic dependencies]. Details - ImportResultOutputID=b908f29176d5c8e05ed578c2404954a4 DependenciesID=4c644ae7e8b273598e111a0c7e5061c6 StaticDependenciesID=0251d3af8b2c0532a994e897f61aca46 
Asset Pipeline Refresh (id=514c3446a0ce34dab96bb227ad67a8c0): Total: 0.016 seconds - Initiated by StopAssetImportingV2(NoUpdateAssetOptions)
Importing 'GUID: 9d23e45fbabbb40ff8252cb16d418faf - Path: Assets/Janseon/Art/Characters/poc-explorer/TestPromotion-7cc988fdd7d441adaeedc7469609f439/N-attack-4.png' with importer (TextureImporter)
Imported 'GUID: 9d23e45fbabbb40ff8252cb16d418faf' -> (Import Result ID: '40c77d728b3f48e2801d81690d0fa9f1') in 0.001 seconds [static and dynamic dependencies]. Details - ImportResultOutputID=5f1716ae8ee88336025c1bd8dd811797 DependenciesID=52400e8770e7b2ffd38899f63632d557 StaticDependenciesID=878f8c0f88eb4ce8840e3fe4bbf5fede 
Asset Pipeline Refresh (id=e35a6156f2a4a4b1d90088b6b9afc31c): Total: 0.018 seconds - Initiated by StopAssetImportingV2(NoUpdateAssetOptions)
Importing 'GUID: 631242f23101d4a73a4fe1e3cf525d17 - Path: Assets/Janseon/Art/Characters/poc-explorer/TestPromotion-7cc988fdd7d441adaeedc7469609f439/N-attack-5.png' with importer (TextureImporter)
Imported 'GUID: 631242f23101d4a73a4fe1e3cf525d17' -> (Import Result ID: 'a17be91e7090f38ae37639bf1e56673a') in 0.001 seconds [static and dynamic dependencies]. Details - ImportResultOutputID=6e03c39a4ac106274c2f37c2091b2d5e DependenciesID=cb70e192a19a1b223048150eeb01feea StaticDependenciesID=7bc96d8427ef3d463c476eb27a0aa8c9 
Asset Pipeline Refresh (id=c31480d6d21de40bda54cfeff654fd99): Total: 0.016 seconds - Initiated by StopAssetImportingV2(NoUpdateAssetOptions)
Importing 'GUID: 631242f23101d4a73a4fe1e3cf525d17 - Path: Assets/Janseon/Art/Characters/poc-explorer/TestPromotion-7cc988fdd7d441adaeedc7469609f439/N-attack-5.png' with importer (TextureImporter)
Imported 'GUID: 631242f23101d4a73a4fe1e3cf525d17' -> (Import Result ID: 'eedcf3d682f80f59d9548fb4dcc6480d') in 0.001 seconds [static and dynamic dependencies]. Details - ImportResultOutputID=f0beb8fc6446e501bc1f38a2b82bbabb DependenciesID=605884fbb0e9b306f48b024b4637cc2f StaticDependenciesID=aae1527f5228f5fa73061206aff35533 
Asset Pipeline Refresh (id=6a553763754554c0e8ceb7eed135d9fe): Total: 0.018 seconds - Initiated by StopAssetImportingV2(NoUpdateAssetOptions)
Importing 'GUID: 4bbfab557b8894e338bb3cb5af3c88fd - Path: Assets/Janseon/Art/Characters/poc-explorer/TestPromotion-7cc988fdd7d441adaeedc7469609f439/N-hit-0.png' with importer (TextureImporter)
Imported 'GUID: 4bbfab557b8894e338bb3cb5af3c88fd' -> (Import Result ID: '86fc3f43393f216d061a4efe0922d882') in 0.001 seconds [static and dynamic dependencies]. Details - ImportResultOutputID=3cd42f5afdaab3bc2c7ccf18c1e7fc3d DependenciesID=d5fd369703598cfdafad529b61ea533d StaticDependenciesID=e06c412f4ef21184189ab2ef42970089 
Asset Pipeline Refresh (id=b6d179ac4f5f64c0c890d438c456a36c): Total: 0.016 seconds - Initiated by StopAssetImportingV2(NoUpdateAssetOptions)
Importing 'GUID: 4bbfab557b8894e338bb3cb5af3c88fd - Path: Assets/Janseon/Art/Characters/poc-explorer/TestPromotion-7cc988fdd7d441adaeedc7469609f439/N-hit-0.png' with importer (TextureImporter)
Imported 'GUID: 4bbfab557b8894e338bb3cb5af3c88fd' -> (Import Result ID: '087837ce6af8e9792d85858f5340a74f') in 0.001 seconds [static and dynamic dependencies]. Details - ImportResultOutputID=e2ba14759eb8a0d69db41f740fcc56ed DependenciesID=d2b061802873c353e7289997b2fb3038 StaticDependenciesID=13725f676633e1ab5e54813c810a5509 
Asset Pipeline Refresh (id=bb85cb1ff3192438c91042c109330aca): Total: 0.018 seconds - Initiated by StopAssetImportingV2(NoUpdateAssetOptions)
Importing 'GUID: 21841ba111c514824b3883278f952da2 - Path: Assets/Janseon/Art/Characters/poc-explorer/TestPromotion-7cc988fdd7d441adaeedc7469609f439/N-hit-1.png' with importer (TextureImporter)
Imported 'GUID: 21841ba111c514824b3883278f952da2' -> (Import Result ID: 'beb30969e73c4757b5d63590c40f45a0') in 0.001 seconds [static and dynamic dependencies]. Details - ImportResultOutputID=d35fdc61c5b003a4f0e1f4c8bcec42cb DependenciesID=ac0f92de1a516fe0077c43c8772a10c3 StaticDependenciesID=a7dfa50acdf33e369f7820e3d138cbc3 
Asset Pipeline Refresh (id=e2db3bc4570b4448cbd49e550a1df003): Total: 0.015 seconds - Initiated by StopAssetImportingV2(NoUpdateAssetOptions)
Importing 'GUID: 21841ba111c514824b3883278f952da2 - Path: Assets/Janseon/Art/Characters/poc-explorer/TestPromotion-7cc988fdd7d441adaeedc7469609f439/N-hit-1.png' with importer (TextureImporter)
Imported 'GUID: 21841ba111c514824b3883278f952da2' -> (Import Result ID: 'a92716988b3908997b22a4b52eb6495f') in 0.001 seconds [static and dynamic dependencies]. Details - ImportResultOutputID=89402d92afe60da5b18a40668d57352b DependenciesID=d84f43a1ecc9a381a497b6d9c757ae0a StaticDependenciesID=d521d88a8512eda49acd56df00b303ec 
Asset Pipeline Refresh (id=79810674e238540268fc743193952493): Total: 0.018 seconds - Initiated by StopAssetImportingV2(NoUpdateAssetOptions)
Importing 'GUID: 459c1f2dacde5451c8d0479bf16fa6e2 - Path: Assets/Janseon/Art/Characters/poc-explorer/TestPromotion-7cc988fdd7d441adaeedc7469609f439/N-hit-2.png' with importer (TextureImporter)
Imported 'GUID: 459c1f2dacde5451c8d0479bf16fa6e2' -> (Import Result ID: '64bf1ff8a2c0389110cbea2a1b761ff5') in 0.001 seconds [static and dynamic dependencies]. Details - ImportResultOutputID=1c3fca8d6988846eb17a03050c1cd532 DependenciesID=0a465e31b39394cdcdf348ddb76e3203 StaticDependenciesID=0f1ef1282ed492596c44178998988056 
Asset Pipeline Refresh (id=56aa8683d8faf4c4cae8916953c458e7): Total: 0.015 seconds - Initiated by StopAssetImportingV2(NoUpdateAssetOptions)
Importing 'GUID: 459c1f2dacde5451c8d0479bf16fa6e2 - Path: Assets/Janseon/Art/Characters/poc-explorer/TestPromotion-7cc988fdd7d441adaeedc7469609f439/N-hit-2.png' with importer (TextureImporter)
Imported 'GUID: 459c1f2dacde5451c8d0479bf16fa6e2' -> (Import Result ID: '340e861610097db1e4a762e968cb4783') in 0.001 seconds [static and dynamic dependencies]. Details - ImportResultOutputID=6cc1c919c079f92455cc6c4a2a1e6d79 DependenciesID=5da0070fcbbd3ed885ea2db12090d569 StaticDependenciesID=54c60ecd3490c3e6069e39ffc195c3f2 
Asset Pipeline Refresh (id=536e822d6bc5e41feb5a8678e2f35395): Total: 0.018 seconds - Initiated by StopAssetImportingV2(NoUpdateAssetOptions)
Importing 'GUID: e03a34ebd8aa643ba9dbf057b770c361 - Path: Assets/Janseon/Art/Characters/poc-explorer/TestPromotion-7cc988fdd7d441adaeedc7469609f439/N-down-0.png' with importer (TextureImporter)
Imported 'GUID: e03a34ebd8aa643ba9dbf057b770c361' -> (Import Result ID: '641f294eab798c8283a1fbf85c33c719') in 0.001 seconds [static and dynamic dependencies]. Details - ImportResultOutputID=aae268165a9a2541b334e4304d0a4fe3 DependenciesID=338829d7da3d49b2a59689afa6f08c7f StaticDependenciesID=ec404f9bad660370476dd4d7de68d12c 
Asset Pipeline Refresh (id=ed878730d961d4e609512045f1fa1a82): Total: 0.016 seconds - Initiated by StopAssetImportingV2(NoUpdateAssetOptions)
Importing 'GUID: e03a34ebd8aa643ba9dbf057b770c361 - Path: Assets/Janseon/Art/Characters/poc-explorer/TestPromotion-7cc988fdd7d441adaeedc7469609f439/N-down-0.png' with importer (TextureImporter)
Imported 'GUID: e03a34ebd8aa643ba9dbf057b770c361' -> (Import Result ID: '1dc0335c0d31a5aaa86d9ab452bb0949') in 0.001 seconds [static and dynamic dependencies]. Details - ImportResultOutputID=c51349fb273f5bc3c4aacd96c9b84120 DependenciesID=2f8e92d90ed14092df3a5335d8ffc9f6 StaticDependenciesID=2c94fc98de75c8a06f2feb1bcc76b6a9 
Asset Pipeline Refresh (id=fa0ca06369b9843bea54d3b3c011019a): Total: 0.017 seconds - Initiated by StopAssetImportingV2(NoUpdateAssetOptions)
Importing 'GUID: 16174eaaf8d9640a79319db79886f7da - Path: Assets/Janseon/Art/Characters/poc-explorer/TestPromotion-7cc988fdd7d441adaeedc7469609f439/N-down-1.png' with importer (TextureImporter)
Imported 'GUID: 16174eaaf8d9640a79319db79886f7da' -> (Import Result ID: '596d2ddbd2f548d0ad1903fff3d0b582') in 0.001 seconds [static and dynamic dependencies]. Details - ImportResultOutputID=a89177abfb8e19b5d850719eb8a938a4 DependenciesID=62da26fd31eccd10f7603b4aa50c8c50 StaticDependenciesID=b25dce944cd3a25573837035cb9b35e4 
Asset Pipeline Refresh (id=94da44a0d6de9463cb0613e7d6d35738): Total: 0.015 seconds - Initiated by StopAssetImportingV2(NoUpdateAssetOptions)
Importing 'GUID: 16174eaaf8d9640a79319db79886f7da - Path: Assets/Janseon/Art/Characters/poc-explorer/TestPromotion-7cc988fdd7d441adaeedc7469609f439/N-down-1.png' with importer (TextureImporter)
Imported 'GUID: 16174eaaf8d9640a79319db79886f7da' -> (Import Result ID: '6c28f787d9278d46c7491466fb0fd9ec') in 0.001 seconds [static and dynamic dependencies]. Details - ImportResultOutputID=db26dd2e8127261e5c14ab4d54a76fdf DependenciesID=6abf3fee0dc8c5aa86bc0335fe40f5c6 StaticDependenciesID=a878925e438047ba6b702702d3e7bb6f 
Asset Pipeline Refresh (id=bb7405914367743ee8e1fcbb0dd95c95): Total: 0.018 seconds - Initiated by StopAssetImportingV2(NoUpdateAssetOptions)
Importing 'GUID: 8572dc615def441e99095bd0af8ee59f - Path: Assets/Janseon/Art/Characters/poc-explorer/TestPromotion-7cc988fdd7d441adaeedc7469609f439/N-down-2.png' with importer (TextureImporter)
Imported 'GUID: 8572dc615def441e99095bd0af8ee59f' -> (Import Result ID: 'f771220203d8eb758db851177f2ea52a') in 0.001 seconds [static and dynamic dependencies]. Details - ImportResultOutputID=18031bfd00c9bc82652ae89fc66eb6cd DependenciesID=ea7a4e976f62326d7c608ca1476190e7 StaticDependenciesID=c1984593881f5718bf600c8940b028e1 
Asset Pipeline Refresh (id=93814f6684cf94bf197c8bac8c8fed13): Total: 0.015 seconds - Initiated by StopAssetImportingV2(NoUpdateAssetOptions)
Importing 'GUID: 8572dc615def441e99095bd0af8ee59f - Path: Assets/Janseon/Art/Characters/poc-explorer/TestPromotion-7cc988fdd7d441adaeedc7469609f439/N-down-2.png' with importer (TextureImporter)
Imported 'GUID: 8572dc615def441e99095bd0af8ee59f' -> (Import Result ID: '118e912c5a93cb3d69bf6fae149bf11b') in 0.001 seconds [static and dynamic dependencies]. Details - ImportResultOutputID=e88f777ea4a757ac2cf6c4a04e930277 DependenciesID=f2be3dc3dd551b52df1f0376ccb47014 StaticDependenciesID=e8a76d4ca4c0e63b83601bff66bc937f 
Asset Pipeline Refresh (id=4d50abb24bc1148d6b3f81081edf7012): Total: 0.017 seconds - Initiated by StopAssetImportingV2(NoUpdateAssetOptions)
Importing 'GUID: c6acecc508a4e4023af5702a02e9a831 - Path: Assets/Janseon/Art/Characters/poc-explorer/TestPromotion-7cc988fdd7d441adaeedc7469609f439/N-down-3.png' with importer (TextureImporter)
Imported 'GUID: c6acecc508a4e4023af5702a02e9a831' -> (Import Result ID: 'b5d86d26f9559c6095e1fd8d98af9a65') in 0.001 seconds [static and dynamic dependencies]. Details - ImportResultOutputID=375ac80fd91ddd59c66dbcd420405bc2 DependenciesID=aae6d6395e212379dce1c1d540cc9042 StaticDependenciesID=b02aa64fea370b33f36eb219acc4084f 
Asset Pipeline Refresh (id=7eaeeafc8b1c24a0fa68665b7ca5433e): Total: 0.015 seconds - Initiated by StopAssetImportingV2(NoUpdateAssetOptions)
Importing 'GUID: c6acecc508a4e4023af5702a02e9a831 - Path: Assets/Janseon/Art/Characters/poc-explorer/TestPromotion-7cc988fdd7d441adaeedc7469609f439/N-down-3.png' with importer (TextureImporter)
Imported 'GUID: c6acecc508a4e4023af5702a02e9a831' -> (Import Result ID: '7a2e6bd7592a243ebf097d686fdc0d97') in 0.001 seconds [static and dynamic dependencies]. Details - ImportResultOutputID=3f058b2963cca89a4f9a46f2dc42bbf6 DependenciesID=ac26010bc82fa1806f577818115eeb4b StaticDependenciesID=be200599b2694ae7269314cd4349ca4b 
Asset Pipeline Refresh (id=aa4a90fe2b6da45258a0f0798b3a3610): Total: 0.017 seconds - Initiated by StopAssetImportingV2(NoUpdateAssetOptions)
Importing 'GUID: 21111cce402a04f259fd18938c37bae5 - Path: Assets/Janseon/Art/Characters/poc-explorer/TestPromotion-7cc988fdd7d441adaeedc7469609f439/E-idle-0.png' with importer (TextureImporter)
Imported 'GUID: 21111cce402a04f259fd18938c37bae5' -> (Import Result ID: 'a478f538f7be6e3f14c5a2ef807929c8') in 0.001 seconds [static and dynamic dependencies]. Details - ImportResultOutputID=2e00a741a1a1fc643393ee5eb80222df DependenciesID=80a8db998daa8bc97559c2d8990eb2d4 StaticDependenciesID=226a55356b2b9187aadd4bbe2a9c7963 
Asset Pipeline Refresh (id=efa7819b3bfad4630ada4f01c426b59a): Total: 0.015 seconds - Initiated by StopAssetImportingV2(NoUpdateAssetOptions)
Importing 'GUID: 21111cce402a04f259fd18938c37bae5 - Path: Assets/Janseon/Art/Characters/poc-explorer/TestPromotion-7cc988fdd7d441adaeedc7469609f439/E-idle-0.png' with importer (TextureImporter)
Imported 'GUID: 21111cce402a04f259fd18938c37bae5' -> (Import Result ID: '936e67318a5b2093c7d718140b4417b2') in 0.001 seconds [static and dynamic dependencies]. Details - ImportResultOutputID=6c2400153801a40297f5e93045cde68f DependenciesID=8cffa3c699166104f13d47be494d4e98 StaticDependenciesID=bd3fbc47f904280c63f408f07b2f9c05 
Asset Pipeline Refresh (id=fae63f1d93a4d42738eae1d3d8fb9a04): Total: 0.018 seconds - Initiated by StopAssetImportingV2(NoUpdateAssetOptions)
Importing 'GUID: cd694cce973eb4d22a7a8be07452109e - Path: Assets/Janseon/Art/Characters/poc-explorer/TestPromotion-7cc988fdd7d441adaeedc7469609f439/E-idle-1.png' with importer (TextureImporter)
Imported 'GUID: cd694cce973eb4d22a7a8be07452109e' -> (Import Result ID: '5f0417832c548c9d4f05a3cdfada7779') in 0.001 seconds [static and dynamic dependencies]. Details - ImportResultOutputID=e264d82606bd6239ef31f13a661f693b DependenciesID=d0f3ad415e9b0f9f4a3e6a5f15c66010 StaticDependenciesID=34c7cd91faa4a305e867455ca7b1300b 
Asset Pipeline Refresh (id=c6918df993eca4a47992f03309b34c6c): Total: 0.015 seconds - Initiated by StopAssetImportingV2(NoUpdateAssetOptions)
Importing 'GUID: cd694cce973eb4d22a7a8be07452109e - Path: Assets/Janseon/Art/Characters/poc-explorer/TestPromotion-7cc988fdd7d441adaeedc7469609f439/E-idle-1.png' with importer (TextureImporter)
Imported 'GUID: cd694cce973eb4d22a7a8be07452109e' -> (Import Result ID: '83606f4f3f5d08a454ddcd8c9a9c2b2d') in 0.001 seconds [static and dynamic dependencies]. Details - ImportResultOutputID=fa6806f1a4e2e138bd3d1047d3cad82f DependenciesID=aa1550f3c457e0313da8edd180a18844 StaticDependenciesID=d12bb6e4fc2f409d85f8cbe79e259b1c 
Asset Pipeline Refresh (id=7ca66744d2e7c4bb090a8d6e9c3f55f8): Total: 0.017 seconds - Initiated by StopAssetImportingV2(NoUpdateAssetOptions)
Importing 'GUID: d3866d033c03f4aea81e15f5a3dc93ec - Path: Assets/Janseon/Art/Characters/poc-explorer/TestPromotion-7cc988fdd7d441adaeedc7469609f439/E-idle-2.png' with importer (TextureImporter)
Imported 'GUID: d3866d033c03f4aea81e15f5a3dc93ec' -> (Import Result ID: 'acfd5110d5ca78a1e2658370d5089234') in 0.001 seconds [static and dynamic dependencies]. Details - ImportResultOutputID=4fb723965224e037bdb7226766382440 DependenciesID=05225363dd80ea9da5abb6139c4cf88a StaticDependenciesID=f92f37bc951999d4e5930786a441f01d 
Asset Pipeline Refresh (id=f71903319e37f41289e7715c7a823c47): Total: 0.015 seconds - Initiated by StopAssetImportingV2(NoUpdateAssetOptions)
Importing 'GUID: d3866d033c03f4aea81e15f5a3dc93ec - Path: Assets/Janseon/Art/Characters/poc-explorer/TestPromotion-7cc988fdd7d441adaeedc7469609f439/E-idle-2.png' with importer (TextureImporter)
Imported 'GUID: d3866d033c03f4aea81e15f5a3dc93ec' -> (Import Result ID: 'c65abce4db4985a45e0b48dd137749b1') in 0.001 seconds [static and dynamic dependencies]. Details - ImportResultOutputID=2f7cc574266089ccfb5c8a61b7900a00 DependenciesID=81c8ce79ab8f5ec2ec7d766c92b29cc6 StaticDependenciesID=e0b424e2ede2130a02902d8da4e9f7d0 
Asset Pipeline Refresh (id=75cc431fc73094b59a7d09e4c6dd65e3): Total: 0.017 seconds - Initiated by StopAssetImportingV2(NoUpdateAssetOptions)
Importing 'GUID: b5bb677caaabe42eaa02b3dc8c271421 - Path: Assets/Janseon/Art/Characters/poc-explorer/TestPromotion-7cc988fdd7d441adaeedc7469609f439/E-idle-3.png' with importer (TextureImporter)
Imported 'GUID: b5bb677caaabe42eaa02b3dc8c271421' -> (Import Result ID: 'dfd06b7b497c181b0fe9144aa79a9fff') in 0.001 seconds [static and dynamic dependencies]. Details - ImportResultOutputID=489c6f22025fe4aae0dfb30e550b0aa2 DependenciesID=8974004a9bdc774ddc6a421aaff54ca9 StaticDependenciesID=56d5ad85e654d75138dbf050d304c7ad 
Asset Pipeline Refresh (id=9c50b573f1f5a4c3d9d094fdd9217eda): Total: 0.015 seconds - Initiated by StopAssetImportingV2(NoUpdateAssetOptions)
Importing 'GUID: b5bb677caaabe42eaa02b3dc8c271421 - Path: Assets/Janseon/Art/Characters/poc-explorer/TestPromotion-7cc988fdd7d441adaeedc7469609f439/E-idle-3.png' with importer (TextureImporter)
Imported 'GUID: b5bb677caaabe42eaa02b3dc8c271421' -> (Import Result ID: '81082878558173eb290e23e3995dd945') in 0.001 seconds [static and dynamic dependencies]. Details - ImportResultOutputID=a1d1016f2e8cf066ccfe31396212b30f DependenciesID=76b94de493b86c485b2b7290c0cc7b62 StaticDependenciesID=4af9c111bb7ad2f9685409218a085442 
Asset Pipeline Refresh (id=bed86257edab847618d32c16cf5d8ecf): Total: 0.017 seconds - Initiated by StopAssetImportingV2(NoUpdateAssetOptions)
Importing 'GUID: 4a60dc969d4dd42be905b7131476fc8e - Path: Assets/Janseon/Art/Characters/poc-explorer/TestPromotion-7cc988fdd7d441adaeedc7469609f439/E-walk-0.png' with importer (TextureImporter)
Imported 'GUID: 4a60dc969d4dd42be905b7131476fc8e' -> (Import Result ID: '52db5cce9e97bb7d02e343b601ffc9ac') in 0.001 seconds [static and dynamic dependencies]. Details - ImportResultOutputID=d5acc16f89e3a815cdcafb827bb9e2de DependenciesID=025fc991db083bfb1ffc80492c7cc7b2 StaticDependenciesID=b757ddba8529b600c7a86c25d1b523e0 
Asset Pipeline Refresh (id=cbfea91b78edd450ab0fc09f63a748e8): Total: 0.015 seconds - Initiated by StopAssetImportingV2(NoUpdateAssetOptions)
Importing 'GUID: 4a60dc969d4dd42be905b7131476fc8e - Path: Assets/Janseon/Art/Characters/poc-explorer/TestPromotion-7cc988fdd7d441adaeedc7469609f439/E-walk-0.png' with importer (TextureImporter)
Imported 'GUID: 4a60dc969d4dd42be905b7131476fc8e' -> (Import Result ID: '092f2377ed6f0c0a59d61a3e06a879f9') in 0.001 seconds [static and dynamic dependencies]. Details - ImportResultOutputID=26f075cae43ec4f3cf74861400295de2 DependenciesID=11229a7ee112edef2d8a7dd15ee91ce0 StaticDependenciesID=7b26dab7c144e97ef0a3b629a32d7e55 
Asset Pipeline Refresh (id=adca0541167b54e6ab44f48102a6d0aa): Total: 0.017 seconds - Initiated by StopAssetImportingV2(NoUpdateAssetOptions)
Importing 'GUID: e23dfc63fc960428ebfba322724e40fb - Path: Assets/Janseon/Art/Characters/poc-explorer/TestPromotion-7cc988fdd7d441adaeedc7469609f439/E-walk-1.png' with importer (TextureImporter)
Imported 'GUID: e23dfc63fc960428ebfba322724e40fb' -> (Import Result ID: '67dac33c1ea0ffa0faadafcd656ef81e') in 0.001 seconds [static and dynamic dependencies]. Details - ImportResultOutputID=f414fbf315bc69288c5400fab3764bd5 DependenciesID=7e2b5bda9481da271694f702aac61740 StaticDependenciesID=1a6f417b89b7b61b2eb17c51ea19df5b 
Asset Pipeline Refresh (id=332dfba47e35743d5861026044ceb61a): Total: 0.016 seconds - Initiated by StopAssetImportingV2(NoUpdateAssetOptions)
Importing 'GUID: e23dfc63fc960428ebfba322724e40fb - Path: Assets/Janseon/Art/Characters/poc-explorer/TestPromotion-7cc988fdd7d441adaeedc7469609f439/E-walk-1.png' with importer (TextureImporter)
Imported 'GUID: e23dfc63fc960428ebfba322724e40fb' -> (Import Result ID: '55b4b3bc37510f2571fec579b0f73008') in 0.001 seconds [static and dynamic dependencies]. Details - ImportResultOutputID=7832f69f504225226835b020c046a4f3 DependenciesID=1212478cac801680938f6b29ac0be3d0 StaticDependenciesID=6bde824ef484501700f317c48ad33682 
Asset Pipeline Refresh (id=9b17533b956ec4badafaedaad3de7e64): Total: 0.017 seconds - Initiated by StopAssetImportingV2(NoUpdateAssetOptions)
Importing 'GUID: c4e79c870011544a199077085a5267c7 - Path: Assets/Janseon/Art/Characters/poc-explorer/TestPromotion-7cc988fdd7d441adaeedc7469609f439/E-walk-2.png' with importer (TextureImporter)
Imported 'GUID: c4e79c870011544a199077085a5267c7' -> (Import Result ID: 'fb0dc9f5605409ecb1ba0106b26a54b7') in 0.001 seconds [static and dynamic dependencies]. Details - ImportResultOutputID=373b56219253e8f8c88ad3809f3cd610 DependenciesID=9b8ebe1f048aef4421219228c426a367 StaticDependenciesID=43ca37b3bf4ab17c781b288e7ee472bd 
Asset Pipeline Refresh (id=6ae49908b38ee41a69a0355bcab1010f): Total: 0.015 seconds - Initiated by StopAssetImportingV2(NoUpdateAssetOptions)
Importing 'GUID: c4e79c870011544a199077085a5267c7 - Path: Assets/Janseon/Art/Characters/poc-explorer/TestPromotion-7cc988fdd7d441adaeedc7469609f439/E-walk-2.png' with importer (TextureImporter)
Imported 'GUID: c4e79c870011544a199077085a5267c7' -> (Import Result ID: 'a6ac6203052cb4d64a21a9a18b52f82a') in 0.001 seconds [static and dynamic dependencies]. Details - ImportResultOutputID=bf2f88e5d0e47b1660bbc509cc9fcdfb DependenciesID=012288751b2352e212d9f43086f71e8e StaticDependenciesID=3b1db033a75238a84a157d99244d428c 
Asset Pipeline Refresh (id=5b57d9a12b8504975b9a8af2f757f8da): Total: 0.017 seconds - Initiated by StopAssetImportingV2(NoUpdateAssetOptions)
Importing 'GUID: 650b041dc3d9946148fa7d72382cb0e4 - Path: Assets/Janseon/Art/Characters/poc-explorer/TestPromotion-7cc988fdd7d441adaeedc7469609f439/E-walk-3.png' with importer (TextureImporter)
Imported 'GUID: 650b041dc3d9946148fa7d72382cb0e4' -> (Import Result ID: '6e97df63792903cbb6acfb1a26d3d9fd') in 0.001 seconds [static and dynamic dependencies]. Details - ImportResultOutputID=aa70336f831af57bff2859f5dda8db65 DependenciesID=9a72098d1675882d7234a965cecb64d2 StaticDependenciesID=e2eb72e4ea4cf87f0a467acf92f1d79e 
Asset Pipeline Refresh (id=8d5e0f1f13302496db96d20edfc9c388): Total: 0.015 seconds - Initiated by StopAssetImportingV2(NoUpdateAssetOptions)
Importing 'GUID: 650b041dc3d9946148fa7d72382cb0e4 - Path: Assets/Janseon/Art/Characters/poc-explorer/TestPromotion-7cc988fdd7d441adaeedc7469609f439/E-walk-3.png' with importer (TextureImporter)
Imported 'GUID: 650b041dc3d9946148fa7d72382cb0e4' -> (Import Result ID: '77998bf8b043e279beaaa76b26466fcd') in 0.004 seconds [static and dynamic dependencies]. Details - ImportResultOutputID=8ccbcde40a57c108b45e29e46624973e DependenciesID=536307c22b70dcf3d23c570c75e0c06b StaticDependenciesID=2551909702218ccd7865e01da524fe80 
Asset Pipeline Refresh (id=44760ed77cda1470595f453fbab9412b): Total: 0.020 seconds - Initiated by StopAssetImportingV2(NoUpdateAssetOptions)
Importing 'GUID: a1a92f9ba57c24c90983ffe018517012 - Path: Assets/Janseon/Art/Characters/poc-explorer/TestPromotion-7cc988fdd7d441adaeedc7469609f439/E-walk-4.png' with importer (TextureImporter)
Imported 'GUID: a1a92f9ba57c24c90983ffe018517012' -> (Import Result ID: '6f652903d54092fef4a52405faafb1b4') in 0.001 seconds [static and dynamic dependencies]. Details - ImportResultOutputID=5e8db2a926962e9971fa68cd84954e6e DependenciesID=b0464619eb2d62d9dd1f22942b7719ef StaticDependenciesID=46375af34d82361c37b2c42e834c3d3e 
Asset Pipeline Refresh (id=87cc1c705bf344189b06748479b6949f): Total: 0.015 seconds - Initiated by StopAssetImportingV2(NoUpdateAssetOptions)
Importing 'GUID: a1a92f9ba57c24c90983ffe018517012 - Path: Assets/Janseon/Art/Characters/poc-explorer/TestPromotion-7cc988fdd7d441adaeedc7469609f439/E-walk-4.png' with importer (TextureImporter)
Imported 'GUID: a1a92f9ba57c24c90983ffe018517012' -> (Import Result ID: 'd198bc1adea1a1410bc860bec522a24f') in 0.001 seconds [static and dynamic dependencies]. Details - ImportResultOutputID=262921063700deb722fe66ce348452c2 DependenciesID=6f3b5836b3ea5d796b1fa6489e8ad6df StaticDependenciesID=f84bf27358a71b2b69589b39f2a7df55 
Asset Pipeline Refresh (id=f3aac5581ce734e71bd2524caa985d4a): Total: 0.018 seconds - Initiated by StopAssetImportingV2(NoUpdateAssetOptions)
Importing 'GUID: 9aa423f8c53ef451c90d8589374fc835 - Path: Assets/Janseon/Art/Characters/poc-explorer/TestPromotion-7cc988fdd7d441adaeedc7469609f439/E-walk-5.png' with importer (TextureImporter)
Imported 'GUID: 9aa423f8c53ef451c90d8589374fc835' -> (Import Result ID: 'd2d4d1d541100e7543a8051422e95589') in 0.001 seconds [static and dynamic dependencies]. Details - ImportResultOutputID=9e4bbfa1fc6880c605d2620983f1d9a4 DependenciesID=47003ceeb582849c4dfb55b3dacb6bb6 StaticDependenciesID=c2523a6aa39d9e23802b63d8e3dea41a 
Asset Pipeline Refresh (id=49d521f5bb0ac4c80a6d6a6d6730a41c): Total: 0.015 seconds - Initiated by StopAssetImportingV2(NoUpdateAssetOptions)
Importing 'GUID: 9aa423f8c53ef451c90d8589374fc835 - Path: Assets/Janseon/Art/Characters/poc-explorer/TestPromotion-7cc988fdd7d441adaeedc7469609f439/E-walk-5.png' with importer (TextureImporter)
Imported 'GUID: 9aa423f8c53ef451c90d8589374fc835' -> (Import Result ID: '0009eb417277c723c211d9e7fb626940') in 0.001 seconds [static and dynamic dependencies]. Details - ImportResultOutputID=1469ba66a5eeec843ec4ad1231396970 DependenciesID=13e277de21a759b225f3a7c1b483ce90 StaticDependenciesID=6fc938a5701e87ff8d81d03e6b39fb71 
Asset Pipeline Refresh (id=7f95641468ef1449982cc81b3e9473eb): Total: 0.017 seconds - Initiated by StopAssetImportingV2(NoUpdateAssetOptions)
Importing 'GUID: 35e96835976da4ddb8b99786708c8aba - Path: Assets/Janseon/Art/Characters/poc-explorer/TestPromotion-7cc988fdd7d441adaeedc7469609f439/E-attack-0.png' with importer (TextureImporter)
Imported 'GUID: 35e96835976da4ddb8b99786708c8aba' -> (Import Result ID: '02a12f9646337443062b17c0fd594f61') in 0.001 seconds [static and dynamic dependencies]. Details - ImportResultOutputID=70c8951560929ac5818d6e293522c99d DependenciesID=d408285819133475afae6b3ec44ec24e StaticDependenciesID=31a34effece6c2819cbd490d5c5a1729 
Asset Pipeline Refresh (id=5870e3a150a0f434f999822bd42ac746): Total: 0.015 seconds - Initiated by StopAssetImportingV2(NoUpdateAssetOptions)
Importing 'GUID: 35e96835976da4ddb8b99786708c8aba - Path: Assets/Janseon/Art/Characters/poc-explorer/TestPromotion-7cc988fdd7d441adaeedc7469609f439/E-attack-0.png' with importer (TextureImporter)
Imported 'GUID: 35e96835976da4ddb8b99786708c8aba' -> (Import Result ID: '60c139d48e622781ae3a075c208fec89') in 0.001 seconds [static and dynamic dependencies]. Details - ImportResultOutputID=1be13a114eb0dfe32d2b3c32974b6355 DependenciesID=068115f5b6fe025b2c645a97bd468bd7 StaticDependenciesID=c629fcf0f3af10f932430419e841df07 
Asset Pipeline Refresh (id=c2fce29714ea64ec5954324844db6293): Total: 0.018 seconds - Initiated by StopAssetImportingV2(NoUpdateAssetOptions)
Importing 'GUID: 658da692dba41461a9cfff101bb48cbe - Path: Assets/Janseon/Art/Characters/poc-explorer/TestPromotion-7cc988fdd7d441adaeedc7469609f439/E-attack-1.png' with importer (TextureImporter)
Imported 'GUID: 658da692dba41461a9cfff101bb48cbe' -> (Import Result ID: '917e735306123345849d9ce9f2c0e1c1') in 0.001 seconds [static and dynamic dependencies]. Details - ImportResultOutputID=f6d71da139d465b283d5d3664e2567d1 DependenciesID=1b0d734339e55a19860a17965d8ec05b StaticDependenciesID=8460e6e4244c73405561b906d72629b5 
Asset Pipeline Refresh (id=9c175a1b39d2e4473857d0c29f5f42c4): Total: 0.015 seconds - Initiated by StopAssetImportingV2(NoUpdateAssetOptions)
Importing 'GUID: 658da692dba41461a9cfff101bb48cbe - Path: Assets/Janseon/Art/Characters/poc-explorer/TestPromotion-7cc988fdd7d441adaeedc7469609f439/E-attack-1.png' with importer (TextureImporter)
Imported 'GUID: 658da692dba41461a9cfff101bb48cbe' -> (Import Result ID: '8c48785c46717fec6b652a26d88a9a86') in 0.001 seconds [static and dynamic dependencies]. Details - ImportResultOutputID=6b63e160bbf3dfc18ff85c16a076b375 DependenciesID=bd919427ccb6d85ad868864eb3a6341c StaticDependenciesID=45d04f56a6e1c3489bb94fd4930ce2b8 
Asset Pipeline Refresh (id=c61066a0317974c96a3870505f459ca5): Total: 0.017 seconds - Initiated by StopAssetImportingV2(NoUpdateAssetOptions)
Importing 'GUID: d47576adf01c54d91b61156f3e9ca3a0 - Path: Assets/Janseon/Art/Characters/poc-explorer/TestPromotion-7cc988fdd7d441adaeedc7469609f439/E-attack-2.png' with importer (TextureImporter)
Imported 'GUID: d47576adf01c54d91b61156f3e9ca3a0' -> (Import Result ID: '9e6fd72adefbe916c5e67d726b1a87a4') in 0.001 seconds [static and dynamic dependencies]. Details - ImportResultOutputID=f42d0e7dd50f23f89544eb55d1cb05c8 DependenciesID=8567cf6e8e3aa1ef8f6512ba3208af1e StaticDependenciesID=c734bddd6fc38daac8029208eb3fee15 
Asset Pipeline Refresh (id=b23f5c0cf259341bebc320bce6064ece): Total: 0.015 seconds - Initiated by StopAssetImportingV2(NoUpdateAssetOptions)
Importing 'GUID: d47576adf01c54d91b61156f3e9ca3a0 - Path: Assets/Janseon/Art/Characters/poc-explorer/TestPromotion-7cc988fdd7d441adaeedc7469609f439/E-attack-2.png' with importer (TextureImporter)
Imported 'GUID: d47576adf01c54d91b61156f3e9ca3a0' -> (Import Result ID: '9dbcb1c34b37d40f8c94432bbd5ba5f5') in 0.001 seconds [static and dynamic dependencies]. Details - ImportResultOutputID=24adf1a0efa96bda9e572bda49a08220 DependenciesID=27c84fda8f1f983a4a070513bb104fd0 StaticDependenciesID=6f686195ff6ce5ab2e67400d9fe59e90 
Asset Pipeline Refresh (id=1936e2e77088c49a7a41293a0100e798): Total: 0.017 seconds - Initiated by StopAssetImportingV2(NoUpdateAssetOptions)
Importing 'GUID: 5fc4b076e29bf427c9956890f3ca9b51 - Path: Assets/Janseon/Art/Characters/poc-explorer/TestPromotion-7cc988fdd7d441adaeedc7469609f439/E-attack-3.png' with importer (TextureImporter)
Imported 'GUID: 5fc4b076e29bf427c9956890f3ca9b51' -> (Import Result ID: '0424a5c1176456b04c14113fb965c625') in 0.001 seconds [static and dynamic dependencies]. Details - ImportResultOutputID=3860e79994445d440e82731614aae052 DependenciesID=cf7c83f1e2b0da4a57879d23d2d56654 StaticDependenciesID=d2aa567710aceed79d31e35c44718e2f 
Asset Pipeline Refresh (id=e912e9d3ab9ec4418b0f8ac20ed1ce96): Total: 0.015 seconds - Initiated by StopAssetImportingV2(NoUpdateAssetOptions)
Importing 'GUID: 5fc4b076e29bf427c9956890f3ca9b51 - Path: Assets/Janseon/Art/Characters/poc-explorer/TestPromotion-7cc988fdd7d441adaeedc7469609f439/E-attack-3.png' with importer (TextureImporter)
Imported 'GUID: 5fc4b076e29bf427c9956890f3ca9b51' -> (Import Result ID: '6c8c2932bcf3de0c942b23b2ca79e514') in 0.001 seconds [static and dynamic dependencies]. Details - ImportResultOutputID=f3d9bdf6d161b2bd61cd353c194a409c DependenciesID=4403d18483865d0dad90293057061471 StaticDependenciesID=5f76775aaac02cf5e544ecb0830310c4 
Asset Pipeline Refresh (id=a77e15fa9922c495ba7d9e7e9170aedf): Total: 0.017 seconds - Initiated by StopAssetImportingV2(NoUpdateAssetOptions)
Importing 'GUID: 58217c36cdfad4a33b6587c66a050331 - Path: Assets/Janseon/Art/Characters/poc-explorer/TestPromotion-7cc988fdd7d441adaeedc7469609f439/E-attack-4.png' with importer (TextureImporter)
Imported 'GUID: 58217c36cdfad4a33b6587c66a050331' -> (Import Result ID: 'a3a980303188941b64018cf3ffb80a48') in 0.001 seconds [static and dynamic dependencies]. Details - ImportResultOutputID=ac8e4eb48ff7cba4df68da03d236f1ff DependenciesID=bc19e24e11523878fb0226c7d844fb83 StaticDependenciesID=f02fc61acaa5a421c231d3afdd3edcc1 
Asset Pipeline Refresh (id=add0024e62d74463db8dee44a75465ac): Total: 0.016 seconds - Initiated by StopAssetImportingV2(NoUpdateAssetOptions)
Importing 'GUID: 58217c36cdfad4a33b6587c66a050331 - Path: Assets/Janseon/Art/Characters/poc-explorer/TestPromotion-7cc988fdd7d441adaeedc7469609f439/E-attack-4.png' with importer (TextureImporter)
Imported 'GUID: 58217c36cdfad4a33b6587c66a050331' -> (Import Result ID: 'ba09013e49fd13a1367e991d5f54a6fe') in 0.001 seconds [static and dynamic dependencies]. Details - ImportResultOutputID=0d44ee8ce7781684a5573fd359f3bebe DependenciesID=5c20f2df33c7d16a1c78c9b42e1f1366 StaticDependenciesID=e959de6db43cb903897fc9dae5703063 
Asset Pipeline Refresh (id=cee50e8d72d404b22bf0808d11f5d7e5): Total: 0.017 seconds - Initiated by StopAssetImportingV2(NoUpdateAssetOptions)
Importing 'GUID: 64f00a219254a4bc8b4ac35c6d8bd965 - Path: Assets/Janseon/Art/Characters/poc-explorer/TestPromotion-7cc988fdd7d441adaeedc7469609f439/E-attack-5.png' with importer (TextureImporter)
Imported 'GUID: 64f00a219254a4bc8b4ac35c6d8bd965' -> (Import Result ID: 'aed836982b0a7b513c510c6d80d362ce') in 0.001 seconds [static and dynamic dependencies]. Details - ImportResultOutputID=69cfaaed0141746379344e985c87794e DependenciesID=f56bf4e4079f7efd73d1b4b4f73e803d StaticDependenciesID=560ebd0806b260002c4265eb1bf27e09 
Asset Pipeline Refresh (id=8a56270d3ee294f359cb59187d5860bd): Total: 0.015 seconds - Initiated by StopAssetImportingV2(NoUpdateAssetOptions)
Importing 'GUID: 64f00a219254a4bc8b4ac35c6d8bd965 - Path: Assets/Janseon/Art/Characters/poc-explorer/TestPromotion-7cc988fdd7d441adaeedc7469609f439/E-attack-5.png' with importer (TextureImporter)
Imported 'GUID: 64f00a219254a4bc8b4ac35c6d8bd965' -> (Import Result ID: '9da28e752311d630aa24ec581a3382fe') in 0.001 seconds [static and dynamic dependencies]. Details - ImportResultOutputID=6ebca34b722000882da50ec5393091ba DependenciesID=9a66865794889abbf05dbe35707d9c3d StaticDependenciesID=d8181154b37404c7946231a6ddb86715 
Asset Pipeline Refresh (id=0bf6f970d33a94ffabf7034c637a093f): Total: 0.017 seconds - Initiated by StopAssetImportingV2(NoUpdateAssetOptions)
Importing 'GUID: f9d59344adbc54edd973f9994de611fc - Path: Assets/Janseon/Art/Characters/poc-explorer/TestPromotion-7cc988fdd7d441adaeedc7469609f439/E-hit-0.png' with importer (TextureImporter)
Imported 'GUID: f9d59344adbc54edd973f9994de611fc' -> (Import Result ID: 'eb6b2a4db465d90cbbf7388163bbf827') in 0.001 seconds [static and dynamic dependencies]. Details - ImportResultOutputID=c4fa9531a32660e928354ee74314b328 DependenciesID=e8735903eb0848897a9abde4c6106bea StaticDependenciesID=86b0ad67485f2fa72323db4e778c0a8f 
Asset Pipeline Refresh (id=cf750385eadbb4e9a8b9748afb58f893): Total: 0.016 seconds - Initiated by StopAssetImportingV2(NoUpdateAssetOptions)
Importing 'GUID: f9d59344adbc54edd973f9994de611fc - Path: Assets/Janseon/Art/Characters/poc-explorer/TestPromotion-7cc988fdd7d441adaeedc7469609f439/E-hit-0.png' with importer (TextureImporter)
Imported 'GUID: f9d59344adbc54edd973f9994de611fc' -> (Import Result ID: 'dda3b36f0b3220aa9b12a699b15be25a') in 0.001 seconds [static and dynamic dependencies]. Details - ImportResultOutputID=fe28bc614a1fbfc9cc7f8f835ebe53a8 DependenciesID=7eb6d8633d374aa6089c3f52d001109b StaticDependenciesID=117e67047685672b4cd6ecb05a12367a 
Asset Pipeline Refresh (id=df60d4905311944ffb18371ac362a8db): Total: 0.018 seconds - Initiated by StopAssetImportingV2(NoUpdateAssetOptions)
Importing 'GUID: 39db2377b65074dfaaaa3ec2f4299079 - Path: Assets/Janseon/Art/Characters/poc-explorer/TestPromotion-7cc988fdd7d441adaeedc7469609f439/E-hit-1.png' with importer (TextureImporter)
Imported 'GUID: 39db2377b65074dfaaaa3ec2f4299079' -> (Import Result ID: 'bc2bf07662b747005ff6cc019ba347c5') in 0.001 seconds [static and dynamic dependencies]. Details - ImportResultOutputID=a080a6fd9b681f7581cfc0459a1eb792 DependenciesID=7061cd7f599f8f164f7839f3fc7fa8b8 StaticDependenciesID=82288b552ed5462c3b651e47c63d217a 
Asset Pipeline Refresh (id=e99a27769caeb4b1baf5b990d1188c15): Total: 0.018 seconds - Initiated by StopAssetImportingV2(NoUpdateAssetOptions)
Importing 'GUID: 39db2377b65074dfaaaa3ec2f4299079 - Path: Assets/Janseon/Art/Characters/poc-explorer/TestPromotion-7cc988fdd7d441adaeedc7469609f439/E-hit-1.png' with importer (TextureImporter)
Imported 'GUID: 39db2377b65074dfaaaa3ec2f4299079' -> (Import Result ID: 'd93a14c554bd6eda46f8c9b31586c875') in 0.001 seconds [static and dynamic dependencies]. Details - ImportResultOutputID=8ad715d3393f87684616094d88a25bb1 DependenciesID=24aa0033d40cdfebebab5ce05aa81dc8 StaticDependenciesID=7cd262e946337f46b8d1902daee15e00 
Asset Pipeline Refresh (id=52e56ec9a465944699a61b14107d8176): Total: 0.019 seconds - Initiated by StopAssetImportingV2(NoUpdateAssetOptions)
Importing 'GUID: ffd828683fffa46d8840cb76b7b49985 - Path: Assets/Janseon/Art/Characters/poc-explorer/TestPromotion-7cc988fdd7d441adaeedc7469609f439/E-hit-2.png' with importer (TextureImporter)
Imported 'GUID: ffd828683fffa46d8840cb76b7b49985' -> (Import Result ID: 'bb4b208d7c7e57859a939b73b9b5f115') in 0.001 seconds [static and dynamic dependencies]. Details - ImportResultOutputID=d517824f5fa968b815ec650da5073fed DependenciesID=f9aeed9abc7c331685f4ae2de3d865a3 StaticDependenciesID=f034a2f1b7922d3aa52cb2b0d6970ebb 
Asset Pipeline Refresh (id=d47b6a22002654c9da05f5be64c23652): Total: 0.016 seconds - Initiated by StopAssetImportingV2(NoUpdateAssetOptions)
Importing 'GUID: ffd828683fffa46d8840cb76b7b49985 - Path: Assets/Janseon/Art/Characters/poc-explorer/TestPromotion-7cc988fdd7d441adaeedc7469609f439/E-hit-2.png' with importer (TextureImporter)
Imported 'GUID: ffd828683fffa46d8840cb76b7b49985' -> (Import Result ID: '541dc8bbeb6b71ede7ee7bbf8f550b12') in 0.001 seconds [static and dynamic dependencies]. Details - ImportResultOutputID=08ef847454fb5c29bf5cc3f95033daa0 DependenciesID=a62f28ac58c32dd09645c2880971df60 StaticDependenciesID=0efe410a9f5c0156ccd336eb4ad898ce 
Asset Pipeline Refresh (id=02fe309fec41c4748a231bf00daca1d6): Total: 0.018 seconds - Initiated by StopAssetImportingV2(NoUpdateAssetOptions)
Importing 'GUID: facbc7ec7994d48f6be9e2288cde179b - Path: Assets/Janseon/Art/Characters/poc-explorer/TestPromotion-7cc988fdd7d441adaeedc7469609f439/E-down-0.png' with importer (TextureImporter)
Imported 'GUID: facbc7ec7994d48f6be9e2288cde179b' -> (Import Result ID: '7cfaf9d11762b06bde1b48b62c0163c7') in 0.001 seconds [static and dynamic dependencies]. Details - ImportResultOutputID=4fde94d4e366d157053a1869df3a8f28 DependenciesID=2539dee18cc60eb8cbd5e769923cf3a5 StaticDependenciesID=a014392b1f7ae1df6ad247603ac5e499 
Asset Pipeline Refresh (id=3e4a42bdf509f47888c12184242c0c1d): Total: 0.016 seconds - Initiated by StopAssetImportingV2(NoUpdateAssetOptions)
Importing 'GUID: facbc7ec7994d48f6be9e2288cde179b - Path: Assets/Janseon/Art/Characters/poc-explorer/TestPromotion-7cc988fdd7d441adaeedc7469609f439/E-down-0.png' with importer (TextureImporter)
Imported 'GUID: facbc7ec7994d48f6be9e2288cde179b' -> (Import Result ID: '30f4f4122b88412ab1899c9a5da29a2f') in 0.001 seconds [static and dynamic dependencies]. Details - ImportResultOutputID=8afc3c1d94bd2f55076234202d279cad DependenciesID=40256ef22809268d93a67652fb2e13dd StaticDependenciesID=fa00efea797fc74b03133d21190cea6c 
Asset Pipeline Refresh (id=5dfba6658f5094cba814786a42cb12ce): Total: 0.018 seconds - Initiated by StopAssetImportingV2(NoUpdateAssetOptions)
Importing 'GUID: a94d4894cc45f4a66a0bf4fa9ed44589 - Path: Assets/Janseon/Art/Characters/poc-explorer/TestPromotion-7cc988fdd7d441adaeedc7469609f439/E-down-1.png' with importer (TextureImporter)
Imported 'GUID: a94d4894cc45f4a66a0bf4fa9ed44589' -> (Import Result ID: '7e128da9d66ec1c7cdb385ed022620fb') in 0.001 seconds [static and dynamic dependencies]. Details - ImportResultOutputID=bcc35077336ff0218563c013b170f036 DependenciesID=a6c9229c1040b1ba2c64cbee200d4377 StaticDependenciesID=1e369aa0baa3889e28cef2adfa3f072b 
Asset Pipeline Refresh (id=d075197f608b344069c33beaf1b23c21): Total: 0.016 seconds - Initiated by StopAssetImportingV2(NoUpdateAssetOptions)
Importing 'GUID: a94d4894cc45f4a66a0bf4fa9ed44589 - Path: Assets/Janseon/Art/Characters/poc-explorer/TestPromotion-7cc988fdd7d441adaeedc7469609f439/E-down-1.png' with importer (TextureImporter)
Imported 'GUID: a94d4894cc45f4a66a0bf4fa9ed44589' -> (Import Result ID: 'cb51703209e67abc9361697d6e755edc') in 0.001 seconds [static and dynamic dependencies]. Details - ImportResultOutputID=99fbd677bc77ace225bcaaba604848be DependenciesID=b3abadb03108046048a315de455e593d StaticDependenciesID=bd5b2afd1b6ccdc44f9527a69f9fe4fc 
Asset Pipeline Refresh (id=03f6dc3bea58349d593a1ce34abb0a6b): Total: 0.018 seconds - Initiated by StopAssetImportingV2(NoUpdateAssetOptions)
Importing 'GUID: 6b4623a3229c74621b923d9373dc0a49 - Path: Assets/Janseon/Art/Characters/poc-explorer/TestPromotion-7cc988fdd7d441adaeedc7469609f439/E-down-2.png' with importer (TextureImporter)
Imported 'GUID: 6b4623a3229c74621b923d9373dc0a49' -> (Import Result ID: 'ad367e29f3f8d548bfce0f09acea3c7b') in 0.001 seconds [static and dynamic dependencies]. Details - ImportResultOutputID=07ae4801511d8629097199453022d166 DependenciesID=c6f695bfedb6876cda8063bfd6d3b598 StaticDependenciesID=e55b34fff8785323e5fc76d4e55e9194 
Asset Pipeline Refresh (id=e3999f6604168427ab81486ce7cbd13e): Total: 0.016 seconds - Initiated by StopAssetImportingV2(NoUpdateAssetOptions)
Importing 'GUID: 6b4623a3229c74621b923d9373dc0a49 - Path: Assets/Janseon/Art/Characters/poc-explorer/TestPromotion-7cc988fdd7d441adaeedc7469609f439/E-down-2.png' with importer (TextureImporter)
Imported 'GUID: 6b4623a3229c74621b923d9373dc0a49' -> (Import Result ID: 'd6aa3fb9f21c702275e77f6cae3fabe5') in 0.001 seconds [static and dynamic dependencies]. Details - ImportResultOutputID=c312a4435a75f9b11a08c1a1275fd266 DependenciesID=4dc0267f59197b74143362096582320a StaticDependenciesID=f0419d9b1c105e1a89007f8477e1b627 
Asset Pipeline Refresh (id=3a5f2888e13584393b314ff8e99198f6): Total: 0.018 seconds - Initiated by StopAssetImportingV2(NoUpdateAssetOptions)
Importing 'GUID: 687f1021eaa764f008cf8fedabe8e7d1 - Path: Assets/Janseon/Art/Characters/poc-explorer/TestPromotion-7cc988fdd7d441adaeedc7469609f439/E-down-3.png' with importer (TextureImporter)
Imported 'GUID: 687f1021eaa764f008cf8fedabe8e7d1' -> (Import Result ID: 'ecee82390868905b14ace9fc4a3eb5f1') in 0.001 seconds [static and dynamic dependencies]. Details - ImportResultOutputID=92d7f447575c7bc77af41b3766014a27 DependenciesID=c4b3d214f0386e85618b4410722a6e3b StaticDependenciesID=bf8ac4c3886eb0a1c180e81f88c14a98 
Asset Pipeline Refresh (id=f6095e861397b40edb394531efaf2693): Total: 0.017 seconds - Initiated by StopAssetImportingV2(NoUpdateAssetOptions)
Importing 'GUID: 687f1021eaa764f008cf8fedabe8e7d1 - Path: Assets/Janseon/Art/Characters/poc-explorer/TestPromotion-7cc988fdd7d441adaeedc7469609f439/E-down-3.png' with importer (TextureImporter)
Imported 'GUID: 687f1021eaa764f008cf8fedabe8e7d1' -> (Import Result ID: 'c1a6525943419dc3577c123759777e47') in 0.001 seconds [static and dynamic dependencies]. Details - ImportResultOutputID=a019116509d25c7dd01771609e599ee2 DependenciesID=53bc0c5bddb4ae911198220b1730ce18 StaticDependenciesID=682e1c18c9096480f3419d36e1a2b860 
Asset Pipeline Refresh (id=cd99250d53f004600bf0b9d7e1db4c7f): Total: 0.018 seconds - Initiated by StopAssetImportingV2(NoUpdateAssetOptions)
Importing 'GUID: 75812bd9009f64052bfde300953e04b8 - Path: Assets/Janseon/Art/Characters/poc-explorer/TestPromotion-7cc988fdd7d441adaeedc7469609f439/S-idle-0.png' with importer (TextureImporter)
Imported 'GUID: 75812bd9009f64052bfde300953e04b8' -> (Import Result ID: 'fabe492ca8818a980e2013a52a4c4b5c') in 0.001 seconds [static and dynamic dependencies]. Details - ImportResultOutputID=876f05b1f1cd9d2d907ce9fcead12bb6 DependenciesID=27aa42e6d1f1c0f00c0c0224458ad86e StaticDependenciesID=aa4ffee8d61266c988d8418ca08641e5 
Asset Pipeline Refresh (id=bed764e09ee9b4ad1a225930cc35873b): Total: 0.016 seconds - Initiated by StopAssetImportingV2(NoUpdateAssetOptions)
Importing 'GUID: 75812bd9009f64052bfde300953e04b8 - Path: Assets/Janseon/Art/Characters/poc-explorer/TestPromotion-7cc988fdd7d441adaeedc7469609f439/S-idle-0.png' with importer (TextureImporter)
Imported 'GUID: 75812bd9009f64052bfde300953e04b8' -> (Import Result ID: '8776819c643e8cd6f755d2cb18bbbaf2') in 0.001 seconds [static and dynamic dependencies]. Details - ImportResultOutputID=0ede5da68885a361f4e834b237c48d38 DependenciesID=3576f3d8008965adf4e454593bd73ed7 StaticDependenciesID=77a6cb120001bcd2dbdf60c6859f2ca0 
Asset Pipeline Refresh (id=765c7756c47d9401e95804b00d603e61): Total: 0.018 seconds - Initiated by StopAssetImportingV2(NoUpdateAssetOptions)
Importing 'GUID: 174223569d67c4406a74b65065569ca6 - Path: Assets/Janseon/Art/Characters/poc-explorer/TestPromotion-7cc988fdd7d441adaeedc7469609f439/S-idle-1.png' with importer (TextureImporter)
Imported 'GUID: 174223569d67c4406a74b65065569ca6' -> (Import Result ID: 'd736a31175b3f1c64d7d222962198ac5') in 0.001 seconds [static and dynamic dependencies]. Details - ImportResultOutputID=2853b4925178030a013acce38d39648e DependenciesID=82caeaeec201a63f4abee6fe35dc4aef StaticDependenciesID=d8d6b619308db1248b2e362372c0582b 
Asset Pipeline Refresh (id=49002de879179483cba19178c398ef04): Total: 0.015 seconds - Initiated by StopAssetImportingV2(NoUpdateAssetOptions)
Importing 'GUID: 174223569d67c4406a74b65065569ca6 - Path: Assets/Janseon/Art/Characters/poc-explorer/TestPromotion-7cc988fdd7d441adaeedc7469609f439/S-idle-1.png' with importer (TextureImporter)
Imported 'GUID: 174223569d67c4406a74b65065569ca6' -> (Import Result ID: '05bb2d113b9387818ece61fce8e2a8d0') in 0.001 seconds [static and dynamic dependencies]. Details - ImportResultOutputID=70fa53090320f8ace1cb0b0751280f67 DependenciesID=f0e807f3b0d97510a4deb6059d81a2e7 StaticDependenciesID=e64d7dda953e6113d01ea1de6c78ba40 
Asset Pipeline Refresh (id=de4dc1be249de408bac75d677649ce71): Total: 0.018 seconds - Initiated by StopAssetImportingV2(NoUpdateAssetOptions)
Importing 'GUID: 8795e59e896bb4205ab887ae0a31e96b - Path: Assets/Janseon/Art/Characters/poc-explorer/TestPromotion-7cc988fdd7d441adaeedc7469609f439/S-idle-2.png' with importer (TextureImporter)
Imported 'GUID: 8795e59e896bb4205ab887ae0a31e96b' -> (Import Result ID: '3ea176624d83a69929b798787dfe79ea') in 0.001 seconds [static and dynamic dependencies]. Details - ImportResultOutputID=f5643db5c64426ad6c8b911eafdb9795 DependenciesID=820b0adc210e75afb05b609c935782c8 StaticDependenciesID=4953f18a6a6b748eca4469151d144e2b 
Asset Pipeline Refresh (id=7cced67de1b854a159bd9a18baad4794): Total: 0.015 seconds - Initiated by StopAssetImportingV2(NoUpdateAssetOptions)
Importing 'GUID: 8795e59e896bb4205ab887ae0a31e96b - Path: Assets/Janseon/Art/Characters/poc-explorer/TestPromotion-7cc988fdd7d441adaeedc7469609f439/S-idle-2.png' with importer (TextureImporter)
Imported 'GUID: 8795e59e896bb4205ab887ae0a31e96b' -> (Import Result ID: '2aa2bf9be438e92111359f710bcb2759') in 0.001 seconds [static and dynamic dependencies]. Details - ImportResultOutputID=fbd00e3286bd3fed99290c52bf26326a DependenciesID=4a189e39880695a534fb315bafd67f07 StaticDependenciesID=fb4574174182ed5c67fd3db8dcec7a9d 
Asset Pipeline Refresh (id=15c367af4f4ae4777bd4ed9eda56f46e): Total: 0.017 seconds - Initiated by StopAssetImportingV2(NoUpdateAssetOptions)
Importing 'GUID: d1aaa3c939f5e4be2a4bb7cc2eb44702 - Path: Assets/Janseon/Art/Characters/poc-explorer/TestPromotion-7cc988fdd7d441adaeedc7469609f439/S-idle-3.png' with importer (TextureImporter)
Imported 'GUID: d1aaa3c939f5e4be2a4bb7cc2eb44702' -> (Import Result ID: 'bcce10adea74b088d17700fed3762f69') in 0.001 seconds [static and dynamic dependencies]. Details - ImportResultOutputID=fe6b04c2e866a93091939f29cdaef1b4 DependenciesID=ad87a444057aea08128107972f499e92 StaticDependenciesID=38bc9523884fe5332f56cbd31794535f 
Asset Pipeline Refresh (id=cac3af5929c644aeda359793602f8f59): Total: 0.015 seconds - Initiated by StopAssetImportingV2(NoUpdateAssetOptions)
Importing 'GUID: d1aaa3c939f5e4be2a4bb7cc2eb44702 - Path: Assets/Janseon/Art/Characters/poc-explorer/TestPromotion-7cc988fdd7d441adaeedc7469609f439/S-idle-3.png' with importer (TextureImporter)
Imported 'GUID: d1aaa3c939f5e4be2a4bb7cc2eb44702' -> (Import Result ID: '786dfb7cd3eddcc48e32a321d9b6cb52') in 0.001 seconds [static and dynamic dependencies]. Details - ImportResultOutputID=1f7ce7735dba1a37735a244ba2418e27 DependenciesID=5cdbbb317d13a370ae889845f525535f StaticDependenciesID=af427980041911700776d02ef1acee35 
Asset Pipeline Refresh (id=6428b8bd181104600a0e8ef50f51b155): Total: 0.017 seconds - Initiated by StopAssetImportingV2(NoUpdateAssetOptions)
Importing 'GUID: b492d583de404453593220015b057a9d - Path: Assets/Janseon/Art/Characters/poc-explorer/TestPromotion-7cc988fdd7d441adaeedc7469609f439/S-walk-0.png' with importer (TextureImporter)
Imported 'GUID: b492d583de404453593220015b057a9d' -> (Import Result ID: '8bb236e906584a9e7866be790a372b4e') in 0.001 seconds [static and dynamic dependencies]. Details - ImportResultOutputID=43d9321a0ed3eee38fff5c5f5049d7fd DependenciesID=551fe492a54ba9bdac53b98b65f68067 StaticDependenciesID=44b75d9b9cfe827124209c2b115dd2f2 
Asset Pipeline Refresh (id=ff704ee0b127a4fe385e48865a288904): Total: 0.015 seconds - Initiated by StopAssetImportingV2(NoUpdateAssetOptions)
Importing 'GUID: b492d583de404453593220015b057a9d - Path: Assets/Janseon/Art/Characters/poc-explorer/TestPromotion-7cc988fdd7d441adaeedc7469609f439/S-walk-0.png' with importer (TextureImporter)
Imported 'GUID: b492d583de404453593220015b057a9d' -> (Import Result ID: 'a7293f3e6f160f5286c279f04836a4cc') in 0.001 seconds [static and dynamic dependencies]. Details - ImportResultOutputID=f893dee974f2ba9d68e643ef0680b2cb DependenciesID=aa44977ef2ddbc1f4484b4673c25791f StaticDependenciesID=e87301881f3b606e8701e88c8875e881 
Asset Pipeline Refresh (id=6d3c4cb6c50f8424eaaf3e756c82799c): Total: 0.018 seconds - Initiated by StopAssetImportingV2(NoUpdateAssetOptions)
Importing 'GUID: d5d16bdfbe55d492788ef902d09d200e - Path: Assets/Janseon/Art/Characters/poc-explorer/TestPromotion-7cc988fdd7d441adaeedc7469609f439/S-walk-1.png' with importer (TextureImporter)
Imported 'GUID: d5d16bdfbe55d492788ef902d09d200e' -> (Import Result ID: '9f04f6e77a5cfe47342b56e85285ed78') in 0.001 seconds [static and dynamic dependencies]. Details - ImportResultOutputID=2e0378e1652b4e4c7397188921f1fd03 DependenciesID=a37190d8e645fa16c11bebc0c0991ae1 StaticDependenciesID=12452a063418a7d2b2abf56b3a5eda11 
Asset Pipeline Refresh (id=0235d2623de994f98a95728114764cde): Total: 0.016 seconds - Initiated by StopAssetImportingV2(NoUpdateAssetOptions)
Importing 'GUID: d5d16bdfbe55d492788ef902d09d200e - Path: Assets/Janseon/Art/Characters/poc-explorer/TestPromotion-7cc988fdd7d441adaeedc7469609f439/S-walk-1.png' with importer (TextureImporter)
Imported 'GUID: d5d16bdfbe55d492788ef902d09d200e' -> (Import Result ID: 'fc124d3e61f44d4079c00a2a904fe1b6') in 0.001 seconds [static and dynamic dependencies]. Details - ImportResultOutputID=62413f0e202eefdc514d49a58c06e40f DependenciesID=e42fc1eb379f16c2dacdeccea64b7eb2 StaticDependenciesID=84aef571a8d42d25978e84f799bc3603 
Asset Pipeline Refresh (id=0268ac467ddc147b39191b2fb7d54bca): Total: 0.017 seconds - Initiated by StopAssetImportingV2(NoUpdateAssetOptions)
Importing 'GUID: 61e3148b62e124982bdb8748b123aa87 - Path: Assets/Janseon/Art/Characters/poc-explorer/TestPromotion-7cc988fdd7d441adaeedc7469609f439/S-walk-2.png' with importer (TextureImporter)
Imported 'GUID: 61e3148b62e124982bdb8748b123aa87' -> (Import Result ID: 'bb638a69a6ed2e18dc26488a853fe87d') in 0.001 seconds [static and dynamic dependencies]. Details - ImportResultOutputID=5597e1a6a92af7aa9d71d5a169ecdbc3 DependenciesID=4a86a82719288bf6c3d9f0713ddff56e StaticDependenciesID=953d6d7b575995502d00cc520f36281a 
Asset Pipeline Refresh (id=66cca5cce97a14167abb240312ec0e5e): Total: 0.015 seconds - Initiated by StopAssetImportingV2(NoUpdateAssetOptions)
Importing 'GUID: 61e3148b62e124982bdb8748b123aa87 - Path: Assets/Janseon/Art/Characters/poc-explorer/TestPromotion-7cc988fdd7d441adaeedc7469609f439/S-walk-2.png' with importer (TextureImporter)
Imported 'GUID: 61e3148b62e124982bdb8748b123aa87' -> (Import Result ID: '49f4a79e1e6efc8cb6c73684cff8e88f') in 0.001 seconds [static and dynamic dependencies]. Details - ImportResultOutputID=0fc479d7c023f0baf701733f76fe0544 DependenciesID=2d29565055de95e34efd5eda3087f960 StaticDependenciesID=5bc3ffc088e0b7029ac4fcd879173c6d 
Asset Pipeline Refresh (id=617822003c9834749bce0353bcab6dc0): Total: 0.018 seconds - Initiated by StopAssetImportingV2(NoUpdateAssetOptions)
Importing 'GUID: ba08235d7408c4682a39786fddee64c5 - Path: Assets/Janseon/Art/Characters/poc-explorer/TestPromotion-7cc988fdd7d441adaeedc7469609f439/S-walk-3.png' with importer (TextureImporter)
Imported 'GUID: ba08235d7408c4682a39786fddee64c5' -> (Import Result ID: '5cfb29a9ffd63312f8e9ac7782b550ea') in 0.001 seconds [static and dynamic dependencies]. Details - ImportResultOutputID=a64ff98d3fb551552859d753151b7301 DependenciesID=f64e3dec02df2b428247cd35427aeceb StaticDependenciesID=8b2e0ffe537e080d34c7f647dbb8d274 
Asset Pipeline Refresh (id=5832dff12dd3940dab638fb25c7aea04): Total: 0.016 seconds - Initiated by StopAssetImportingV2(NoUpdateAssetOptions)
Importing 'GUID: ba08235d7408c4682a39786fddee64c5 - Path: Assets/Janseon/Art/Characters/poc-explorer/TestPromotion-7cc988fdd7d441adaeedc7469609f439/S-walk-3.png' with importer (TextureImporter)
Imported 'GUID: ba08235d7408c4682a39786fddee64c5' -> (Import Result ID: 'd1aa7c6b8b4165b8abc27475e7fcb5e6') in 0.001 seconds [static and dynamic dependencies]. Details - ImportResultOutputID=ab486e9c9d4e5e279f84d518c1fafa03 DependenciesID=7e86ce8e0d9dc14c046b1c1945ee4156 StaticDependenciesID=8f9b8b05dcd5959107de972539c1733e 
Asset Pipeline Refresh (id=a1f567c54ac84481792a4e0d705392eb): Total: 0.018 seconds - Initiated by StopAssetImportingV2(NoUpdateAssetOptions)
Importing 'GUID: 0a14d5ee4e7da44d4a6c5b8d177b56d9 - Path: Assets/Janseon/Art/Characters/poc-explorer/TestPromotion-7cc988fdd7d441adaeedc7469609f439/S-walk-4.png' with importer (TextureImporter)
Imported 'GUID: 0a14d5ee4e7da44d4a6c5b8d177b56d9' -> (Import Result ID: 'd4ca9d85ce577c8152392194bf6ec31f') in 0.001 seconds [static and dynamic dependencies]. Details - ImportResultOutputID=c59814db425c997425ff7bc3456db0ff DependenciesID=49ffa0205006de8a8192f051ea0707d1 StaticDependenciesID=93108699f0d93ae49517b4c35ffc213a 
Asset Pipeline Refresh (id=6da8397a15ec947558f97c7c62bcc103): Total: 0.017 seconds - Initiated by StopAssetImportingV2(NoUpdateAssetOptions)
Importing 'GUID: 0a14d5ee4e7da44d4a6c5b8d177b56d9 - Path: Assets/Janseon/Art/Characters/poc-explorer/TestPromotion-7cc988fdd7d441adaeedc7469609f439/S-walk-4.png' with importer (TextureImporter)
Imported 'GUID: 0a14d5ee4e7da44d4a6c5b8d177b56d9' -> (Import Result ID: '1f704af2aef967b9b60157ef5682472b') in 0.001 seconds [static and dynamic dependencies]. Details - ImportResultOutputID=5b139020578f8fae283a0109bf1ceed3 DependenciesID=7d13721b7f5b6cbf911a2550934c3f96 StaticDependenciesID=1d3a25d638ff4156a9d43f9ffe473ae4 
Asset Pipeline Refresh (id=da966fff0e9b44ab69097cf33cfda404): Total: 0.018 seconds - Initiated by StopAssetImportingV2(NoUpdateAssetOptions)
Importing 'GUID: 41871c30009c3413c9519457da6da5f8 - Path: Assets/Janseon/Art/Characters/poc-explorer/TestPromotion-7cc988fdd7d441adaeedc7469609f439/S-walk-5.png' with importer (TextureImporter)
Imported 'GUID: 41871c30009c3413c9519457da6da5f8' -> (Import Result ID: '13435b7b1a5a58a51393f09a18a4e68b') in 0.001 seconds [static and dynamic dependencies]. Details - ImportResultOutputID=f4a0e5cacb9a0cfb1e2254868a2dfd9e DependenciesID=0c45e54108083e745e49bc210f6f1da7 StaticDependenciesID=839ca6f703e202cdfe8f5e7ca4041948 
Asset Pipeline Refresh (id=ea6127ec8637e4bd0ac497f6b52792c6): Total: 0.016 seconds - Initiated by StopAssetImportingV2(NoUpdateAssetOptions)
Importing 'GUID: 41871c30009c3413c9519457da6da5f8 - Path: Assets/Janseon/Art/Characters/poc-explorer/TestPromotion-7cc988fdd7d441adaeedc7469609f439/S-walk-5.png' with importer (TextureImporter)
Imported 'GUID: 41871c30009c3413c9519457da6da5f8' -> (Import Result ID: 'f0cfe65ad4ee698d75b23cdc4c392338') in 0.001 seconds [static and dynamic dependencies]. Details - ImportResultOutputID=1fc7a14863d2c68492494332d068e0f3 DependenciesID=f0bc3a7407dbe63397f4f22cac1c56f6 StaticDependenciesID=a5eae48c828c7086bf9c606c2f82a9b4 
Asset Pipeline Refresh (id=73c04715896e049778c1b8a13beabb58): Total: 0.018 seconds - Initiated by StopAssetImportingV2(NoUpdateAssetOptions)
Importing 'GUID: e65dd7da631e447028d488f7d00c0a7a - Path: Assets/Janseon/Art/Characters/poc-explorer/TestPromotion-7cc988fdd7d441adaeedc7469609f439/S-attack-0.png' with importer (TextureImporter)
Imported 'GUID: e65dd7da631e447028d488f7d00c0a7a' -> (Import Result ID: '05ac7afa20884a29d632fbeaab445974') in 0.001 seconds [static and dynamic dependencies]. Details - ImportResultOutputID=ed21f23f96e5b77a313e6205f691bfdb DependenciesID=42b1596ea02715067f15b60aa00d1e5f StaticDependenciesID=e93af2adcd76da3911052d243439d0b4 
Asset Pipeline Refresh (id=da3d6ca8a686e4949b0dc9b15babe984): Total: 0.016 seconds - Initiated by StopAssetImportingV2(NoUpdateAssetOptions)
Importing 'GUID: e65dd7da631e447028d488f7d00c0a7a - Path: Assets/Janseon/Art/Characters/poc-explorer/TestPromotion-7cc988fdd7d441adaeedc7469609f439/S-attack-0.png' with importer (TextureImporter)
Imported 'GUID: e65dd7da631e447028d488f7d00c0a7a' -> (Import Result ID: 'ba852850e8abd2779a15a9af2f4ac3a0') in 0.001 seconds [static and dynamic dependencies]. Details - ImportResultOutputID=6e00b29f87151ba3a2bb140ac646eaae DependenciesID=2903ebf21440ea2c66332d7e70c40adb StaticDependenciesID=753a185e4d44984865e4d4a8690e20af 
Asset Pipeline Refresh (id=46e98b883a5764125b66b63f1c9854f3): Total: 0.019 seconds - Initiated by StopAssetImportingV2(NoUpdateAssetOptions)
Importing 'GUID: e333ca3c1171b42c396e31481da79e2b - Path: Assets/Janseon/Art/Characters/poc-explorer/TestPromotion-7cc988fdd7d441adaeedc7469609f439/S-attack-1.png' with importer (TextureImporter)
Imported 'GUID: e333ca3c1171b42c396e31481da79e2b' -> (Import Result ID: 'f33034f5cb03ab2af3921194e4bf2309') in 0.001 seconds [static and dynamic dependencies]. Details - ImportResultOutputID=2bf3e9b8fc1d4c56dad5b5ad79e7bed8 DependenciesID=0229f635fb8249a550a005549da14659 StaticDependenciesID=b0cb614e8daf8b14f8408af38089f2b4 
Asset Pipeline Refresh (id=e3efc5de8e83a4162a78670510d36f98): Total: 0.016 seconds - Initiated by StopAssetImportingV2(NoUpdateAssetOptions)
Importing 'GUID: e333ca3c1171b42c396e31481da79e2b - Path: Assets/Janseon/Art/Characters/poc-explorer/TestPromotion-7cc988fdd7d441adaeedc7469609f439/S-attack-1.png' with importer (TextureImporter)
Imported 'GUID: e333ca3c1171b42c396e31481da79e2b' -> (Import Result ID: '97eaa32e86bb768c04fa3f8f0f6ef435') in 0.001 seconds [static and dynamic dependencies]. Details - ImportResultOutputID=199fdb35534346bb0e5da061410ae834 DependenciesID=3a5d68c03248de89afee866562490a8f StaticDependenciesID=b45dbde7fcff799fc5b84d0f05fffac1 
Asset Pipeline Refresh (id=af0adf6beffce447ea2948ebf3322bc5): Total: 0.018 seconds - Initiated by StopAssetImportingV2(NoUpdateAssetOptions)
Importing 'GUID: b7f231597b2cf4802a56f6311c6b4fbf - Path: Assets/Janseon/Art/Characters/poc-explorer/TestPromotion-7cc988fdd7d441adaeedc7469609f439/S-attack-2.png' with importer (TextureImporter)
Imported 'GUID: b7f231597b2cf4802a56f6311c6b4fbf' -> (Import Result ID: 'bec11cba92137825bc5aea13553da72f') in 0.001 seconds [static and dynamic dependencies]. Details - ImportResultOutputID=607c901343052262051e18cd5b337116 DependenciesID=c8d9e77fb08a4069187ad72a79bd5c9e StaticDependenciesID=216a1c73b3ef56f346f50a8ced26df14 
Asset Pipeline Refresh (id=508e3687222f04a638919201b7f998b5): Total: 0.016 seconds - Initiated by StopAssetImportingV2(NoUpdateAssetOptions)
Importing 'GUID: b7f231597b2cf4802a56f6311c6b4fbf - Path: Assets/Janseon/Art/Characters/poc-explorer/TestPromotion-7cc988fdd7d441adaeedc7469609f439/S-attack-2.png' with importer (TextureImporter)
Imported 'GUID: b7f231597b2cf4802a56f6311c6b4fbf' -> (Import Result ID: 'd3001a4a71ba1ac14c7c38ed971a6067') in 0.001 seconds [static and dynamic dependencies]. Details - ImportResultOutputID=774389c5f7e321065aaaa72f023cc0ca DependenciesID=aff0b0e372a68eac3fc21ce77e827c81 StaticDependenciesID=f8b9f51ef8314f402bb80020f0d9727c 
Asset Pipeline Refresh (id=5cdbb2f3f764e4288997161e7384d714): Total: 0.018 seconds - Initiated by StopAssetImportingV2(NoUpdateAssetOptions)
Importing 'GUID: 859f16165c19c45b5854aacb62234a7d - Path: Assets/Janseon/Art/Characters/poc-explorer/TestPromotion-7cc988fdd7d441adaeedc7469609f439/S-attack-3.png' with importer (TextureImporter)
Imported 'GUID: 859f16165c19c45b5854aacb62234a7d' -> (Import Result ID: '7ca2f1f8b536fe21e88e6cec3af67f83') in 0.001 seconds [static and dynamic dependencies]. Details - ImportResultOutputID=72bdb6e4115783bf70969e8939bacf03 DependenciesID=2243b46e0d93dad093e583fc9be2dbf7 StaticDependenciesID=82ad81f9ed68660c8bc4c55531cae40c 
Asset Pipeline Refresh (id=82801436623294e59b07041205a24c0b): Total: 0.015 seconds - Initiated by StopAssetImportingV2(NoUpdateAssetOptions)
Importing 'GUID: 859f16165c19c45b5854aacb62234a7d - Path: Assets/Janseon/Art/Characters/poc-explorer/TestPromotion-7cc988fdd7d441adaeedc7469609f439/S-attack-3.png' with importer (TextureImporter)
Imported 'GUID: 859f16165c19c45b5854aacb62234a7d' -> (Import Result ID: '133cbf20c8d33db5e6aed9370e202449') in 0.001 seconds [static and dynamic dependencies]. Details - ImportResultOutputID=88c2b7eb996f732fac79477cf4076bf6 DependenciesID=fc1f90249332baeddb691c5c4775a60c StaticDependenciesID=ef7827cc3c774bb711e7a67206d3bcb0 
Asset Pipeline Refresh (id=386fd91a82d68458d8b5530d94c6d381): Total: 0.018 seconds - Initiated by StopAssetImportingV2(NoUpdateAssetOptions)
Importing 'GUID: 0c9bf32816dc7427285b57793b9b1939 - Path: Assets/Janseon/Art/Characters/poc-explorer/TestPromotion-7cc988fdd7d441adaeedc7469609f439/S-attack-4.png' with importer (TextureImporter)
Imported 'GUID: 0c9bf32816dc7427285b57793b9b1939' -> (Import Result ID: 'cb5c5ef162e46fddac06c62b90f0951b') in 0.001 seconds [static and dynamic dependencies]. Details - ImportResultOutputID=358d7920ebaacf9782a567766b97e60c DependenciesID=117dec1a020ded34af8eec20007fe19a StaticDependenciesID=77cdb90bd0fa03bb4bdbd233500e3443 
Asset Pipeline Refresh (id=de9feecda56d04ff8baaf165c8e17261): Total: 0.015 seconds - Initiated by StopAssetImportingV2(NoUpdateAssetOptions)
Importing 'GUID: 0c9bf32816dc7427285b57793b9b1939 - Path: Assets/Janseon/Art/Characters/poc-explorer/TestPromotion-7cc988fdd7d441adaeedc7469609f439/S-attack-4.png' with importer (TextureImporter)
Imported 'GUID: 0c9bf32816dc7427285b57793b9b1939' -> (Import Result ID: '0d7565072f72db8f120ca5bbc08f4075') in 0.001 seconds [static and dynamic dependencies]. Details - ImportResultOutputID=116b98fdbeb6f6b4a8b7a18439ff13a0 DependenciesID=253b2ef34f0114a69f222b59ed328fed StaticDependenciesID=edefb5ad3541e02d890f9f00b9703654 
Asset Pipeline Refresh (id=54f29669fc7424623b072ec073cc6c02): Total: 0.017 seconds - Initiated by StopAssetImportingV2(NoUpdateAssetOptions)
Importing 'GUID: b5a2f493b0c88492f9ab65c81f312c9b - Path: Assets/Janseon/Art/Characters/poc-explorer/TestPromotion-7cc988fdd7d441adaeedc7469609f439/S-attack-5.png' with importer (TextureImporter)
Imported 'GUID: b5a2f493b0c88492f9ab65c81f312c9b' -> (Import Result ID: '3ba108527c7a25e60b63fbbe870fe83a') in 0.001 seconds [static and dynamic dependencies]. Details - ImportResultOutputID=ffc42dcae038e88cff46878899aafd0d DependenciesID=c63dbb58ab9de7a0e2e157c9cc9b7cbe StaticDependenciesID=876dd2edf13edc47a8f6528424814f8a 
Asset Pipeline Refresh (id=5a00530ab95954792a9583c3e53aa0ac): Total: 0.015 seconds - Initiated by StopAssetImportingV2(NoUpdateAssetOptions)
Importing 'GUID: b5a2f493b0c88492f9ab65c81f312c9b - Path: Assets/Janseon/Art/Characters/poc-explorer/TestPromotion-7cc988fdd7d441adaeedc7469609f439/S-attack-5.png' with importer (TextureImporter)
Imported 'GUID: b5a2f493b0c88492f9ab65c81f312c9b' -> (Import Result ID: 'b5ded6915222b8e70143cfc1e23e00bb') in 0.004 seconds [static and dynamic dependencies]. Details - ImportResultOutputID=8879414515f80795fa8894ea47ef1edd DependenciesID=52926afd678edd71029a12c6a65f167f StaticDependenciesID=b51e0d33ad9c416a75cdafdb30a88aa7 
Asset Pipeline Refresh (id=c58a9a7dc20f0427aa66cbbff823ef6f): Total: 0.021 seconds - Initiated by StopAssetImportingV2(NoUpdateAssetOptions)
Importing 'GUID: 375eb308879cb4bdb8fe449d11217f39 - Path: Assets/Janseon/Art/Characters/poc-explorer/TestPromotion-7cc988fdd7d441adaeedc7469609f439/S-hit-0.png' with importer (TextureImporter)
Imported 'GUID: 375eb308879cb4bdb8fe449d11217f39' -> (Import Result ID: '47ad6949552c8342558e7e032b323c6a') in 0.001 seconds [static and dynamic dependencies]. Details - ImportResultOutputID=3816880bee0d4e36250dda529e527ba3 DependenciesID=4464a138a9796d97f404779fe772424c StaticDependenciesID=7b8509d9ecf5dab5bdd795f9199d83ab 
Asset Pipeline Refresh (id=ff524cf8594534638ae2b81f6b606247): Total: 0.016 seconds - Initiated by StopAssetImportingV2(NoUpdateAssetOptions)
Importing 'GUID: 375eb308879cb4bdb8fe449d11217f39 - Path: Assets/Janseon/Art/Characters/poc-explorer/TestPromotion-7cc988fdd7d441adaeedc7469609f439/S-hit-0.png' with importer (TextureImporter)
Imported 'GUID: 375eb308879cb4bdb8fe449d11217f39' -> (Import Result ID: 'b83da9303a2c9066cdeb62fa91013b28') in 0.001 seconds [static and dynamic dependencies]. Details - ImportResultOutputID=101f3de86fc49f3931d0c482e7aa52f0 DependenciesID=c3de668686c227a770510706e912bcbd StaticDependenciesID=e65b8e2130ee4b8a87f9f0f8a054a50d 
Asset Pipeline Refresh (id=77d95404a55c047848efa23ee7db718c): Total: 0.018 seconds - Initiated by StopAssetImportingV2(NoUpdateAssetOptions)
Importing 'GUID: be92c15633a864e58aa37b27e8ff7629 - Path: Assets/Janseon/Art/Characters/poc-explorer/TestPromotion-7cc988fdd7d441adaeedc7469609f439/S-hit-1.png' with importer (TextureImporter)
Imported 'GUID: be92c15633a864e58aa37b27e8ff7629' -> (Import Result ID: '27ff80169551f4638a71c40742012ae3') in 0.001 seconds [static and dynamic dependencies]. Details - ImportResultOutputID=9fa2acb9bc2e0bffd0a076ee11d3ba24 DependenciesID=67282d0922ad6aba5d2029b36d99e2d1 StaticDependenciesID=2c7bc0d8bf91060d3393c507cf40434c 
Asset Pipeline Refresh (id=0b87d23c290c5428d927f3124a69590e): Total: 0.015 seconds - Initiated by StopAssetImportingV2(NoUpdateAssetOptions)
Importing 'GUID: be92c15633a864e58aa37b27e8ff7629 - Path: Assets/Janseon/Art/Characters/poc-explorer/TestPromotion-7cc988fdd7d441adaeedc7469609f439/S-hit-1.png' with importer (TextureImporter)
Imported 'GUID: be92c15633a864e58aa37b27e8ff7629' -> (Import Result ID: 'fd2af40e40bf936e89ef2a85440902fd') in 0.001 seconds [static and dynamic dependencies]. Details - ImportResultOutputID=7cc040c52188fe8cb55d380e023b7eeb DependenciesID=8b75db7794da4b5ecb12a795f2ddf113 StaticDependenciesID=a3fbcd2588f1f96ad9b31e503ff61d38 
Asset Pipeline Refresh (id=bd8aff67ad80548b7a2d5d3a63207fe1): Total: 0.018 seconds - Initiated by StopAssetImportingV2(NoUpdateAssetOptions)
Importing 'GUID: 43f21aa3d24cb43268adc747fc367140 - Path: Assets/Janseon/Art/Characters/poc-explorer/TestPromotion-7cc988fdd7d441adaeedc7469609f439/S-hit-2.png' with importer (TextureImporter)
Imported 'GUID: 43f21aa3d24cb43268adc747fc367140' -> (Import Result ID: '5cfb817ed6255c357ad6a4760396cbbb') in 0.001 seconds [static and dynamic dependencies]. Details - ImportResultOutputID=0d52689ec65ff9da2166a960671ee7b9 DependenciesID=410e8d9f4771f6016dcb05596c179455 StaticDependenciesID=b92d61cf90d8c3bacaffffd7a7656cc6 
Asset Pipeline Refresh (id=0d3f16a013fc84af7af55372c9dbb40f): Total: 0.016 seconds - Initiated by StopAssetImportingV2(NoUpdateAssetOptions)
Importing 'GUID: 43f21aa3d24cb43268adc747fc367140 - Path: Assets/Janseon/Art/Characters/poc-explorer/TestPromotion-7cc988fdd7d441adaeedc7469609f439/S-hit-2.png' with importer (TextureImporter)
Imported 'GUID: 43f21aa3d24cb43268adc747fc367140' -> (Import Result ID: '369e9258967baf43d3c2a82e62e5515a') in 0.001 seconds [static and dynamic dependencies]. Details - ImportResultOutputID=a6780ee83fefb21f65265cbe6f685b1e DependenciesID=5c5e5e6f5fb695d9beceb45218850776 StaticDependenciesID=6e761d3be346c5159e0937296f8bb710 
Asset Pipeline Refresh (id=5471e94d2be784bd4979ab577f2adc3b): Total: 0.018 seconds - Initiated by StopAssetImportingV2(NoUpdateAssetOptions)
Importing 'GUID: e777794578a3a40f291db3f0f2c15db5 - Path: Assets/Janseon/Art/Characters/poc-explorer/TestPromotion-7cc988fdd7d441adaeedc7469609f439/S-down-0.png' with importer (TextureImporter)
Imported 'GUID: e777794578a3a40f291db3f0f2c15db5' -> (Import Result ID: 'a621d5f1c9ad73c429695dc502865f70') in 0.001 seconds [static and dynamic dependencies]. Details - ImportResultOutputID=7f3bae1b257989c587ea305640f4c8a9 DependenciesID=8be9c64a27519c6bfe6f171e6a0d7d7a StaticDependenciesID=7cbe882285bdd521bbb1744cc4e351a3 
Asset Pipeline Refresh (id=e902c469f148947bd875c114cafbc12e): Total: 0.015 seconds - Initiated by StopAssetImportingV2(NoUpdateAssetOptions)
Importing 'GUID: e777794578a3a40f291db3f0f2c15db5 - Path: Assets/Janseon/Art/Characters/poc-explorer/TestPromotion-7cc988fdd7d441adaeedc7469609f439/S-down-0.png' with importer (TextureImporter)
Imported 'GUID: e777794578a3a40f291db3f0f2c15db5' -> (Import Result ID: '4ab61a21e73b56acadba095abf095cfb') in 0.001 seconds [static and dynamic dependencies]. Details - ImportResultOutputID=c62574d2e0d2b263e2aa038a3a96d86f DependenciesID=424ac910c022132f3bb2a0a6aea3bb11 StaticDependenciesID=513c605eea72b825038821523b930fc2 
Asset Pipeline Refresh (id=11452ede8f21a459d9fc1c34c850a602): Total: 0.017 seconds - Initiated by StopAssetImportingV2(NoUpdateAssetOptions)
Importing 'GUID: e18565f66acb04f9195235dea0855dc4 - Path: Assets/Janseon/Art/Characters/poc-explorer/TestPromotion-7cc988fdd7d441adaeedc7469609f439/S-down-1.png' with importer (TextureImporter)
Imported 'GUID: e18565f66acb04f9195235dea0855dc4' -> (Import Result ID: 'e0089cfca7da99df1ce570887509a61b') in 0.001 seconds [static and dynamic dependencies]. Details - ImportResultOutputID=35201ec0a0392cd36bacd42c9d1869b9 DependenciesID=957bb96e4fcf21a42fcbabdcc86930de StaticDependenciesID=87998c9d15ee83fe248fb2610ea9a70b 
Asset Pipeline Refresh (id=824eda3a733e143e7b850058578d3758): Total: 0.016 seconds - Initiated by StopAssetImportingV2(NoUpdateAssetOptions)
Importing 'GUID: e18565f66acb04f9195235dea0855dc4 - Path: Assets/Janseon/Art/Characters/poc-explorer/TestPromotion-7cc988fdd7d441adaeedc7469609f439/S-down-1.png' with importer (TextureImporter)
Imported 'GUID: e18565f66acb04f9195235dea0855dc4' -> (Import Result ID: 'bb9d7538080ccc9da7b05304fda4c6ff') in 0.001 seconds [static and dynamic dependencies]. Details - ImportResultOutputID=10def438963f70b8e79c5f7b5b8f1460 DependenciesID=eff0f8b872ebb5d51faa3e5b3f571537 StaticDependenciesID=6f3e98f8a739738cdd6e043edb3b7ddc 
Asset Pipeline Refresh (id=2f487494855424c0fa7b054716dfa2d2): Total: 0.017 seconds - Initiated by StopAssetImportingV2(NoUpdateAssetOptions)
Importing 'GUID: b3eaf256adbcf4cd99acc5d5d37637a8 - Path: Assets/Janseon/Art/Characters/poc-explorer/TestPromotion-7cc988fdd7d441adaeedc7469609f439/S-down-2.png' with importer (TextureImporter)
Imported 'GUID: b3eaf256adbcf4cd99acc5d5d37637a8' -> (Import Result ID: '5b537ff6a5f6f44ed385e15011c24159') in 0.001 seconds [static and dynamic dependencies]. Details - ImportResultOutputID=f443a675329271b6bedd89a7bdd1ace9 DependenciesID=453c9f04f7e681620d17a760cb7b65cf StaticDependenciesID=2cb0ef39d2cf7507fdb80ac5e364267f 
Asset Pipeline Refresh (id=b035ae5635057448a841f5c3c53d3c4f): Total: 0.015 seconds - Initiated by StopAssetImportingV2(NoUpdateAssetOptions)
Importing 'GUID: b3eaf256adbcf4cd99acc5d5d37637a8 - Path: Assets/Janseon/Art/Characters/poc-explorer/TestPromotion-7cc988fdd7d441adaeedc7469609f439/S-down-2.png' with importer (TextureImporter)
Imported 'GUID: b3eaf256adbcf4cd99acc5d5d37637a8' -> (Import Result ID: '06bcb959c9cfe149af7697be041838d4') in 0.001 seconds [static and dynamic dependencies]. Details - ImportResultOutputID=dc0f80319d26c9f423dbc75e81b33871 DependenciesID=a5f25ba42b5d613606eee5d52f6849de StaticDependenciesID=999329224c7d1b952dcccb920a189638 
Asset Pipeline Refresh (id=bcc268d28f04b46e49ea0bec38d7b539): Total: 0.017 seconds - Initiated by StopAssetImportingV2(NoUpdateAssetOptions)
Importing 'GUID: b5cfdab814e704519b13fd06f89f1855 - Path: Assets/Janseon/Art/Characters/poc-explorer/TestPromotion-7cc988fdd7d441adaeedc7469609f439/S-down-3.png' with importer (TextureImporter)
Imported 'GUID: b5cfdab814e704519b13fd06f89f1855' -> (Import Result ID: '8ce4e3925b265a177e2b7d737a2a50f4') in 0.001 seconds [static and dynamic dependencies]. Details - ImportResultOutputID=a81806cd964f994e5d855535f5c1560d DependenciesID=217a70c165d9c5b34385295764ba52ec StaticDependenciesID=18a1d0651bebd4221bcc7ce5427bf6f6 
Asset Pipeline Refresh (id=2e242e2748ac3417a9884c57b0b464da): Total: 0.015 seconds - Initiated by StopAssetImportingV2(NoUpdateAssetOptions)
Importing 'GUID: b5cfdab814e704519b13fd06f89f1855 - Path: Assets/Janseon/Art/Characters/poc-explorer/TestPromotion-7cc988fdd7d441adaeedc7469609f439/S-down-3.png' with importer (TextureImporter)
Imported 'GUID: b5cfdab814e704519b13fd06f89f1855' -> (Import Result ID: '161110d8c5cc0660a5e2a0688678bd90') in 0.001 seconds [static and dynamic dependencies]. Details - ImportResultOutputID=55c4ad8c163de8d5dd42a69e7c9a88b3 DependenciesID=a9ca8660adf954f11461ba943a7eb588 StaticDependenciesID=1603e2f77f33f5d931da7e7c721542c1 
Asset Pipeline Refresh (id=dff7e60f715214b038679cc231b9edd0): Total: 0.018 seconds - Initiated by StopAssetImportingV2(NoUpdateAssetOptions)
Importing 'GUID: 4deef18db054d4a798d0950c12ed7ebe - Path: Assets/Janseon/Art/Characters/poc-explorer/TestPromotion-7cc988fdd7d441adaeedc7469609f439/W-idle-0.png' with importer (TextureImporter)
Imported 'GUID: 4deef18db054d4a798d0950c12ed7ebe' -> (Import Result ID: '635fa77809245ab0d5195ff6341e3713') in 0.001 seconds [static and dynamic dependencies]. Details - ImportResultOutputID=bc379a72ee701e3ff72c6efde022f1fb DependenciesID=88254f761cb8ab776117f50dbdc124d2 StaticDependenciesID=997afe36534cc070616d7350951a10d1 
Asset Pipeline Refresh (id=e0cf69bfd80fe4ed1bbfc8137850f864): Total: 0.016 seconds - Initiated by StopAssetImportingV2(NoUpdateAssetOptions)
Importing 'GUID: 4deef18db054d4a798d0950c12ed7ebe - Path: Assets/Janseon/Art/Characters/poc-explorer/TestPromotion-7cc988fdd7d441adaeedc7469609f439/W-idle-0.png' with importer (TextureImporter)
Imported 'GUID: 4deef18db054d4a798d0950c12ed7ebe' -> (Import Result ID: 'de1674e7f2f311db67bcaa20931bf029') in 0.001 seconds [static and dynamic dependencies]. Details - ImportResultOutputID=81f63c2939cdc9c320f153b206f83892 DependenciesID=9820bb9ea25c182185e3f0c4dad2016c StaticDependenciesID=959a801a40297afb2b2f4edfffa4f381 
Asset Pipeline Refresh (id=7a79b50b7063749b287cd882370b70fb): Total: 0.021 seconds - Initiated by StopAssetImportingV2(NoUpdateAssetOptions)
Importing 'GUID: 5a4e69a61ca6e4ecb81a986e2c00cc51 - Path: Assets/Janseon/Art/Characters/poc-explorer/TestPromotion-7cc988fdd7d441adaeedc7469609f439/W-idle-1.png' with importer (TextureImporter)
Imported 'GUID: 5a4e69a61ca6e4ecb81a986e2c00cc51' -> (Import Result ID: '236dbf700fbf47a47d31ce95d18379d4') in 0.001 seconds [static and dynamic dependencies]. Details - ImportResultOutputID=23b1a0b56ab111a4e370b208ccd36db3 DependenciesID=be3b137c235a5396c089e449f6098755 StaticDependenciesID=061238a469f14ed436e68cf6ffaad201 
Asset Pipeline Refresh (id=0cbea468f2d7d4c81a891a8d1e133d43): Total: 0.016 seconds - Initiated by StopAssetImportingV2(NoUpdateAssetOptions)
Importing 'GUID: 5a4e69a61ca6e4ecb81a986e2c00cc51 - Path: Assets/Janseon/Art/Characters/poc-explorer/TestPromotion-7cc988fdd7d441adaeedc7469609f439/W-idle-1.png' with importer (TextureImporter)
Imported 'GUID: 5a4e69a61ca6e4ecb81a986e2c00cc51' -> (Import Result ID: '49c531a9a109284eb310976c5c05fb50') in 0.001 seconds [static and dynamic dependencies]. Details - ImportResultOutputID=5fd089d34fa7b61e31f1edab62b5b57f DependenciesID=a38ccd48db680b355f18ac6a506c7c17 StaticDependenciesID=16071a7805db85b0e78a12eaeacc409b 
Asset Pipeline Refresh (id=37a6a6b7c8a114b1da2852e3dcf041a8): Total: 0.018 seconds - Initiated by StopAssetImportingV2(NoUpdateAssetOptions)
Importing 'GUID: effd1f5dc276844f49fb97b1d93c78c5 - Path: Assets/Janseon/Art/Characters/poc-explorer/TestPromotion-7cc988fdd7d441adaeedc7469609f439/W-idle-2.png' with importer (TextureImporter)
Imported 'GUID: effd1f5dc276844f49fb97b1d93c78c5' -> (Import Result ID: 'fca5b5bd9b38d3bf722d20b3cef966f1') in 0.001 seconds [static and dynamic dependencies]. Details - ImportResultOutputID=e6061b14135ea480dadcdd25bb63078a DependenciesID=76a4e2766614c77db7fb1c2f54ee2cc3 StaticDependenciesID=27bb062a72c13584d2d1e4de2f0ef488 
Asset Pipeline Refresh (id=cf6627a6de42547bab0b6daa58a160e5): Total: 0.016 seconds - Initiated by StopAssetImportingV2(NoUpdateAssetOptions)
Importing 'GUID: effd1f5dc276844f49fb97b1d93c78c5 - Path: Assets/Janseon/Art/Characters/poc-explorer/TestPromotion-7cc988fdd7d441adaeedc7469609f439/W-idle-2.png' with importer (TextureImporter)
Imported 'GUID: effd1f5dc276844f49fb97b1d93c78c5' -> (Import Result ID: '4c6821e745c6aab2a50a60762b574eac') in 0.001 seconds [static and dynamic dependencies]. Details - ImportResultOutputID=9bcdf30f4020948bd8ea10c17ff98b17 DependenciesID=c40dada7ecd91c71a2bb164c26d9af10 StaticDependenciesID=b864760107d556ecfd5e2ced5624ccf1 
Asset Pipeline Refresh (id=355f681c1fdc64bc5a4171e1bf58a4ed): Total: 0.019 seconds - Initiated by StopAssetImportingV2(NoUpdateAssetOptions)
Importing 'GUID: b1390fe0ce3d54980a2419b23266da56 - Path: Assets/Janseon/Art/Characters/poc-explorer/TestPromotion-7cc988fdd7d441adaeedc7469609f439/W-idle-3.png' with importer (TextureImporter)
Imported 'GUID: b1390fe0ce3d54980a2419b23266da56' -> (Import Result ID: '4a145c0b510fe2fc70061bd0f4a9fa0b') in 0.002 seconds [static and dynamic dependencies]. Details - ImportResultOutputID=2b4e7a66cc7fa754a36bff1e7f9849c7 DependenciesID=45f15bc3be087011868a3bb69df629d5 StaticDependenciesID=5be603ee3aafb6b6756208a92c4e1b1e 
Asset Pipeline Refresh (id=b136377fbb40d43a9ac983f479957c05): Total: 0.019 seconds - Initiated by StopAssetImportingV2(NoUpdateAssetOptions)
Importing 'GUID: b1390fe0ce3d54980a2419b23266da56 - Path: Assets/Janseon/Art/Characters/poc-explorer/TestPromotion-7cc988fdd7d441adaeedc7469609f439/W-idle-3.png' with importer (TextureImporter)
Imported 'GUID: b1390fe0ce3d54980a2419b23266da56' -> (Import Result ID: 'a8fca7d1e8f611bd27d8a6d092b713d6') in 0.001 seconds [static and dynamic dependencies]. Details - ImportResultOutputID=a7b687c208da131763f5c096a93c42ad DependenciesID=8f896e7e38dafdd9474060560f69a5f0 StaticDependenciesID=7007534ed90b4387b93c0b15ae92a70c 
Asset Pipeline Refresh (id=b7e18155af3804dbe8b0d810e173ac44): Total: 0.020 seconds - Initiated by StopAssetImportingV2(NoUpdateAssetOptions)
Importing 'GUID: 2572bd7bcc76541b2a9e57e1876a05ce - Path: Assets/Janseon/Art/Characters/poc-explorer/TestPromotion-7cc988fdd7d441adaeedc7469609f439/W-walk-0.png' with importer (TextureImporter)
Imported 'GUID: 2572bd7bcc76541b2a9e57e1876a05ce' -> (Import Result ID: '87e53e5a89f28239aed6468150103c0a') in 0.001 seconds [static and dynamic dependencies]. Details - ImportResultOutputID=07bd034c45b9cb60d3f0ea6ce131a7c4 DependenciesID=4963549a08cfaa4584d1bb7b84276b4b StaticDependenciesID=d74fa7662000482aee5ae8922833c85c 
Asset Pipeline Refresh (id=0cbf5bc51d76e40c8bb63046b29fe4fc): Total: 0.016 seconds - Initiated by StopAssetImportingV2(NoUpdateAssetOptions)
Importing 'GUID: 2572bd7bcc76541b2a9e57e1876a05ce - Path: Assets/Janseon/Art/Characters/poc-explorer/TestPromotion-7cc988fdd7d441adaeedc7469609f439/W-walk-0.png' with importer (TextureImporter)
Imported 'GUID: 2572bd7bcc76541b2a9e57e1876a05ce' -> (Import Result ID: '7b278e3a81913c47b2457158d99dcbff') in 0.001 seconds [static and dynamic dependencies]. Details - ImportResultOutputID=fb84014ba29fd5b1e826a7c582b5f1ee DependenciesID=7b2ee4aa4380e19c4f0baae06c255e60 StaticDependenciesID=faa14bb136e4b00d27fec3b9d80decdc 
Asset Pipeline Refresh (id=5fa1cf9099e1147cea3e1f7ad9d9ef43): Total: 0.018 seconds - Initiated by StopAssetImportingV2(NoUpdateAssetOptions)
Importing 'GUID: 812b7f353d1334274b2c5f5151acd1cc - Path: Assets/Janseon/Art/Characters/poc-explorer/TestPromotion-7cc988fdd7d441adaeedc7469609f439/W-walk-1.png' with importer (TextureImporter)
Imported 'GUID: 812b7f353d1334274b2c5f5151acd1cc' -> (Import Result ID: '0ef66411ae2bc8f484217bae46309e7a') in 0.001 seconds [static and dynamic dependencies]. Details - ImportResultOutputID=27ec554d0383d7c1cf537c6b8cfd9177 DependenciesID=3533825b49ef24c9246f4d3953ddc9a2 StaticDependenciesID=d59353ddcc0b1088e4ca7b41e00667f8 
Asset Pipeline Refresh (id=6d64fb804108f48b79f0bfc3c7190ec9): Total: 0.016 seconds - Initiated by StopAssetImportingV2(NoUpdateAssetOptions)
Importing 'GUID: 812b7f353d1334274b2c5f5151acd1cc - Path: Assets/Janseon/Art/Characters/poc-explorer/TestPromotion-7cc988fdd7d441adaeedc7469609f439/W-walk-1.png' with importer (TextureImporter)
Imported 'GUID: 812b7f353d1334274b2c5f5151acd1cc' -> (Import Result ID: '1ef67c5c2dcbb8ae71752be069a7b4d2') in 0.001 seconds [static and dynamic dependencies]. Details - ImportResultOutputID=7ece0534a73f5f0150fabdef53049637 DependenciesID=1b8881488c4c12c4ebda7b556c531165 StaticDependenciesID=5b536fafb1e631509018161c4ee4874c 
Asset Pipeline Refresh (id=649c597acf81347a4b38d3a3841160b8): Total: 0.018 seconds - Initiated by StopAssetImportingV2(NoUpdateAssetOptions)
Importing 'GUID: dcedc25fa55e54591805dc093f466988 - Path: Assets/Janseon/Art/Characters/poc-explorer/TestPromotion-7cc988fdd7d441adaeedc7469609f439/W-walk-2.png' with importer (TextureImporter)
Imported 'GUID: dcedc25fa55e54591805dc093f466988' -> (Import Result ID: '51a882de466cc500088e07a9e46b9dd8') in 0.001 seconds [static and dynamic dependencies]. Details - ImportResultOutputID=3eab0394c1b4f88a6a1fa63c66a8a031 DependenciesID=957af43dc38b9951ec32a86538136646 StaticDependenciesID=f4c3aaa8116c185cfe41fd224356ccbd 
Asset Pipeline Refresh (id=0070513adab1b48c1b329c1d6110c00c): Total: 0.016 seconds - Initiated by StopAssetImportingV2(NoUpdateAssetOptions)
Importing 'GUID: dcedc25fa55e54591805dc093f466988 - Path: Assets/Janseon/Art/Characters/poc-explorer/TestPromotion-7cc988fdd7d441adaeedc7469609f439/W-walk-2.png' with importer (TextureImporter)
Imported 'GUID: dcedc25fa55e54591805dc093f466988' -> (Import Result ID: '99889957ff00135ef8439d509210715e') in 0.001 seconds [static and dynamic dependencies]. Details - ImportResultOutputID=285e1cd4b704f60d5e85804064ef2fa6 DependenciesID=2373395b51dca3a3f606eae7e9855acb StaticDependenciesID=854bce37c817cbf9669a9867b104a881 
Asset Pipeline Refresh (id=9075cda2364cc448089e79cc49467a82): Total: 0.018 seconds - Initiated by StopAssetImportingV2(NoUpdateAssetOptions)
Importing 'GUID: f92b3067fe39840209f26d4d6711bdc5 - Path: Assets/Janseon/Art/Characters/poc-explorer/TestPromotion-7cc988fdd7d441adaeedc7469609f439/W-walk-3.png' with importer (TextureImporter)
Imported 'GUID: f92b3067fe39840209f26d4d6711bdc5' -> (Import Result ID: '8e8deed05bf9bd0e5770c51d8fff0b89') in 0.001 seconds [static and dynamic dependencies]. Details - ImportResultOutputID=697f6a8d42e43cdeb62c079d3eb2059d DependenciesID=108f2a498e8743aaebe794e39df28e8c StaticDependenciesID=f688665e008058633334efaea19ce56f 
Asset Pipeline Refresh (id=742b4e8ca86114478b1c847c80b6fe0d): Total: 0.016 seconds - Initiated by StopAssetImportingV2(NoUpdateAssetOptions)
Importing 'GUID: f92b3067fe39840209f26d4d6711bdc5 - Path: Assets/Janseon/Art/Characters/poc-explorer/TestPromotion-7cc988fdd7d441adaeedc7469609f439/W-walk-3.png' with importer (TextureImporter)
Imported 'GUID: f92b3067fe39840209f26d4d6711bdc5' -> (Import Result ID: 'a8595abf5f9d51f57d16c669df4df009') in 0.001 seconds [static and dynamic dependencies]. Details - ImportResultOutputID=9da855209e220f58d2f42a59509e060c DependenciesID=44c5f6fc79e115ceb34ebbf3a14b00dd StaticDependenciesID=7d92500af5d3ef5d3cab1ce4b734f914 
Asset Pipeline Refresh (id=36cfa6db1f4fe4fe09ed8926734ae1fc): Total: 0.017 seconds - Initiated by StopAssetImportingV2(NoUpdateAssetOptions)
Importing 'GUID: c3feafe9c518444a9b4b181d2664f6f6 - Path: Assets/Janseon/Art/Characters/poc-explorer/TestPromotion-7cc988fdd7d441adaeedc7469609f439/W-walk-4.png' with importer (TextureImporter)
Imported 'GUID: c3feafe9c518444a9b4b181d2664f6f6' -> (Import Result ID: '03198ef0206b297efb43ffe88aeeebcd') in 0.001 seconds [static and dynamic dependencies]. Details - ImportResultOutputID=f9f578f9e376524e25da05736dae21ef DependenciesID=00c9ef34379363f42f8bfc9921a0294b StaticDependenciesID=11bed6f5e0e28bf3a68a4621716fe169 
Asset Pipeline Refresh (id=150845f92104642558ef30d0093616a5): Total: 0.016 seconds - Initiated by StopAssetImportingV2(NoUpdateAssetOptions)
Importing 'GUID: c3feafe9c518444a9b4b181d2664f6f6 - Path: Assets/Janseon/Art/Characters/poc-explorer/TestPromotion-7cc988fdd7d441adaeedc7469609f439/W-walk-4.png' with importer (TextureImporter)
Imported 'GUID: c3feafe9c518444a9b4b181d2664f6f6' -> (Import Result ID: '27e179f5a108ede31c8a40425d5973e9') in 0.001 seconds [static and dynamic dependencies]. Details - ImportResultOutputID=7a5549bd37d9bbf7e8461c0b0ad27368 DependenciesID=768ce3f4dd9dfcebd2d4791d0378b224 StaticDependenciesID=3b04a674543b4a4841dfed2237069ed2 
Asset Pipeline Refresh (id=9a3150b9498d4497590e15a33a17eca6): Total: 0.018 seconds - Initiated by StopAssetImportingV2(NoUpdateAssetOptions)
Importing 'GUID: 29fadc6456d374dc189d6ec975fdf533 - Path: Assets/Janseon/Art/Characters/poc-explorer/TestPromotion-7cc988fdd7d441adaeedc7469609f439/W-walk-5.png' with importer (TextureImporter)
Imported 'GUID: 29fadc6456d374dc189d6ec975fdf533' -> (Import Result ID: 'b5466246fc415e57b478688cd2dea7a2') in 0.001 seconds [static and dynamic dependencies]. Details - ImportResultOutputID=24790db6520e7ee726047b2256b1bfad DependenciesID=5cae2802369450f16c8a22d3ffff66fe StaticDependenciesID=e6eeff0e168ce70ae28991c6c39da558 
Asset Pipeline Refresh (id=8c9cffa6d85c442cb866046e3c864af7): Total: 0.015 seconds - Initiated by StopAssetImportingV2(NoUpdateAssetOptions)
Importing 'GUID: 29fadc6456d374dc189d6ec975fdf533 - Path: Assets/Janseon/Art/Characters/poc-explorer/TestPromotion-7cc988fdd7d441adaeedc7469609f439/W-walk-5.png' with importer (TextureImporter)
Imported 'GUID: 29fadc6456d374dc189d6ec975fdf533' -> (Import Result ID: '8c85e16f7bfe6f924fcbe6b67eea7bf5') in 0.001 seconds [static and dynamic dependencies]. Details - ImportResultOutputID=1197a14eaede7a52943e6acaf624f480 DependenciesID=a682ebe883502afdf85ec8f487bf6aff StaticDependenciesID=f678f48b6a670178a689dc502dd2a6f7 
Asset Pipeline Refresh (id=e8f49794ca5824d2783e8ca7d9c71c34): Total: 0.018 seconds - Initiated by StopAssetImportingV2(NoUpdateAssetOptions)
Importing 'GUID: 66b68d3fcd6aa465ca0e2930c6795802 - Path: Assets/Janseon/Art/Characters/poc-explorer/TestPromotion-7cc988fdd7d441adaeedc7469609f439/W-attack-0.png' with importer (TextureImporter)
Imported 'GUID: 66b68d3fcd6aa465ca0e2930c6795802' -> (Import Result ID: 'd7b7a5ddf882bd50332a3c0499eead2d') in 0.001 seconds [static and dynamic dependencies]. Details - ImportResultOutputID=0ebef68589e83cda8d3ffe347f9b16e7 DependenciesID=2a475a4dbab553c6d9d97c03bd43b75d StaticDependenciesID=d95adc154b37b029253c2ae3734b1a59 
Asset Pipeline Refresh (id=0dcb134a0960e4539b7a28e7c35ed6aa): Total: 0.016 seconds - Initiated by StopAssetImportingV2(NoUpdateAssetOptions)
Importing 'GUID: 66b68d3fcd6aa465ca0e2930c6795802 - Path: Assets/Janseon/Art/Characters/poc-explorer/TestPromotion-7cc988fdd7d441adaeedc7469609f439/W-attack-0.png' with importer (TextureImporter)
Imported 'GUID: 66b68d3fcd6aa465ca0e2930c6795802' -> (Import Result ID: '45ec162d7e79e41f5ce1aee6f0a00d56') in 0.001 seconds [static and dynamic dependencies]. Details - ImportResultOutputID=9129194f36d294805e87ac23ec9951b5 DependenciesID=36eee37c8f047de800d698a1f665f5b2 StaticDependenciesID=99b1200999461b63edb453629dc5ab80 
Asset Pipeline Refresh (id=174058da83ff041d99440eb7d659bc8d): Total: 0.018 seconds - Initiated by StopAssetImportingV2(NoUpdateAssetOptions)
Importing 'GUID: 588da400f9a3b4a1a95baeb9860a66f8 - Path: Assets/Janseon/Art/Characters/poc-explorer/TestPromotion-7cc988fdd7d441adaeedc7469609f439/W-attack-1.png' with importer (TextureImporter)
Imported 'GUID: 588da400f9a3b4a1a95baeb9860a66f8' -> (Import Result ID: 'd3bed230adad6622a647d9e0571ea2e3') in 0.001 seconds [static and dynamic dependencies]. Details - ImportResultOutputID=2a49d69687fdcd47494d45e06f331161 DependenciesID=519ac20c356a9002cf46688f818835da StaticDependenciesID=4af05daa399fe5ce4161a6dc54c5f4ee 
Asset Pipeline Refresh (id=efbda1310ef2f4f14b40f4dda39a884c): Total: 0.015 seconds - Initiated by StopAssetImportingV2(NoUpdateAssetOptions)
Importing 'GUID: 588da400f9a3b4a1a95baeb9860a66f8 - Path: Assets/Janseon/Art/Characters/poc-explorer/TestPromotion-7cc988fdd7d441adaeedc7469609f439/W-attack-1.png' with importer (TextureImporter)
Imported 'GUID: 588da400f9a3b4a1a95baeb9860a66f8' -> (Import Result ID: 'fc6aa5153cfca94053332fdb2ab91a45') in 0.001 seconds [static and dynamic dependencies]. Details - ImportResultOutputID=e02e9d9f087ff09b63f619a1f0413aed DependenciesID=50b58acf4170c789eccc36f68168c621 StaticDependenciesID=666127d68e5c1d54cdc0aa21dd7844a3 
Asset Pipeline Refresh (id=c6793f505de784264b000f8ae092573a): Total: 0.018 seconds - Initiated by StopAssetImportingV2(NoUpdateAssetOptions)
Importing 'GUID: 041749a3bac5943fc8bc27994fedf917 - Path: Assets/Janseon/Art/Characters/poc-explorer/TestPromotion-7cc988fdd7d441adaeedc7469609f439/W-attack-2.png' with importer (TextureImporter)
Imported 'GUID: 041749a3bac5943fc8bc27994fedf917' -> (Import Result ID: '1d5f67991c0d6b6c82e1a6238edb3d5d') in 0.001 seconds [static and dynamic dependencies]. Details - ImportResultOutputID=0b1fbb3c5be86512f60975a1a8ab1f7f DependenciesID=5fb26347bcbd1eb5c1423daad9b3d819 StaticDependenciesID=b4847046c1f2a8faa1916557d76e49d4 
Asset Pipeline Refresh (id=315c4c098741747ae9643631845f0ba1): Total: 0.016 seconds - Initiated by StopAssetImportingV2(NoUpdateAssetOptions)
Importing 'GUID: 041749a3bac5943fc8bc27994fedf917 - Path: Assets/Janseon/Art/Characters/poc-explorer/TestPromotion-7cc988fdd7d441adaeedc7469609f439/W-attack-2.png' with importer (TextureImporter)
Imported 'GUID: 041749a3bac5943fc8bc27994fedf917' -> (Import Result ID: '61fa6ea269e4d848a7d8664274953571') in 0.001 seconds [static and dynamic dependencies]. Details - ImportResultOutputID=b907442bc1ca1f881090bdd5f9c32224 DependenciesID=0de1613bd5cc3075193fea5c2fc515bc StaticDependenciesID=0d8e1899165670ebda0e7475ed4f626e 
Asset Pipeline Refresh (id=b0a5d9ba52d9d44e28c4be6ae065d102): Total: 0.018 seconds - Initiated by StopAssetImportingV2(NoUpdateAssetOptions)
Importing 'GUID: d5d1eba10fe1442ef9cb64e99c05491f - Path: Assets/Janseon/Art/Characters/poc-explorer/TestPromotion-7cc988fdd7d441adaeedc7469609f439/W-attack-3.png' with importer (TextureImporter)
Imported 'GUID: d5d1eba10fe1442ef9cb64e99c05491f' -> (Import Result ID: 'f2b0142ee6d4601dbf077d74cb954b6e') in 0.001 seconds [static and dynamic dependencies]. Details - ImportResultOutputID=1cd57c5dab1a7bb07bf06dfa7a37a557 DependenciesID=191249db776d80f65483c92849bd2002 StaticDependenciesID=4636b3d7b3cd23b0b23e3c518c09d0b5 
Asset Pipeline Refresh (id=88490710f64b941559c7af2a467bfeb1): Total: 0.016 seconds - Initiated by StopAssetImportingV2(NoUpdateAssetOptions)
Importing 'GUID: d5d1eba10fe1442ef9cb64e99c05491f - Path: Assets/Janseon/Art/Characters/poc-explorer/TestPromotion-7cc988fdd7d441adaeedc7469609f439/W-attack-3.png' with importer (TextureImporter)
Imported 'GUID: d5d1eba10fe1442ef9cb64e99c05491f' -> (Import Result ID: '3d9af3973ff194ef7f2d6863a430710c') in 0.001 seconds [static and dynamic dependencies]. Details - ImportResultOutputID=8984659637b7bab8f8c3817f95dd05ac DependenciesID=f2ebadb5449e2197a4d8245bf21ec495 StaticDependenciesID=33aa2f77ee51b679d60f38f50bff9dc9 
Asset Pipeline Refresh (id=ac778fc9513f141d7966b6d553b2f517): Total: 0.018 seconds - Initiated by StopAssetImportingV2(NoUpdateAssetOptions)
Importing 'GUID: 3c4a07ca4f4fb4c59ad73d32304dbf8d - Path: Assets/Janseon/Art/Characters/poc-explorer/TestPromotion-7cc988fdd7d441adaeedc7469609f439/W-attack-4.png' with importer (TextureImporter)
Imported 'GUID: 3c4a07ca4f4fb4c59ad73d32304dbf8d' -> (Import Result ID: '2beb1c654003f266763e1e131ff07515') in 0.001 seconds [static and dynamic dependencies]. Details - ImportResultOutputID=8435d2b0dc0ae41db0b0c0408417d01d DependenciesID=4cae2458cb80b1d1f7b0c3441e41a0bb StaticDependenciesID=89280f629e3ac2b2c48e2b86d9312fb9 
Asset Pipeline Refresh (id=51ba9690397f1485fa4ffde92d70045d): Total: 0.016 seconds - Initiated by StopAssetImportingV2(NoUpdateAssetOptions)
Importing 'GUID: 3c4a07ca4f4fb4c59ad73d32304dbf8d - Path: Assets/Janseon/Art/Characters/poc-explorer/TestPromotion-7cc988fdd7d441adaeedc7469609f439/W-attack-4.png' with importer (TextureImporter)
Imported 'GUID: 3c4a07ca4f4fb4c59ad73d32304dbf8d' -> (Import Result ID: 'f8713ca2052c9d5665165e0de7383cc6') in 0.001 seconds [static and dynamic dependencies]. Details - ImportResultOutputID=134de45633e3265404acbc4504191e3a DependenciesID=48ffdc93a2f5d25e130696b0fce5ac33 StaticDependenciesID=787befe91a24bd5f3f82716ccd6dc69e 
Asset Pipeline Refresh (id=f7a58663514844cbaab0cd2686a1618a): Total: 0.018 seconds - Initiated by StopAssetImportingV2(NoUpdateAssetOptions)
Importing 'GUID: c08ff8153db7a47a5b1557bb2ed617cb - Path: Assets/Janseon/Art/Characters/poc-explorer/TestPromotion-7cc988fdd7d441adaeedc7469609f439/W-attack-5.png' with importer (TextureImporter)
Imported 'GUID: c08ff8153db7a47a5b1557bb2ed617cb' -> (Import Result ID: '57caa1f37591b4c9bdff2005b136bd04') in 0.001 seconds [static and dynamic dependencies]. Details - ImportResultOutputID=5731cf96cecfc1af5c4f2c72b02e14a8 DependenciesID=3bd3737eee15760847dd52e1c11eda39 StaticDependenciesID=7235b45a86c31e2f2882c350819e48a2 
Asset Pipeline Refresh (id=b4767d982de6440a59137363ca35b865): Total: 0.015 seconds - Initiated by StopAssetImportingV2(NoUpdateAssetOptions)
Importing 'GUID: c08ff8153db7a47a5b1557bb2ed617cb - Path: Assets/Janseon/Art/Characters/poc-explorer/TestPromotion-7cc988fdd7d441adaeedc7469609f439/W-attack-5.png' with importer (TextureImporter)
Imported 'GUID: c08ff8153db7a47a5b1557bb2ed617cb' -> (Import Result ID: '7f9562d699e8c302f654ef3a7f927995') in 0.001 seconds [static and dynamic dependencies]. Details - ImportResultOutputID=cf0fe618b5f485d647ac8afbda6da00f DependenciesID=087cf761cc651656ccbed910270baa66 StaticDependenciesID=5de65361f6422c74851db0e57ff281e1 
Asset Pipeline Refresh (id=28b6bb239e017459d801cd7259f8b57c): Total: 0.017 seconds - Initiated by StopAssetImportingV2(NoUpdateAssetOptions)
Importing 'GUID: 07c52e063925840a8b17448be9859cd8 - Path: Assets/Janseon/Art/Characters/poc-explorer/TestPromotion-7cc988fdd7d441adaeedc7469609f439/W-hit-0.png' with importer (TextureImporter)
Imported 'GUID: 07c52e063925840a8b17448be9859cd8' -> (Import Result ID: 'd812ddb9330d62ead32ed654bd139a33') in 0.001 seconds [static and dynamic dependencies]. Details - ImportResultOutputID=66f656eb596b812a99f33784877cf5ca DependenciesID=4a46d36d2f0f54ef31ed9f08d550a4fe StaticDependenciesID=c8e893052b5faaf6bdee5a0035887314 
Asset Pipeline Refresh (id=1c6afffa764b04241b9fcab8df40897d): Total: 0.016 seconds - Initiated by StopAssetImportingV2(NoUpdateAssetOptions)
Importing 'GUID: 07c52e063925840a8b17448be9859cd8 - Path: Assets/Janseon/Art/Characters/poc-explorer/TestPromotion-7cc988fdd7d441adaeedc7469609f439/W-hit-0.png' with importer (TextureImporter)
Imported 'GUID: 07c52e063925840a8b17448be9859cd8' -> (Import Result ID: '2332bed8d6232300c1d13bf2c31e361c') in 0.001 seconds [static and dynamic dependencies]. Details - ImportResultOutputID=7c32a779ae5154644cba99948450061c DependenciesID=a642040157cf1a9f708dcd3311f21ce8 StaticDependenciesID=f347155c8cc2f117541bef65de280e65 
Asset Pipeline Refresh (id=39ce6add57e7547a08ee57e11c06b4b6): Total: 0.018 seconds - Initiated by StopAssetImportingV2(NoUpdateAssetOptions)
Importing 'GUID: d00827524005d41b19131d59b3037695 - Path: Assets/Janseon/Art/Characters/poc-explorer/TestPromotion-7cc988fdd7d441adaeedc7469609f439/W-hit-1.png' with importer (TextureImporter)
Imported 'GUID: d00827524005d41b19131d59b3037695' -> (Import Result ID: 'f2505232140aae6681bef945af30719e') in 0.001 seconds [static and dynamic dependencies]. Details - ImportResultOutputID=802f9e0ebe475dad165eccc3bb345636 DependenciesID=bd7a66b15b1b1bf23d32eb49a4e5e36e StaticDependenciesID=9de1f4e6545298df67796fc90e31f999 
Asset Pipeline Refresh (id=ec8a8ca60b17e4f71a41cb6b09ec297c): Total: 0.016 seconds - Initiated by StopAssetImportingV2(NoUpdateAssetOptions)
Importing 'GUID: d00827524005d41b19131d59b3037695 - Path: Assets/Janseon/Art/Characters/poc-explorer/TestPromotion-7cc988fdd7d441adaeedc7469609f439/W-hit-1.png' with importer (TextureImporter)
Imported 'GUID: d00827524005d41b19131d59b3037695' -> (Import Result ID: 'ffe2a751d833ff48983ade3ecc22fc0b') in 0.001 seconds [static and dynamic dependencies]. Details - ImportResultOutputID=15f219d00ecee1acb1b5a60ce734e57d DependenciesID=b0e2f4b7ed3043cb1488ade8e747280d StaticDependenciesID=ea608b59efb738c9df9806aae6621f8c 
Asset Pipeline Refresh (id=43d429dd7f0af46b08b071bd57b53f59): Total: 0.018 seconds - Initiated by StopAssetImportingV2(NoUpdateAssetOptions)
Importing 'GUID: c9afb100595a54c93a882dd09c99741e - Path: Assets/Janseon/Art/Characters/poc-explorer/TestPromotion-7cc988fdd7d441adaeedc7469609f439/W-hit-2.png' with importer (TextureImporter)
Imported 'GUID: c9afb100595a54c93a882dd09c99741e' -> (Import Result ID: '8853a01baece42b614946a4935a9a33e') in 0.001 seconds [static and dynamic dependencies]. Details - ImportResultOutputID=b48bc99cee22bad33f30ee2de0d45278 DependenciesID=904a89b848635d9f035bfda335a54521 StaticDependenciesID=a3016cf1b3bd6ac2e06d2834584ab3e9 
Asset Pipeline Refresh (id=ffd3c7f9d810a44de96dfb09c7bed8e6): Total: 0.016 seconds - Initiated by StopAssetImportingV2(NoUpdateAssetOptions)
Importing 'GUID: c9afb100595a54c93a882dd09c99741e - Path: Assets/Janseon/Art/Characters/poc-explorer/TestPromotion-7cc988fdd7d441adaeedc7469609f439/W-hit-2.png' with importer (TextureImporter)
Imported 'GUID: c9afb100595a54c93a882dd09c99741e' -> (Import Result ID: '825e8b23e93215ba743de35874ef7ea0') in 0.001 seconds [static and dynamic dependencies]. Details - ImportResultOutputID=edf0af6562ce3fe7787b8698dababd34 DependenciesID=1a0cf475c1d0e88b6503da01b4762fcc StaticDependenciesID=a6ced60dc6bc73b652a14c98cce31733 
Asset Pipeline Refresh (id=c0a57dbad296042cc9d2d0a906a1e2e7): Total: 0.017 seconds - Initiated by StopAssetImportingV2(NoUpdateAssetOptions)
Importing 'GUID: 90ee68fd09629421290d434d291713ee - Path: Assets/Janseon/Art/Characters/poc-explorer/TestPromotion-7cc988fdd7d441adaeedc7469609f439/W-down-0.png' with importer (TextureImporter)
Imported 'GUID: 90ee68fd09629421290d434d291713ee' -> (Import Result ID: 'f71e69579170fa650733cb5d8de8052c') in 0.001 seconds [static and dynamic dependencies]. Details - ImportResultOutputID=16718c08e7b723959957d078af5b3c04 DependenciesID=8f88a61cd074cdc9257803ea00b8ad1f StaticDependenciesID=0c3516823446c62447f7f97095d0a75f 
Asset Pipeline Refresh (id=e80e9f0b09b824de8adb4e10aed2cfb3): Total: 0.016 seconds - Initiated by StopAssetImportingV2(NoUpdateAssetOptions)
Importing 'GUID: 90ee68fd09629421290d434d291713ee - Path: Assets/Janseon/Art/Characters/poc-explorer/TestPromotion-7cc988fdd7d441adaeedc7469609f439/W-down-0.png' with importer (TextureImporter)
Imported 'GUID: 90ee68fd09629421290d434d291713ee' -> (Import Result ID: '428e9f9db71558d315998944fb73780b') in 0.001 seconds [static and dynamic dependencies]. Details - ImportResultOutputID=0d6168f92db2a9c5c816f21bd8e5af18 DependenciesID=e65ff3e188d83372bb967fdc6373cb61 StaticDependenciesID=bcc1b260abc59a33f4e9c8ba69f5d133 
Asset Pipeline Refresh (id=070407e71f29f44aa8b1242a9ea7e104): Total: 0.018 seconds - Initiated by StopAssetImportingV2(NoUpdateAssetOptions)
Importing 'GUID: ab9dd3d6b2c0c4d7a97c479d80be083b - Path: Assets/Janseon/Art/Characters/poc-explorer/TestPromotion-7cc988fdd7d441adaeedc7469609f439/W-down-1.png' with importer (TextureImporter)
Imported 'GUID: ab9dd3d6b2c0c4d7a97c479d80be083b' -> (Import Result ID: '26d986969fae7226984fc72b2dcf6fc3') in 0.001 seconds [static and dynamic dependencies]. Details - ImportResultOutputID=390b857f18c2c7bfa465917f10c85498 DependenciesID=6fc2c5fd968b1618f7dccc5767cd164d StaticDependenciesID=93bed8844624133fc79a27c12734e9af 
Asset Pipeline Refresh (id=873b2966154b143ecabb245908667c99): Total: 0.015 seconds - Initiated by StopAssetImportingV2(NoUpdateAssetOptions)
Importing 'GUID: ab9dd3d6b2c0c4d7a97c479d80be083b - Path: Assets/Janseon/Art/Characters/poc-explorer/TestPromotion-7cc988fdd7d441adaeedc7469609f439/W-down-1.png' with importer (TextureImporter)
Imported 'GUID: ab9dd3d6b2c0c4d7a97c479d80be083b' -> (Import Result ID: 'd77385534f60d7c5209a35331890f015') in 0.001 seconds [static and dynamic dependencies]. Details - ImportResultOutputID=5811476521e445b176eed2a600242643 DependenciesID=a5386d8759f793108031b2f7e7b9cf25 StaticDependenciesID=857332eabb088a993ccbac92626721ee 
Asset Pipeline Refresh (id=c7efc025fe2bb4c149e9e87d54eeff4d): Total: 0.018 seconds - Initiated by StopAssetImportingV2(NoUpdateAssetOptions)
Importing 'GUID: 37dd901dceddf4fcfbe8ba0176bdbb7a - Path: Assets/Janseon/Art/Characters/poc-explorer/TestPromotion-7cc988fdd7d441adaeedc7469609f439/W-down-2.png' with importer (TextureImporter)
Imported 'GUID: 37dd901dceddf4fcfbe8ba0176bdbb7a' -> (Import Result ID: 'd4f9d33eb0ca70ea526092847c6ef0ce') in 0.001 seconds [static and dynamic dependencies]. Details - ImportResultOutputID=da3240f79efc87e9ca292c0fec7d1d3e DependenciesID=ffa261d7fe399d68f2860a509aaadd30 StaticDependenciesID=574e32c0be96bf7415740902018eab91 
Asset Pipeline Refresh (id=f6fa44eb2435f4869b08cdc84503fb9e): Total: 0.015 seconds - Initiated by StopAssetImportingV2(NoUpdateAssetOptions)
Importing 'GUID: 37dd901dceddf4fcfbe8ba0176bdbb7a - Path: Assets/Janseon/Art/Characters/poc-explorer/TestPromotion-7cc988fdd7d441adaeedc7469609f439/W-down-2.png' with importer (TextureImporter)
Imported 'GUID: 37dd901dceddf4fcfbe8ba0176bdbb7a' -> (Import Result ID: '55878bb4bee109570fd78855ae1764df') in 0.001 seconds [static and dynamic dependencies]. Details - ImportResultOutputID=e7ca35056d79c07d3f91a14442e1912a DependenciesID=ffd69c5790c4561c2510b5fe26371cb9 StaticDependenciesID=061b4918ad0a4f28b80135e2d7e45781 
Asset Pipeline Refresh (id=a300817b282434435bc0f0a134029bd9): Total: 0.018 seconds - Initiated by StopAssetImportingV2(NoUpdateAssetOptions)
Importing 'GUID: 4da0fb985f8a746d8b664b179d65bbf8 - Path: Assets/Janseon/Art/Characters/poc-explorer/TestPromotion-7cc988fdd7d441adaeedc7469609f439/W-down-3.png' with importer (TextureImporter)
Imported 'GUID: 4da0fb985f8a746d8b664b179d65bbf8' -> (Import Result ID: '970d740d309e5cb7851f9bffba3c9545') in 0.001 seconds [static and dynamic dependencies]. Details - ImportResultOutputID=be20a6e84a1afa1b313dd94a7d5627b2 DependenciesID=6f2e922565d25bd568dd7d7d26921f45 StaticDependenciesID=0d604e28d81f20f677d464d08cfac58f 
Asset Pipeline Refresh (id=f1755a60d1125477aacc603011f10106): Total: 0.016 seconds - Initiated by StopAssetImportingV2(NoUpdateAssetOptions)
Importing 'GUID: 4da0fb985f8a746d8b664b179d65bbf8 - Path: Assets/Janseon/Art/Characters/poc-explorer/TestPromotion-7cc988fdd7d441adaeedc7469609f439/W-down-3.png' with importer (TextureImporter)
Imported 'GUID: 4da0fb985f8a746d8b664b179d65bbf8' -> (Import Result ID: '3e1c181cc2b0a63152e5f6dd6b657765') in 0.001 seconds [static and dynamic dependencies]. Details - ImportResultOutputID=a23c0a60311d99514fccf9493202f848 DependenciesID=6b8ab37e8a8ce33b1c5c55bdc73e85bf StaticDependenciesID=c6914c91822d6db8d4970fd04c343680 
Asset Pipeline Refresh (id=4fc3234f2b64e4dd9a15c7fc2fb0be21): Total: 0.018 seconds - Initiated by StopAssetImportingV2(NoUpdateAssetOptions)
Importing 'GUID: 58c3005c347f040a9909efb9e25500ec - Path: Assets/Janseon/Art/Characters/poc-explorer/TestPromotion-7cc988fdd7d441adaeedc7469609f439/N-idle-clip.anim' with importer (NativeFormatImporter)
Imported 'GUID: 58c3005c347f040a9909efb9e25500ec' -> (Import Result ID: 'c6dbd90bbefb185ec456822291178569') in 0.000 seconds [static dependencies only]. Details - ImportResultOutputID=c5e4e3de6bccad00a6e2621416eeffbf DependenciesID=a6a487b7ba62e50e134e3321fa9f3c7e StaticDependenciesID=6bceba933c333c5c43300075d67d7a43 
Asset Pipeline Refresh (id=68036560d60544abb8e7a5173d2214c0): Total: 0.015 seconds - Initiated by StopAssetImportingV2(NoUpdateAssetOptions)
Importing 'GUID: 8d84f35e23be14f0f9aac2a9e325af96 - Path: Assets/Janseon/Art/Characters/poc-explorer/TestPromotion-7cc988fdd7d441adaeedc7469609f439/N-walk-clip.anim' with importer (NativeFormatImporter)
Imported 'GUID: 8d84f35e23be14f0f9aac2a9e325af96' -> (Import Result ID: 'b00c0b335de5c1d2a6c5c64b94c6f7e2') in 0.000 seconds [static dependencies only]. Details - ImportResultOutputID=1c73b7d5bfc1dc02080efc0b3c70c2e1 DependenciesID=35f6dc5ac6509b70b10882672b1eab8a StaticDependenciesID=8c44e23242007196afdfe52279c70daa 
Asset Pipeline Refresh (id=59ae5237eaf444a75a9d69ea5ac8c2ee): Total: 0.015 seconds - Initiated by StopAssetImportingV2(NoUpdateAssetOptions)
Importing 'GUID: d9e415846f4b446b19e22041625c5622 - Path: Assets/Janseon/Art/Characters/poc-explorer/TestPromotion-7cc988fdd7d441adaeedc7469609f439/N-attack-clip.anim' with importer (NativeFormatImporter)
Imported 'GUID: d9e415846f4b446b19e22041625c5622' -> (Import Result ID: '5f9a95e43f6b1bab321f1c1fa9669046') in 0.000 seconds [static dependencies only]. Details - ImportResultOutputID=f16c62f6d4e663ed296570c583e217df DependenciesID=fe4829d5e48116771ca53585f2d215ba StaticDependenciesID=ebcb1041c02d3c4d5d7ab302d31d2701 
Asset Pipeline Refresh (id=a994e28d22d3d40fab22122dd4f38687): Total: 0.015 seconds - Initiated by StopAssetImportingV2(NoUpdateAssetOptions)
Importing 'GUID: b1fe1c948987a40ec89387ae350a7aa1 - Path: Assets/Janseon/Art/Characters/poc-explorer/TestPromotion-7cc988fdd7d441adaeedc7469609f439/N-hit-clip.anim' with importer (NativeFormatImporter)
Imported 'GUID: b1fe1c948987a40ec89387ae350a7aa1' -> (Import Result ID: '8c5c8448dc6a0192f9c364412a5101d7') in 0.000 seconds [static dependencies only]. Details - ImportResultOutputID=3cabf285daab574904c0c9d3ebc01c9c DependenciesID=3d6a73c99b1f5e8e218c1f97167fab7e StaticDependenciesID=6c3d54b85492bd53c3afa8ced211170c 
Asset Pipeline Refresh (id=76c70acb706ca4550a97c6e83e60f9d2): Total: 0.015 seconds - Initiated by StopAssetImportingV2(NoUpdateAssetOptions)
Importing 'GUID: e68275e0f159e4feb815fab89a81fe72 - Path: Assets/Janseon/Art/Characters/poc-explorer/TestPromotion-7cc988fdd7d441adaeedc7469609f439/N-down-clip.anim' with importer (NativeFormatImporter)
Imported 'GUID: e68275e0f159e4feb815fab89a81fe72' -> (Import Result ID: 'ff0106c41bbb9555639f57eb2421b4c4') in 0.000 seconds [static dependencies only]. Details - ImportResultOutputID=53a285f31d1d56185e0cb5c58bce6e26 DependenciesID=5929e63ff314567179d648842ddd3900 StaticDependenciesID=e518869d88a34dda9b0ed3a467268f72 
Asset Pipeline Refresh (id=49551d6ec0dbd477fbde209b5f00d9f6): Total: 0.015 seconds - Initiated by StopAssetImportingV2(NoUpdateAssetOptions)
Importing 'GUID: d89c47b0abbe445908462ab47f709c2e - Path: Assets/Janseon/Art/Characters/poc-explorer/TestPromotion-7cc988fdd7d441adaeedc7469609f439/E-idle-clip.anim' with importer (NativeFormatImporter)
Imported 'GUID: d89c47b0abbe445908462ab47f709c2e' -> (Import Result ID: '4858b406dca20f66aa60f6aa7759a06d') in 0.000 seconds [static dependencies only]. Details - ImportResultOutputID=ed524b4af9022f9e67640a359c7e4c1e DependenciesID=7ab447b5d30937fc072a848a2f49ba29 StaticDependenciesID=2e72fcc511606e02c4f921d176269c43 
Asset Pipeline Refresh (id=46be8c2a5a1f94a039500a1fcdace5be): Total: 0.015 seconds - Initiated by StopAssetImportingV2(NoUpdateAssetOptions)
Importing 'GUID: 85719013760d841ed957caa3efc14733 - Path: Assets/Janseon/Art/Characters/poc-explorer/TestPromotion-7cc988fdd7d441adaeedc7469609f439/E-walk-clip.anim' with importer (NativeFormatImporter)
Imported 'GUID: 85719013760d841ed957caa3efc14733' -> (Import Result ID: 'dd3b1187cd8a1b334af13891e36be7b2') in 0.000 seconds [static dependencies only]. Details - ImportResultOutputID=819c3cd9f0be5a95124d1e79c30bae03 DependenciesID=18cd4dc1e8c1c94f2886d6912f649cd1 StaticDependenciesID=5c45b617eda30a1d5d74725a75daffea 
Asset Pipeline Refresh (id=130c8c332799443ec96a1db7dd60da25): Total: 0.015 seconds - Initiated by StopAssetImportingV2(NoUpdateAssetOptions)
Importing 'GUID: 7bd55aa87fae348809574bd05351d28d - Path: Assets/Janseon/Art/Characters/poc-explorer/TestPromotion-7cc988fdd7d441adaeedc7469609f439/E-attack-clip.anim' with importer (NativeFormatImporter)
Imported 'GUID: 7bd55aa87fae348809574bd05351d28d' -> (Import Result ID: 'a9d9d67375545874d64698d54decaa6c') in 0.000 seconds [static dependencies only]. Details - ImportResultOutputID=835260055c66a6217b172c4589aa4f45 DependenciesID=0084a16c0ed9a3049979baf4b17075d4 StaticDependenciesID=fe44314612c7e4a54dcb5def854fa0d0 
Asset Pipeline Refresh (id=47e0aeb24cc814da1ba4479df1243726): Total: 0.015 seconds - Initiated by StopAssetImportingV2(NoUpdateAssetOptions)
Importing 'GUID: 30481cd83d7984311954e10adee8d107 - Path: Assets/Janseon/Art/Characters/poc-explorer/TestPromotion-7cc988fdd7d441adaeedc7469609f439/E-hit-clip.anim' with importer (NativeFormatImporter)
Imported 'GUID: 30481cd83d7984311954e10adee8d107' -> (Import Result ID: '50c2bda1036b63f94dcb6504289d6181') in 0.000 seconds [static dependencies only]. Details - ImportResultOutputID=ebee4c1aa431554c3dbf35b37ba40962 DependenciesID=3d4db19b9c14b619fec7e8e803383af3 StaticDependenciesID=dec017151e10389373512d7e8361c773 
Asset Pipeline Refresh (id=afcad0b1adf374c7aaa5914950eab7f0): Total: 0.015 seconds - Initiated by StopAssetImportingV2(NoUpdateAssetOptions)
Importing 'GUID: 8e5d1dffecc994513a87843018ff6f5d - Path: Assets/Janseon/Art/Characters/poc-explorer/TestPromotion-7cc988fdd7d441adaeedc7469609f439/E-down-clip.anim' with importer (NativeFormatImporter)
Imported 'GUID: 8e5d1dffecc994513a87843018ff6f5d' -> (Import Result ID: '012854e745239c4926fb6c186146eb06') in 0.000 seconds [static dependencies only]. Details - ImportResultOutputID=34139d702fe8fc6b33900c34f1e8761c DependenciesID=4bbd9c8352ece43f18dca2468cc6a96a StaticDependenciesID=d43d24ffead7480b5949bdd956b55d45 
Asset Pipeline Refresh (id=14782fe499fbf4c86b009529d69e26ec): Total: 0.015 seconds - Initiated by StopAssetImportingV2(NoUpdateAssetOptions)
Importing 'GUID: 5e8742832c6f2424fac77d3489d45f9e - Path: Assets/Janseon/Art/Characters/poc-explorer/TestPromotion-7cc988fdd7d441adaeedc7469609f439/S-idle-clip.anim' with importer (NativeFormatImporter)
Imported 'GUID: 5e8742832c6f2424fac77d3489d45f9e' -> (Import Result ID: '3e41ea493438ea562e3927cfd4397d44') in 0.000 seconds [static dependencies only]. Details - ImportResultOutputID=4adc00d0988817e2deded468ee8cead7 DependenciesID=f091a482eb6f42a9c780e23a85eecdf5 StaticDependenciesID=7219e3b93f99d8db40a8b52cce55d898 
Asset Pipeline Refresh (id=54eefde725ff44cbd87adf5e2d04098b): Total: 0.015 seconds - Initiated by StopAssetImportingV2(NoUpdateAssetOptions)
Importing 'GUID: 13f0b52adb1b04b2087feda525e5f771 - Path: Assets/Janseon/Art/Characters/poc-explorer/TestPromotion-7cc988fdd7d441adaeedc7469609f439/S-walk-clip.anim' with importer (NativeFormatImporter)
Imported 'GUID: 13f0b52adb1b04b2087feda525e5f771' -> (Import Result ID: 'dcb9645321f58382c197ec6a1f51c196') in 0.000 seconds [static dependencies only]. Details - ImportResultOutputID=4cd0372c565f3f9e0b1d0a76e4497786 DependenciesID=01efc6c2f8ea908e1336db293032e2a9 StaticDependenciesID=66603be2925869e019453e5aa7ac1de3 
Asset Pipeline Refresh (id=83ccef38ee3ae4cf2b2a63371e3b2783): Total: 0.015 seconds - Initiated by StopAssetImportingV2(NoUpdateAssetOptions)
Importing 'GUID: f236882e51c4a45e3a149d412f758393 - Path: Assets/Janseon/Art/Characters/poc-explorer/TestPromotion-7cc988fdd7d441adaeedc7469609f439/S-attack-clip.anim' with importer (NativeFormatImporter)
Imported 'GUID: f236882e51c4a45e3a149d412f758393' -> (Import Result ID: '906c8802cbcacd558aa66e6dc82d4399') in 0.000 seconds [static dependencies only]. Details - ImportResultOutputID=9f43ea0b91a961a10c43163d95f1d353 DependenciesID=cf2faf201c8bd2d571faeea8ece39fec StaticDependenciesID=ccea674500d4307518f908acdb3f586d 
Asset Pipeline Refresh (id=074ebe35eb882449db0c21123f622333): Total: 0.015 seconds - Initiated by StopAssetImportingV2(NoUpdateAssetOptions)
Importing 'GUID: bc06589571c084c65884a8a9bf553de8 - Path: Assets/Janseon/Art/Characters/poc-explorer/TestPromotion-7cc988fdd7d441adaeedc7469609f439/S-hit-clip.anim' with importer (NativeFormatImporter)
Imported 'GUID: bc06589571c084c65884a8a9bf553de8' -> (Import Result ID: 'd55e6b822c38c7fe266cac1bd96d7cb6') in 0.000 seconds [static dependencies only]. Details - ImportResultOutputID=0f0f7f333e45c6c76ce5fe91986cef96 DependenciesID=cfca0ea2c171985886918bc52d7d0c04 StaticDependenciesID=9347c73bb2ca917c8d99431601c95bc4 
Asset Pipeline Refresh (id=a0c82584d1a8547ae89a8b52d00b7e61): Total: 0.016 seconds - Initiated by StopAssetImportingV2(NoUpdateAssetOptions)
Importing 'GUID: 2b540ae3d3a14466e8295f7ca3674728 - Path: Assets/Janseon/Art/Characters/poc-explorer/TestPromotion-7cc988fdd7d441adaeedc7469609f439/S-down-clip.anim' with importer (NativeFormatImporter)
Imported 'GUID: 2b540ae3d3a14466e8295f7ca3674728' -> (Import Result ID: '4b1a3cc1480a5dadd4c1b15b81e48c12') in 0.000 seconds [static dependencies only]. Details - ImportResultOutputID=023e6c2d23206cae1d44ef36b9180a06 DependenciesID=4136aaf39012c9625bf34032e7a63345 StaticDependenciesID=9082412aafd437b0cdee5c472c58bdd8 
Asset Pipeline Refresh (id=0bc1a75d628814ee2bf17ffd481cbd1b): Total: 0.015 seconds - Initiated by StopAssetImportingV2(NoUpdateAssetOptions)
Importing 'GUID: 4ac15b0fe7c094c149dbc57fa30108f9 - Path: Assets/Janseon/Art/Characters/poc-explorer/TestPromotion-7cc988fdd7d441adaeedc7469609f439/W-idle-clip.anim' with importer (NativeFormatImporter)
Imported 'GUID: 4ac15b0fe7c094c149dbc57fa30108f9' -> (Import Result ID: '9313c89746d5dcf13fb4d15f1846e533') in 0.000 seconds [static dependencies only]. Details - ImportResultOutputID=3a319662e0d6b7dcef36bb77a49f4b23 DependenciesID=5a84b413446ac965653adf661d9dddd4 StaticDependenciesID=f9200ca271f087a96567e4ae194c2d79 
Asset Pipeline Refresh (id=2b577e4288dc84db892229d75c263a50): Total: 0.015 seconds - Initiated by StopAssetImportingV2(NoUpdateAssetOptions)
Importing 'GUID: fe1068de4c3174e849173e93669517ac - Path: Assets/Janseon/Art/Characters/poc-explorer/TestPromotion-7cc988fdd7d441adaeedc7469609f439/W-walk-clip.anim' with importer (NativeFormatImporter)
Imported 'GUID: fe1068de4c3174e849173e93669517ac' -> (Import Result ID: 'c744d6c8e22f0d70d3c8b8b71ef782d3') in 0.000 seconds [static dependencies only]. Details - ImportResultOutputID=1f413eecd570d5a2df5cebc00943983c DependenciesID=d246f8ad5184b5a8dc52ca1a839fa4dc StaticDependenciesID=fab50f2cc776669c67823b8a3cb4cff8 
Asset Pipeline Refresh (id=6dac3a75a5b824d89b71d784aafcaf8d): Total: 0.016 seconds - Initiated by StopAssetImportingV2(NoUpdateAssetOptions)
Importing 'GUID: c50672ca37f4040d6b8ecfa1eae73c2f - Path: Assets/Janseon/Art/Characters/poc-explorer/TestPromotion-7cc988fdd7d441adaeedc7469609f439/W-attack-clip.anim' with importer (NativeFormatImporter)
Imported 'GUID: c50672ca37f4040d6b8ecfa1eae73c2f' -> (Import Result ID: 'a9606742547fe184e7a47a168afa6e71') in 0.000 seconds [static dependencies only]. Details - ImportResultOutputID=9604cdec96b0b41dbc6aa681b1424f3a DependenciesID=32730b59959918ab94a6f20a9d5eff6f StaticDependenciesID=bd4c38e5737a3c8f71f8a5a7836287b7 
Asset Pipeline Refresh (id=77ca4a60902fa4b5f95a1e245bd28921): Total: 0.015 seconds - Initiated by StopAssetImportingV2(NoUpdateAssetOptions)
Importing 'GUID: 6cc4053b5cee84f29a24f0239494b17f - Path: Assets/Janseon/Art/Characters/poc-explorer/TestPromotion-7cc988fdd7d441adaeedc7469609f439/W-hit-clip.anim' with importer (NativeFormatImporter)
Imported 'GUID: 6cc4053b5cee84f29a24f0239494b17f' -> (Import Result ID: 'b0e6ac469d2880de56beefca624182bd') in 0.000 seconds [static dependencies only]. Details - ImportResultOutputID=a8d2976a0b79fcf2001636581f6f0f8c DependenciesID=97a7bd3b7c802e856157f4f62bbacf5b StaticDependenciesID=508d68280dfe92884ce32cad69530dd9 
Asset Pipeline Refresh (id=40ad7f26ca5fa460c9a77596b79e5ec4): Total: 0.015 seconds - Initiated by StopAssetImportingV2(NoUpdateAssetOptions)
Importing 'GUID: 9f2984c545aea47848f309c85ba68f32 - Path: Assets/Janseon/Art/Characters/poc-explorer/TestPromotion-7cc988fdd7d441adaeedc7469609f439/W-down-clip.anim' with importer (NativeFormatImporter)
Imported 'GUID: 9f2984c545aea47848f309c85ba68f32' -> (Import Result ID: 'd1ce12ff1f69d8a5e46459c53fb95aab') in 0.000 seconds [static dependencies only]. Details - ImportResultOutputID=42258891578a3acd37c52b1009c515cc DependenciesID=5852819ac64ae5ac2c12440995433d4b StaticDependenciesID=6857dbcfef74a8127dd9a702f8d8beec 
Asset Pipeline Refresh (id=5612f52f5839b482ba58992329d7aa6d): Total: 0.015 seconds - Initiated by StopAssetImportingV2(NoUpdateAssetOptions)
RUNTIME_SLOT_PROMOTION_OK slot=character-explorer fixture=True
UnityEngine.Debug:ExtractStackTraceNoAlloc (byte*,int,string)
UnityEngine.StackTraceUtility:ExtractStackTrace () (at /Users/bokken/build/output/unity/unity/Runtime/Export/Scripting/StackTrace.cs:23)
UnityEngine.DebugLogHandler:Internal_Log (UnityEngine.LogType,UnityEngine.LogOption,string,UnityEngine.Object)
UnityEngine.DebugLogHandler:LogFormat (UnityEngine.LogType,UnityEngine.Object,string,object[])
UnityEngine.Logger:Log (UnityEngine.LogType,object)
UnityEngine.Debug:Log (object)
Janseon.Foundation.Editor.RuntimeSlotPromoter:Promote (string) (at Assets/Janseon/Foundation/Editor/RuntimeSlotPromoter.cs:108)
System.Reflection.RuntimeMethodInfo:Invoke (object,System.Reflection.BindingFlags,System.Reflection.Binder,object[],System.Globalization.CultureInfo)
System.Reflection.MethodBase:Invoke (object,object[])
Janseon.Foundation.Tests.RuntimeSlotPromotionTests:Promote (string) (at Assets/Tests/EditMode/RuntimeSlotPromotionTests.cs:172)
Janseon.Foundation.Tests.RuntimeSlotPromotionTests:CharacterClips_RetargetRuntimeSpritesWithoutChangingReviewedPacket () (at Assets/Tests/EditMode/RuntimeSlotPromotionTests.cs:126)
System.Reflection.RuntimeMethodInfo:Invoke (object,System.Reflection.BindingFlags,System.Reflection.Binder,object[],System.Globalization.CultureInfo)
System.Reflection.MethodBase:Invoke (object,object[])
NUnit.Framework.Internal.Reflect:InvokeMethod (System.Reflection.MethodInfo,object,object[])
NUnit.Framework.Internal.MethodWrapper:Invoke (object,object[])
NUnit.Framework.Internal.Commands.TestMethodCommand:RunNonAsyncTestMethod (NUnit.Framework.Internal.ITestExecutionContext)
NUnit.Framework.Internal.Commands.TestMethodCommand:RunTestMethod (NUnit.Framework.Internal.ITestExecutionContext)
NUnit.Framework.Internal.Commands.TestMethodCommand:Execute (NUnit.Framework.Internal.ITestExecutionContext)
UnityEngine.TestTools.UnityTestMethodCommand:Execute (NUnit.Framework.Internal.ITestExecutionContext) (at ./Library/PackageCache/com.unity.test-framework@4c309923fa3b/UnityEngine.TestRunner/NUnitExtensions/Commands/UnityTestMethodCommand.cs:19)
UnityEngine.TestRunner.NUnitExtensions.Runner.UnityLogCheckDelegatingCommand/<>c__DisplayClass3_0:<Execute>b__0 () (at ./Library/PackageCache/com.unity.test-framework@4c309923fa3b/UnityEngine.TestRunner/NUnitExtensions/Runner/UnityLogCheckDelegatingCommand.cs:32)
UnityEngine.TestRunner.NUnitExtensions.Runner.UnityLogCheckDelegatingCommand:CaptureException (NUnit.Framework.Internal.TestResult,System.Action) (at ./Library/PackageCache/com.unity.test-framework@4c309923fa3b/UnityEngine.TestRunner/NUnitExtensions/Runner/UnityLogCheckDelegatingCommand.cs:93)
UnityEngine.TestRunner.NUnitExtensions.Runner.UnityLogCheckDelegatingCommand:ExecuteAndCheckLog (UnityEngine.TestTools.Logging.LogScope,NUnit.Framework.Internal.TestResult,System.Action) (at ./Library/PackageCache/com.unity.test-framework@4c309923fa3b/UnityEngine.TestRunner/NUnitExtensions/Runner/UnityLogCheckDelegatingCommand.cs:104)
UnityEngine.TestRunner.NUnitExtensions.Runner.UnityLogCheckDelegatingCommand:Execute (NUnit.Framework.Internal.ITestExecutionContext) (at ./Library/PackageCache/com.unity.test-framework@4c309923fa3b/UnityEngine.TestRunner/NUnitExtensions/Runner/UnityLogCheckDelegatingCommand.cs:32)
UnityEngine.TestRunner.NUnitExtensions.Runner.UnityLogCheckDelegatingCommand/<ExecuteEnumerable>d__4:MoveNext () (at ./Library/PackageCache/com.unity.test-framework@4c309923fa3b/UnityEngine.TestRunner/NUnitExtensions/Runner/UnityLogCheckDelegatingCommand.cs:43)
UnityEngine.TestTools.BeforeAfterTestCommandBase`1/<ExecuteEnumerable>d__16<NUnit.Framework.ITestAction>:MoveNext () (at ./Library/PackageCache/com.unity.test-framework@4c309923fa3b/UnityEngine.TestRunner/NUnitExtensions/Commands/BeforeAfterTestCommandBase.cs:213)
UnityEngine.TestTools.ImmediateEnumerableCommand:Execute (NUnit.Framework.Internal.ITestExecutionContext) (at ./Library/PackageCache/com.unity.test-framework@4c309923fa3b/UnityEngine.TestRunner/NUnitExtensions/Commands/ImmediateEnumerableCommand.cs:18)
UnityEngine.TestTools.BeforeAfterTestCommandBase`1/<ExecuteEnumerable>d__16<System.Reflection.MethodInfo>:MoveNext () (at ./Library/PackageCache/com.unity.test-framework@4c309923fa3b/UnityEngine.TestRunner/NUnitExtensions/Commands/BeforeAfterTestCommandBase.cs:220)
UnityEngine.TestTools.BeforeAfterTestCommandBase`1/<ExecuteEnumerable>d__16<System.Reflection.MethodInfo>:MoveNext () (at ./Library/PackageCache/com.unity.test-framework@4c309923fa3b/UnityEngine.TestRunner/NUnitExtensions/Commands/BeforeAfterTestCommandBase.cs:213)
UnityEngine.TestTools.BeforeAfterTestCommandBase`1/<ExecuteEnumerable>d__16<UnityEngine.TestTools.IOuterUnityTestAction>:MoveNext () (at ./Library/PackageCache/com.unity.test-framework@4c309923fa3b/UnityEngine.TestRunner/NUnitExtensions/Commands/BeforeAfterTestCommandBase.cs:213)
UnityEngine.TestTools.RetryCommand/<ExecuteEnumerable>d__2:MoveNext () (at ./Library/PackageCache/com.unity.test-framework@4c309923fa3b/UnityEngine.TestRunner/NUnitExtensions/Commands/RetryCommand.cs:37)
UnityEngine.TestTools.RepeatCommand/<ExecuteEnumerable>d__2:MoveNext () (at ./Library/PackageCache/com.unity.test-framework@4c309923fa3b/UnityEngine.TestRunner/NUnitExtensions/Commands/RepeatCommand.cs:36)
UnityEngine.TestTools.IgnoreTestCommand/<ExecuteEnumerable>d__3:MoveNext () (at ./Library/PackageCache/com.unity.test-framework@4c309923fa3b/UnityEngine.TestRunner/NUnitExtensions/Commands/IgnoreTestCommand.cs:42)
UnityEngine.TestTools.StrictCheckCommand/<ExecuteEnumerable>d__2:MoveNext () (at ./Library/PackageCache/com.unity.test-framework@4c309923fa3b/UnityEngine.TestRunner/NUnitExtensions/Commands/StrictCheckCommand.cs:29)
UnityEngine.TestRunner.NUnitExtensions.Runner.DefaultTestWorkItem/<PerformWork>d__2:MoveNext () (at ./Library/PackageCache/com.unity.test-framework@4c309923fa3b/UnityEngine.TestRunner/NUnitExtensions/Runner/DefaultTestWorkItem.cs:58)
UnityEngine.TestRunner.NUnitExtensions.Runner.CompositeWorkItem/<RunChildren>d__26:MoveNext () (at ./Library/PackageCache/com.unity.test-framework@4c309923fa3b/UnityEngine.TestRunner/NUnitExtensions/Runner/CompositeWorkItem.cs:460)
UnityEngine.TestRunner.NUnitExtensions.Runner.CompositeWorkItem/<PerformWork>d__15:MoveNext () (at ./Library/PackageCache/com.unity.test-framework@4c309923fa3b/UnityEngine.TestRunner/NUnitExtensions/Runner/CompositeWorkItem.cs:109)
UnityEngine.TestRunner.NUnitExtensions.Runner.CompositeWorkItem/<RunChildren>d__26:MoveNext () (at ./Library/PackageCache/com.unity.test-framework@4c309923fa3b/UnityEngine.TestRunner/NUnitExtensions/Runner/CompositeWorkItem.cs:460)
UnityEngine.TestRunner.NUnitExtensions.Runner.CompositeWorkItem/<PerformWork>d__15:MoveNext () (at ./Library/PackageCache/com.unity.test-framework@4c309923fa3b/UnityEngine.TestRunner/NUnitExtensions/Runner/CompositeWorkItem.cs:109)
UnityEngine.TestRunner.NUnitExtensions.Runner.CompositeWorkItem/<RunChildren>d__26:MoveNext () (at ./Library/PackageCache/com.unity.test-framework@4c309923fa3b/UnityEngine.TestRunner/NUnitExtensions/Runner/CompositeWorkItem.cs:460)
UnityEngine.TestRunner.NUnitExtensions.Runner.CompositeWorkItem/<PerformWork>d__15:MoveNext () (at ./Library/PackageCache/com.unity.test-framework@4c309923fa3b/UnityEngine.TestRunner/NUnitExtensions/Runner/CompositeWorkItem.cs:109)
UnityEngine.TestRunner.NUnitExtensions.Runner.CompositeWorkItem/<RunChildren>d__26:MoveNext () (at ./Library/PackageCache/com.unity.test-framework@4c309923fa3b/UnityEngine.TestRunner/NUnitExtensions/Runner/CompositeWorkItem.cs:460)
UnityEngine.TestRunner.NUnitExtensions.Runner.CompositeWorkItem/<PerformWork>d__15:MoveNext () (at ./Library/PackageCache/com.unity.test-framework@4c309923fa3b/UnityEngine.TestRunner/NUnitExtensions/Runner/CompositeWorkItem.cs:109)
UnityEngine.TestRunner.NUnitExtensions.Runner.CompositeWorkItem/<RunChildren>d__26:MoveNext () (at ./Library/PackageCache/com.unity.test-framework@4c309923fa3b/UnityEngine.TestRunner/NUnitExtensions/Runner/CompositeWorkItem.cs:460)
UnityEngine.TestRunner.NUnitExtensions.Runner.CompositeWorkItem/<PerformWork>d__15:MoveNext () (at ./Library/PackageCache/com.unity.test-framework@4c309923fa3b/UnityEngine.TestRunner/NUnitExtensions/Runner/CompositeWorkItem.cs:109)
UnityEngine.TestRunner.NUnitExtensions.Runner.CompositeWorkItem/<RunChildren>d__26:MoveNext () (at ./Library/PackageCache/com.unity.test-framework@4c309923fa3b/UnityEngine.TestRunner/NUnitExtensions/Runner/CompositeWorkItem.cs:460)
UnityEngine.TestRunner.NUnitExtensions.Runner.CompositeWorkItem/<PerformWork>d__15:MoveNext () (at ./Library/PackageCache/com.unity.test-framework@4c309923fa3b/UnityEngine.TestRunner/NUnitExtensions/Runner/CompositeWorkItem.cs:109)
UnityEditor.TestTools.TestRunner.EditModeRunner:MoveNextAndUpdateYieldObject () (at ./Library/PackageCache/com.unity.test-framework@4c309923fa3b/UnityEditor.TestRunner/TestRunner/EditModeRunner.cs:213)
UnityEditor.TestTools.TestRunner.EditModeRunner:TestConsumer (UnityEditor.TestTools.TestRunner.TestRunnerStateSerializer) (at ./Library/PackageCache/com.unity.test-framework@4c309923fa3b/UnityEditor.TestRunner/TestRunner/EditModeRunner.cs:253)
UnityEditor.TestTools.TestRunner.TestRun.Tasks.EditModeRunTask/<Execute>d__1:MoveNext () (at ./Library/PackageCache/com.unity.test-framework@4c309923fa3b/UnityEditor.TestRunner/TestRun/Tasks/EditModeRunTask.cs:48)
UnityEditor.TestTools.TestRunner.TestRun.TestJobRunner:ExecuteStep () (at ./Library/PackageCache/com.unity.test-framework@4c309923fa3b/UnityEditor.TestRunner/TestRun/TestJobRunner.cs:194)
UnityEditor.TestTools.TestRunner.TestRun.TestJobRunner:ExecuteCallback () (at ./Library/PackageCache/com.unity.test-framework@4c309923fa3b/UnityEditor.TestRunner/TestRun/TestJobRunner.cs:129)
UnityEditor.EditorApplication:Internal_CallUpdateFunctions () (at /Users/bokken/build/output/unity/unity/Editor/Mono/EditorApplication.cs:463)

(Filename: Assets/Janseon/Foundation/Editor/RuntimeSlotPromoter.cs Line: 108)

Asset Pipeline Refresh (id=126a8fcd602db469ebedcdf81e6235f0): Total: 0.025 seconds - Initiated by StopAssetImportingV2(NoUpdateAssetOptions)
Asset Pipeline Refresh (id=5a66d2de2d9b94f1e830861e2317db9f): Total: 0.026 seconds - Initiated by StopAssetImportingV2(NoUpdateAssetOptions)
Asset Pipeline Refresh (id=c14f6bc63fd804a219ace7c57eb6ef41): Total: 0.007 seconds - Initiated by StopAssetImportingV2(NoUpdateAssetOptions)
Asset Pipeline Refresh (id=a88cff4985b694110a19a036cb69e540): Total: 0.000 seconds - Initiated by StopAssetImportingV2(NoUpdateAssetOptions)
Asset Pipeline Refresh (id=304552e83a832447f93bbee7641347ab): Total: 0.003 seconds - Initiated by StopAssetImportingV2(NoUpdateAssetOptions)
Asset Pipeline Refresh (id=b476b14a9d82f43819c824badfd7569e): Total: 0.000 seconds - Initiated by StopAssetImportingV2(NoUpdateAssetOptions)
Asset Pipeline Refresh (id=fdb9487bbbc00432bad31065db88a24c): Total: 0.003 seconds - Initiated by StopAssetImportingV2(NoUpdateAssetOptions)
Asset Pipeline Refresh (id=9538be69b96584f0a9f69053fd0ebaa0): Total: 0.000 seconds - Initiated by StopAssetImportingV2(NoUpdateAssetOptions)
Asset Pipeline Refresh (id=a1dafca61b07d49f7924ba454ad3174f): Total: 0.003 seconds - Initiated by StopAssetImportingV2(NoUpdateAssetOptions)
Asset Pipeline Refresh (id=5315fc2ee4e6d4f2bba5955bfd5c499f): Total: 0.000 seconds - Initiated by StopAssetImportingV2(NoUpdateAssetOptions)
Asset Pipeline Refresh (id=07fbed9b0c3d748218fa2fbc6ab0dea1): Total: 0.003 seconds - Initiated by StopAssetImportingV2(NoUpdateAssetOptions)
Asset Pipeline Refresh (id=d73440bd8b94a4290a8cb26985b9e538): Total: 0.000 seconds - Initiated by StopAssetImportingV2(NoUpdateAssetOptions)
Asset Pipeline Refresh (id=a0bb202f2b79c449aa1a32bdc3c9ce13): Total: 0.003 seconds - Initiated by StopAssetImportingV2(NoUpdateAssetOptions)
Asset Pipeline Refresh (id=e8b500c9812cf40108c929c979821093): Total: 0.000 seconds - Initiated by StopAssetImportingV2(NoUpdateAssetOptions)
Importing 'GUID: 3a87e3f1ee19b4c44b59b738ce181dca - Path: Assets/Janseon/Art/Title/TestPromotion-329b4495f28642aca2d80a8f382aded4' with importer (DefaultImporter)
Imported 'GUID: 3a87e3f1ee19b4c44b59b738ce181dca' -> (Import Result ID: 'e4d0d8e1f3f6dca78f65c30ac714b4ee') in 0.001 seconds [static dependencies only]. Details - ImportResultOutputID=187b0ec556080543af154d78f01a3e1a DependenciesID=606ad0dabf9fc464d33985b782eea7e5 StaticDependenciesID=ea76d47bbe2cc25ce94ac905744d91d4 
Importing 'GUID: 335fac2d4f4a349a4a699e58f0fbf5b7 - Path: Assets/Janseon/Art/Title/TestPromotion-329b4495f28642aca2d80a8f382aded4/fixture.png' with importer (TextureImporter)
Imported 'GUID: 335fac2d4f4a349a4a699e58f0fbf5b7' -> (Import Result ID: '01c9eaf25a0db74b29c38d3ea5878730') in 0.001 seconds [static and dynamic dependencies]. Details - ImportResultOutputID=7140526fe54f79d412d534ea54e50217 DependenciesID=f8f4c4dd9ada29f3c414702e93d9c2a8 StaticDependenciesID=519ae5c2ac801a16749f4b52bb21830f 
Asset Pipeline Refresh (id=d6734c4c86ba74bc392cb27dbf55fe69): Total: 0.020 seconds - Initiated by StopAssetImportingV2(NoUpdateAssetOptions)
Importing 'GUID: 335fac2d4f4a349a4a699e58f0fbf5b7 - Path: Assets/Janseon/Art/Title/TestPromotion-329b4495f28642aca2d80a8f382aded4/fixture.png' with importer (TextureImporter)
Imported 'GUID: 335fac2d4f4a349a4a699e58f0fbf5b7' -> (Import Result ID: '547c8368de23f428a403df5d194e0e06') in 0.001 seconds [static and dynamic dependencies]. Details - ImportResultOutputID=97ae3fb585af440216e4da13c526f22d DependenciesID=751088580b33076523839e379115fc59 StaticDependenciesID=16788ff3f9fb41f63ca6a812759468f1 
Asset Pipeline Refresh (id=2ec7f92b18a5647f9905ea50ddaf5f1f): Total: 0.018 seconds - Initiated by StopAssetImportingV2(NoUpdateAssetOptions)
RUNTIME_SLOT_PROMOTION_OK slot=title-art fixture=True
UnityEngine.Debug:ExtractStackTraceNoAlloc (byte*,int,string)
UnityEngine.StackTraceUtility:ExtractStackTrace () (at /Users/bokken/build/output/unity/unity/Runtime/Export/Scripting/StackTrace.cs:23)
UnityEngine.DebugLogHandler:Internal_Log (UnityEngine.LogType,UnityEngine.LogOption,string,UnityEngine.Object)
UnityEngine.DebugLogHandler:LogFormat (UnityEngine.LogType,UnityEngine.Object,string,object[])
UnityEngine.Logger:Log (UnityEngine.LogType,object)
UnityEngine.Debug:Log (object)
Janseon.Foundation.Editor.RuntimeSlotPromoter:Promote (string) (at Assets/Janseon/Foundation/Editor/RuntimeSlotPromoter.cs:108)
System.Reflection.RuntimeMethodInfo:Invoke (object,System.Reflection.BindingFlags,System.Reflection.Binder,object[],System.Globalization.CultureInfo)
System.Reflection.MethodBase:Invoke (object,object[])
Janseon.Foundation.Tests.RuntimeSlotPromotionTests:Promote (string) (at Assets/Tests/EditMode/RuntimeSlotPromotionTests.cs:172)
Janseon.Foundation.Tests.RuntimeSlotPromotionTests:SyntheticCandidate_PromotesThroughUnityWithBomAndMeta () (at Assets/Tests/EditMode/RuntimeSlotPromotionTests.cs:66)
System.Reflection.RuntimeMethodInfo:Invoke (object,System.Reflection.BindingFlags,System.Reflection.Binder,object[],System.Globalization.CultureInfo)
System.Reflection.MethodBase:Invoke (object,object[])
NUnit.Framework.Internal.Reflect:InvokeMethod (System.Reflection.MethodInfo,object,object[])
NUnit.Framework.Internal.MethodWrapper:Invoke (object,object[])
NUnit.Framework.Internal.Commands.TestMethodCommand:RunNonAsyncTestMethod (NUnit.Framework.Internal.ITestExecutionContext)
NUnit.Framework.Internal.Commands.TestMethodCommand:RunTestMethod (NUnit.Framework.Internal.ITestExecutionContext)
NUnit.Framework.Internal.Commands.TestMethodCommand:Execute (NUnit.Framework.Internal.ITestExecutionContext)
UnityEngine.TestTools.UnityTestMethodCommand:Execute (NUnit.Framework.Internal.ITestExecutionContext) (at ./Library/PackageCache/com.unity.test-framework@4c309923fa3b/UnityEngine.TestRunner/NUnitExtensions/Commands/UnityTestMethodCommand.cs:19)
UnityEngine.TestRunner.NUnitExtensions.Runner.UnityLogCheckDelegatingCommand/<>c__DisplayClass3_0:<Execute>b__0 () (at ./Library/PackageCache/com.unity.test-framework@4c309923fa3b/UnityEngine.TestRunner/NUnitExtensions/Runner/UnityLogCheckDelegatingCommand.cs:32)
UnityEngine.TestRunner.NUnitExtensions.Runner.UnityLogCheckDelegatingCommand:CaptureException (NUnit.Framework.Internal.TestResult,System.Action) (at ./Library/PackageCache/com.unity.test-framework@4c309923fa3b/UnityEngine.TestRunner/NUnitExtensions/Runner/UnityLogCheckDelegatingCommand.cs:93)
UnityEngine.TestRunner.NUnitExtensions.Runner.UnityLogCheckDelegatingCommand:ExecuteAndCheckLog (UnityEngine.TestTools.Logging.LogScope,NUnit.Framework.Internal.TestResult,System.Action) (at ./Library/PackageCache/com.unity.test-framework@4c309923fa3b/UnityEngine.TestRunner/NUnitExtensions/Runner/UnityLogCheckDelegatingCommand.cs:104)
UnityEngine.TestRunner.NUnitExtensions.Runner.UnityLogCheckDelegatingCommand:Execute (NUnit.Framework.Internal.ITestExecutionContext) (at ./Library/PackageCache/com.unity.test-framework@4c309923fa3b/UnityEngine.TestRunner/NUnitExtensions/Runner/UnityLogCheckDelegatingCommand.cs:32)
UnityEngine.TestRunner.NUnitExtensions.Runner.UnityLogCheckDelegatingCommand/<ExecuteEnumerable>d__4:MoveNext () (at ./Library/PackageCache/com.unity.test-framework@4c309923fa3b/UnityEngine.TestRunner/NUnitExtensions/Runner/UnityLogCheckDelegatingCommand.cs:43)
UnityEngine.TestTools.BeforeAfterTestCommandBase`1/<ExecuteEnumerable>d__16<NUnit.Framework.ITestAction>:MoveNext () (at ./Library/PackageCache/com.unity.test-framework@4c309923fa3b/UnityEngine.TestRunner/NUnitExtensions/Commands/BeforeAfterTestCommandBase.cs:213)
UnityEngine.TestTools.ImmediateEnumerableCommand:Execute (NUnit.Framework.Internal.ITestExecutionContext) (at ./Library/PackageCache/com.unity.test-framework@4c309923fa3b/UnityEngine.TestRunner/NUnitExtensions/Commands/ImmediateEnumerableCommand.cs:18)
UnityEngine.TestTools.BeforeAfterTestCommandBase`1/<ExecuteEnumerable>d__16<System.Reflection.MethodInfo>:MoveNext () (at ./Library/PackageCache/com.unity.test-framework@4c309923fa3b/UnityEngine.TestRunner/NUnitExtensions/Commands/BeforeAfterTestCommandBase.cs:220)
UnityEngine.TestTools.BeforeAfterTestCommandBase`1/<ExecuteEnumerable>d__16<System.Reflection.MethodInfo>:MoveNext () (at ./Library/PackageCache/com.unity.test-framework@4c309923fa3b/UnityEngine.TestRunner/NUnitExtensions/Commands/BeforeAfterTestCommandBase.cs:213)
UnityEngine.TestTools.BeforeAfterTestCommandBase`1/<ExecuteEnumerable>d__16<UnityEngine.TestTools.IOuterUnityTestAction>:MoveNext () (at ./Library/PackageCache/com.unity.test-framework@4c309923fa3b/UnityEngine.TestRunner/NUnitExtensions/Commands/BeforeAfterTestCommandBase.cs:213)
UnityEngine.TestTools.RetryCommand/<ExecuteEnumerable>d__2:MoveNext () (at ./Library/PackageCache/com.unity.test-framework@4c309923fa3b/UnityEngine.TestRunner/NUnitExtensions/Commands/RetryCommand.cs:37)
UnityEngine.TestTools.RepeatCommand/<ExecuteEnumerable>d__2:MoveNext () (at ./Library/PackageCache/com.unity.test-framework@4c309923fa3b/UnityEngine.TestRunner/NUnitExtensions/Commands/RepeatCommand.cs:36)
UnityEngine.TestTools.IgnoreTestCommand/<ExecuteEnumerable>d__3:MoveNext () (at ./Library/PackageCache/com.unity.test-framework@4c309923fa3b/UnityEngine.TestRunner/NUnitExtensions/Commands/IgnoreTestCommand.cs:42)
UnityEngine.TestTools.StrictCheckCommand/<ExecuteEnumerable>d__2:MoveNext () (at ./Library/PackageCache/com.unity.test-framework@4c309923fa3b/UnityEngine.TestRunner/NUnitExtensions/Commands/StrictCheckCommand.cs:29)
UnityEngine.TestRunner.NUnitExtensions.Runner.DefaultTestWorkItem/<PerformWork>d__2:MoveNext () (at ./Library/PackageCache/com.unity.test-framework@4c309923fa3b/UnityEngine.TestRunner/NUnitExtensions/Runner/DefaultTestWorkItem.cs:58)
UnityEngine.TestRunner.NUnitExtensions.Runner.CompositeWorkItem/<RunChildren>d__26:MoveNext () (at ./Library/PackageCache/com.unity.test-framework@4c309923fa3b/UnityEngine.TestRunner/NUnitExtensions/Runner/CompositeWorkItem.cs:460)
UnityEngine.TestRunner.NUnitExtensions.Runner.CompositeWorkItem/<PerformWork>d__15:MoveNext () (at ./Library/PackageCache/com.unity.test-framework@4c309923fa3b/UnityEngine.TestRunner/NUnitExtensions/Runner/CompositeWorkItem.cs:109)
UnityEngine.TestRunner.NUnitExtensions.Runner.CompositeWorkItem/<RunChildren>d__26:MoveNext () (at ./Library/PackageCache/com.unity.test-framework@4c309923fa3b/UnityEngine.TestRunner/NUnitExtensions/Runner/CompositeWorkItem.cs:460)
UnityEngine.TestRunner.NUnitExtensions.Runner.CompositeWorkItem/<PerformWork>d__15:MoveNext () (at ./Library/PackageCache/com.unity.test-framework@4c309923fa3b/UnityEngine.TestRunner/NUnitExtensions/Runner/CompositeWorkItem.cs:109)
UnityEngine.TestRunner.NUnitExtensions.Runner.CompositeWorkItem/<RunChildren>d__26:MoveNext () (at ./Library/PackageCache/com.unity.test-framework@4c309923fa3b/UnityEngine.TestRunner/NUnitExtensions/Runner/CompositeWorkItem.cs:460)
UnityEngine.TestRunner.NUnitExtensions.Runner.CompositeWorkItem/<PerformWork>d__15:MoveNext () (at ./Library/PackageCache/com.unity.test-framework@4c309923fa3b/UnityEngine.TestRunner/NUnitExtensions/Runner/CompositeWorkItem.cs:109)
UnityEngine.TestRunner.NUnitExtensions.Runner.CompositeWorkItem/<RunChildren>d__26:MoveNext () (at ./Library/PackageCache/com.unity.test-framework@4c309923fa3b/UnityEngine.TestRunner/NUnitExtensions/Runner/CompositeWorkItem.cs:460)
UnityEngine.TestRunner.NUnitExtensions.Runner.CompositeWorkItem/<PerformWork>d__15:MoveNext () (at ./Library/PackageCache/com.unity.test-framework@4c309923fa3b/UnityEngine.TestRunner/NUnitExtensions/Runner/CompositeWorkItem.cs:109)
UnityEngine.TestRunner.NUnitExtensions.Runner.CompositeWorkItem/<RunChildren>d__26:MoveNext () (at ./Library/PackageCache/com.unity.test-framework@4c309923fa3b/UnityEngine.TestRunner/NUnitExtensions/Runner/CompositeWorkItem.cs:460)
UnityEngine.TestRunner.NUnitExtensions.Runner.CompositeWorkItem/<PerformWork>d__15:MoveNext () (at ./Library/PackageCache/com.unity.test-framework@4c309923fa3b/UnityEngine.TestRunner/NUnitExtensions/Runner/CompositeWorkItem.cs:109)
UnityEngine.TestRunner.NUnitExtensions.Runner.CompositeWorkItem/<RunChildren>d__26:MoveNext () (at ./Library/PackageCache/com.unity.test-framework@4c309923fa3b/UnityEngine.TestRunner/NUnitExtensions/Runner/CompositeWorkItem.cs:460)
UnityEngine.TestRunner.NUnitExtensions.Runner.CompositeWorkItem/<PerformWork>d__15:MoveNext () (at ./Library/PackageCache/com.unity.test-framework@4c309923fa3b/UnityEngine.TestRunner/NUnitExtensions/Runner/CompositeWorkItem.cs:109)
UnityEditor.TestTools.TestRunner.EditModeRunner:MoveNextAndUpdateYieldObject () (at ./Library/PackageCache/com.unity.test-framework@4c309923fa3b/UnityEditor.TestRunner/TestRunner/EditModeRunner.cs:213)
UnityEditor.TestTools.TestRunner.EditModeRunner:TestConsumer (UnityEditor.TestTools.TestRunner.TestRunnerStateSerializer) (at ./Library/PackageCache/com.unity.test-framework@4c309923fa3b/UnityEditor.TestRunner/TestRunner/EditModeRunner.cs:253)
UnityEditor.TestTools.TestRunner.TestRun.Tasks.EditModeRunTask/<Execute>d__1:MoveNext () (at ./Library/PackageCache/com.unity.test-framework@4c309923fa3b/UnityEditor.TestRunner/TestRun/Tasks/EditModeRunTask.cs:48)
UnityEditor.TestTools.TestRunner.TestRun.TestJobRunner:ExecuteStep () (at ./Library/PackageCache/com.unity.test-framework@4c309923fa3b/UnityEditor.TestRunner/TestRun/TestJobRunner.cs:194)
UnityEditor.TestTools.TestRunner.TestRun.TestJobRunner:ExecuteCallback () (at ./Library/PackageCache/com.unity.test-framework@4c309923fa3b/UnityEditor.TestRunner/TestRun/TestJobRunner.cs:129)
UnityEditor.EditorApplication:Internal_CallUpdateFunctions () (at /Users/bokken/build/output/unity/unity/Editor/Mono/EditorApplication.cs:463)

(Filename: Assets/Janseon/Foundation/Editor/RuntimeSlotPromoter.cs Line: 108)

Asset Pipeline Refresh (id=2f0ec8a4fd0c74628a228d360bb3e722): Total: 0.003 seconds - Initiated by StopAssetImportingV2(NoUpdateAssetOptions)
Asset Pipeline Refresh (id=61494f92c2ccd4da0a90b4655208393a): Total: 0.016 seconds - Initiated by StopAssetImportingV2(NoUpdateAssetOptions)
Importing 'GUID: e08003813f6054073acb5dba2bf6d2c9 - Path: Assets/Janseon/ArtCandidates/UI/ImportProbe-4033a07861f34b7fb05f2a05d64f9106' with importer (DefaultImporter)
Imported 'GUID: e08003813f6054073acb5dba2bf6d2c9' -> (Import Result ID: 'c7c2138be14170c45dc97a2bcf225bd1') in 0.001 seconds [static dependencies only]. Details - ImportResultOutputID=3e250d500a610d006c636a3ae01145e0 DependenciesID=43b22bbc2f9384cd7dd4866512d1f18f StaticDependenciesID=a7b5e8692a2615f6c34417977f4da218 
Importing 'GUID: 795813ed91ffc4c6f9d8b901871be5f5 - Path: Assets/Janseon/ArtCandidates/UI/ImportProbe-4033a07861f34b7fb05f2a05d64f9106/tile.png' with importer (TextureImporter)
Imported 'GUID: 795813ed91ffc4c6f9d8b901871be5f5' -> (Import Result ID: '4a1755a238b5a63b47b1307e14bc0cf7') in 0.002 seconds [static and dynamic dependencies]. Details - ImportResultOutputID=21109f51776c471342693822baba59ce DependenciesID=42b03e3370997ae5a780ba1e2246f626 StaticDependenciesID=715c9b6eef8cc878827333f29a9169f6 
Asset Pipeline Refresh (id=0da13707aecc442f5b442e29e7b50312): Total: 0.020 seconds - Initiated by StopAssetImportingV2(NoUpdateAssetOptions)
Importing 'GUID: 795813ed91ffc4c6f9d8b901871be5f5 - Path: Assets/Janseon/ArtCandidates/UI/ImportProbe-4033a07861f34b7fb05f2a05d64f9106/tile.png' with importer (TextureImporter)
Imported 'GUID: 795813ed91ffc4c6f9d8b901871be5f5' -> (Import Result ID: '96ff81e0322cb81dbcf885638dc2171f') in 0.001 seconds [static and dynamic dependencies]. Details - ImportResultOutputID=219e3955dfa638155d87a993921d7445 DependenciesID=42df4c33da6d2e59bd68ea577d297c58 StaticDependenciesID=f5fed62645b79f659b2b602b3c564c1e 
Asset Pipeline Refresh (id=c06dc8cb1a9994097ad2cd5a3d559cc4): Total: 0.018 seconds - Initiated by StopAssetImportingV2(NoUpdateAssetOptions)
Asset Pipeline Refresh (id=f8cf12d14ab61473a88ecb6f0f9c14a9): Total: 0.015 seconds - Initiated by StopAssetImportingV2(NoUpdateAssetOptions)
Importing 'GUID: 2b49bf0c1930248fdb063bb892c6b7c4 - Path: Assets/Janseon/ArtCandidates/UI/ImportProbe-0a683bfafacc49e0804cfc4680487a59' with importer (DefaultImporter)
Imported 'GUID: 2b49bf0c1930248fdb063bb892c6b7c4' -> (Import Result ID: '31102db469357f423752cf74126ae1ee') in 0.000 seconds [static dependencies only]. Details - ImportResultOutputID=70eba9acfd18449d6174bf6ddc871ef7 DependenciesID=5379e315e578e84fc83f1866df2abf59 StaticDependenciesID=62118ba59e4b612f07b329ac012abcdb 
Importing 'GUID: 3baf4697132474d7185c1a6dd7a6e45a - Path: Assets/Janseon/ArtCandidates/UI/ImportProbe-0a683bfafacc49e0804cfc4680487a59/icon.png' with importer (TextureImporter)
Imported 'GUID: 3baf4697132474d7185c1a6dd7a6e45a' -> (Import Result ID: '89f62ab94edb77964fef399c31c79acf') in 0.001 seconds [static and dynamic dependencies]. Details - ImportResultOutputID=5a4a5d113e6a1c72c15f3754b84caed4 DependenciesID=f3249f99a72f8359f0d7fbc9138b8cf5 StaticDependenciesID=3465c0a423c04e1544685f1af88259aa 
Asset Pipeline Refresh (id=f20757992750b4671ae3990cb7782655): Total: 0.019 seconds - Initiated by StopAssetImportingV2(NoUpdateAssetOptions)
Importing 'GUID: 3baf4697132474d7185c1a6dd7a6e45a - Path: Assets/Janseon/ArtCandidates/UI/ImportProbe-0a683bfafacc49e0804cfc4680487a59/icon.png' with importer (TextureImporter)
Imported 'GUID: 3baf4697132474d7185c1a6dd7a6e45a' -> (Import Result ID: 'ee9a9872d9b4184f07f3a8386bdbe412') in 0.001 seconds [static and dynamic dependencies]. Details - ImportResultOutputID=6c9ba2df66c49cf05dd57d22b25f987e DependenciesID=9de3f9ae368923714e39f2d03af26c91 StaticDependenciesID=8a14293fd27b028524b39e9c379f1f35 
Asset Pipeline Refresh (id=019facfaaa65c42b2b5f7a35a821f271): Total: 0.018 seconds - Initiated by StopAssetImportingV2(NoUpdateAssetOptions)
Asset Pipeline Refresh (id=6dd5d5eb79710463ba7aa1995cfe63dc): Total: 0.015 seconds - Initiated by StopAssetImportingV2(NoUpdateAssetOptions)
Saving results to: /Users/ilseoblee/Library/Application Support/Janseon Studio/잔선_ 서울/TestResults.xml
Saving results to: /Users/ilseoblee/workspace/seoul-kenshi-wt/rtfc-phase-c/docs/verification/ulw-execute/rtfc/phase-c/simple-repair/editmode.xml
Executing IPostBuildCleanup for: Unity.PerformanceTesting.Editor.TestRunBuilder.
UnityEngine.Debug:ExtractStackTraceNoAlloc (byte*,int,string)
UnityEngine.StackTraceUtility:ExtractStackTrace () (at /Users/bokken/build/output/unity/unity/Runtime/Export/Scripting/StackTrace.cs:23)
UnityEngine.DebugLogHandler:Internal_Log (UnityEngine.LogType,UnityEngine.LogOption,string,UnityEngine.Object)
UnityEngine.DebugLogHandler:LogFormat (UnityEngine.LogType,UnityEngine.Object,string,object[])
UnityEngine.Logger:Log (UnityEngine.LogType,object)
UnityEngine.Debug:Log (object)
UnityEditor.TestTools.TestRunner.TestRun.Tasks.BuildActionTaskBase`1/<ExecuteMethods>d__8<UnityEngine.TestTools.IPostBuildCleanup>:MoveNext () (at ./Library/PackageCache/com.unity.test-framework@4c309923fa3b/UnityEditor.TestRunner/TestRun/Tasks/BuildActionTaskBase.cs:48)
UnityEditor.TestTools.TestRunner.TestRun.Tasks.BuildActionTaskBase`1/<Execute>d__7<UnityEngine.TestTools.IPostBuildCleanup>:MoveNext () (at ./Library/PackageCache/com.unity.test-framework@4c309923fa3b/UnityEditor.TestRunner/TestRun/Tasks/BuildActionTaskBase.cs:34)
UnityEditor.TestTools.TestRunner.TestRun.TestJobRunner:ExecuteStep () (at ./Library/PackageCache/com.unity.test-framework@4c309923fa3b/UnityEditor.TestRunner/TestRun/TestJobRunner.cs:194)
UnityEditor.TestTools.TestRunner.TestRun.TestJobRunner:ExecuteCallback () (at ./Library/PackageCache/com.unity.test-framework@4c309923fa3b/UnityEditor.TestRunner/TestRun/TestJobRunner.cs:129)
UnityEditor.EditorApplication:Internal_CallUpdateFunctions () (at /Users/bokken/build/output/unity/unity/Editor/Mono/EditorApplication.cs:463)

(Filename: ./Library/PackageCache/com.unity.test-framework@4c309923fa3b/UnityEditor.TestRunner/TestRun/Tasks/BuildActionTaskBase.cs Line: 48)

Unloading 0 Unused Serialized files (Serialized files now loaded: 0)
Unloading 65 unused Assets / (83.4 KB). Loaded Objects now: 5001.
Memory consumption went from 474.0 MB to 474.0 MB.
Total: 9.454791 ms (FindLiveObjects: 0.135167 ms CreateObjectMapping: 0.038292 ms MarkObjects: 8.914416 ms  DeleteObjects: 0.311917 ms)

DisplayProgressbar: Undo
Test run completed. Exiting with code 2 (Failed). One or more tests failed.
UnityEngine.Debug:ExtractStackTraceNoAlloc (byte*,int,string)
UnityEngine.StackTraceUtility:ExtractStackTrace () (at /Users/bokken/build/output/unity/unity/Runtime/Export/Scripting/StackTrace.cs:23)
UnityEngine.DebugLogHandler:Internal_Log (UnityEngine.LogType,UnityEngine.LogOption,string,UnityEngine.Object)
UnityEngine.DebugLogHandler:LogFormat (UnityEngine.LogType,UnityEngine.Object,string,object[])
UnityEngine.Logger:Log (UnityEngine.LogType,object)
UnityEngine.Debug:Log (object)
UnityEditor.TestTools.TestRunner.CommandLineTest.Executer:ExitApplication (UnityEditor.TestTools.TestRunner.CommandLineTest.Executer/ReturnCodes,string) (at ./Library/PackageCache/com.unity.test-framework@4c309923fa3b/UnityEditor.TestRunner/CommandLineTest/Executer.cs:81)
UnityEditor.TestTools.TestRunner.CommandLineTest.Executer:ExitIfRunIsCompleted () (at ./Library/PackageCache/com.unity.test-framework@4c309923fa3b/UnityEditor.TestRunner/CommandLineTest/Executer.cs:74)
UnityEditor.EditorApplication:Internal_CallUpdateFunctions () (at /Users/bokken/build/output/unity/unity/Editor/Mono/EditorApplication.cs:463)

(Filename: ./Library/PackageCache/com.unity.test-framework@4c309923fa3b/UnityEditor.TestRunner/CommandLineTest/Executer.cs Line: 81)

MonoPathRemapper: Attempts to remap: 66178; Successful remaps: 182
Serialized file version minimum: 0, current 23
Thread 0x16d527000 may have been prematurely finalized
Killing ADB server in 0.02184 seconds.
Input System module state changed to: ShutdownInProgress.
Input Polling Thread exited.
Input System module state changed to: Shutdown.
[Physics::Module] Cleanup current backend.
[Physics::Module] Id: 0xf2b8ea05
Thread 0x16edc3000 may have been prematurely finalized
Thread 0x16ecab000 may have been prematurely finalized
Thread 0x16ed37000 may have been prematurely finalized
Thread 0x16ee4f000 may have been prematurely finalized
Thread 0x16eedb000 may have been prematurely finalized
Thread 0x16ef67000 may have been prematurely finalized
Thread 0x16eff3000 may have been prematurely finalized
Thread 0x16f07f000 may have been prematurely finalized
Thread 0x16f10b000 may have been prematurely finalized
Thread 0x16f197000 may have been prematurely finalized
Thread 0x16f2af000 may have been prematurely finalized
Thread 0x16f33b000 may have been prematurely finalized
Thread 0x16f223000 may have been prematurely finalized
Thread 0x16f453000 may have been prematurely finalized
Thread 0x16f4df000 may have been prematurely finalized
Thread 0x16f56b000 may have been prematurely finalized
Thread 0x16f3c7000 may have been prematurely finalized
[Licensing::IpcConnector] LicenseClient-ilseoblee-6000.7.0-notifications channel disconnected successfully.
[Licensing::IpcConnector] LicenseClient-ilseoblee-6000.7.0 channel disconnected successfully.
Shut down UDS service system complete
Lingering sessions upon destruction of worker manager
Unity Data Store service was successfully shut down
UDS shutting down local client system
AcceleratorClientConnectionCallback - disconnected - :0
Cleanup mono
CodeReloadManager destroyed
debugger-agent: Unable to listen on 52
[usbmuxd] Stop listen thread
[usbmuxd] Error: 
[usbmuxd] Listen thread exiting
