Unity Editor version:    6000.7.0a5 (a15235a53881)
Branch:                  trunk
Build type:              Release
Batch mode:              YES
macOS version:           Version 26.6.2 (Build 25G83)
Darwin version:          25.6.0
Architecture:            arm64
Running under Rosetta:   NO
Available memory:        65536 MB
Date:                    2026-09-08T07:09:43Z
VBCSCompilerPreWarmer: pre-warm launched (dotnet PID 43169)
VBCSCompiler prewarm took 1.51 ms

The following diagnostic switches are modified from their default values:
	DebugAllocatorMode: ReleaseMemory (default DecommitMemory)

[Licensing::Module] Trying to connect to existing licensing client channel...
[Licensing::IpcConnector] Successfully connected to: "LicenseClient-ilseoblee" at "2026-09-08T07:09:43.387399Z"
Launching external process: /Applications/Unity/Hub/Editor/6000.7.0a5/Unity.app/Contents/Helpers/PackageManager/Server/UnityPackageManager

COMMAND LINE ARGUMENTS:
/Applications/Unity/Hub/Editor/6000.7.0a5/Unity.app/Contents/MacOS/Unity
-batchmode
-nographics
-projectPath
/Users/ilseoblee/workspace/seoul-kenshi-wt/rtfc-phase-c/Game
-runTests
-testPlatform
EditMode
-testResults
/Users/ilseoblee/workspace/seoul-kenshi-wt/rtfc-phase-c/docs/verification/ulw-execute/rtfc/phase-c/simple-repair/final-editmode.xml
-logFile
/Users/ilseoblee/workspace/seoul-kenshi-wt/rtfc-phase-c/docs/verification/ulw-execute/rtfc/phase-c/simple-repair/final-editmode.log
Successfully changed project path to: /Users/ilseoblee/workspace/seoul-kenshi-wt/rtfc-phase-c/Game
/Users/ilseoblee/workspace/seoul-kenshi-wt/rtfc-phase-c/Game
[UnityMemory] Configuration Parameters - Can be set up in boot.config
    "memorysetup-temp-allocator-size-gi-baking-worker=262144"
    "memorysetup-temp-allocator-size-gi-baking-worker=262144"
    "memorysetup-temp-allocator-size-gi-baking-worker=262144"
    "memorysetup-temp-allocator-size-gi-baking-worker=262144"
    "memorysetup-temp-allocator-size-gi-baking-worker=262144"
    "memorysetup-temp-allocator-size-nav-mesh-worker=65536"
    "memorysetup-temp-allocator-size-audio-worker=65536"
    "memorysetup-temp-allocator-size-cloud-worker=32768"
    "memorysetup-entities-archetype-allocator-budget=16777216"
    "memorysetup-entities-query-allocator-budget=16777216"
    "memorysetup-temp-allocator-size-preload-manager=33554432"
    "memorysetup-remapper-allocator-initial-capacity=32768"
    "memorysetup-temp-allocator-size-gfx=262144"
    "memorysetup-allocator-temp-initial-block-size-main=262144"
    "memorysetup-allocator-temp-initial-block-size-worker=262144"
    "memorysetup-temp-allocator-size-background-worker=32768"
    "memorysetup-temp-allocator-size-job-worker=262144"
    "memorysetup-bucket-allocator-granularity=16"
    "memorysetup-bucket-allocator-bucket-count=8"
    "memorysetup-bucket-allocator-block-size=33554432"
    "memorysetup-bucket-allocator-block-count=8"
    "memorysetup-main-allocator-block-size=16777216"
    "memorysetup-thread-allocator-block-size=16777216"
    "memorysetup-main-allocator-mimalloc-enabled=1"
    "memorysetup-gfx-main-allocator-block-size=16777216"
    "memorysetup-gfx-thread-allocator-block-size=16777216"
    "memorysetup-cache-allocator-block-size=4194304"
    "memorysetup-typetree-allocator-block-size=2097152"
    "memorysetup-profiler-bucket-allocator-granularity=16"
    "memorysetup-profiler-bucket-allocator-bucket-count=8"
    "memorysetup-profiler-bucket-allocator-block-size=33554432"
    "memorysetup-profiler-bucket-allocator-block-count=8"
    "memorysetup-profiler-allocator-block-size=16777216"
    "memorysetup-profiler-editor-allocator-block-size=1048576"
    "memorysetup-temp-allocator-size-main=16777216"
    "memorysetup-job-temp-allocator-block-size=2097152"
    "memorysetup-job-temp-allocator-block-size-background=1048576"
    "memorysetup-job-temp-allocator-reduction-small-platforms=262144"
Logging is directed to a specific file, skipping project log.
Player connection [8286970240]  Target information:

Player connection [8286970240]  * "[IP] 192.168.0.218 [Port] 55504 [Flags] 2 [Guid] 1881499541 [EditorId] 1881499541 [Version] 1048832 [Id] OSXEditor(0,MacBook-Pro-2.local) [Debug] 1 [PackageName] OSXEditor [ProjectName] Editor" 

Player connection [8286970240]  * "[IP] 192.168.0.205 [Port] 55504 [Flags] 2 [Guid] 1881499541 [EditorId] 1881499541 [Version] 1048832 [Id] OSXEditor(0,MacBook-Pro-2.local) [Debug] 1 [PackageName] OSXEditor [ProjectName] Editor" 

Player connection [8286970240]  * "[IP] 100.71.30.111 [Port] 55504 [Flags] 2 [Guid] 1881499541 [EditorId] 1881499541 [Version] 1048832 [Id] OSXEditor(0,MacBook-Pro-2.local) [Debug] 1 [PackageName] OSXEditor [ProjectName] Editor" 

Player connection [8286970240] Host joined multi-casting on [225.0.0.222:54997]...
Player connection [8286970240] Host joined alternative multi-casting on [225.0.0.222:34997]...
Input System module state changed to: Initialized.
[Physics::Module] Initialized fallback backend.
[Physics::Module] Id: 0xdecafbad
[Package Manager] Connected to IPC stream "Upm-43168" after 0.1 seconds.
[Licensing::Module] Licensing is not yet initialized.
Launching external process: /Applications/Unity/Hub/Editor/6000.7.0a5/Unity.app/Contents/Helpers/UnityLicensingClient.app/Contents/MacOS/Unity.Licensing.Client
[Licensing::Client] Error: HandshakeResponse reported an error:
	ResponseCode: 505
	ResponseStatus: Unsupported protocol version '1.19.0-rc.1'.
[Licensing::Module] Error: Failed to handshake to channel: "LicenseClient-ilseoblee"
[Licensing::IpcConnector] LicenseClient-ilseoblee channel disconnected successfully.
[Licensing::IpcConnector] Channel LicenseClient-ilseoblee-6000.7.0 doesn't exist
[Licensing::Module] Successfully launched the LicensingClient (PId: 43171)
Initialising UDS system complete:
  - System type: Client
  - Resource namespace: bedb6b64f1cf1d03898d85e4adb30283
  - Shared memory size: 1073741824
  - Command buffer id: 1052672
  - Command buffer size: 8192
  - Hashmap size: 4194304
  - Service connected: false
[Licensing::IpcConnector] Successfully connected to: "LicenseClient-ilseoblee-6000.7.0" at "2026-09-08T07:09:43.941207Z"
[Licensing::Client] Handshaking with LicensingClient:
  Version:                 1.19.0-rc.1+a1d64c6
  Session Id:              c76db8f8cc364b2690b1879344a69288
  Correlation Id:          11d1288f8f814651979e694986d2c44b
  External correlation Id: 1349901293836274368
  Machine Id:              JxhzwWg3pWfWMny3n9AfODBHuIE=
[Licensing::Module] Successfully connected to LicensingClient on channel: "LicenseClient-ilseoblee-6000.7.0" (connect: 0.39s, validation: 0.00s, handshake: 0.05s)
[Licensing::IpcConnector] Successfully connected to: "LicenseClient-ilseoblee-6000.7.0-notifications" at "2026-09-08T07:09:43.997015Z"
[Licensing::Module] Connected to LicensingClient (PId: 43171, launch time: 0.00, total connection time: 0.44s)
[Licensing::Module] Error: Access token is unavailable; failed to update
[Licensing::Client] Successfully resolved entitlement details
[Licensing::Module] License group:
  Id: 86166-UnityPersXXXX
  Product: Unity Personal
  Type: Assigned
  Expiration: Unlimited
[Licensing::Client] Successfully updated license, isAsync: True, time: 0.00
[Licensing::Module] Licensing Background thread has ended after 0.61s
[Licensing::Module] Licensing is initialized (took 0.48s).
[Licensing::Client] Successfully resolved entitlement details
Library Redirect Path: Library/
Launching Unity Data Store - /Applications/Unity/Hub/Editor/6000.7.0a5/Unity.app/Contents/Helpers/Unity.DataStore 
Unity Data Store artifact dir = Library/DataStore, working dir = /Users/ilseoblee/workspace/seoul-kenshi-wt/rtfc-phase-c/Game[Physics::Module] Selected backend.
[Physics::Module] Name: PhysX
[Physics::Module] Id: 0xf2b8ea05
[Physics::Module] SDK Version: 4.1.2
[Physics::Module] Integration Version: 1.0.0
[Physics::Module] Threading Mode: Multi-Threaded
Unity Data Store running and initialised
Initialize engine version: 6000.7.0a5 (a15235a53881)
[EntityIdStore] init: VM path (explicit commit), pageSize=16384, blockCount=262144, entitiesPerBlock=1024, slots reserved=4294967296 bytes
[Subsystems] Discovering subsystems at path /Applications/Unity/Hub/Editor/6000.7.0a5/Unity.app/Contents/Resources/UnitySubsystems
[Subsystems] Discovering subsystems at path /Users/ilseoblee/workspace/seoul-kenshi-wt/rtfc-phase-c/Game/Assets
Forcing GfxDevice: Null
GfxDevice: creating device client; kGfxThreadingModeNonThreaded
NullGfxDevice:
    Version:  NULL 1.0 [1.0]
    Renderer: Null Device
    Vendor:   Unity Technologies
Initialize mono
Mono path[0] = '/Applications/Unity/Hub/Editor/6000.7.0a5/Unity.app/Contents/Resources/Scripting/Managed'
Mono path[1] = '/Applications/Unity/Hub/Editor/6000.7.0a5/Unity.app/Contents/Resources/Scripting/BCLExtensions/runtime/netstandard2.1'
Mono path[2] = '/Applications/Unity/Hub/Editor/6000.7.0a5/Unity.app/Contents/Resources/Scripting/MonoBleedingEdge/lib/mono/unityjit-macos'
Mono config path = '/Applications/Unity/Hub/Editor/6000.7.0a5/Unity.app/Contents/Resources/Scripting/MonoBleedingEdge/etc'
Using monoOptions --debugger-agent=transport=dt_socket,embedding=1,server=y,suspend=n,address=127.0.0.1:56168
CodeReloadManager initialized
ImportWorker Server TCP listen port: 0
AcceleratorClientConnectionCallback - disconnected - :0
Begin MonoManager ReloadAssembly
Registering precompiled unity dll's ...
Register platform support module: /Applications/Unity/Hub/Editor/6000.7.0a5/PlaybackEngines/WebGLSupport/UnityEditor.WebGL.Extensions.dll
Register platform support module: /Applications/Unity/Hub/Editor/6000.7.0a5/PlaybackEngines/MacStandaloneSupport/UnityEditor.OSXStandalone.Extensions.dll
Register platform support module: /Applications/Unity/Hub/Editor/6000.7.0a5/PlaybackEngines/WindowsStandaloneSupport/UnityEditor.WindowsStandalone.Extensions.dll
[Licensing::Client] Successfully resolved entitlement details
Register platform support module: /Applications/Unity/Hub/Editor/6000.7.0a5/PlaybackEngines/AndroidPlayer/UnityEditor.Android.Extensions.dll
[Licensing::Client] Successfully resolved entitlement details
Register platform support module: /Applications/Unity/Hub/Editor/6000.7.0a5/PlaybackEngines/iOSSupport/UnityEditor.iOS.Extensions.dll
Register platform support module: /Applications/Unity/Hub/Editor/6000.7.0a5/PlaybackEngines/LinuxStandaloneSupport/UnityEditor.LinuxStandalone.Extensions.dll
Registered in 0.001505 seconds.
[MODES] ModeService[none].Initialize
[MODES] ModeService[none].LoadModes
[MODES] Loading mode Default (0) for mode-current-id-잔선: 서울
Package Manager log level set to [2]
Native extension for LinuxStandalone target not found
[usbmuxd] Start listen thread
[usbmuxd] Listen thread started
[usbmuxd] Send listen message
Native extension for iOS target not found
Native extension for Android target not found
Native extension for WindowsStandalone target not found
Native extension for OSXStandalone target not found
Native extension for WebGL target not found
[Licensing::Client] Successfully resolved entitlement details
Diagnostic switches are active and may impact performance or degrade your user experience. Switches can be configured through the Diagnostics section in the Preferences window.
	DebugAllocatorMode: 0
ScheduleIndexationOnStartup MainProcess:False IndexOnStartup:False
Scripting: successfully reloaded assembly
- Finished resetting the current domain, in  2.065 seconds
Domain Reload Profiling: 2298ms
	BeginReloadAssembly (40ms)
		CreateAndSetChildDomain (7ms)
	RebuildNativeTypeToScriptingClass (7ms)
	initialDomainReloadingComplete (24ms)
	LoadAllAssembliesAndSetupDomain (160ms)
		LoadAssemblies (34ms)
		TypeCache.Refresh (95ms)
			TypeCache.ScanAssembly (88ms)
		AnalyzeDomain (0ms)
	FinalizeReload (2066ms)
		SetupLoadedEditorAssemblies (0ms)
			InitializePlatformSupportModulesInManaged (21ms)
			BeforeProcessingInitializeOnLoad (76ms)
			ProcessInitializeOnLoadAttributes (25ms)
			ProcessInitializeOnLoadMethodAttributes (1813ms)
[Licensing::Client] Successfully resolved entitlement details
Application.AssetDatabase Initial Refresh Start
[Package Manager] Restoring resolved packages state from cache
[Licensing::Client] Successfully resolved entitlement details
[Package Manager] Registered 57 packages:
  Packages from [https://packages.unity.com]:
    com.unity.ide.rider@3.0.38 (location: /Users/ilseoblee/workspace/seoul-kenshi-wt/rtfc-phase-c/Game/Library/PackageCache/com.unity.ide.rider@1f60b3138684)
    com.unity.ide.visualstudio@2.0.26 (location: /Users/ilseoblee/workspace/seoul-kenshi-wt/rtfc-phase-c/Game/Library/PackageCache/com.unity.ide.visualstudio@a99d56dec63f)
    com.unity.inputsystem@1.20.0 (location: /Users/ilseoblee/workspace/seoul-kenshi-wt/rtfc-phase-c/Game/Library/PackageCache/com.unity.inputsystem@7a4e1a2a8194)
    com.unity.searcher@4.9.5 (location: /Users/ilseoblee/workspace/seoul-kenshi-wt/rtfc-phase-c/Game/Library/PackageCache/com.unity.searcher@a463122f2c00)
    com.unity.nuget.mono-cecil@1.11.6 (location: /Users/ilseoblee/workspace/seoul-kenshi-wt/rtfc-phase-c/Game/Library/PackageCache/com.unity.nuget.mono-cecil@ecb9724e46ff)
  Built-in packages:
    com.unity.render-pipelines.universal@17.7.0 (location: /Users/ilseoblee/workspace/seoul-kenshi-wt/rtfc-phase-c/Game/Library/PackageCache/com.unity.render-pipelines.universal@c657e0850617)
    com.unity.test-framework@1.8.0 (location: /Users/ilseoblee/workspace/seoul-kenshi-wt/rtfc-phase-c/Game/Library/PackageCache/com.unity.test-framework@4c309923fa3b)
    com.unity.ugui@2.7.0 (location: /Users/ilseoblee/workspace/seoul-kenshi-wt/rtfc-phase-c/Game/Library/PackageCache/com.unity.ugui@8e276752998c)
    com.unity.modules.accessibility@1.0.0 (location: /Users/ilseoblee/workspace/seoul-kenshi-wt/rtfc-phase-c/Game/Library/PackageCache/com.unity.modules.accessibility)
    com.unity.modules.adaptiveperformance@1.0.0 (location: /Users/ilseoblee/workspace/seoul-kenshi-wt/rtfc-phase-c/Game/Library/PackageCache/com.unity.modules.adaptiveperformance)
    com.unity.modules.ai@1.0.0 (location: /Users/ilseoblee/workspace/seoul-kenshi-wt/rtfc-phase-c/Game/Library/PackageCache/com.unity.modules.ai)
    com.unity.modules.androidjni@1.0.0 (location: /Users/ilseoblee/workspace/seoul-kenshi-wt/rtfc-phase-c/Game/Library/PackageCache/com.unity.modules.androidjni)
    com.unity.modules.animation@1.0.0 (location: /Users/ilseoblee/workspace/seoul-kenshi-wt/rtfc-phase-c/Game/Library/PackageCache/com.unity.modules.animation)
    com.unity.modules.assetbundle@1.0.0 (location: /Users/ilseoblee/workspace/seoul-kenshi-wt/rtfc-phase-c/Game/Library/PackageCache/com.unity.modules.assetbundle)
    com.unity.modules.audio@1.0.0 (location: /Users/ilseoblee/workspace/seoul-kenshi-wt/rtfc-phase-c/Game/Library/PackageCache/com.unity.modules.audio)
    com.unity.modules.cloth@1.0.0 (location: /Users/ilseoblee/workspace/seoul-kenshi-wt/rtfc-phase-c/Game/Library/PackageCache/com.unity.modules.cloth)
    com.unity.modules.director@1.0.0 (location: /Users/ilseoblee/workspace/seoul-kenshi-wt/rtfc-phase-c/Game/Library/PackageCache/com.unity.modules.director)
    com.unity.modules.imageconversion@1.0.0 (location: /Users/ilseoblee/workspace/seoul-kenshi-wt/rtfc-phase-c/Game/Library/PackageCache/com.unity.modules.imageconversion)
    com.unity.modules.imgui@1.0.0 (location: /Users/ilseoblee/workspace/seoul-kenshi-wt/rtfc-phase-c/Game/Library/PackageCache/com.unity.modules.imgui)
    com.unity.modules.jsonserialize@1.0.0 (location: /Users/ilseoblee/workspace/seoul-kenshi-wt/rtfc-phase-c/Game/Library/PackageCache/com.unity.modules.jsonserialize)
    com.unity.modules.particlesystem@1.0.0 (location: /Users/ilseoblee/workspace/seoul-kenshi-wt/rtfc-phase-c/Game/Library/PackageCache/com.unity.modules.particlesystem)
    com.unity.modules.physics@1.0.0 (location: /Users/ilseoblee/workspace/seoul-kenshi-wt/rtfc-phase-c/Game/Library/PackageCache/com.unity.modules.physics)
    com.unity.modules.physics2d@1.0.0 (location: /Users/ilseoblee/workspace/seoul-kenshi-wt/rtfc-phase-c/Game/Library/PackageCache/com.unity.modules.physics2d)
    com.unity.modules.physicscore2d@1.0.0 (location: /Users/ilseoblee/workspace/seoul-kenshi-wt/rtfc-phase-c/Game/Library/PackageCache/com.unity.modules.physicscore2d)
    com.unity.modules.screencapture@1.0.0 (location: /Users/ilseoblee/workspace/seoul-kenshi-wt/rtfc-phase-c/Game/Library/PackageCache/com.unity.modules.screencapture)
    com.unity.modules.smartstrings@1.0.0 (location: /Users/ilseoblee/workspace/seoul-kenshi-wt/rtfc-phase-c/Game/Library/PackageCache/com.unity.modules.smartstrings)
    com.unity.modules.terrain@1.0.0 (location: /Users/ilseoblee/workspace/seoul-kenshi-wt/rtfc-phase-c/Game/Library/PackageCache/com.unity.modules.terrain)
    com.unity.modules.terrainphysics@1.0.0 (location: /Users/ilseoblee/workspace/seoul-kenshi-wt/rtfc-phase-c/Game/Library/PackageCache/com.unity.modules.terrainphysics)
    com.unity.modules.tetgen@1.0.0 (location: /Users/ilseoblee/workspace/seoul-kenshi-wt/rtfc-phase-c/Game/Library/PackageCache/com.unity.modules.tetgen)
    com.unity.modules.tilemap@1.0.0 (location: /Users/ilseoblee/workspace/seoul-kenshi-wt/rtfc-phase-c/Game/Library/PackageCache/com.unity.modules.tilemap)
    com.unity.modules.timelinefoundation@1.0.0 (location: /Users/ilseoblee/workspace/seoul-kenshi-wt/rtfc-phase-c/Game/Library/PackageCache/com.unity.modules.timelinefoundation)
    com.unity.modules.ui@1.0.0 (location: /Users/ilseoblee/workspace/seoul-kenshi-wt/rtfc-phase-c/Game/Library/PackageCache/com.unity.modules.ui)
    com.unity.modules.uielements@1.0.0 (location: /Users/ilseoblee/workspace/seoul-kenshi-wt/rtfc-phase-c/Game/Library/PackageCache/com.unity.modules.uielements)
    com.unity.modules.umbra@1.0.0 (location: /Users/ilseoblee/workspace/seoul-kenshi-wt/rtfc-phase-c/Game/Library/PackageCache/com.unity.modules.umbra)
    com.unity.modules.unityanalytics@1.0.0 (location: /Users/ilseoblee/workspace/seoul-kenshi-wt/rtfc-phase-c/Game/Library/PackageCache/com.unity.modules.unityanalytics)
    com.unity.modules.unitywebrequest@1.0.0 (location: /Users/ilseoblee/workspace/seoul-kenshi-wt/rtfc-phase-c/Game/Library/PackageCache/com.unity.modules.unitywebrequest)
    com.unity.modules.unitywebrequestassetbundle@1.0.0 (location: /Users/ilseoblee/workspace/seoul-kenshi-wt/rtfc-phase-c/Game/Library/PackageCache/com.unity.modules.unitywebrequestassetbundle)
    com.unity.modules.unitywebrequestaudio@1.0.0 (location: /Users/ilseoblee/workspace/seoul-kenshi-wt/rtfc-phase-c/Game/Library/PackageCache/com.unity.modules.unitywebrequestaudio)
    com.unity.modules.unitywebrequesttexture@1.0.0 (location: /Users/ilseoblee/workspace/seoul-kenshi-wt/rtfc-phase-c/Game/Library/PackageCache/com.unity.modules.unitywebrequesttexture)
    com.unity.modules.unitywebrequestwww@1.0.0 (location: /Users/ilseoblee/workspace/seoul-kenshi-wt/rtfc-phase-c/Game/Library/PackageCache/com.unity.modules.unitywebrequestwww)
    com.unity.modules.vectorgraphics@1.0.0 (location: /Users/ilseoblee/workspace/seoul-kenshi-wt/rtfc-phase-c/Game/Library/PackageCache/com.unity.modules.vectorgraphics)
    com.unity.modules.vehicles@1.0.0 (location: /Users/ilseoblee/workspace/seoul-kenshi-wt/rtfc-phase-c/Game/Library/PackageCache/com.unity.modules.vehicles)
    com.unity.modules.video@1.0.0 (location: /Users/ilseoblee/workspace/seoul-kenshi-wt/rtfc-phase-c/Game/Library/PackageCache/com.unity.modules.video)
    com.unity.modules.wind@1.0.0 (location: /Users/ilseoblee/workspace/seoul-kenshi-wt/rtfc-phase-c/Game/Library/PackageCache/com.unity.modules.wind)
    com.unity.modules.xr@1.0.0 (location: /Users/ilseoblee/workspace/seoul-kenshi-wt/rtfc-phase-c/Game/Library/PackageCache/com.unity.modules.xr)
    com.unity.modules.subsystems@1.0.0 (location: /Users/ilseoblee/workspace/seoul-kenshi-wt/rtfc-phase-c/Game/Library/PackageCache/com.unity.modules.subsystems)
    com.unity.modules.hierarchycore@1.0.0 (location: /Users/ilseoblee/workspace/seoul-kenshi-wt/rtfc-phase-c/Game/Library/PackageCache/com.unity.modules.hierarchycore)
    com.unity.ext.nunit@2.1.1 (location: /Users/ilseoblee/workspace/seoul-kenshi-wt/rtfc-phase-c/Game/Library/PackageCache/com.unity.ext.nunit@f6178be85c6e)
    com.unity.render-pipelines.core@17.7.0 (location: /Users/ilseoblee/workspace/seoul-kenshi-wt/rtfc-phase-c/Game/Library/PackageCache/com.unity.render-pipelines.core@c86064616c0c)
    com.unity.shadergraph@17.7.0 (location: /Users/ilseoblee/workspace/seoul-kenshi-wt/rtfc-phase-c/Game/Library/PackageCache/com.unity.shadergraph@f32f227ad317)
    com.unity.render-pipelines.universal-config@17.7.0 (location: /Users/ilseoblee/workspace/seoul-kenshi-wt/rtfc-phase-c/Game/Library/PackageCache/com.unity.render-pipelines.universal-config@767fc04a69c2)
    com.unity.graph-authoring@1.0.0 (location: /Users/ilseoblee/workspace/seoul-kenshi-wt/rtfc-phase-c/Game/Library/PackageCache/com.unity.graph-authoring@cfd2588851ee)
    com.unity.burst@2.0.0 (location: /Users/ilseoblee/workspace/seoul-kenshi-wt/rtfc-phase-c/Game/Library/PackageCache/com.unity.burst@626e66ab421b)
    com.unity.collections@6.7.0 (location: /Users/ilseoblee/workspace/seoul-kenshi-wt/rtfc-phase-c/Game/Library/PackageCache/com.unity.collections@642e35c36221)
    com.unity.profiling.core@1.0.3 (location: /Users/ilseoblee/workspace/seoul-kenshi-wt/rtfc-phase-c/Game/Library/PackageCache/com.unity.profiling.core@9f367c25a5d3)
    com.unity.test-framework.performance@6.6.0 (location: /Users/ilseoblee/workspace/seoul-kenshi-wt/rtfc-phase-c/Game/Library/PackageCache/com.unity.test-framework.performance@2779acc3f9c0)
  Git packages:
    jp.hadashikick.vcontainer@https://github.com/hadashiA/VContainer.git?path=VContainer/Assets/VContainer#1.19.0 (location: /Users/ilseoblee/workspace/seoul-kenshi-wt/rtfc-phase-c/Game/Library/PackageCache/jp.hadashikick.vcontainer@dcf16cda6a65)
[Subsystems] No new subsystems found in resolved package list.
[Package Manager] Done registering packages in 0.00 seconds
ADB: OOP importers: 'AudioImporter' is OOP-eligible (per-importer)
ADB: OOP importers: 'ComputeShaderImporter' is OOP-eligible (per-importer)
ADB: OOP importers: 'FBXImporter' is OOP-eligible (per-importer)
ADB: OOP importers: 'Mesh3DSImporter' is OOP-eligible (per-importer)
ADB: OOP importers: 'PrefabImporter' is OOP-eligible (per-importer)
ADB: OOP importers: 'RayTracingShaderImporter' is OOP-eligible (per-importer)
ADB: OOP importers: 'ShaderImporter' is OOP-eligible (per-importer)
ADB: OOP importers: 'TextScriptImporter' is OOP-eligible (per-importer)
ADB: OOP importers: 'TextureImporter' is OOP-eligible (per-importer)
ADB: OOP importers: 'TrueTypeFontImporter' is OOP-eligible (per-importer)
ADB: OOP importers: 'VideoClipImporter' is OOP-eligible (per-importer)
ADB: OOP importers: queue -1003 composition: TextureImporter, TextureImporter, TextureImporter, TextureImporter, TextureImporter, TextureImporter, TextureImporter, TextureImporter, TextureImporter, TextureImporter, TextureImporter, TextureImporter, TextureImporter, TextureImporter, TextureImporter (only the named importers above run OOP; the rest stay in-process)
ADB: OOP importers: queue -1001 composition: ShaderImporter, ComputeShaderImporter, RayTracingShaderImporter (only the named importers above run OOP; the rest stay in-process)
ADB: OOP importers: queue 2 composition: TrueTypeFontImporter, TrueTypeFontImporter, TrueTypeFontImporter, TrueTypeFontImporter (only the named importers above run OOP; the rest stay in-process)
ADB: OOP importers: queue 100 composition: Mesh3DSImporter, FBXImporter, FBXImporter, FBXImporter, FBXImporter, FBXImporter, FBXImporter, FBXImporter, FBXImporter, FBXImporter, FBXImporter (only the named importers above run OOP; the rest stay in-process)
ADB: OOP importers: queue 1050 composition: TextScriptImporter, TextScriptImporter, TextScriptImporter, TextScriptImporter, TextScriptImporter, TextScriptImporter, TextScriptImporter, TextScriptImporter, TextScriptImporter, TextScriptImporter, TextScriptImporter, TextScriptImporter (only the named importers above run OOP; the rest stay in-process)
ADB: OOP importers: queue 1100 composition: AudioImporter, AudioImporter, AudioImporter, AudioImporter, AudioImporter, AudioImporter, AudioImporter, AudioImporter, AudioImporter, AudioImporter (only the named importers above run OOP; the rest stay in-process)
ADB: OOP importers: queue 1500 composition: PrefabImporter (only the named importers above run OOP; the rest stay in-process)
ADB: OOP importers: queue 1700 composition: VideoClipImporter, VideoClipImporter, VideoClipImporter, VideoClipImporter, VideoClipImporter, VideoClipImporter, VideoClipImporter, VideoClipImporter, VideoClipImporter, VideoClipImporter (only the named importers above run OOP; the rest stay in-process)
Starting: /Applications/Unity/Hub/Editor/6000.7.0a5/Unity.app/Contents/Resources/BuildPipeline/bee_backend --ipc --defer-dag-verification --dagfile="Library/Bee/200b0aE.dag" --continue-on-failure --profile="Library/Bee/backend1.traceevents" ScriptAssemblies
WorkingDir: /Users/ilseoblee/workspace/seoul-kenshi-wt/rtfc-phase-c/Game
DisplayProgressbar: Compiling Scripts
warn: Unity.ILPP.Runner.PostProcessingAssemblyLoadContext[0]
      Assembly unityeditor.ios.extensions.xcode has duplicate hint path. Ignoring "/Applications/Unity/Hub/Editor/6000.7.0a5/PlaybackEngines/iOSSupport/UnityEditor.iOS.Extensions.Xcode.dll" in favor of "/Applications/Unity/Hub/Editor/6000.7.0a5/PlaybackEngines/MacStandaloneSupport/UnityEditor.iOS.Extensions.Xcode.dll"
warn: Unity.ILPP.Runner.PostProcessingAssemblyLoadContext[0]
      Assembly system.runtime.interopservices.windowsruntime has duplicate hint path. Ignoring "/Applications/Unity/Hub/Editor/6000.7.0a5/Unity.app/Contents/Resources/Scripting/UnityReferenceAssemblies/unity-4.8-api/Facades/System.Runtime.InteropServices.WindowsRuntime.dll" in favor of "/Applications/Unity/Hub/Editor/6000.7.0a5/Unity.app/Contents/Resources/Scripting/NetStandard/Extensions/2.0.0/System.Runtime.InteropServices.WindowsRuntime.dll"
warn: Unity.ILPP.Runner.PostProcessingAssemblyLoadContext[0]
      Assembly system.componentmodel.composition has duplicate hint path. Ignoring "/Applications/Unity/Hub/Editor/6000.7.0a5/Unity.app/Contents/Resources/Scripting/UnityReferenceAssemblies/unity-4.8-api/System.ComponentModel.Composition.dll" in favor of "/Applications/Unity/Hub/Editor/6000.7.0a5/Unity.app/Contents/Resources/Scripting/NetStandard/compat/2.1.0/shims/netfx/System.ComponentModel.Composition.dll"
ExitCode: 0 Duration: 0s159ms
[570/736    0s] ILPP-Configuration Library/ilpp-configuration.nevergeneratedoutput
*** Tundra build success (0.14 seconds), 1 items updated, 736 evaluated
AssetDatabase: script compilation time: 0.433951s
Begin MonoManager ReloadAssembly
Total cache size 267856808
Total cache size after purge 267856808, took 00:00:00.1092922
'Packages/com.unity.render-pipelines.core/Editor/Deprecated.cs' contains partial class of Unity.Object, exactly 1 of the partial classes needs to be in a file with the same filename. This is to know the one that can be referenced from ie. GameObjects
'Packages/com.unity.render-pipelines.core/Editor/Deprecated.cs' contains partial class of Unity.Object, exactly 1 of the partial classes needs to be in a file with the same filename. This is to know the one that can be referenced from ie. GameObjects
[MODES] ModeService[none].Initialize
[MODES] ModeService[none].LoadModes
Native extension for LinuxStandalone target not found
Native extension for iOS target not found
Native extension for Android target not found
Native extension for WindowsStandalone target not found
Native extension for OSXStandalone target not found
Native extension for WebGL target not found
ScheduleIndexationOnStartup MainProcess:True IndexOnStartup:False
Diagnostic switches are active and may impact performance or degrade your user experience. Switches can be configured through the Diagnostics section in the Preferences window.
	DebugAllocatorMode: 0
Scripting: successfully reloaded assembly
- Finished resetting the current domain, in  0.293 seconds
Domain Reload Profiling: 623ms
	BeginReloadAssembly (103ms)
		DisableScriptedObjects (7ms)
		CreateAndSetChildDomain (33ms)
	RebuildCommonClasses (3ms)
	RebuildNativeTypeToScriptingClass (6ms)
	initialDomainReloadingComplete (24ms)
	LoadAllAssembliesAndSetupDomain (193ms)
		LoadAssemblies (79ms)
		TypeCache.Refresh (40ms)
			TypeCache.ScanAssembly (34ms)
		AnalyzeDomain (17ms)
			BuildScriptInfoCaches (15ms)
	FinalizeReload (294ms)
		SetupLoadedEditorAssemblies (0ms)
			InitializePlatformSupportModulesInManaged (6ms)
			BeforeProcessingInitializeOnLoad (40ms)
			ProcessInitializeOnLoadAttributes (45ms)
			ProcessInitializeOnLoadMethodAttributes (29ms)
		AwakeInstancesAfterBackupRestoration (8ms)
Starting new worker id: 0 with log in /Users/ilseoblee/workspace/seoul-kenshi-wt/rtfc-phase-c/Game/Logs/AssetImportWorkerHW0.log
Worker ready: AssetImportWorkerHW0 0

Asset Pipeline Refresh (id=a4537307330e44219a8f23543ce09835): Total: 2.815 seconds - Initiated by InitialRefreshV2(ForceSynchronousImport)
	(Values over 0.05ms)
	Summary:
		Imports: total=0 (actual=0, local cache=0, cache server=0)
		Asset DB Process Time: managed=0 ms, native=723 ms
		Asset DB Callback time: managed=1312 ms, native=3 ms
		Scripting: domain reloads=1, domain reload time=342 ms, compile time=435 ms, other=0 ms
		Project Asset Count: scripts=982, non-scripts=2772
		Asset File Changes: new=0, changed=0, moved=0, deleted=0
		Scan Filter Count: 1
	InvokePackagesCallback: 3.513ms
	ApplyChangesToAssetFolders: 0.161ms
	Scan: 345.256ms
	Collect global state as custom dependencies: 2.728ms
	CategorizeScriptCompilationAssets: 8.487ms
	ProcessAssetsWithTransientArtifactChanges: 14.271ms
	CategorizeAssets: 24.596ms
	CompileScripts: 434.523ms
	ImportOutOfDateAssets: 296.723ms (295.168ms without children)
		UnloadImportedAssets: 0.112ms
		EnsureUptoDateAssetsAreRegisteredWithGuidPM: 0.256ms
		ImportSchedulerStart: 1.187ms
	PostProcessAllAssets: 1312.499ms
		MonoPostProcessAllAssets: 1312.477ms
			UniversalRenderPipelineGlobalSettingsPostprocessor.OnPostprocessAllAssets 1303.624ms
			SyncVS.PostprocessSyncProject 3.450ms
			SpeedTree9Postprocessor.OnPostprocessAllAssets 0.652ms
			EditModeScopePostprocessor.OnPostprocessAllAssets 0.536ms
			ShaderReflectionAssetPostProcessor.OnPostprocessAllAssets 0.205ms
			TerrainToolbarOverlayPostProcessor.OnPostprocessAllAssets 0.109ms
			InputActionAssetPostprocessor.OnPostprocessAllAssets 0.099ms
			ReferencedClipsPostProcessor.OnPostprocessAllAssets 0.099ms
			WindowAssetPostprocessingWatcher.OnPostprocessAllAssets 0.093ms
			ProjectSettingsPostprocessor.OnPostprocessAllAssets 0.068ms
			AssetDatabaseCallbacks.OnPostprocessAllAssets 0.059ms
	UnloadStreamsBegin: 0.900ms
	PersistCurrentRevisions: 0.077ms
	GenerateScriptTypeHashes: 0.730ms
	GenerateScriptTypeSerializationHashes: 1.540ms
	Untracked: 370.421ms

Application.AssetDatabase Initial Refresh End
Shader Hidden/ChartRasterizerHardware is not supported: GPU does not support conservative rasterization
Shader Hidden/ChartRasterizerHardware is not supported: GPU does not support conservative rasterization
Scanning for USB devices : 0.397ms
Initializing Unity extensions:
Unloading 265 Unused Serialized files (Serialized files now loaded: 0)
Unloading 3811 unused Assets / (5.0 MB). Loaded Objects now: 4787.
Memory consumption went from 511.5 MB to 506.5 MB.
Total: 5.105500 ms (FindLiveObjects: 0.225500 ms CreateObjectMapping: 0.048458 ms MarkObjects: 3.661042 ms  DeleteObjects: 1.116625 ms)

[Project] Loading completed in 6.658 seconds
	Project init time: 				6.359 seconds
		Template init time: 		0.000 seconds
		Package Manager init time: 		0.532 seconds
		Asset Database init time: 		0.109 seconds
		Global illumination init time: 	0.001 seconds
		Assemblies load time: 			2.310 seconds
		Unity extensions init time: 	0.005 seconds
		Asset Database refresh time: 	2.816 seconds
	Scene opening time: 			0.265 seconds
##utp:{"type":"ProjectInfo","version":2,"phase":"Immediate","time":1788851390041,"processId":43168,"projectLoad":6.658007584,"projectInit":6.358758709,"templateInit":0.0,"packageManagerInit":0.532256542,"assetDatabaseInit":0.109405417,"globalIlluminationInit":0.000667,"assembliesLoad":2.309921833,"unityExtensionsInit":0.004561083,"assetDatabaseRefresh":2.815526709,"sceneOpening":0.26503475}
##utp:{"type":"EditorInfo","version":2,"phase":"Immediate","time":1788851390041,"processId":43168,"editorVersion":"6000.7.0a5 (a15235a53881)","branch":"trunk","buildType":"Release","platform":"OSX"}
Asset Pipeline Refresh (id=8d97ca7250f814c3eb83f0097559b766): Total: 0.150 seconds - Initiated by RefreshV2(ForceSynchronousImport)
[Licensing::Client] Successfully resolved entitlement details
Running tests for ExecutionSettings with details:
targetPlatform = 
playerHeartbeatTimeout = 600
filters[0] = 
   Filter with settings:
   testMode = EditMode
   targetPlatform = 
   testNames = null
   groupNames = null
   categoryNames = null
   assemblyNames = null
ignoreTests = {}
featureFlags = null

UnityEngine.Debug:ExtractStackTraceNoAlloc (byte*,int,string)
UnityEngine.StackTraceUtility:ExtractStackTrace () (at /Users/bokken/build/output/unity/unity/Runtime/Export/Scripting/StackTrace.cs:23)
UnityEngine.DebugLogHandler:Internal_Log (UnityEngine.LogType,UnityEngine.LogOption,string,UnityEngine.Object)
UnityEngine.DebugLogHandler:LogFormat (UnityEngine.LogType,UnityEngine.Object,string,object[])
UnityEngine.Logger:Log (UnityEngine.LogType,object)
UnityEngine.Debug:Log (object)
UnityEditor.TestTools.TestRunner.CommandLineTest.Executer:InitializeAndExecuteRun (string[]) (at ./Library/PackageCache/com.unity.test-framework@4c309923fa3b/UnityEditor.TestRunner/CommandLineTest/Executer.cs:53)
UnityEditor.TestTools.TestRunner.CommandLineTest.TestStarter:InitializeAndExecuteRun () (at ./Library/PackageCache/com.unity.test-framework@4c309923fa3b/UnityEditor.TestRunner/CommandLineTest/TestStarter.cs:64)
UnityEditor.EditorApplication:Internal_CallUpdateFunctions () (at /Users/bokken/build/output/unity/unity/Editor/Mono/EditorApplication.cs:463)

(Filename: ./Library/PackageCache/com.unity.test-framework@4c309923fa3b/UnityEditor.TestRunner/CommandLineTest/Executer.cs Line: 53)

[UnityConnectServicesConfig] config is NOT valid, switching to default
Created GICache directory at /Users/ilseoblee/Library/Caches/com.unity3d.UnityEditor/GiCache. Took: 0.005s, timestamps: [6.659 - 6.664]
Unloading 1 Unused Serialized files (Serialized files now loaded: 0)
Unloading 1 unused Assets / (4.5 KB). Loaded Objects now: 4948.
Memory consumption went from 414.3 MB to 414.3 MB.
Total: 4.583667 ms (FindLiveObjects: 0.117250 ms CreateObjectMapping: 0.024917 ms MarkObjects: 4.376083 ms  DeleteObjects: 0.012917 ms)

Executing IPrebuildSetup for: Unity.PerformanceTesting.Editor.TestRunBuilder.
UnityEngine.Debug:ExtractStackTraceNoAlloc (byte*,int,string)
UnityEngine.StackTraceUtility:ExtractStackTrace () (at /Users/bokken/build/output/unity/unity/Runtime/Export/Scripting/StackTrace.cs:23)
UnityEngine.DebugLogHandler:Internal_Log (UnityEngine.LogType,UnityEngine.LogOption,string,UnityEngine.Object)
UnityEngine.DebugLogHandler:LogFormat (UnityEngine.LogType,UnityEngine.Object,string,object[])
UnityEngine.Logger:Log (UnityEngine.LogType,object)
UnityEngine.Debug:Log (object)
UnityEditor.TestTools.TestRunner.TestRun.Tasks.BuildActionTaskBase`1/<ExecuteMethods>d__8<UnityEngine.TestTools.IPrebuildSetup>:MoveNext () (at ./Library/PackageCache/com.unity.test-framework@4c309923fa3b/UnityEditor.TestRunner/TestRun/Tasks/BuildActionTaskBase.cs:48)
UnityEditor.TestTools.TestRunner.TestRun.Tasks.BuildActionTaskBase`1/<Execute>d__7<UnityEngine.TestTools.IPrebuildSetup>:MoveNext () (at ./Library/PackageCache/com.unity.test-framework@4c309923fa3b/UnityEditor.TestRunner/TestRun/Tasks/BuildActionTaskBase.cs:34)
UnityEditor.TestTools.TestRunner.TestRun.TestJobRunner:ExecuteStep () (at ./Library/PackageCache/com.unity.test-framework@4c309923fa3b/UnityEditor.TestRunner/TestRun/TestJobRunner.cs:194)
UnityEditor.TestTools.TestRunner.TestRun.TestJobRunner:ExecuteCallback () (at ./Library/PackageCache/com.unity.test-framework@4c309923fa3b/UnityEditor.TestRunner/TestRun/TestJobRunner.cs:129)
UnityEditor.EditorApplication:Internal_CallUpdateFunctions () (at /Users/bokken/build/output/unity/unity/Editor/Mono/EditorApplication.cs:463)

(Filename: ./Library/PackageCache/com.unity.test-framework@4c309923fa3b/UnityEditor.TestRunner/TestRun/Tasks/BuildActionTaskBase.cs Line: 48)

JANSEON_STARTUP_READY screen=MainTitle
UnityEngine.Debug:ExtractStackTraceNoAlloc (byte*,int,string)
UnityEngine.StackTraceUtility:ExtractStackTrace () (at /Users/bokken/build/output/unity/unity/Runtime/Export/Scripting/StackTrace.cs:23)
UnityEngine.DebugLogHandler:Internal_Log (UnityEngine.LogType,UnityEngine.LogOption,string,UnityEngine.Object)
UnityEngine.DebugLogHandler:LogFormat (UnityEngine.LogType,UnityEngine.Object,string,object[])
UnityEngine.Logger:Log (UnityEngine.LogType,object)
UnityEngine.Debug:Log (object)
Janseon.Foundation.Composition.FoundationStartup/<StartAsync>d__2:MoveNext () (at Assets/Janseon/Foundation/Composition/FoundationStartup.cs:32)
UnityEngine.Awaitable/AwaitableAsyncMethodBuilder/StateMachineBox`1<Janseon.Foundation.Composition.FoundationStartup/<StartAsync>d__2>:DoMoveNext () (at /Users/bokken/build/output/unity/unity/Runtime/Export/Scripting/Awaitable.AsyncMethodBuilder.cs:49)
System.Threading.Tasks.AwaitTaskContinuation:InvokeAction (object)
System.Threading.Tasks.AwaitTaskContinuation:RunCallback (System.Threading.ContextCallback,object,System.Threading.Tasks.Task&)
System.Threading.Tasks.SynchronizationContextAwaitTaskContinuation:Run (System.Threading.Tasks.Task,bool)
System.Threading.Tasks.Task:FinishContinuations ()
System.Threading.Tasks.Task:FinishStageThree ()
System.Threading.Tasks.Task`1<Janseon.Foundation.AppFlow.TransitionOutcome>:TrySetResult (Janseon.Foundation.AppFlow.TransitionOutcome)
System.Runtime.CompilerServices.AsyncTaskMethodBuilder`1<Janseon.Foundation.AppFlow.TransitionOutcome>:SetResult (Janseon.Foundation.AppFlow.TransitionOutcome)
Janseon.Foundation.AppFlow.ApplicationFlowCoordinator/<RunTransitionAsync>d__19:MoveNext () (at Assets/Janseon/Foundation/AppFlow/ApplicationFlowCoordinator.cs:204)
System.Runtime.CompilerServices.AsyncMethodBuilderCore/MoveNextRunner:InvokeMoveNext (object)
System.Threading.ExecutionContext:RunInternal (System.Threading.ExecutionContext,System.Threading.ContextCallback,object,bool)
System.Threading.ExecutionContext:Run (System.Threading.ExecutionContext,System.Threading.ContextCallback,object,bool)
System.Runtime.CompilerServices.AsyncMethodBuilderCore/MoveNextRunner:Run ()
System.Threading.Tasks.SynchronizationContextAwaitTaskContinuation/<>c:<.cctor>b__7_0 (object)
UnityEngine.UnitySynchronizationContext/WorkRequest:Invoke () (at /Users/bokken/build/output/unity/unity/Runtime/Export/Scripting/UnitySynchronizationContext.cs:155)
UnityEngine.UnitySynchronizationContext:Exec () (at /Users/bokken/build/output/unity/unity/Runtime/Export/Scripting/UnitySynchronizationContext.cs:83)
UnityEngine.UnitySynchronizationContext:ExecuteTasks () (at /Users/bokken/build/output/unity/unity/Runtime/Export/Scripting/UnitySynchronizationContext.cs:109)

(Filename: Assets/Janseon/Foundation/Composition/FoundationStartup.cs Line: 32)

Importing 'GUID: 09d2f1c0b5bef456fb69c747eb2b004f - Path: Assets/Janseon/ArtCandidates/Characters/ImportProbe-3ff8a7f0d9d74019b350a01955afc98f' with importer (DefaultImporter)
Imported 'GUID: 09d2f1c0b5bef456fb69c747eb2b004f' -> (Import Result ID: 'ae4fba3cc3f18b76fa1343c1332a0d3e') in 0.002 seconds [static dependencies only]. Details - ImportResultOutputID=36da4c8b5db3ec42d9ffaa85028576f6 DependenciesID=98dd51fd9738a018d50cfb831be70c0a StaticDependenciesID=4566840200a3c968ad4a781d09322a52 
Importing 'GUID: 2aeea58c1f40c4b729795bef3f3c2958 - Path: Assets/Janseon/ArtCandidates/Characters/ImportProbe-3ff8a7f0d9d74019b350a01955afc98f/atlas.png' with importer (TextureImporter)
Imported 'GUID: 2aeea58c1f40c4b729795bef3f3c2958' -> (Import Result ID: 'e850164b4698a4824140038a163c948a') in 0.007 seconds [static and dynamic dependencies]. Details - ImportResultOutputID=37b78f3e60f3e867c197cf5a4f342302 DependenciesID=5e8de170893c2d395b02bd35e7b1dae1 StaticDependenciesID=cd1bf3dd4e7318ff8ac3160129716f54 
Asset Pipeline Refresh (id=7833315b360bf41a2bcc3b26fd0660ea): Total: 0.076 seconds - Initiated by StopAssetImportingV2(NoUpdateAssetOptions)
Importing 'GUID: 2aeea58c1f40c4b729795bef3f3c2958 - Path: Assets/Janseon/ArtCandidates/Characters/ImportProbe-3ff8a7f0d9d74019b350a01955afc98f/atlas.png' with importer (TextureImporter)
Imported 'GUID: 2aeea58c1f40c4b729795bef3f3c2958' -> (Import Result ID: 'a5d4add3b69edf94c9c34073c1656492') in 0.002 seconds [static and dynamic dependencies]. Details - ImportResultOutputID=70e2f6c6d2d705c63e2b81a077bbb793 DependenciesID=18d63c3c72d58d3d057934ce346457e0 StaticDependenciesID=3e1fda25b0af299a79fbb964b528da0c 
Asset Pipeline Refresh (id=9c78c6651060447549e9ebed4d1ee6bc): Total: 0.023 seconds - Initiated by StopAssetImportingV2(NoUpdateAssetOptions)
Asset Pipeline Refresh (id=121775379d6b145af8287174efc9549f): Total: 0.015 seconds - Initiated by StopAssetImportingV2(NoUpdateAssetOptions)
Opening scene 'Assets/Scenes/Foundation.unity'
Unloading 6 Unused Serialized files (Serialized files now loaded: 0)
Loaded scene 'Assets/Scenes/Foundation.unity'
	Deserialize:            23.240 ms
	Integration:            121.546 ms
	Integration of assets:  0.346 ms
	Thread Wait Time:       0.005 ms
	Total Operation Time:   145.137 ms
Unloading 9 unused Assets / (16.2 KB). Loaded Objects now: 5096.
Memory consumption went from 447.9 MB to 447.9 MB.
Total: 4.947834 ms (FindLiveObjects: 0.167834 ms CreateObjectMapping: 0.024250 ms MarkObjects: 4.682208 ms  DeleteObjects: 0.021709 ms)

Importing 'GUID: da7d392bae0c0451d80e9d23f9929e5f - Path: Assets/Janseon/Art/UI/icon-talk.png' with importer (TextureImporter)
Imported 'GUID: da7d392bae0c0451d80e9d23f9929e5f' -> (Import Result ID: 'b1760c85aa6ed4366df6741a209a30e4') in 0.001 seconds [static and dynamic dependencies]. Details - ImportResultOutputID=9f5e8ff276486825985e49f2581562ba DependenciesID=98bf06dcdcb19d5c8e50c0f185ed29b3 StaticDependenciesID=b0c36ddf94263afd13559508616a8e9e 
Asset Pipeline Refresh (id=090666f35ad76470ba9049c931a4c03b): Total: 0.021 seconds - Initiated by StopAssetImportingV2(NoUpdateAssetOptions)
Importing 'GUID: da7d392bae0c0451d80e9d23f9929e5f - Path: Assets/Janseon/Art/UI/icon-talk.png' with importer (TextureImporter)
Imported 'GUID: da7d392bae0c0451d80e9d23f9929e5f' -> (Import Result ID: '6d3d21900e1b1aa3f073fa2c619f6564') in 0.001 seconds [static and dynamic dependencies]. Details - ImportResultOutputID=ad0e71d76414a9d1cbf65b800e4cebcc DependenciesID=fba6d4b543f2ed349d7956229c9b47fa StaticDependenciesID=80fa28dd6a5feec9137acff0a281ae8b 
Asset Pipeline Refresh (id=a0f1ad826fa544d279645a5c25b8b1c0): Total: 0.017 seconds - Initiated by StopAssetImportingV2(NoUpdateAssetOptions)
ROUNDTRIP;campaign=roundtrip-campaign;battle=battle-97a82f782b7edbfb;contextHash=97a82f782b7edbfbd89bb9c0b3b3e53fc49214def40c935618bd9e89dafb4ea7;card=passage-retreat;cardTick=0;rechargeStart=750;rechargeAfterTick=749;terminal=PlayerRetreat;terminalTick=1;battleHash=d9947e46d1a1c827e3ab509f7677d85d8f744e2ba090105885ff77cd3bdb9012;battleLedgerHash=8c8421e35bc551ed26ebfd162986b7d44c7aab282f4f3d30f427dedf14b16b4f;resultId=result-d9947e46d1a1c827;beforeCampaignHash=b7d4da38c4497b8a9b27b9184e78d7784990774603c795effb597b18a0201cb8;settledCampaignHash=125a18fd64cf85d163de4e7b615de702d65f4a224edb5c9397184a58d0dd58f8;receiptHash=36d9f6466a49ffe8ac2ad6c026a9b0918846412fe5f3c647cad16a0c7e597bc8;duplicateReceiptHash=36d9f6466a49ffe8ac2ad6c026a9b0918846412fe5f3c647cad16a0c7e597bc8;returnTick=7;returnStage=BaseReady;returnHash=72cd944dbdd2d48535d6c3c51b4d54d1f199662ea89bb493dd9be2157fa84c08;checks=battle-id,selected-card,card-effect,recharge-tick,terminal,settlement,duplicate-zero-mutation,return
Importing 'GUID: 23775589300604d3f883eddf2e7af63e - Path: Assets/Janseon/ArtCandidates/TestPromotion-a918550bad804fbf9fd25a1a78c9cf8f' with importer (DefaultImporter)
Imported 'GUID: 23775589300604d3f883eddf2e7af63e' -> (Import Result ID: '2d2f3c7ea39d48b8f3973edc63b42f0d') in 0.001 seconds [static dependencies only]. Details - ImportResultOutputID=11ecf04900fce57c926196e567108eee DependenciesID=3474b14a6a62b8d22fda75553b530e65 StaticDependenciesID=47f58f286d16c0fc1dc04dd52bcb8de8 
Importing 'GUID: cf44af24f7b804f20b8a6bf3ea0462ee - Path: Assets/Janseon/ArtCandidates/TestPromotion-a918550bad804fbf9fd25a1a78c9cf8f/N-idle-0.png' with importer (TextureImporter)
Imported 'GUID: cf44af24f7b804f20b8a6bf3ea0462ee' -> (Import Result ID: 'bc000a9bc0009cb1837ae4916ee7b0b2') in 0.001 seconds [static and dynamic dependencies]. Details - ImportResultOutputID=bd5d789b75468b372032ccc3c3a5e5a2 DependenciesID=c69470053fe30d535831d21d85dd90ec StaticDependenciesID=f27e7c45ec142602dba273fa306e72a8 
Asset Pipeline Refresh (id=fcbeef56da0bd47c08da20ab434e2379): Total: 0.019 seconds - Initiated by StopAssetImportingV2(NoUpdateAssetOptions)
Importing 'GUID: cf44af24f7b804f20b8a6bf3ea0462ee - Path: Assets/Janseon/ArtCandidates/TestPromotion-a918550bad804fbf9fd25a1a78c9cf8f/N-idle-0.png' with importer (TextureImporter)
Imported 'GUID: cf44af24f7b804f20b8a6bf3ea0462ee' -> (Import Result ID: '9193abf767c2d4f156aac484eed3f992') in 0.001 seconds [static and dynamic dependencies]. Details - ImportResultOutputID=63d0785a650260254dc2fe8b759446d5 DependenciesID=1f2581b126d87ad6758fa21ffbfa9e2b StaticDependenciesID=de60ff7c3e814b82df572c7de04aa01e 
Asset Pipeline Refresh (id=22480267642de4989bd8f64d9b3d222f): Total: 0.017 seconds - Initiated by StopAssetImportingV2(NoUpdateAssetOptions)
Importing 'GUID: 53ccd268730f24953a2ed72423fbbec0 - Path: Assets/Janseon/ArtCandidates/TestPromotion-a918550bad804fbf9fd25a1a78c9cf8f/N-idle-1.png' with importer (TextureImporter)
Imported 'GUID: 53ccd268730f24953a2ed72423fbbec0' -> (Import Result ID: 'df477dcdd4435fdf66590d128e8e7084') in 0.001 seconds [static and dynamic dependencies]. Details - ImportResultOutputID=ea073963f46b614bd438b45c72d83202 DependenciesID=3cedb55b6a5bb2209c3442f31d9fd19b StaticDependenciesID=d3a198aa86223660bfefb8e6a62c1798 
Asset Pipeline Refresh (id=dd2e1233faf694d3595d54340d816eff): Total: 0.015 seconds - Initiated by StopAssetImportingV2(NoUpdateAssetOptions)
Importing 'GUID: 53ccd268730f24953a2ed72423fbbec0 - Path: Assets/Janseon/ArtCandidates/TestPromotion-a918550bad804fbf9fd25a1a78c9cf8f/N-idle-1.png' with importer (TextureImporter)
Imported 'GUID: 53ccd268730f24953a2ed72423fbbec0' -> (Import Result ID: '2918bf43b67e2332fc8a9dda60fc694b') in 0.001 seconds [static and dynamic dependencies]. Details - ImportResultOutputID=cd0278aaac0f4c7dc49dfe59bcb12637 DependenciesID=c72ae748bea841a269a38a991e8ad4a5 StaticDependenciesID=cbe800b0c89a57279949494559f742f6 
Asset Pipeline Refresh (id=09bd04ac186cc4a27a15ad145fe6cc3b): Total: 0.017 seconds - Initiated by StopAssetImportingV2(NoUpdateAssetOptions)
Importing 'GUID: 4147f7d626a89417fa042fd540a0e1b7 - Path: Assets/Janseon/ArtCandidates/TestPromotion-a918550bad804fbf9fd25a1a78c9cf8f/N-idle-2.png' with importer (TextureImporter)
Imported 'GUID: 4147f7d626a89417fa042fd540a0e1b7' -> (Import Result ID: '43d955af688e87291f85cac374098375') in 0.001 seconds [static and dynamic dependencies]. Details - ImportResultOutputID=287d9fcdce805c146a10c20ad307ccd9 DependenciesID=cc2f3d7b6b5ea397bbe5a48b13a01b19 StaticDependenciesID=fb4068ef3caf83d939575a82b67caa30 
Asset Pipeline Refresh (id=7ab72cd2f68ad49de9a5287da4b31022): Total: 0.014 seconds - Initiated by StopAssetImportingV2(NoUpdateAssetOptions)
Importing 'GUID: 4147f7d626a89417fa042fd540a0e1b7 - Path: Assets/Janseon/ArtCandidates/TestPromotion-a918550bad804fbf9fd25a1a78c9cf8f/N-idle-2.png' with importer (TextureImporter)
Imported 'GUID: 4147f7d626a89417fa042fd540a0e1b7' -> (Import Result ID: '1c11c2b21c3e0f5f1fc021e93f1aa194') in 0.001 seconds [static and dynamic dependencies]. Details - ImportResultOutputID=5db1c2d85b47133c46b129b6586347b4 DependenciesID=3f85dbbfa3219a47db23cbfd6ecb90d8 StaticDependenciesID=5d52a35132ffa68b4a84afbc165a00ea 
Asset Pipeline Refresh (id=7884e1658357847278e8a0ff85b0904f): Total: 0.016 seconds - Initiated by StopAssetImportingV2(NoUpdateAssetOptions)
Importing 'GUID: 46abcce7637c7449dbfb7069dc235377 - Path: Assets/Janseon/ArtCandidates/TestPromotion-a918550bad804fbf9fd25a1a78c9cf8f/N-idle-3.png' with importer (TextureImporter)
Imported 'GUID: 46abcce7637c7449dbfb7069dc235377' -> (Import Result ID: '8b50d1123b97ce5a8536e35b68f21198') in 0.001 seconds [static and dynamic dependencies]. Details - ImportResultOutputID=484bddc179986b1e633070c0ef9b617d DependenciesID=d10fd43a578ea482c274158bfca0ca4d StaticDependenciesID=cb65fb7a8ae5faf068863fdbae7870f7 
Asset Pipeline Refresh (id=9deb10495f0674cf99b031d680abcb8e): Total: 0.014 seconds - Initiated by StopAssetImportingV2(NoUpdateAssetOptions)
Importing 'GUID: 46abcce7637c7449dbfb7069dc235377 - Path: Assets/Janseon/ArtCandidates/TestPromotion-a918550bad804fbf9fd25a1a78c9cf8f/N-idle-3.png' with importer (TextureImporter)
Imported 'GUID: 46abcce7637c7449dbfb7069dc235377' -> (Import Result ID: 'a69fa2d433b97e1114796d53236e596c') in 0.001 seconds [static and dynamic dependencies]. Details - ImportResultOutputID=1c81183a43b8b1008877e8c5562aa9d0 DependenciesID=fab2d46eef4186bb289a4afccad699d6 StaticDependenciesID=e5fafb80d53e624f331f0981ad9865f5 
Asset Pipeline Refresh (id=6ca2dedc63f534c56ba78b3bb6233370): Total: 0.016 seconds - Initiated by StopAssetImportingV2(NoUpdateAssetOptions)
Importing 'GUID: c7055fb0b09124136ac0518af2c4defc - Path: Assets/Janseon/ArtCandidates/TestPromotion-a918550bad804fbf9fd25a1a78c9cf8f/N-idle-clip.anim' with importer (NativeFormatImporter)
Imported 'GUID: c7055fb0b09124136ac0518af2c4defc' -> (Import Result ID: '713259fd941feda21b8264d0134952a3') in 0.000 seconds [static dependencies only]. Details - ImportResultOutputID=8f4b008f50dfc5db3d2ded42d473bc82 DependenciesID=bf2d331990373096dd4b4ffa2155f9c3 StaticDependenciesID=2d250691f55897929649f5f72ffa8f5f 
Asset Pipeline Refresh (id=2ad5a46d9ce86436982006bf71ebe807): Total: 0.014 seconds - Initiated by StopAssetImportingV2(NoUpdateAssetOptions)
Importing 'GUID: 69481a292c1194cddb957839680b0142 - Path: Assets/Janseon/ArtCandidates/TestPromotion-a918550bad804fbf9fd25a1a78c9cf8f/N-walk-0.png' with importer (TextureImporter)
Imported 'GUID: 69481a292c1194cddb957839680b0142' -> (Import Result ID: 'b8622570d0e5b2d9377c915f6daf944f') in 0.001 seconds [static and dynamic dependencies]. Details - ImportResultOutputID=f85711feb0a0be1a065317d27eca57a4 DependenciesID=dc65c6fa1868e2978a08b2eb526a0b4e StaticDependenciesID=20f3f75bb423c88ca4bd423d5e572f16 
Asset Pipeline Refresh (id=492da8f48072640f0b93696cae7b5e60): Total: 0.015 seconds - Initiated by StopAssetImportingV2(NoUpdateAssetOptions)
Importing 'GUID: 69481a292c1194cddb957839680b0142 - Path: Assets/Janseon/ArtCandidates/TestPromotion-a918550bad804fbf9fd25a1a78c9cf8f/N-walk-0.png' with importer (TextureImporter)
Imported 'GUID: 69481a292c1194cddb957839680b0142' -> (Import Result ID: 'a927187fef8458c162bdbfd9b14a3f73') in 0.001 seconds [static and dynamic dependencies]. Details - ImportResultOutputID=d348b8580c5815e57d09db95916d2e75 DependenciesID=2daaf196c37c1ee205ebe4a13b7d987a StaticDependenciesID=09a0b471a8f527c21e4013c6337a89f8 
Asset Pipeline Refresh (id=8460e634499e2453482770a44d9347a6): Total: 0.017 seconds - Initiated by StopAssetImportingV2(NoUpdateAssetOptions)
Importing 'GUID: 240bf0c7fc1f342849f984a968699727 - Path: Assets/Janseon/ArtCandidates/TestPromotion-a918550bad804fbf9fd25a1a78c9cf8f/N-walk-1.png' with importer (TextureImporter)
Imported 'GUID: 240bf0c7fc1f342849f984a968699727' -> (Import Result ID: 'fa92646c847147fd8fc4666d25a4251a') in 0.001 seconds [static and dynamic dependencies]. Details - ImportResultOutputID=cad754bee53ab19affde2060fb1b8b78 DependenciesID=4b195a4578fc994a020bb5e5c028a6a4 StaticDependenciesID=983e48e5367c23091922570e332a4f67 
Asset Pipeline Refresh (id=d9c27d52d93894ddca5e1785578ccc68): Total: 0.015 seconds - Initiated by StopAssetImportingV2(NoUpdateAssetOptions)
Importing 'GUID: 240bf0c7fc1f342849f984a968699727 - Path: Assets/Janseon/ArtCandidates/TestPromotion-a918550bad804fbf9fd25a1a78c9cf8f/N-walk-1.png' with importer (TextureImporter)
Imported 'GUID: 240bf0c7fc1f342849f984a968699727' -> (Import Result ID: 'b3f12ba8607be63e7232c86ee2de9805') in 0.001 seconds [static and dynamic dependencies]. Details - ImportResultOutputID=c42fcf2d6d6fcd5c1bc3290140561770 DependenciesID=4a2d89fdf4431000d5b24a47fae443e5 StaticDependenciesID=f5aaf9a9214f064dbf3a73c5dc77ed02 
Asset Pipeline Refresh (id=44c683cd2bf0b4a28b2e1305e6696bda): Total: 0.018 seconds - Initiated by StopAssetImportingV2(NoUpdateAssetOptions)
Importing 'GUID: 7ffe4fca3c30b4c1c93acaf8b98601a0 - Path: Assets/Janseon/ArtCandidates/TestPromotion-a918550bad804fbf9fd25a1a78c9cf8f/N-walk-2.png' with importer (TextureImporter)
Imported 'GUID: 7ffe4fca3c30b4c1c93acaf8b98601a0' -> (Import Result ID: '9e5cdb240d627cbf28b536cc735e6105') in 0.001 seconds [static and dynamic dependencies]. Details - ImportResultOutputID=abfbe088b4458ee1c99704612a2a0687 DependenciesID=c238d29b72ee988522fd2532e67a0320 StaticDependenciesID=fa4c8361c2c6304748d4b2d19f557ed1 
Asset Pipeline Refresh (id=16995302f22164423ae20a4fa279d820): Total: 0.015 seconds - Initiated by StopAssetImportingV2(NoUpdateAssetOptions)
Importing 'GUID: 7ffe4fca3c30b4c1c93acaf8b98601a0 - Path: Assets/Janseon/ArtCandidates/TestPromotion-a918550bad804fbf9fd25a1a78c9cf8f/N-walk-2.png' with importer (TextureImporter)
Imported 'GUID: 7ffe4fca3c30b4c1c93acaf8b98601a0' -> (Import Result ID: '75a84c1b5608736deeee7e607573a21a') in 0.001 seconds [static and dynamic dependencies]. Details - ImportResultOutputID=590b2238b69b36bb48df0dac2456e3c3 DependenciesID=aebc72f99f9ae14edbc62bbe169721d8 StaticDependenciesID=82e166d314045bf7b046c9331b733aac 
Asset Pipeline Refresh (id=07037b8b0520b459d8e34a424c7b20f0): Total: 0.017 seconds - Initiated by StopAssetImportingV2(NoUpdateAssetOptions)
Importing 'GUID: 6c39c8a08b4084befb96d5d8f70202bc - Path: Assets/Janseon/ArtCandidates/TestPromotion-a918550bad804fbf9fd25a1a78c9cf8f/N-walk-3.png' with importer (TextureImporter)
Imported 'GUID: 6c39c8a08b4084befb96d5d8f70202bc' -> (Import Result ID: 'ed8f725d26275e42fd71055c3e9b35ea') in 0.001 seconds [static and dynamic dependencies]. Details - ImportResultOutputID=552aa97623ed470b5a1a4eb420a55e43 DependenciesID=9b68a9a35eb2cf732d01ac86b16ff12c StaticDependenciesID=5cb833b82702cce6d47ee22e5e8c5bc6 
Asset Pipeline Refresh (id=08207e33e5ca241f2bbb490cad3cbcd0): Total: 0.015 seconds - Initiated by StopAssetImportingV2(NoUpdateAssetOptions)
Importing 'GUID: 6c39c8a08b4084befb96d5d8f70202bc - Path: Assets/Janseon/ArtCandidates/TestPromotion-a918550bad804fbf9fd25a1a78c9cf8f/N-walk-3.png' with importer (TextureImporter)
Imported 'GUID: 6c39c8a08b4084befb96d5d8f70202bc' -> (Import Result ID: '1d8cf7b08cb630f3d6510aad793047bd') in 0.001 seconds [static and dynamic dependencies]. Details - ImportResultOutputID=8186d7472ee99b9e904147f6c5611f9e DependenciesID=9fab3bdb0c3fdbb8dd200961a18a10be StaticDependenciesID=9ff39534fb21bbfcea0e498561605848 
Asset Pipeline Refresh (id=c048e636de2c24647a17d20d86431fc9): Total: 0.017 seconds - Initiated by StopAssetImportingV2(NoUpdateAssetOptions)
Importing 'GUID: c9280529ff2014394940e217f23c7889 - Path: Assets/Janseon/ArtCandidates/TestPromotion-a918550bad804fbf9fd25a1a78c9cf8f/N-walk-4.png' with importer (TextureImporter)
Imported 'GUID: c9280529ff2014394940e217f23c7889' -> (Import Result ID: '293f5486ed3da1564c866e9b15256bda') in 0.001 seconds [static and dynamic dependencies]. Details - ImportResultOutputID=8c47439724c11bff9c538c126b66543e DependenciesID=b8a9e2970fc2d55c67ea613ece9a9ef4 StaticDependenciesID=d9c7edc688c7ba4f65ea0290d0a85393 
Asset Pipeline Refresh (id=43fe976a21b6d4d07820a813f05f2e37): Total: 0.015 seconds - Initiated by StopAssetImportingV2(NoUpdateAssetOptions)
Importing 'GUID: c9280529ff2014394940e217f23c7889 - Path: Assets/Janseon/ArtCandidates/TestPromotion-a918550bad804fbf9fd25a1a78c9cf8f/N-walk-4.png' with importer (TextureImporter)
Imported 'GUID: c9280529ff2014394940e217f23c7889' -> (Import Result ID: 'befc95fdcfb508247a8209d8057d645d') in 0.001 seconds [static and dynamic dependencies]. Details - ImportResultOutputID=bd6ce6674ac55e01aa7fbdc0dd568ad7 DependenciesID=5c6833f39ef2ca91b8e40efb8710baec StaticDependenciesID=7aaae8e0a56bc3c4899325bb87f2262e 
Asset Pipeline Refresh (id=dc50a36d1ca4a4e67b4b5e56e2b059ef): Total: 0.017 seconds - Initiated by StopAssetImportingV2(NoUpdateAssetOptions)
Importing 'GUID: 0eb5f63a0777f454ebbe18b63182e125 - Path: Assets/Janseon/ArtCandidates/TestPromotion-a918550bad804fbf9fd25a1a78c9cf8f/N-walk-5.png' with importer (TextureImporter)
Imported 'GUID: 0eb5f63a0777f454ebbe18b63182e125' -> (Import Result ID: '04bbdfb3e2672aaa4f242c881a744a88') in 0.001 seconds [static and dynamic dependencies]. Details - ImportResultOutputID=f38c4bf281ab38abd1db5a32eae37a4c DependenciesID=f24ad06229aa0516d8d9643d3ae64460 StaticDependenciesID=e1fd8ca917fa8d7e8b533ead3e08bbb5 
Asset Pipeline Refresh (id=6ac5cfa8b687f4826b4ec3d69a9af299): Total: 0.014 seconds - Initiated by StopAssetImportingV2(NoUpdateAssetOptions)
Importing 'GUID: 0eb5f63a0777f454ebbe18b63182e125 - Path: Assets/Janseon/ArtCandidates/TestPromotion-a918550bad804fbf9fd25a1a78c9cf8f/N-walk-5.png' with importer (TextureImporter)
Imported 'GUID: 0eb5f63a0777f454ebbe18b63182e125' -> (Import Result ID: '79100acf83196c5121afc8d63bac0987') in 0.001 seconds [static and dynamic dependencies]. Details - ImportResultOutputID=eeb0ff71854c4fb79a939a6ae1212184 DependenciesID=3892399a259c563fa3ae52a2c8545ab2 StaticDependenciesID=f69d4f5ce4f434e7694dfb689561b9eb 
Asset Pipeline Refresh (id=3597f088ef6bc4627b11938a55892df6): Total: 0.017 seconds - Initiated by StopAssetImportingV2(NoUpdateAssetOptions)
Importing 'GUID: 3611de9d4659541f593e9751a37ed350 - Path: Assets/Janseon/ArtCandidates/TestPromotion-a918550bad804fbf9fd25a1a78c9cf8f/N-walk-clip.anim' with importer (NativeFormatImporter)
Imported 'GUID: 3611de9d4659541f593e9751a37ed350' -> (Import Result ID: '5854948ba2100dd89a0207ffadf170af') in 0.000 seconds [static dependencies only]. Details - ImportResultOutputID=46459a62f02911e436f53a8cccb5e368 DependenciesID=ac961c36606becef0cb0bb4606f4b229 StaticDependenciesID=317594f436b8fd21442455e2d922c5fb 
Asset Pipeline Refresh (id=6863613d42d6741b39ccbfb410d464ae): Total: 0.015 seconds - Initiated by StopAssetImportingV2(NoUpdateAssetOptions)
Importing 'GUID: 3c009b849d7f644fe833eb2194019b00 - Path: Assets/Janseon/ArtCandidates/TestPromotion-a918550bad804fbf9fd25a1a78c9cf8f/N-attack-0.png' with importer (TextureImporter)
Imported 'GUID: 3c009b849d7f644fe833eb2194019b00' -> (Import Result ID: '26bca783ae885197c6a584f8370cebef') in 0.001 seconds [static and dynamic dependencies]. Details - ImportResultOutputID=307d0b31961c6c02c412104c3112cbef DependenciesID=6fefd7bd73951822354282adb7cc7612 StaticDependenciesID=80ff9fd42b9185448efcf3810dafb63b 
Asset Pipeline Refresh (id=837881f5598e44dca9ce99d983fa8f89): Total: 0.016 seconds - Initiated by StopAssetImportingV2(NoUpdateAssetOptions)
Importing 'GUID: 3c009b849d7f644fe833eb2194019b00 - Path: Assets/Janseon/ArtCandidates/TestPromotion-a918550bad804fbf9fd25a1a78c9cf8f/N-attack-0.png' with importer (TextureImporter)
Imported 'GUID: 3c009b849d7f644fe833eb2194019b00' -> (Import Result ID: '8ce83651e053a8217f74e0a7d882b41e') in 0.001 seconds [static and dynamic dependencies]. Details - ImportResultOutputID=d6d07b086b1b990183e729102b58f4d2 DependenciesID=f7741b6e57d88a0fc24aa245102d86f7 StaticDependenciesID=24cae743eaf6f9e20c9e1e7c60cb3559 
Asset Pipeline Refresh (id=f88dc37c8a1204dbaab82a7f5c804d4f): Total: 0.018 seconds - Initiated by StopAssetImportingV2(NoUpdateAssetOptions)
Importing 'GUID: aa36c0aa999cb45998697b3d069ddc1b - Path: Assets/Janseon/ArtCandidates/TestPromotion-a918550bad804fbf9fd25a1a78c9cf8f/N-attack-1.png' with importer (TextureImporter)
Imported 'GUID: aa36c0aa999cb45998697b3d069ddc1b' -> (Import Result ID: 'ddc442aa875bc40fd16326c46ade202d') in 0.001 seconds [static and dynamic dependencies]. Details - ImportResultOutputID=424aa351c72d1249a43d0eded748c1a0 DependenciesID=ef04c786f279c611a1b25653185b407f StaticDependenciesID=3444213c171635b622bb50996a97520d 
Asset Pipeline Refresh (id=3eee58904e59048fcb0fdd932f5b52ad): Total: 0.015 seconds - Initiated by StopAssetImportingV2(NoUpdateAssetOptions)
Importing 'GUID: aa36c0aa999cb45998697b3d069ddc1b - Path: Assets/Janseon/ArtCandidates/TestPromotion-a918550bad804fbf9fd25a1a78c9cf8f/N-attack-1.png' with importer (TextureImporter)
Imported 'GUID: aa36c0aa999cb45998697b3d069ddc1b' -> (Import Result ID: '996350fd68ad334d17bb19b884c97de5') in 0.001 seconds [static and dynamic dependencies]. Details - ImportResultOutputID=5cd7012dbe4df8a6977c4e2350781177 DependenciesID=78c3fad770c6f7c31d80558234227cab StaticDependenciesID=c62e330f41771acb30aed4eff4d8195c 
Asset Pipeline Refresh (id=2bc7b4ac92abc4094af8edc427430435): Total: 0.018 seconds - Initiated by StopAssetImportingV2(NoUpdateAssetOptions)
Importing 'GUID: 5927512abe457467884b02efe65f49cf - Path: Assets/Janseon/ArtCandidates/TestPromotion-a918550bad804fbf9fd25a1a78c9cf8f/N-attack-2.png' with importer (TextureImporter)
Imported 'GUID: 5927512abe457467884b02efe65f49cf' -> (Import Result ID: '07c8ec8cd452f713d1893fe105125e07') in 0.001 seconds [static and dynamic dependencies]. Details - ImportResultOutputID=1a1052423706b52e9766b51b1f11051e DependenciesID=1fbbebb8af545bf298564dff2cd9302f StaticDependenciesID=911a2b8b18cf5b33877f8d73cb7f83c5 
Asset Pipeline Refresh (id=4fb1e7790f8114e67b3988466bd2aaf4): Total: 0.015 seconds - Initiated by StopAssetImportingV2(NoUpdateAssetOptions)
Importing 'GUID: 5927512abe457467884b02efe65f49cf - Path: Assets/Janseon/ArtCandidates/TestPromotion-a918550bad804fbf9fd25a1a78c9cf8f/N-attack-2.png' with importer (TextureImporter)
Imported 'GUID: 5927512abe457467884b02efe65f49cf' -> (Import Result ID: '620942efb48c4958326a0c12e2909883') in 0.001 seconds [static and dynamic dependencies]. Details - ImportResultOutputID=02dda1338567084d4932fa4e16d7e519 DependenciesID=9cba5ca0d1bfdc1a53b33523776b3f42 StaticDependenciesID=4766387088cf1d68a50cd9b8e3f9c37e 
Asset Pipeline Refresh (id=26986967aafa044fbbb3b4a25a41699a): Total: 0.018 seconds - Initiated by StopAssetImportingV2(NoUpdateAssetOptions)
Importing 'GUID: bb88a154527884deaae8eda9f7bf3de4 - Path: Assets/Janseon/ArtCandidates/TestPromotion-a918550bad804fbf9fd25a1a78c9cf8f/N-attack-3.png' with importer (TextureImporter)
Imported 'GUID: bb88a154527884deaae8eda9f7bf3de4' -> (Import Result ID: '8defd127cc8b61f9b785f0ec5b305032') in 0.001 seconds [static and dynamic dependencies]. Details - ImportResultOutputID=9a941231577d587d6662505f15d6e081 DependenciesID=2e96c9d71dc5db377b758a0a0c56881f StaticDependenciesID=494cdc09dc6553952f83c3938569e945 
Asset Pipeline Refresh (id=51c2fbf130fc7408e87771595cddd03f): Total: 0.016 seconds - Initiated by StopAssetImportingV2(NoUpdateAssetOptions)
Importing 'GUID: bb88a154527884deaae8eda9f7bf3de4 - Path: Assets/Janseon/ArtCandidates/TestPromotion-a918550bad804fbf9fd25a1a78c9cf8f/N-attack-3.png' with importer (TextureImporter)
Imported 'GUID: bb88a154527884deaae8eda9f7bf3de4' -> (Import Result ID: 'c24f17c5d671c651680f88cf74d47f02') in 0.001 seconds [static and dynamic dependencies]. Details - ImportResultOutputID=c2f11f5b2d6d6254355fb77b9ad5649a DependenciesID=a3085f742e2d89bec09f89264efb25aa StaticDependenciesID=6e9bdf43579fbfd39ffae87780fd7b4c 
Asset Pipeline Refresh (id=2a4530abeb3e14b67af0f4f9943b6634): Total: 0.017 seconds - Initiated by StopAssetImportingV2(NoUpdateAssetOptions)
Importing 'GUID: 1ac22b998827f46b1bdd0f067ff3fc03 - Path: Assets/Janseon/ArtCandidates/TestPromotion-a918550bad804fbf9fd25a1a78c9cf8f/N-attack-4.png' with importer (TextureImporter)
Imported 'GUID: 1ac22b998827f46b1bdd0f067ff3fc03' -> (Import Result ID: '145e255720cf3d1efa43215659205bd8') in 0.001 seconds [static and dynamic dependencies]. Details - ImportResultOutputID=ba65c9f873e1164f6f961abfb85b7210 DependenciesID=839badb7d4537507584935efe06789d2 StaticDependenciesID=87becdaf98b7e68557216836a749e2fd 
Asset Pipeline Refresh (id=f6b1e33a2357a411e9857cfa28c8189e): Total: 0.017 seconds - Initiated by StopAssetImportingV2(NoUpdateAssetOptions)
Importing 'GUID: 1ac22b998827f46b1bdd0f067ff3fc03 - Path: Assets/Janseon/ArtCandidates/TestPromotion-a918550bad804fbf9fd25a1a78c9cf8f/N-attack-4.png' with importer (TextureImporter)
Imported 'GUID: 1ac22b998827f46b1bdd0f067ff3fc03' -> (Import Result ID: '0b84d5df43fba108533e99140475d4e4') in 0.001 seconds [static and dynamic dependencies]. Details - ImportResultOutputID=e16d8bd9d24f8c671027fb05e3f4ede9 DependenciesID=a14a3edb77087381ffdf27fe6910705a StaticDependenciesID=1b37ae847635ead494e9833a99484706 
Asset Pipeline Refresh (id=040662b2e2efd4368a7196e0a0d23472): Total: 0.017 seconds - Initiated by StopAssetImportingV2(NoUpdateAssetOptions)
Importing 'GUID: 0f1f34ee7b62e4d26b39a637d86d2a87 - Path: Assets/Janseon/ArtCandidates/TestPromotion-a918550bad804fbf9fd25a1a78c9cf8f/N-attack-5.png' with importer (TextureImporter)
Imported 'GUID: 0f1f34ee7b62e4d26b39a637d86d2a87' -> (Import Result ID: 'da66c209794fdfb131fbca689dca2ff8') in 0.001 seconds [static and dynamic dependencies]. Details - ImportResultOutputID=e8128cf011de928dc140ecb5e19e24a9 DependenciesID=f191d3840362bad4b0c94faccaff0589 StaticDependenciesID=5eb2fa97d46abce9f1f92bba2b2115f5 
Asset Pipeline Refresh (id=2f27b6a6f640b4d02919db4e417cd3ff): Total: 0.015 seconds - Initiated by StopAssetImportingV2(NoUpdateAssetOptions)
Importing 'GUID: 0f1f34ee7b62e4d26b39a637d86d2a87 - Path: Assets/Janseon/ArtCandidates/TestPromotion-a918550bad804fbf9fd25a1a78c9cf8f/N-attack-5.png' with importer (TextureImporter)
Imported 'GUID: 0f1f34ee7b62e4d26b39a637d86d2a87' -> (Import Result ID: 'bad071a6a53540b6d11c488aa53110c7') in 0.001 seconds [static and dynamic dependencies]. Details - ImportResultOutputID=4849f3458bde825f305426485f78b4f5 DependenciesID=61666fe8a65699568ee5b6cb4c42cea0 StaticDependenciesID=7d94aaae307113631f497913bb31f14a 
Asset Pipeline Refresh (id=286d62a39f6874b9f98cb05339de40b7): Total: 0.017 seconds - Initiated by StopAssetImportingV2(NoUpdateAssetOptions)
Importing 'GUID: 791c739a1dcb6405f973a7a95f95124a - Path: Assets/Janseon/ArtCandidates/TestPromotion-a918550bad804fbf9fd25a1a78c9cf8f/N-attack-clip.anim' with importer (NativeFormatImporter)
Imported 'GUID: 791c739a1dcb6405f973a7a95f95124a' -> (Import Result ID: 'fc17b2b4e780e8e8382e2d8f79a976f2') in 0.000 seconds [static dependencies only]. Details - ImportResultOutputID=c711a2820c17921957c6438b74a17330 DependenciesID=bbfbcd93f2302929576a59868b447d7d StaticDependenciesID=6a7b13b8d0ddaed98aa7948db125854b 
Asset Pipeline Refresh (id=f044e52f0e06e43e091f663b6b36ef1b): Total: 0.014 seconds - Initiated by StopAssetImportingV2(NoUpdateAssetOptions)
Importing 'GUID: 00453761735d14d4aa717c4779409e1c - Path: Assets/Janseon/ArtCandidates/TestPromotion-a918550bad804fbf9fd25a1a78c9cf8f/N-hit-0.png' with importer (TextureImporter)
Imported 'GUID: 00453761735d14d4aa717c4779409e1c' -> (Import Result ID: '660545b213c6b6b2757da0fdc191e61c') in 0.001 seconds [static and dynamic dependencies]. Details - ImportResultOutputID=69e8d8750a6ecaeeed31da6a4f9f8837 DependenciesID=5dab895c06d500f5a38cab8bd0572174 StaticDependenciesID=fa8d6f6894155b4f9f1c2e2810a0a80c 
Asset Pipeline Refresh (id=afcd6d4a0e7d743a2872e20eba16d813): Total: 0.015 seconds - Initiated by StopAssetImportingV2(NoUpdateAssetOptions)
Importing 'GUID: 00453761735d14d4aa717c4779409e1c - Path: Assets/Janseon/ArtCandidates/TestPromotion-a918550bad804fbf9fd25a1a78c9cf8f/N-hit-0.png' with importer (TextureImporter)
Imported 'GUID: 00453761735d14d4aa717c4779409e1c' -> (Import Result ID: 'c7b4087fc4fde45ef0f8175322363297') in 0.001 seconds [static and dynamic dependencies]. Details - ImportResultOutputID=10acc4d84aff67d7b8de2baaae35bfe1 DependenciesID=eb67420127352bd479f7104b0bbdc2c8 StaticDependenciesID=e291975afdf9eb02c35603b3355d5e56 
Asset Pipeline Refresh (id=9d0fa328acbc44dd7b13d65d5f676b54): Total: 0.016 seconds - Initiated by StopAssetImportingV2(NoUpdateAssetOptions)
Importing 'GUID: 81812b510469249b38b0b9ad119e0e4a - Path: Assets/Janseon/ArtCandidates/TestPromotion-a918550bad804fbf9fd25a1a78c9cf8f/N-hit-1.png' with importer (TextureImporter)
Imported 'GUID: 81812b510469249b38b0b9ad119e0e4a' -> (Import Result ID: '8c9dc421be22e3a7011d056bf7a266b9') in 0.001 seconds [static and dynamic dependencies]. Details - ImportResultOutputID=ae98053868532725ebb587053767343b DependenciesID=42d930e6905e6559202a1762833780d6 StaticDependenciesID=ad3c3bba413ad437d3eb86a239ffba4f 
Asset Pipeline Refresh (id=ec51a8616649e44f98a997f5acf6ab2f): Total: 0.014 seconds - Initiated by StopAssetImportingV2(NoUpdateAssetOptions)
Importing 'GUID: 81812b510469249b38b0b9ad119e0e4a - Path: Assets/Janseon/ArtCandidates/TestPromotion-a918550bad804fbf9fd25a1a78c9cf8f/N-hit-1.png' with importer (TextureImporter)
Imported 'GUID: 81812b510469249b38b0b9ad119e0e4a' -> (Import Result ID: '6b48e07c28043d5a7d39d2cc17d83b40') in 0.001 seconds [static and dynamic dependencies]. Details - ImportResultOutputID=1dde7d5940fb5cbb20c59a8e94642d52 DependenciesID=eda317145976ddcca0ab197d251e3caf StaticDependenciesID=a3359213f26cbf25792ea7352d7e6170 
Asset Pipeline Refresh (id=e914b14605bcf4c208eab5a6f97e801b): Total: 0.017 seconds - Initiated by StopAssetImportingV2(NoUpdateAssetOptions)
Importing 'GUID: 4e68ead55aba5435ba7cd2ea7ccf6344 - Path: Assets/Janseon/ArtCandidates/TestPromotion-a918550bad804fbf9fd25a1a78c9cf8f/N-hit-2.png' with importer (TextureImporter)
Imported 'GUID: 4e68ead55aba5435ba7cd2ea7ccf6344' -> (Import Result ID: '9a5d3721dcff4f7c1ac234468cdf7635') in 0.001 seconds [static and dynamic dependencies]. Details - ImportResultOutputID=1c06b6f70c1a7863ddfd278f8894bad7 DependenciesID=c95bb3899d2e09660cbef657c0d0659d StaticDependenciesID=4e5794eb6e869cfe2a37fd324e074147 
Asset Pipeline Refresh (id=f6c5a8c2382ce4f5c932f719bb9f104b): Total: 0.015 seconds - Initiated by StopAssetImportingV2(NoUpdateAssetOptions)
Importing 'GUID: 4e68ead55aba5435ba7cd2ea7ccf6344 - Path: Assets/Janseon/ArtCandidates/TestPromotion-a918550bad804fbf9fd25a1a78c9cf8f/N-hit-2.png' with importer (TextureImporter)
Imported 'GUID: 4e68ead55aba5435ba7cd2ea7ccf6344' -> (Import Result ID: '1107852927b242b09f35034106de20d8') in 0.001 seconds [static and dynamic dependencies]. Details - ImportResultOutputID=b74aa5f1cddeaf95428cb7f1d61dd910 DependenciesID=883921ad9768d2f5887c4be08ccf3199 StaticDependenciesID=6987870e15beb78f91255aee16a83de6 
Asset Pipeline Refresh (id=826199ad23ed54bc6980c516d1f72585): Total: 0.017 seconds - Initiated by StopAssetImportingV2(NoUpdateAssetOptions)
Importing 'GUID: f1311b5f1c7cc4f7c8010c12c011c503 - Path: Assets/Janseon/ArtCandidates/TestPromotion-a918550bad804fbf9fd25a1a78c9cf8f/N-hit-clip.anim' with importer (NativeFormatImporter)
Imported 'GUID: f1311b5f1c7cc4f7c8010c12c011c503' -> (Import Result ID: '20d438709e5ff4d0cd09543d224243c0') in 0.000 seconds [static dependencies only]. Details - ImportResultOutputID=59304f603ca97e6ed8dff211c6493e6a DependenciesID=a48f7fe9de2489b4f57723839a3d0221 StaticDependenciesID=8c5c16f49a307883357614c1ea574adf 
Asset Pipeline Refresh (id=bfce069c244194e2f83ce4645dcf6a43): Total: 0.014 seconds - Initiated by StopAssetImportingV2(NoUpdateAssetOptions)
Importing 'GUID: d061554f988a94663b00997e45326b08 - Path: Assets/Janseon/ArtCandidates/TestPromotion-a918550bad804fbf9fd25a1a78c9cf8f/N-down-0.png' with importer (TextureImporter)
Imported 'GUID: d061554f988a94663b00997e45326b08' -> (Import Result ID: '2a11ae17e112a93740bb682f2f305667') in 0.001 seconds [static and dynamic dependencies]. Details - ImportResultOutputID=75995e24cb49fc9878bf14312bbd5b5d DependenciesID=ed5ceb10bbcb6757909650e1b7d550b3 StaticDependenciesID=9be7946668ee26ff9624e98c6af28f2d 
Asset Pipeline Refresh (id=a6e038c1596f84b4392495d8ef951522): Total: 0.014 seconds - Initiated by StopAssetImportingV2(NoUpdateAssetOptions)
Importing 'GUID: d061554f988a94663b00997e45326b08 - Path: Assets/Janseon/ArtCandidates/TestPromotion-a918550bad804fbf9fd25a1a78c9cf8f/N-down-0.png' with importer (TextureImporter)
Imported 'GUID: d061554f988a94663b00997e45326b08' -> (Import Result ID: '945c7401b5c63d3b164edce91140757b') in 0.001 seconds [static and dynamic dependencies]. Details - ImportResultOutputID=ad61859c15f16256f9f71c3e004e752a DependenciesID=34b72e4abd796eb1c3ba59dad9ab3b47 StaticDependenciesID=a8a85c2a79a58007b7370fa4cbc889a0 
Asset Pipeline Refresh (id=65f2f3d4acafd4d8392159ea1d258141): Total: 0.017 seconds - Initiated by StopAssetImportingV2(NoUpdateAssetOptions)
Importing 'GUID: c4838857484634e47bc8e28473fad94c - Path: Assets/Janseon/ArtCandidates/TestPromotion-a918550bad804fbf9fd25a1a78c9cf8f/N-down-1.png' with importer (TextureImporter)
Imported 'GUID: c4838857484634e47bc8e28473fad94c' -> (Import Result ID: '4901bd616edc631941eae456d85aba7d') in 0.001 seconds [static and dynamic dependencies]. Details - ImportResultOutputID=9147f2c7ac73f0a35a589225b7c3d968 DependenciesID=122f3939655eb87e53481d1d184b3999 StaticDependenciesID=30066ad63ec9cc3e01b1b202521a10a3 
Asset Pipeline Refresh (id=34a4e51593ed24b57ab53609dd291f83): Total: 0.015 seconds - Initiated by StopAssetImportingV2(NoUpdateAssetOptions)
Importing 'GUID: c4838857484634e47bc8e28473fad94c - Path: Assets/Janseon/ArtCandidates/TestPromotion-a918550bad804fbf9fd25a1a78c9cf8f/N-down-1.png' with importer (TextureImporter)
Imported 'GUID: c4838857484634e47bc8e28473fad94c' -> (Import Result ID: '90cd9303d1e50f4240e3d35bae261b7d') in 0.001 seconds [static and dynamic dependencies]. Details - ImportResultOutputID=a4cf24707a54ac0ea653a14de6ead244 DependenciesID=43076d24fe07926a7a798863a857590e StaticDependenciesID=3529bf614525aad7db5d7b5381ee720b 
Asset Pipeline Refresh (id=71bc6f980bebc43279151e17ea771cc6): Total: 0.017 seconds - Initiated by StopAssetImportingV2(NoUpdateAssetOptions)
Importing 'GUID: bb3a11c4da30d4a138bbdafa4f52e999 - Path: Assets/Janseon/ArtCandidates/TestPromotion-a918550bad804fbf9fd25a1a78c9cf8f/N-down-2.png' with importer (TextureImporter)
Imported 'GUID: bb3a11c4da30d4a138bbdafa4f52e999' -> (Import Result ID: 'b9e18172d3328c383f5ffb5d7dbf779c') in 0.001 seconds [static and dynamic dependencies]. Details - ImportResultOutputID=1ec3c3854ef12c9cfc08c98dc16fb2b2 DependenciesID=78f5bc733ab158d191dce71b2df59816 StaticDependenciesID=9c8de52d29a6ec6155f2033a9d1a98c9 
Asset Pipeline Refresh (id=22670b1972f6a40ed9b27f5fbd8f7d69): Total: 0.014 seconds - Initiated by StopAssetImportingV2(NoUpdateAssetOptions)
Importing 'GUID: bb3a11c4da30d4a138bbdafa4f52e999 - Path: Assets/Janseon/ArtCandidates/TestPromotion-a918550bad804fbf9fd25a1a78c9cf8f/N-down-2.png' with importer (TextureImporter)
Imported 'GUID: bb3a11c4da30d4a138bbdafa4f52e999' -> (Import Result ID: 'a203d5ae55e9850e3ef30f8f16dfaca5') in 0.001 seconds [static and dynamic dependencies]. Details - ImportResultOutputID=cc7a04186e3a08996dbe36ecbb5bde99 DependenciesID=257dda7680aa32aef31bd37a2e3d841b StaticDependenciesID=f2702a7b331cb6437fc6c1d784e46e40 
Asset Pipeline Refresh (id=6198ea64c7df2475f88351687a00c6ad): Total: 0.017 seconds - Initiated by StopAssetImportingV2(NoUpdateAssetOptions)
Importing 'GUID: d355ce44ec9784b9aa1c03a52df9cc70 - Path: Assets/Janseon/ArtCandidates/TestPromotion-a918550bad804fbf9fd25a1a78c9cf8f/N-down-3.png' with importer (TextureImporter)
Imported 'GUID: d355ce44ec9784b9aa1c03a52df9cc70' -> (Import Result ID: 'e87dd95c9009b86a10948e4777f82a2c') in 0.001 seconds [static and dynamic dependencies]. Details - ImportResultOutputID=cbe3701344dc385f4c52b718d74cd32a DependenciesID=244ed1c50f6e6f814f0559c2cfe53efa StaticDependenciesID=6ab23bae3f27017bdc8fd085137f5125 
Asset Pipeline Refresh (id=8ecfd9c2894b248ef8f49466df496c9e): Total: 0.015 seconds - Initiated by StopAssetImportingV2(NoUpdateAssetOptions)
Importing 'GUID: d355ce44ec9784b9aa1c03a52df9cc70 - Path: Assets/Janseon/ArtCandidates/TestPromotion-a918550bad804fbf9fd25a1a78c9cf8f/N-down-3.png' with importer (TextureImporter)
Imported 'GUID: d355ce44ec9784b9aa1c03a52df9cc70' -> (Import Result ID: '441ae9d7054f88be6fafc52eaa59ef52') in 0.001 seconds [static and dynamic dependencies]. Details - ImportResultOutputID=27c5b9dee2c46f85aa18c755340f470b DependenciesID=d3d6912cc7dbdf98fc7fbddc81f41418 StaticDependenciesID=e53b8870619680897e0a4142aec6ef22 
Asset Pipeline Refresh (id=4a682e23e50fb4a94b384d281564b305): Total: 0.017 seconds - Initiated by StopAssetImportingV2(NoUpdateAssetOptions)
Importing 'GUID: 267a2cd978c314135b771cac86a17591 - Path: Assets/Janseon/ArtCandidates/TestPromotion-a918550bad804fbf9fd25a1a78c9cf8f/N-down-clip.anim' with importer (NativeFormatImporter)
Imported 'GUID: 267a2cd978c314135b771cac86a17591' -> (Import Result ID: '71ed6ca46de28fe891fd26931c1f8f33') in 0.000 seconds [static dependencies only]. Details - ImportResultOutputID=19b13bbcca690111154f66848d3eefac DependenciesID=d4128e7c3fe34b389b4a95f26593eb15 StaticDependenciesID=4007220a53aedc306d7706f42f4eb491 
Asset Pipeline Refresh (id=4eaaae20e68504e4cbb77b4993514d08): Total: 0.014 seconds - Initiated by StopAssetImportingV2(NoUpdateAssetOptions)
Importing 'GUID: 09e29c472c65b42948b45d8789d3888c - Path: Assets/Janseon/ArtCandidates/TestPromotion-a918550bad804fbf9fd25a1a78c9cf8f/E-idle-0.png' with importer (TextureImporter)
Imported 'GUID: 09e29c472c65b42948b45d8789d3888c' -> (Import Result ID: 'bfcc628c22dc91c4ea45001baecfc4f3') in 0.001 seconds [static and dynamic dependencies]. Details - ImportResultOutputID=c2d2577c54e7a3459473888409532ac9 DependenciesID=828e54c596639a8e3976f3f89d17c9e8 StaticDependenciesID=455cffc6fabc5d63875069a1ee51d931 
Asset Pipeline Refresh (id=8843526fb0ab04067811a580ccdf064b): Total: 0.014 seconds - Initiated by StopAssetImportingV2(NoUpdateAssetOptions)
Importing 'GUID: 09e29c472c65b42948b45d8789d3888c - Path: Assets/Janseon/ArtCandidates/TestPromotion-a918550bad804fbf9fd25a1a78c9cf8f/E-idle-0.png' with importer (TextureImporter)
Imported 'GUID: 09e29c472c65b42948b45d8789d3888c' -> (Import Result ID: 'f6cb56378d5b0114ac1c7b56ad3c5d1f') in 0.001 seconds [static and dynamic dependencies]. Details - ImportResultOutputID=886128be1739acf91097111294de9322 DependenciesID=bdba24bfbe0b01df99b7e445975f4223 StaticDependenciesID=a14914c19d496e10dc3a82d28a03ca0e 
Asset Pipeline Refresh (id=76d5c2f070c1846f786ef21639fd3f36): Total: 0.016 seconds - Initiated by StopAssetImportingV2(NoUpdateAssetOptions)
Importing 'GUID: 60d22bba622784df68b546f5f7f68c6c - Path: Assets/Janseon/ArtCandidates/TestPromotion-a918550bad804fbf9fd25a1a78c9cf8f/E-idle-1.png' with importer (TextureImporter)
Imported 'GUID: 60d22bba622784df68b546f5f7f68c6c' -> (Import Result ID: 'f4269a1001db6026fbcefa860c12c085') in 0.001 seconds [static and dynamic dependencies]. Details - ImportResultOutputID=e15868504fede69421497ccc20b902bd DependenciesID=d974b8c7c430eae5e5090fff834213af StaticDependenciesID=a25883179c3d66b5a091c8e98d410825 
Asset Pipeline Refresh (id=1717241beb7864fd4ad8866fc9f485cd): Total: 0.015 seconds - Initiated by StopAssetImportingV2(NoUpdateAssetOptions)
Importing 'GUID: 60d22bba622784df68b546f5f7f68c6c - Path: Assets/Janseon/ArtCandidates/TestPromotion-a918550bad804fbf9fd25a1a78c9cf8f/E-idle-1.png' with importer (TextureImporter)
Imported 'GUID: 60d22bba622784df68b546f5f7f68c6c' -> (Import Result ID: 'cd2efeb68a429ca71509e37750927c67') in 0.001 seconds [static and dynamic dependencies]. Details - ImportResultOutputID=fefc8e0df8ec1ee22a6b6deddb76b9e5 DependenciesID=348bc70ebc2852a3e19939de7881114e StaticDependenciesID=18ecfc813c1727d97be8e45bdbf07aa9 
Asset Pipeline Refresh (id=811667b0f0ea042dabd7a5c3f7020adf): Total: 0.019 seconds - Initiated by StopAssetImportingV2(NoUpdateAssetOptions)
Importing 'GUID: 1aafe56774682497e917810f1e8213a2 - Path: Assets/Janseon/ArtCandidates/TestPromotion-a918550bad804fbf9fd25a1a78c9cf8f/E-idle-2.png' with importer (TextureImporter)
Imported 'GUID: 1aafe56774682497e917810f1e8213a2' -> (Import Result ID: 'dbc3162eb57cc60aa576517fc96d1449') in 0.001 seconds [static and dynamic dependencies]. Details - ImportResultOutputID=29cf4d548301177a3b9b3b79cbeea78c DependenciesID=7a6cf01abae9953b67e33f73e36ff00d StaticDependenciesID=f27299ec253460e5b306b9bbdd95edb9 
Asset Pipeline Refresh (id=4d294860b55474688b20da2dac246c40): Total: 0.018 seconds - Initiated by StopAssetImportingV2(NoUpdateAssetOptions)
Importing 'GUID: 1aafe56774682497e917810f1e8213a2 - Path: Assets/Janseon/ArtCandidates/TestPromotion-a918550bad804fbf9fd25a1a78c9cf8f/E-idle-2.png' with importer (TextureImporter)
Imported 'GUID: 1aafe56774682497e917810f1e8213a2' -> (Import Result ID: '4e94ee539728cb4b01b705b4cf01d183') in 0.004 seconds [static and dynamic dependencies]. Details - ImportResultOutputID=2ab0d4149cd6f5e438f5d3e2af147c02 DependenciesID=85dacc285b263bad8ff355e39753d72b StaticDependenciesID=7ecc06b8708230932582328f4ce91939 
Asset Pipeline Refresh (id=8cd53e1d7f8054c28bd471905dde7cca): Total: 0.024 seconds - Initiated by StopAssetImportingV2(NoUpdateAssetOptions)
Importing 'GUID: 1b94f99b037a247938d8dd2d6875a9ab - Path: Assets/Janseon/ArtCandidates/TestPromotion-a918550bad804fbf9fd25a1a78c9cf8f/E-idle-3.png' with importer (TextureImporter)
Imported 'GUID: 1b94f99b037a247938d8dd2d6875a9ab' -> (Import Result ID: '9eff8fc5c2dcc38e9791aa91d6cd14d0') in 0.001 seconds [static and dynamic dependencies]. Details - ImportResultOutputID=12ca9307b0de636c2dd89663c0ec5ad8 DependenciesID=c54371dfdddc3f8bbcfa7b34260a1f52 StaticDependenciesID=297fba4112861695c00f69fbc88bdc9d 
Asset Pipeline Refresh (id=c27b98d56da3847a99bc5f44bfb8c932): Total: 0.015 seconds - Initiated by StopAssetImportingV2(NoUpdateAssetOptions)
Importing 'GUID: 1b94f99b037a247938d8dd2d6875a9ab - Path: Assets/Janseon/ArtCandidates/TestPromotion-a918550bad804fbf9fd25a1a78c9cf8f/E-idle-3.png' with importer (TextureImporter)
Imported 'GUID: 1b94f99b037a247938d8dd2d6875a9ab' -> (Import Result ID: '4fdeb1cb1d91319d0e7794cab4cbf40e') in 0.001 seconds [static and dynamic dependencies]. Details - ImportResultOutputID=887ebd816398285eae2e1c4212565105 DependenciesID=c057f4b4a2cc6a7f0e5097960bdd060e StaticDependenciesID=4e168fd33872d0511ff79529dfb4228f 
Asset Pipeline Refresh (id=2d797a2dce2c34b1b8fcb62b34f50c81): Total: 0.017 seconds - Initiated by StopAssetImportingV2(NoUpdateAssetOptions)
Importing 'GUID: 38173a085c9c44d26a9addb50463ef52 - Path: Assets/Janseon/ArtCandidates/TestPromotion-a918550bad804fbf9fd25a1a78c9cf8f/E-idle-clip.anim' with importer (NativeFormatImporter)
Imported 'GUID: 38173a085c9c44d26a9addb50463ef52' -> (Import Result ID: '6678ad69ece61db6b94cca32c6623cdf') in 0.000 seconds [static dependencies only]. Details - ImportResultOutputID=70c26f7595d3379c7ed11b2a4446d354 DependenciesID=8f28e67be2399ba71e4eff9177f35dbe StaticDependenciesID=d85a8eb24160864d78691e54ea1c2893 
Asset Pipeline Refresh (id=416a69596239c4a0b970856155969a0e): Total: 0.014 seconds - Initiated by StopAssetImportingV2(NoUpdateAssetOptions)
Importing 'GUID: fc008c0c825994660b01d586ef0336b2 - Path: Assets/Janseon/ArtCandidates/TestPromotion-a918550bad804fbf9fd25a1a78c9cf8f/E-walk-0.png' with importer (TextureImporter)
Imported 'GUID: fc008c0c825994660b01d586ef0336b2' -> (Import Result ID: '53ec354652e42c74d3cdb2b80f34e753') in 0.001 seconds [static and dynamic dependencies]. Details - ImportResultOutputID=c1fce429f85ad8496ee36c69d6abd9b4 DependenciesID=2d1dbc3d01cfafa6c841894030a62c45 StaticDependenciesID=2f37173733ecda1babd2f765663f6938 
Asset Pipeline Refresh (id=7284094a4dc08481c84f16642de80a3d): Total: 0.015 seconds - Initiated by StopAssetImportingV2(NoUpdateAssetOptions)
Importing 'GUID: fc008c0c825994660b01d586ef0336b2 - Path: Assets/Janseon/ArtCandidates/TestPromotion-a918550bad804fbf9fd25a1a78c9cf8f/E-walk-0.png' with importer (TextureImporter)
Imported 'GUID: fc008c0c825994660b01d586ef0336b2' -> (Import Result ID: '0982109931dbc21d35f142c8df57be42') in 0.001 seconds [static and dynamic dependencies]. Details - ImportResultOutputID=f958106af05bb7b5fc05718584a49fdc DependenciesID=6389ea9e00fe32e1f374c45ba00e6c5d StaticDependenciesID=f126904e22cccb7a727f7ce2175a7766 
Asset Pipeline Refresh (id=1ee38c5c4169b419d84746fd60edbeb6): Total: 0.017 seconds - Initiated by StopAssetImportingV2(NoUpdateAssetOptions)
Importing 'GUID: 8e1bfee31a0ec4220b8842b35e4af8b3 - Path: Assets/Janseon/ArtCandidates/TestPromotion-a918550bad804fbf9fd25a1a78c9cf8f/E-walk-1.png' with importer (TextureImporter)
Imported 'GUID: 8e1bfee31a0ec4220b8842b35e4af8b3' -> (Import Result ID: '63437f4d7fc69845d4d16bc89896d07c') in 0.001 seconds [static and dynamic dependencies]. Details - ImportResultOutputID=58531b882a6a8d291556c42d56c98ec6 DependenciesID=a4e1df32d75856a13733ebee37d4c95d StaticDependenciesID=1e4d4379fa294864f937278775f9baed 
Asset Pipeline Refresh (id=6bc35156172434b2d87528c60eac798d): Total: 0.015 seconds - Initiated by StopAssetImportingV2(NoUpdateAssetOptions)
Importing 'GUID: 8e1bfee31a0ec4220b8842b35e4af8b3 - Path: Assets/Janseon/ArtCandidates/TestPromotion-a918550bad804fbf9fd25a1a78c9cf8f/E-walk-1.png' with importer (TextureImporter)
Imported 'GUID: 8e1bfee31a0ec4220b8842b35e4af8b3' -> (Import Result ID: '6ac97fb4fb6a929b62352ce6043f086b') in 0.001 seconds [static and dynamic dependencies]. Details - ImportResultOutputID=7b3ab6d79bac3b75e3bf8f4a2c18509d DependenciesID=7bd59c0456ce4351b20adeddc80a2c6c StaticDependenciesID=ad0cf7f9b4fd2f35daf5f4912b613c03 
Asset Pipeline Refresh (id=d050bd780ab09468eabded585219aacc): Total: 0.017 seconds - Initiated by StopAssetImportingV2(NoUpdateAssetOptions)
Importing 'GUID: 66b4469d1dbbb404dadea8091111cc9f - Path: Assets/Janseon/ArtCandidates/TestPromotion-a918550bad804fbf9fd25a1a78c9cf8f/E-walk-2.png' with importer (TextureImporter)
Imported 'GUID: 66b4469d1dbbb404dadea8091111cc9f' -> (Import Result ID: 'cef40e3451890160c87663c51e64d5cd') in 0.001 seconds [static and dynamic dependencies]. Details - ImportResultOutputID=f1825eb3861fc4f948cd3a96f3694964 DependenciesID=9454c5fe2b73535ea1bf3d68126f1735 StaticDependenciesID=6c19f67017030d5414a65cd2f4722b86 
Asset Pipeline Refresh (id=988d3985d5fae4fad874b028657026e0): Total: 0.015 seconds - Initiated by StopAssetImportingV2(NoUpdateAssetOptions)
Importing 'GUID: 66b4469d1dbbb404dadea8091111cc9f - Path: Assets/Janseon/ArtCandidates/TestPromotion-a918550bad804fbf9fd25a1a78c9cf8f/E-walk-2.png' with importer (TextureImporter)
Imported 'GUID: 66b4469d1dbbb404dadea8091111cc9f' -> (Import Result ID: '1fee497ec8d1e528c137b60cdf795a42') in 0.004 seconds [static and dynamic dependencies]. Details - ImportResultOutputID=2d635d12e43a0b730b07a6a48c64f5fa DependenciesID=4a6da018c3bb6f027b09c9ce68e7e27c StaticDependenciesID=cfbe96378e175dda30196d1fb69af6ad 
Asset Pipeline Refresh (id=5f077ba1df63548e9b45c34d143b648c): Total: 0.020 seconds - Initiated by StopAssetImportingV2(NoUpdateAssetOptions)
Importing 'GUID: 252dc03ad86794ce091af9a9f05d7c40 - Path: Assets/Janseon/ArtCandidates/TestPromotion-a918550bad804fbf9fd25a1a78c9cf8f/E-walk-3.png' with importer (TextureImporter)
Imported 'GUID: 252dc03ad86794ce091af9a9f05d7c40' -> (Import Result ID: 'c60e4a4c81222db7527db2f80fa72790') in 0.001 seconds [static and dynamic dependencies]. Details - ImportResultOutputID=daeddbcce7923df9cad73c996ff5fc9d DependenciesID=5cefa1b8d1df80fbf890527bd55d0bfa StaticDependenciesID=445246c71dbb7ef7c05ea5e125963637 
Asset Pipeline Refresh (id=c733c2c60d53f43d99a297acd3c31018): Total: 0.015 seconds - Initiated by StopAssetImportingV2(NoUpdateAssetOptions)
Importing 'GUID: 252dc03ad86794ce091af9a9f05d7c40 - Path: Assets/Janseon/ArtCandidates/TestPromotion-a918550bad804fbf9fd25a1a78c9cf8f/E-walk-3.png' with importer (TextureImporter)
Imported 'GUID: 252dc03ad86794ce091af9a9f05d7c40' -> (Import Result ID: '37c65df25b2751380cbfccc7171a897a') in 0.001 seconds [static and dynamic dependencies]. Details - ImportResultOutputID=e7fb09b05e070013e47a1057b3a11b05 DependenciesID=facadbec931d721b34843c5dfd07d255 StaticDependenciesID=23e77bc2232642a132867214fcdb62cb 
Asset Pipeline Refresh (id=a6365df22ad474b4d83bc0f07b11e4c6): Total: 0.017 seconds - Initiated by StopAssetImportingV2(NoUpdateAssetOptions)
Importing 'GUID: 743a2aa05731541df978e1d83dc93c14 - Path: Assets/Janseon/ArtCandidates/TestPromotion-a918550bad804fbf9fd25a1a78c9cf8f/E-walk-4.png' with importer (TextureImporter)
Imported 'GUID: 743a2aa05731541df978e1d83dc93c14' -> (Import Result ID: 'f98ecf8edf7dce03ca4b35d62f8dab57') in 0.001 seconds [static and dynamic dependencies]. Details - ImportResultOutputID=b03832d1c825f9c36dcc45b6868e6b22 DependenciesID=f1b937786724ca8a593ad3441215cc8c StaticDependenciesID=df1e397d3d31c2d3cd970b72e4f6be08 
Asset Pipeline Refresh (id=70ebccc3d3c8c4fc1be056174587edf6): Total: 0.014 seconds - Initiated by StopAssetImportingV2(NoUpdateAssetOptions)
Importing 'GUID: 743a2aa05731541df978e1d83dc93c14 - Path: Assets/Janseon/ArtCandidates/TestPromotion-a918550bad804fbf9fd25a1a78c9cf8f/E-walk-4.png' with importer (TextureImporter)
Imported 'GUID: 743a2aa05731541df978e1d83dc93c14' -> (Import Result ID: '94864b394d892d5812794ae6cc516bcb') in 0.001 seconds [static and dynamic dependencies]. Details - ImportResultOutputID=90f9c05b01995d5cc037abb5e40f4c4a DependenciesID=7e6ce514c9e160b5d862d10833031dd4 StaticDependenciesID=a0c2b2000bdf4e3d0be383747e231498 
Asset Pipeline Refresh (id=66cd2c24dad094d519fc03b0a47fc50b): Total: 0.016 seconds - Initiated by StopAssetImportingV2(NoUpdateAssetOptions)
Importing 'GUID: f51192958e68846179619952450c2508 - Path: Assets/Janseon/ArtCandidates/TestPromotion-a918550bad804fbf9fd25a1a78c9cf8f/E-walk-5.png' with importer (TextureImporter)
Imported 'GUID: f51192958e68846179619952450c2508' -> (Import Result ID: '2a54f8192b799f50ba18801b9892cc41') in 0.001 seconds [static and dynamic dependencies]. Details - ImportResultOutputID=0d385d5d24f2e9054372d09b64aa3ff1 DependenciesID=2c8b41a4c64b01660a7b3c1b43788443 StaticDependenciesID=925e158e27f40cdaca96199c33655faa 
Asset Pipeline Refresh (id=a5b7fbf132ac34e509c9eebed7919fb3): Total: 0.014 seconds - Initiated by StopAssetImportingV2(NoUpdateAssetOptions)
Importing 'GUID: f51192958e68846179619952450c2508 - Path: Assets/Janseon/ArtCandidates/TestPromotion-a918550bad804fbf9fd25a1a78c9cf8f/E-walk-5.png' with importer (TextureImporter)
Imported 'GUID: f51192958e68846179619952450c2508' -> (Import Result ID: '20eb03b3985e14ab0f409715b90c4bce') in 0.001 seconds [static and dynamic dependencies]. Details - ImportResultOutputID=ddfb81ea409f3ec57d64fe6b458649b8 DependenciesID=62262bc9851db49ec090b0485a051c78 StaticDependenciesID=3320738f4a7cbb00b7eca8b5b3d0a819 
Asset Pipeline Refresh (id=f42ccb1e9b2ed4d018d9b82e1414f71a): Total: 0.017 seconds - Initiated by StopAssetImportingV2(NoUpdateAssetOptions)
Importing 'GUID: 64003611402394147b182b0a150fd5ec - Path: Assets/Janseon/ArtCandidates/TestPromotion-a918550bad804fbf9fd25a1a78c9cf8f/E-walk-clip.anim' with importer (NativeFormatImporter)
Imported 'GUID: 64003611402394147b182b0a150fd5ec' -> (Import Result ID: '30baa5568e5bcd4c2fca49c0a8152f7b') in 0.000 seconds [static dependencies only]. Details - ImportResultOutputID=7adb4acf538643c924f2d20b43a4f12f DependenciesID=b0f32399e8cc1f305823e56ba2739117 StaticDependenciesID=4e38a2a83410f4d2de81e19bb6ce6c24 
Asset Pipeline Refresh (id=0313ea50d3b144622866099e7f7678e6): Total: 0.015 seconds - Initiated by StopAssetImportingV2(NoUpdateAssetOptions)
Importing 'GUID: 44807fa520ecb40b298bc4c5e4b5e49a - Path: Assets/Janseon/ArtCandidates/TestPromotion-a918550bad804fbf9fd25a1a78c9cf8f/E-attack-0.png' with importer (TextureImporter)
Imported 'GUID: 44807fa520ecb40b298bc4c5e4b5e49a' -> (Import Result ID: 'ea7143409de22c35999e43da59180bc1') in 0.001 seconds [static and dynamic dependencies]. Details - ImportResultOutputID=fc6facfcfee66169f239ac5bc4b953ad DependenciesID=cba008abc1d22a1ffbc0de5c6a23a53e StaticDependenciesID=cdf8f8ed4d44b6add30e9d73bbf2240b 
Asset Pipeline Refresh (id=26dcbaf9570ee40f69d967a509b0f54e): Total: 0.015 seconds - Initiated by StopAssetImportingV2(NoUpdateAssetOptions)
Importing 'GUID: 44807fa520ecb40b298bc4c5e4b5e49a - Path: Assets/Janseon/ArtCandidates/TestPromotion-a918550bad804fbf9fd25a1a78c9cf8f/E-attack-0.png' with importer (TextureImporter)
Imported 'GUID: 44807fa520ecb40b298bc4c5e4b5e49a' -> (Import Result ID: '0fe7e620c6c22eaf4145c1f413bfbad3') in 0.001 seconds [static and dynamic dependencies]. Details - ImportResultOutputID=c6e16f2cc79ac9024da2e9ef543c6d74 DependenciesID=9c5739a6066a8f02a19c0ab16ffbde77 StaticDependenciesID=46e62db9a94309bed77ed2cfaed38c50 
Asset Pipeline Refresh (id=551f61590c13742ff860f859eb9e3892): Total: 0.017 seconds - Initiated by StopAssetImportingV2(NoUpdateAssetOptions)
Importing 'GUID: 9adf0bd4f0f1b4c4c9dc23ee6ba11936 - Path: Assets/Janseon/ArtCandidates/TestPromotion-a918550bad804fbf9fd25a1a78c9cf8f/E-attack-1.png' with importer (TextureImporter)
Imported 'GUID: 9adf0bd4f0f1b4c4c9dc23ee6ba11936' -> (Import Result ID: '0a7c80b3c4d83d6e5e3c93ef59cdd0e6') in 0.001 seconds [static and dynamic dependencies]. Details - ImportResultOutputID=4cd7140f115541c2ce85caca7f2065cd DependenciesID=83fe5ae9caf5f2796aaffb5470d64b93 StaticDependenciesID=218accd87da09458c33e6e5894bc453e 
Asset Pipeline Refresh (id=09a43170c0503403da9ca6d90ab0bff6): Total: 0.015 seconds - Initiated by StopAssetImportingV2(NoUpdateAssetOptions)
Importing 'GUID: 9adf0bd4f0f1b4c4c9dc23ee6ba11936 - Path: Assets/Janseon/ArtCandidates/TestPromotion-a918550bad804fbf9fd25a1a78c9cf8f/E-attack-1.png' with importer (TextureImporter)
Imported 'GUID: 9adf0bd4f0f1b4c4c9dc23ee6ba11936' -> (Import Result ID: '471b59b8979d3a1d01420e9249759f39') in 0.001 seconds [static and dynamic dependencies]. Details - ImportResultOutputID=431ebf400d4c3f2f9a4b5f8ccaade358 DependenciesID=01f6c2ee201487c7f5d08da56c299874 StaticDependenciesID=ea4625b3ea2705a11e40eccedd8a77ab 
Asset Pipeline Refresh (id=5e97e70c53b934cd782cbb284fbb53bc): Total: 0.017 seconds - Initiated by StopAssetImportingV2(NoUpdateAssetOptions)
Importing 'GUID: 5b7e5fbefaddd41df82474eba2384bc3 - Path: Assets/Janseon/ArtCandidates/TestPromotion-a918550bad804fbf9fd25a1a78c9cf8f/E-attack-2.png' with importer (TextureImporter)
Imported 'GUID: 5b7e5fbefaddd41df82474eba2384bc3' -> (Import Result ID: '31cea0b87186b86fee736530d868c528') in 0.001 seconds [static and dynamic dependencies]. Details - ImportResultOutputID=2e579e374db5b2a03844be87db9cc6db DependenciesID=c31033c9ca9719005e08c9f108b622c3 StaticDependenciesID=22c3b693b17cbe19250717b40b25a6bc 
Asset Pipeline Refresh (id=c6767d0750ded4c2fb401ce518350efc): Total: 0.015 seconds - Initiated by StopAssetImportingV2(NoUpdateAssetOptions)
Importing 'GUID: 5b7e5fbefaddd41df82474eba2384bc3 - Path: Assets/Janseon/ArtCandidates/TestPromotion-a918550bad804fbf9fd25a1a78c9cf8f/E-attack-2.png' with importer (TextureImporter)
Imported 'GUID: 5b7e5fbefaddd41df82474eba2384bc3' -> (Import Result ID: '86e3292d53627545e5780c4c8aaf1e2a') in 0.001 seconds [static and dynamic dependencies]. Details - ImportResultOutputID=66c67d6b458ddecfcef11c9040dc276b DependenciesID=e94fe2a698360d5ac2b3835aedf0ceef StaticDependenciesID=11228ce4ef4902fb6adbc1e4374a7328 
Asset Pipeline Refresh (id=f4d8733b35b054864a90f8529dfdf4c5): Total: 0.017 seconds - Initiated by StopAssetImportingV2(NoUpdateAssetOptions)
Importing 'GUID: 2516faa5789d74f40984c52a3fa5ec56 - Path: Assets/Janseon/ArtCandidates/TestPromotion-a918550bad804fbf9fd25a1a78c9cf8f/E-attack-3.png' with importer (TextureImporter)
Imported 'GUID: 2516faa5789d74f40984c52a3fa5ec56' -> (Import Result ID: 'dd1ae50e2a2b619bbe05c7de951d734e') in 0.001 seconds [static and dynamic dependencies]. Details - ImportResultOutputID=58a4d01d75636035230678e7ec3346b7 DependenciesID=bb22a98855a1b4d2aff6d8e037c9baeb StaticDependenciesID=6d4e5f3ff37ae0f09c166daad6b0c7b2 
Asset Pipeline Refresh (id=547820ae3ed0e43c1982a394138869f6): Total: 0.015 seconds - Initiated by StopAssetImportingV2(NoUpdateAssetOptions)
Importing 'GUID: 2516faa5789d74f40984c52a3fa5ec56 - Path: Assets/Janseon/ArtCandidates/TestPromotion-a918550bad804fbf9fd25a1a78c9cf8f/E-attack-3.png' with importer (TextureImporter)
Imported 'GUID: 2516faa5789d74f40984c52a3fa5ec56' -> (Import Result ID: '2cf7e7b594dcb5c2bec875df6f67ebfe') in 0.001 seconds [static and dynamic dependencies]. Details - ImportResultOutputID=2009ef3f7d0323ab28159a2b6a6a2ce3 DependenciesID=e99d37ade8b8266e76934770ee23023e StaticDependenciesID=df913062c000eae0a7ebd5ea22383e49 
Asset Pipeline Refresh (id=8a2d92151e28e4bafa83a78820e60beb): Total: 0.017 seconds - Initiated by StopAssetImportingV2(NoUpdateAssetOptions)
Importing 'GUID: c765b8461edac4ef884cc6d8dc1a73d9 - Path: Assets/Janseon/ArtCandidates/TestPromotion-a918550bad804fbf9fd25a1a78c9cf8f/E-attack-4.png' with importer (TextureImporter)
Imported 'GUID: c765b8461edac4ef884cc6d8dc1a73d9' -> (Import Result ID: '9025f3b9f4e1265e0cdf4fb637b08dbe') in 0.001 seconds [static and dynamic dependencies]. Details - ImportResultOutputID=806f87bd0634271c1338659e00f22f77 DependenciesID=127e64733d85cacd2253e1c8d62b3ade StaticDependenciesID=8ba266cf7d2b1eb0d9caf4e724e9ca0d 
Asset Pipeline Refresh (id=324b8d3daea8a4414a5a7fdb93dfda7b): Total: 0.015 seconds - Initiated by StopAssetImportingV2(NoUpdateAssetOptions)
Importing 'GUID: c765b8461edac4ef884cc6d8dc1a73d9 - Path: Assets/Janseon/ArtCandidates/TestPromotion-a918550bad804fbf9fd25a1a78c9cf8f/E-attack-4.png' with importer (TextureImporter)
Imported 'GUID: c765b8461edac4ef884cc6d8dc1a73d9' -> (Import Result ID: 'b6fd7b26f402dfe1e034ebbde34cf061') in 0.001 seconds [static and dynamic dependencies]. Details - ImportResultOutputID=7d6db4043e93a75fdcbb7571f431530e DependenciesID=c1894b8061e5d53f47c823477b08c4b4 StaticDependenciesID=94c4fc6121ac94c9a5c3a5eb8546946f 
Asset Pipeline Refresh (id=4c940dcd43af64ed9b5aff311a590e29): Total: 0.016 seconds - Initiated by StopAssetImportingV2(NoUpdateAssetOptions)
Importing 'GUID: dcc642cad50c740d9b53b8ba56aebda0 - Path: Assets/Janseon/ArtCandidates/TestPromotion-a918550bad804fbf9fd25a1a78c9cf8f/E-attack-5.png' with importer (TextureImporter)
Imported 'GUID: dcc642cad50c740d9b53b8ba56aebda0' -> (Import Result ID: '36f15d9b2b116c0ef04944ff543bd80d') in 0.001 seconds [static and dynamic dependencies]. Details - ImportResultOutputID=bd454fe76597a257e15e1b14fbce8f36 DependenciesID=698e2d266f69fbd019d9afb15ee7d085 StaticDependenciesID=89a848cc000dc4721dda409a9281bf32 
Asset Pipeline Refresh (id=ff534a219c0b0456cb163903cae09928): Total: 0.015 seconds - Initiated by StopAssetImportingV2(NoUpdateAssetOptions)
Importing 'GUID: dcc642cad50c740d9b53b8ba56aebda0 - Path: Assets/Janseon/ArtCandidates/TestPromotion-a918550bad804fbf9fd25a1a78c9cf8f/E-attack-5.png' with importer (TextureImporter)
Imported 'GUID: dcc642cad50c740d9b53b8ba56aebda0' -> (Import Result ID: 'bb51c987e336eebed47de50258578682') in 0.001 seconds [static and dynamic dependencies]. Details - ImportResultOutputID=854928d939c7333d4e54a773edcf5e40 DependenciesID=978d3155f462be492284fee204c81ddb StaticDependenciesID=76b61e0046eaeab1a07e78f167e7d428 
Asset Pipeline Refresh (id=4b793d54cbdb54830afc7ee872e9ee08): Total: 0.017 seconds - Initiated by StopAssetImportingV2(NoUpdateAssetOptions)
Importing 'GUID: 5d0f2833134ad482ab92d9437ab2c9df - Path: Assets/Janseon/ArtCandidates/TestPromotion-a918550bad804fbf9fd25a1a78c9cf8f/E-attack-clip.anim' with importer (NativeFormatImporter)
Imported 'GUID: 5d0f2833134ad482ab92d9437ab2c9df' -> (Import Result ID: '902f217fabeea69b01d758718fd30861') in 0.000 seconds [static dependencies only]. Details - ImportResultOutputID=1e6ab9f6c30627c7ba8fd4e12d1f66d5 DependenciesID=962780e5cafd5ffbb8b0dbdfb8db94e0 StaticDependenciesID=4832fded4a313162a4637b40c6c18551 
Asset Pipeline Refresh (id=83d5093f3fc4a43649099906bcf6de81): Total: 0.014 seconds - Initiated by StopAssetImportingV2(NoUpdateAssetOptions)
Importing 'GUID: aa47801074fc948099a0931ada0afcd4 - Path: Assets/Janseon/ArtCandidates/TestPromotion-a918550bad804fbf9fd25a1a78c9cf8f/E-hit-0.png' with importer (TextureImporter)
Imported 'GUID: aa47801074fc948099a0931ada0afcd4' -> (Import Result ID: 'f6e00e6c80b942f6a29898e8b2b0c7a4') in 0.001 seconds [static and dynamic dependencies]. Details - ImportResultOutputID=3e6d9aff89df259e4a73896d08b15ea4 DependenciesID=eece8a924493c2e7e9140ce9ad41bd2b StaticDependenciesID=3cbcc81caae7d90cdc3e6962241452a3 
Asset Pipeline Refresh (id=07b9f9cd51f024c7a97b7699ea7af246): Total: 0.015 seconds - Initiated by StopAssetImportingV2(NoUpdateAssetOptions)
Importing 'GUID: aa47801074fc948099a0931ada0afcd4 - Path: Assets/Janseon/ArtCandidates/TestPromotion-a918550bad804fbf9fd25a1a78c9cf8f/E-hit-0.png' with importer (TextureImporter)
Imported 'GUID: aa47801074fc948099a0931ada0afcd4' -> (Import Result ID: 'a050d9090db5291eec98104fb00c187f') in 0.001 seconds [static and dynamic dependencies]. Details - ImportResultOutputID=651793e1db90b561d8eaa7724cfbf8ec DependenciesID=c0526d6bcd092db5f61a9a8c0bb6f4a9 StaticDependenciesID=7931203f0924a869169f3a21242bdc60 
Asset Pipeline Refresh (id=9a075ef308712427698f5f580d7d485d): Total: 0.016 seconds - Initiated by StopAssetImportingV2(NoUpdateAssetOptions)
Importing 'GUID: 6ba73566551eb4e1fa5c465f013c95fb - Path: Assets/Janseon/ArtCandidates/TestPromotion-a918550bad804fbf9fd25a1a78c9cf8f/E-hit-1.png' with importer (TextureImporter)
Imported 'GUID: 6ba73566551eb4e1fa5c465f013c95fb' -> (Import Result ID: '1bef2176aa11b16fc01ac44fc21d0230') in 0.001 seconds [static and dynamic dependencies]. Details - ImportResultOutputID=125f1210cc7c8f040b0410de946ab05e DependenciesID=093e08f5413cae3704787b110bead5cb StaticDependenciesID=a7e30d276c6e4fe247b10274fedd963f 
Asset Pipeline Refresh (id=9f14750cc5f0f4a979316d5336e90f35): Total: 0.015 seconds - Initiated by StopAssetImportingV2(NoUpdateAssetOptions)
Importing 'GUID: 6ba73566551eb4e1fa5c465f013c95fb - Path: Assets/Janseon/ArtCandidates/TestPromotion-a918550bad804fbf9fd25a1a78c9cf8f/E-hit-1.png' with importer (TextureImporter)
Imported 'GUID: 6ba73566551eb4e1fa5c465f013c95fb' -> (Import Result ID: 'fc367572788884947fcc6cb80301c8e6') in 0.001 seconds [static and dynamic dependencies]. Details - ImportResultOutputID=a6a3747f5829623dc2440cfc2f154554 DependenciesID=59bc653ec9d345bc378762469f9927a3 StaticDependenciesID=68070170a3d132c255a05052e11620e2 
Asset Pipeline Refresh (id=2174ea2b1177348e6963d78d510fc8cd): Total: 0.017 seconds - Initiated by StopAssetImportingV2(NoUpdateAssetOptions)
Importing 'GUID: 34274641826a344f68a9de237f4e9e08 - Path: Assets/Janseon/ArtCandidates/TestPromotion-a918550bad804fbf9fd25a1a78c9cf8f/E-hit-2.png' with importer (TextureImporter)
Imported 'GUID: 34274641826a344f68a9de237f4e9e08' -> (Import Result ID: '511791743b5c85cd4c572bd89aeb50b0') in 0.001 seconds [static and dynamic dependencies]. Details - ImportResultOutputID=a768a25ac76783bdb6a898d9cd8ceff9 DependenciesID=166e251332cd4dc942c12eda27e2cd55 StaticDependenciesID=67840610417bde826443c4ab152ad324 
Asset Pipeline Refresh (id=aab68a0bd24c5448c94a4e1d74f32591): Total: 0.015 seconds - Initiated by StopAssetImportingV2(NoUpdateAssetOptions)
Importing 'GUID: 34274641826a344f68a9de237f4e9e08 - Path: Assets/Janseon/ArtCandidates/TestPromotion-a918550bad804fbf9fd25a1a78c9cf8f/E-hit-2.png' with importer (TextureImporter)
Imported 'GUID: 34274641826a344f68a9de237f4e9e08' -> (Import Result ID: 'eaf5057e0965c6feca771d9014de0f71') in 0.001 seconds [static and dynamic dependencies]. Details - ImportResultOutputID=1ede9db53bab5b46490c20ccc913b33c DependenciesID=681a70c5eaf0883ff9bb0b34c55fd8dd StaticDependenciesID=58b170ef137d7828584fa8db8d321ea6 
Asset Pipeline Refresh (id=5ed050d5d53f44cc19b55719f7f453d3): Total: 0.017 seconds - Initiated by StopAssetImportingV2(NoUpdateAssetOptions)
Importing 'GUID: f5ddbe7116d7845009f20956bf4dbea4 - Path: Assets/Janseon/ArtCandidates/TestPromotion-a918550bad804fbf9fd25a1a78c9cf8f/E-hit-clip.anim' with importer (NativeFormatImporter)
Imported 'GUID: f5ddbe7116d7845009f20956bf4dbea4' -> (Import Result ID: '42a2265dc31a4b519891187441251bcc') in 0.000 seconds [static dependencies only]. Details - ImportResultOutputID=2df6aa8614ba85bee68a7c7f6d698779 DependenciesID=80932430d74e2c21adab99bfbdfd7f60 StaticDependenciesID=6ff60a4bfbf25c8b9c88d017ea148fa8 
Asset Pipeline Refresh (id=e184aa80a7b974f0d875a44c518bc5fd): Total: 0.014 seconds - Initiated by StopAssetImportingV2(NoUpdateAssetOptions)
Importing 'GUID: ddded4901dc0444468b4d5894d084ed8 - Path: Assets/Janseon/ArtCandidates/TestPromotion-a918550bad804fbf9fd25a1a78c9cf8f/E-down-0.png' with importer (TextureImporter)
Imported 'GUID: ddded4901dc0444468b4d5894d084ed8' -> (Import Result ID: '1cd1a213790e2d6e93e4002bceb6188c') in 0.001 seconds [static and dynamic dependencies]. Details - ImportResultOutputID=1814d59d772f56913060894db7800449 DependenciesID=4bf5b973f62a483133b218cb1b418c40 StaticDependenciesID=3bf36684a5d36bd23121aeaf0a59a1e4 
Asset Pipeline Refresh (id=ec5162c86e15a44b48707041c0145516): Total: 0.015 seconds - Initiated by StopAssetImportingV2(NoUpdateAssetOptions)
Importing 'GUID: ddded4901dc0444468b4d5894d084ed8 - Path: Assets/Janseon/ArtCandidates/TestPromotion-a918550bad804fbf9fd25a1a78c9cf8f/E-down-0.png' with importer (TextureImporter)
Imported 'GUID: ddded4901dc0444468b4d5894d084ed8' -> (Import Result ID: '2d6b99764bdd242f6366733edd091448') in 0.001 seconds [static and dynamic dependencies]. Details - ImportResultOutputID=94f95d8d52216842c201e0621fe2d763 DependenciesID=97161ecc81d29b1dfdf82997ffeff6fa StaticDependenciesID=20b1a3327f662705b836bff9bb8111ca 
Asset Pipeline Refresh (id=9ca9eeff97ea74a2682fe17af7623e08): Total: 0.017 seconds - Initiated by StopAssetImportingV2(NoUpdateAssetOptions)
Importing 'GUID: 3c36a13f1b41349bc89b7f9143a160fe - Path: Assets/Janseon/ArtCandidates/TestPromotion-a918550bad804fbf9fd25a1a78c9cf8f/E-down-1.png' with importer (TextureImporter)
Imported 'GUID: 3c36a13f1b41349bc89b7f9143a160fe' -> (Import Result ID: '71de08684c74b55b4e3fbab59ede361a') in 0.001 seconds [static and dynamic dependencies]. Details - ImportResultOutputID=38ff3dced28ed1948cce41e4a5710569 DependenciesID=62f4ccd77136d35c0036481e448cbd21 StaticDependenciesID=3127bfb1e7d08f7f50d9a52d9cb4d8f5 
Asset Pipeline Refresh (id=422e4223249cf4a418a80fff08d88f62): Total: 0.015 seconds - Initiated by StopAssetImportingV2(NoUpdateAssetOptions)
Importing 'GUID: 3c36a13f1b41349bc89b7f9143a160fe - Path: Assets/Janseon/ArtCandidates/TestPromotion-a918550bad804fbf9fd25a1a78c9cf8f/E-down-1.png' with importer (TextureImporter)
Imported 'GUID: 3c36a13f1b41349bc89b7f9143a160fe' -> (Import Result ID: 'caa98ce906354546c44052f1143244fa') in 0.001 seconds [static and dynamic dependencies]. Details - ImportResultOutputID=f725a6329cc347fb9c5321db61a49b5f DependenciesID=b4554a0b9ea5449a1a060759453c7da9 StaticDependenciesID=9e4068e8e81cfb00a9893cf2b453f0c9 
Asset Pipeline Refresh (id=a5bbd871b1f0e4909aed923e25746621): Total: 0.017 seconds - Initiated by StopAssetImportingV2(NoUpdateAssetOptions)
Importing 'GUID: fb4099481da0246d3a284e5ec339b0e0 - Path: Assets/Janseon/ArtCandidates/TestPromotion-a918550bad804fbf9fd25a1a78c9cf8f/E-down-2.png' with importer (TextureImporter)
Imported 'GUID: fb4099481da0246d3a284e5ec339b0e0' -> (Import Result ID: 'db95254e7ab803fb0a4cb82ccb437366') in 0.001 seconds [static and dynamic dependencies]. Details - ImportResultOutputID=05458fb8b4a76618e97955a0193bb85e DependenciesID=46943da34500ed8e7ea816da7bfb3ea8 StaticDependenciesID=254e44ea108da4153662aeee20d7b24a 
Asset Pipeline Refresh (id=aed75786b8cb34bc5aeedcf9e9923f69): Total: 0.014 seconds - Initiated by StopAssetImportingV2(NoUpdateAssetOptions)
Importing 'GUID: fb4099481da0246d3a284e5ec339b0e0 - Path: Assets/Janseon/ArtCandidates/TestPromotion-a918550bad804fbf9fd25a1a78c9cf8f/E-down-2.png' with importer (TextureImporter)
Imported 'GUID: fb4099481da0246d3a284e5ec339b0e0' -> (Import Result ID: 'ce3ef1f9a735973e31a86ae5193bc1c5') in 0.001 seconds [static and dynamic dependencies]. Details - ImportResultOutputID=39b6498693aeab9035f18fa6c3686214 DependenciesID=a36a11886562ae4e0c57e3faeb96a579 StaticDependenciesID=31efc3c8bd997190ec3e2706a76e9004 
Asset Pipeline Refresh (id=3e09d663026994ff49f770504321d49f): Total: 0.017 seconds - Initiated by StopAssetImportingV2(NoUpdateAssetOptions)
Importing 'GUID: 1a510012548184e4ab99ecf4fc1c3f0f - Path: Assets/Janseon/ArtCandidates/TestPromotion-a918550bad804fbf9fd25a1a78c9cf8f/E-down-3.png' with importer (TextureImporter)
Imported 'GUID: 1a510012548184e4ab99ecf4fc1c3f0f' -> (Import Result ID: 'a297e0be7f775a6d6161757fd3e8a22f') in 0.001 seconds [static and dynamic dependencies]. Details - ImportResultOutputID=bb9fdc4d9ed33725132e64fd7db1625d DependenciesID=686076e7d6eb12898e1a82e7d984971e StaticDependenciesID=8ca397fe49a09f75283bb44cd042a5fb 
Asset Pipeline Refresh (id=77cd752d735e04c2eb4ebae5e053f910): Total: 0.014 seconds - Initiated by StopAssetImportingV2(NoUpdateAssetOptions)
Importing 'GUID: 1a510012548184e4ab99ecf4fc1c3f0f - Path: Assets/Janseon/ArtCandidates/TestPromotion-a918550bad804fbf9fd25a1a78c9cf8f/E-down-3.png' with importer (TextureImporter)
Imported 'GUID: 1a510012548184e4ab99ecf4fc1c3f0f' -> (Import Result ID: '04931113b6ec743b69e1b02b49af84cf') in 0.001 seconds [static and dynamic dependencies]. Details - ImportResultOutputID=9d0d161aaa2a96c1e55aad4bafbdd8c9 DependenciesID=fafef08fc35e8b157804d5cd35594c03 StaticDependenciesID=0211b160ec0a3ac1f8406785f72335b9 
Asset Pipeline Refresh (id=085847f9b3b2547e8a8247f8a509de75): Total: 0.016 seconds - Initiated by StopAssetImportingV2(NoUpdateAssetOptions)
Importing 'GUID: a9469f342320743c89a0a2b56722ce0d - Path: Assets/Janseon/ArtCandidates/TestPromotion-a918550bad804fbf9fd25a1a78c9cf8f/E-down-clip.anim' with importer (NativeFormatImporter)
Imported 'GUID: a9469f342320743c89a0a2b56722ce0d' -> (Import Result ID: 'db313e1b866b6a61ca7fc07e36d29e4c') in 0.000 seconds [static dependencies only]. Details - ImportResultOutputID=4c56d4bc28ad75c3cff472265b0aaaf6 DependenciesID=17d1f1dac5942ecf2f163bc185d19d9c StaticDependenciesID=93513a0d1ae5101adb22c8e901881cce 
Asset Pipeline Refresh (id=f5401ef1e64b145999966daeb3c8fdda): Total: 0.014 seconds - Initiated by StopAssetImportingV2(NoUpdateAssetOptions)
Importing 'GUID: 37a89ec6448ba4b80a0039ef5aa7dc49 - Path: Assets/Janseon/ArtCandidates/TestPromotion-a918550bad804fbf9fd25a1a78c9cf8f/S-idle-0.png' with importer (TextureImporter)
Imported 'GUID: 37a89ec6448ba4b80a0039ef5aa7dc49' -> (Import Result ID: '801397ee81330debcecfc1baf8ad0a57') in 0.001 seconds [static and dynamic dependencies]. Details - ImportResultOutputID=db603657b9da94632c89e17705796333 DependenciesID=185b597e2a636065525c9c792d58699c StaticDependenciesID=9df593f173afc8fe78467d0594d651f4 
Asset Pipeline Refresh (id=ad6a46c5928b54032add1f9d86095940): Total: 0.015 seconds - Initiated by StopAssetImportingV2(NoUpdateAssetOptions)
Importing 'GUID: 37a89ec6448ba4b80a0039ef5aa7dc49 - Path: Assets/Janseon/ArtCandidates/TestPromotion-a918550bad804fbf9fd25a1a78c9cf8f/S-idle-0.png' with importer (TextureImporter)
Imported 'GUID: 37a89ec6448ba4b80a0039ef5aa7dc49' -> (Import Result ID: '829c871f8c42c2bfde78eb169a2a7267') in 0.001 seconds [static and dynamic dependencies]. Details - ImportResultOutputID=58356d7d4b54e7983bc7904e0355b349 DependenciesID=2fbf96b2acd74e80d3369800b0541b8d StaticDependenciesID=8ae4ff9401c6e107155d1f2a602b3a2a 
Asset Pipeline Refresh (id=c75dc30b252584201add3a56879f44da): Total: 0.017 seconds - Initiated by StopAssetImportingV2(NoUpdateAssetOptions)
Importing 'GUID: 74615cd7effee4e01a2da5e2fc9cff5c - Path: Assets/Janseon/ArtCandidates/TestPromotion-a918550bad804fbf9fd25a1a78c9cf8f/S-idle-1.png' with importer (TextureImporter)
Imported 'GUID: 74615cd7effee4e01a2da5e2fc9cff5c' -> (Import Result ID: 'd7f2891a9fa783c74c0e7d2998157561') in 0.001 seconds [static and dynamic dependencies]. Details - ImportResultOutputID=d3f684055a89fb15e9f2693b4d22e467 DependenciesID=bf5d8e2c2350d410d8f1302dce1e6cf8 StaticDependenciesID=20307cc6e09a8942da5ed7038a4af72b 
Asset Pipeline Refresh (id=49661e13140634b8cb3a0daab9902603): Total: 0.015 seconds - Initiated by StopAssetImportingV2(NoUpdateAssetOptions)
Importing 'GUID: 74615cd7effee4e01a2da5e2fc9cff5c - Path: Assets/Janseon/ArtCandidates/TestPromotion-a918550bad804fbf9fd25a1a78c9cf8f/S-idle-1.png' with importer (TextureImporter)
Imported 'GUID: 74615cd7effee4e01a2da5e2fc9cff5c' -> (Import Result ID: '0f8f932287295320fbe2029d4830a456') in 0.001 seconds [static and dynamic dependencies]. Details - ImportResultOutputID=dad4e30f295772f85dd91097dd20b96f DependenciesID=13d3d5f029649b54fbe777aa173d9cd1 StaticDependenciesID=de3eafd74ba3f1e37bd986f65b3b2d9a 
Asset Pipeline Refresh (id=184d6856027804c18a913439dd1e8b80): Total: 0.017 seconds - Initiated by StopAssetImportingV2(NoUpdateAssetOptions)
Importing 'GUID: 86ce0e46923d74acd89617b17821425d - Path: Assets/Janseon/ArtCandidates/TestPromotion-a918550bad804fbf9fd25a1a78c9cf8f/S-idle-2.png' with importer (TextureImporter)
Imported 'GUID: 86ce0e46923d74acd89617b17821425d' -> (Import Result ID: '0ffeefabafc24a465590dcbbe883d88a') in 0.001 seconds [static and dynamic dependencies]. Details - ImportResultOutputID=e8f3d9be2e380827e222c7578308f753 DependenciesID=51bd0b7d71c351182f9f429f175b2135 StaticDependenciesID=bdb5126f52fd4587a9b4fcbf3941dea2 
Asset Pipeline Refresh (id=c82ab6d98ef31410798cffc25ed5a7c9): Total: 0.015 seconds - Initiated by StopAssetImportingV2(NoUpdateAssetOptions)
Importing 'GUID: 86ce0e46923d74acd89617b17821425d - Path: Assets/Janseon/ArtCandidates/TestPromotion-a918550bad804fbf9fd25a1a78c9cf8f/S-idle-2.png' with importer (TextureImporter)
Imported 'GUID: 86ce0e46923d74acd89617b17821425d' -> (Import Result ID: '49bb512b5908ecd99668e2ff14bae996') in 0.001 seconds [static and dynamic dependencies]. Details - ImportResultOutputID=3660c61697bc36573900d73f4fc87bca DependenciesID=05e5f220b2c0f3babf77a31bab7c32d5 StaticDependenciesID=c911fac423497226b1430f6e61640bb8 
Asset Pipeline Refresh (id=ccd8694bab1d44f3bad86cb5a77ebea7): Total: 0.016 seconds - Initiated by StopAssetImportingV2(NoUpdateAssetOptions)
Importing 'GUID: bc686bdfca6f74abfac1f67c187cf5a9 - Path: Assets/Janseon/ArtCandidates/TestPromotion-a918550bad804fbf9fd25a1a78c9cf8f/S-idle-3.png' with importer (TextureImporter)
Imported 'GUID: bc686bdfca6f74abfac1f67c187cf5a9' -> (Import Result ID: '8058c9789198cf06b32c02bfddc4ec24') in 0.001 seconds [static and dynamic dependencies]. Details - ImportResultOutputID=ee0d52203db81a7579525305a6c450b5 DependenciesID=fc75a0269f2eeccea2cf142577685e2c StaticDependenciesID=816be7fb905e45309d331a408a0d3e26 
Asset Pipeline Refresh (id=85c53e92a8a4d4cf29e855fbb52d3ae1): Total: 0.014 seconds - Initiated by StopAssetImportingV2(NoUpdateAssetOptions)
Importing 'GUID: bc686bdfca6f74abfac1f67c187cf5a9 - Path: Assets/Janseon/ArtCandidates/TestPromotion-a918550bad804fbf9fd25a1a78c9cf8f/S-idle-3.png' with importer (TextureImporter)
Imported 'GUID: bc686bdfca6f74abfac1f67c187cf5a9' -> (Import Result ID: 'c89f3fb18206b61a0496c6a692c30098') in 0.001 seconds [static and dynamic dependencies]. Details - ImportResultOutputID=33bc23ade1a08db676cb3b5fb7ce23a4 DependenciesID=b72525ae9cf6b8055709ef55dd021d95 StaticDependenciesID=fc0119ad54f5a9724c74ea5550cda030 
Asset Pipeline Refresh (id=d69267f7e706948ae9c008715b75b0ce): Total: 0.016 seconds - Initiated by StopAssetImportingV2(NoUpdateAssetOptions)
Importing 'GUID: b184ffd5e841a45cf90ad9c726068c55 - Path: Assets/Janseon/ArtCandidates/TestPromotion-a918550bad804fbf9fd25a1a78c9cf8f/S-idle-clip.anim' with importer (NativeFormatImporter)
Imported 'GUID: b184ffd5e841a45cf90ad9c726068c55' -> (Import Result ID: 'fc16e6a34148c9b4bb0b767f91454eab') in 0.000 seconds [static dependencies only]. Details - ImportResultOutputID=220e629539ed196fbe1565aee6f855cc DependenciesID=c82b70579260961f7d2cd50cf3511b2d StaticDependenciesID=8225a19bea10a6d550002872db04e5bc 
Asset Pipeline Refresh (id=5cb251fcec3cf49a49211caafd974313): Total: 0.014 seconds - Initiated by StopAssetImportingV2(NoUpdateAssetOptions)
Importing 'GUID: e1de145bc186a4e8cbfcf20a17ce5b4c - Path: Assets/Janseon/ArtCandidates/TestPromotion-a918550bad804fbf9fd25a1a78c9cf8f/S-walk-0.png' with importer (TextureImporter)
Imported 'GUID: e1de145bc186a4e8cbfcf20a17ce5b4c' -> (Import Result ID: 'c2a1df59d2be88a5dc42512aeb19f089') in 0.001 seconds [static and dynamic dependencies]. Details - ImportResultOutputID=5962613a4aa267eaf67859ec1e3c2c01 DependenciesID=c3da2b6561885d954c49558ce32fff48 StaticDependenciesID=8c2f7fe76539a7db2caa6823e7a59b73 
Asset Pipeline Refresh (id=2429d573ce3cf4e0c83180e9594f89f6): Total: 0.014 seconds - Initiated by StopAssetImportingV2(NoUpdateAssetOptions)
Importing 'GUID: e1de145bc186a4e8cbfcf20a17ce5b4c - Path: Assets/Janseon/ArtCandidates/TestPromotion-a918550bad804fbf9fd25a1a78c9cf8f/S-walk-0.png' with importer (TextureImporter)
Imported 'GUID: e1de145bc186a4e8cbfcf20a17ce5b4c' -> (Import Result ID: '46ff269a11b8b5eb394f35a24cea7bc1') in 0.001 seconds [static and dynamic dependencies]. Details - ImportResultOutputID=623901549c9d003d152f19d8f2768bb9 DependenciesID=ffe85acb75827ee87f09a0dde458ff02 StaticDependenciesID=bf18ab4d97008a28e35fbc239db4f090 
Asset Pipeline Refresh (id=693f7bd49f2d44d1ca81cae746fb7139): Total: 0.017 seconds - Initiated by StopAssetImportingV2(NoUpdateAssetOptions)
Importing 'GUID: e35d1f39f40bf4ca1af3f891f007cafa - Path: Assets/Janseon/ArtCandidates/TestPromotion-a918550bad804fbf9fd25a1a78c9cf8f/S-walk-1.png' with importer (TextureImporter)
Imported 'GUID: e35d1f39f40bf4ca1af3f891f007cafa' -> (Import Result ID: '984b29d72886fc201ce6f19ca691c334') in 0.001 seconds [static and dynamic dependencies]. Details - ImportResultOutputID=9fd7834fd84be90dae13bdeba19459fa DependenciesID=71f527ef1519f11a235ab576eb262679 StaticDependenciesID=5dfbf2047de23c9461e67de8889f8be4 
Asset Pipeline Refresh (id=c817c479bbf534c1b9df2fda23397e22): Total: 0.014 seconds - Initiated by StopAssetImportingV2(NoUpdateAssetOptions)
Importing 'GUID: e35d1f39f40bf4ca1af3f891f007cafa - Path: Assets/Janseon/ArtCandidates/TestPromotion-a918550bad804fbf9fd25a1a78c9cf8f/S-walk-1.png' with importer (TextureImporter)
Imported 'GUID: e35d1f39f40bf4ca1af3f891f007cafa' -> (Import Result ID: '0c3a4c023cfe207462e79fb6561319b0') in 0.001 seconds [static and dynamic dependencies]. Details - ImportResultOutputID=eae64de37d6f0438b2db6ee8b4628bca DependenciesID=23c02886b343cd8e0a174b97cf861042 StaticDependenciesID=1cdbb4ac18f0f5838cbf48b36653c5b7 
Asset Pipeline Refresh (id=7dc05831547ff4496a8030e656578d92): Total: 0.016 seconds - Initiated by StopAssetImportingV2(NoUpdateAssetOptions)
Importing 'GUID: 705da8ad6938147f19aeefd47d7d4c5c - Path: Assets/Janseon/ArtCandidates/TestPromotion-a918550bad804fbf9fd25a1a78c9cf8f/S-walk-2.png' with importer (TextureImporter)
Imported 'GUID: 705da8ad6938147f19aeefd47d7d4c5c' -> (Import Result ID: '1c3911745cffba548c49e357cc224384') in 0.001 seconds [static and dynamic dependencies]. Details - ImportResultOutputID=c7928dc6114538a92b6e4559488e58e6 DependenciesID=129b6d8d704861bb8cf7110ba80386f7 StaticDependenciesID=22f8ed120e168fed857d9656ba935d8d 
Asset Pipeline Refresh (id=a32e02f29e73d4e868f80946c9640fe0): Total: 0.015 seconds - Initiated by StopAssetImportingV2(NoUpdateAssetOptions)
Importing 'GUID: 705da8ad6938147f19aeefd47d7d4c5c - Path: Assets/Janseon/ArtCandidates/TestPromotion-a918550bad804fbf9fd25a1a78c9cf8f/S-walk-2.png' with importer (TextureImporter)
Imported 'GUID: 705da8ad6938147f19aeefd47d7d4c5c' -> (Import Result ID: 'd29884a09f6071aeaec66f633236b3c0') in 0.001 seconds [static and dynamic dependencies]. Details - ImportResultOutputID=d3c871083c4169382b4bdc912eed6dd1 DependenciesID=032cd6cb541cdf23827bee2499b708c9 StaticDependenciesID=f47bad1e9de014b8ff8e2a2e71f8c8bb 
Asset Pipeline Refresh (id=79d2ed5f378d2471ab9c49a793a755a6): Total: 0.017 seconds - Initiated by StopAssetImportingV2(NoUpdateAssetOptions)
Importing 'GUID: 66d74cae939544f6e9d9888e9e0f7cfa - Path: Assets/Janseon/ArtCandidates/TestPromotion-a918550bad804fbf9fd25a1a78c9cf8f/S-walk-3.png' with importer (TextureImporter)
Imported 'GUID: 66d74cae939544f6e9d9888e9e0f7cfa' -> (Import Result ID: '04ceaf61e182ead54c36a7cd740a55e4') in 0.001 seconds [static and dynamic dependencies]. Details - ImportResultOutputID=bece4cce15236727b9faed87471b5a05 DependenciesID=3e20fd83f2c83172b149c2534efc8adc StaticDependenciesID=496cedca6159a12413cdcc04da750e91 
Asset Pipeline Refresh (id=b0af3bd41c0b04d2caffe8bc32211b79): Total: 0.014 seconds - Initiated by StopAssetImportingV2(NoUpdateAssetOptions)
Importing 'GUID: 66d74cae939544f6e9d9888e9e0f7cfa - Path: Assets/Janseon/ArtCandidates/TestPromotion-a918550bad804fbf9fd25a1a78c9cf8f/S-walk-3.png' with importer (TextureImporter)
Imported 'GUID: 66d74cae939544f6e9d9888e9e0f7cfa' -> (Import Result ID: '5a9110181e8cb80e491ddc293c5396af') in 0.001 seconds [static and dynamic dependencies]. Details - ImportResultOutputID=d1ad233e820c366c5406551353fb6ff7 DependenciesID=21ab912f1dd77d7bc56cb5cede955e1c StaticDependenciesID=02a4a59693a6715200ae1f2015123d56 
Asset Pipeline Refresh (id=576d14778bd5c4159a5ec21b01eff88d): Total: 0.017 seconds - Initiated by StopAssetImportingV2(NoUpdateAssetOptions)
Importing 'GUID: 97306e78004e8420e8aeee8b5b5c7df0 - Path: Assets/Janseon/ArtCandidates/TestPromotion-a918550bad804fbf9fd25a1a78c9cf8f/S-walk-4.png' with importer (TextureImporter)
Imported 'GUID: 97306e78004e8420e8aeee8b5b5c7df0' -> (Import Result ID: '98f2c415ec8a4029064105e2f74898bc') in 0.001 seconds [static and dynamic dependencies]. Details - ImportResultOutputID=cdfb2786ea47b42aa6a2c9f1643cc239 DependenciesID=64c19111a21014bdcdcd0ee13b2a1934 StaticDependenciesID=92ca481c4491b2db4ed65df76454579d 
Asset Pipeline Refresh (id=36cec749240ea470aa8760dbab173816): Total: 0.014 seconds - Initiated by StopAssetImportingV2(NoUpdateAssetOptions)
Importing 'GUID: 97306e78004e8420e8aeee8b5b5c7df0 - Path: Assets/Janseon/ArtCandidates/TestPromotion-a918550bad804fbf9fd25a1a78c9cf8f/S-walk-4.png' with importer (TextureImporter)
Imported 'GUID: 97306e78004e8420e8aeee8b5b5c7df0' -> (Import Result ID: '12762259a98a5fad19e1d71e5d057878') in 0.001 seconds [static and dynamic dependencies]. Details - ImportResultOutputID=d29e6938de139da9b4e6d0e5090bfe9f DependenciesID=0dc75ec18793990e87ba1d87c521cc44 StaticDependenciesID=849fa215e413f32718a8e6f6eb811103 
Asset Pipeline Refresh (id=7a7344c7605d8497f9aea0c18aefa7a2): Total: 0.016 seconds - Initiated by StopAssetImportingV2(NoUpdateAssetOptions)
Importing 'GUID: 3fb76a87225bf434d8bd8d8b0859cfd0 - Path: Assets/Janseon/ArtCandidates/TestPromotion-a918550bad804fbf9fd25a1a78c9cf8f/S-walk-5.png' with importer (TextureImporter)
Imported 'GUID: 3fb76a87225bf434d8bd8d8b0859cfd0' -> (Import Result ID: '1c98060435ae7c50d0dfeedf0924ef68') in 0.001 seconds [static and dynamic dependencies]. Details - ImportResultOutputID=10964f22a2caacba618b7b5b87a2310d DependenciesID=f741b682203ba477135e0663b0a612a8 StaticDependenciesID=a83a840c3e2c40b5bfa462c9204905f0 
Asset Pipeline Refresh (id=7978bc302c73b4019b726bb5f9b41154): Total: 0.014 seconds - Initiated by StopAssetImportingV2(NoUpdateAssetOptions)
Importing 'GUID: 3fb76a87225bf434d8bd8d8b0859cfd0 - Path: Assets/Janseon/ArtCandidates/TestPromotion-a918550bad804fbf9fd25a1a78c9cf8f/S-walk-5.png' with importer (TextureImporter)
Imported 'GUID: 3fb76a87225bf434d8bd8d8b0859cfd0' -> (Import Result ID: 'c0777e8c3b1c920355c1cc71af02ed9b') in 0.001 seconds [static and dynamic dependencies]. Details - ImportResultOutputID=8daaac2557d5ecd7c881926705575556 DependenciesID=dfcb093e83f091d2772cb0676e292eb0 StaticDependenciesID=cec22672a2f90ee0b6b8396a2334d7db 
Asset Pipeline Refresh (id=0989ec954eb1c45f08c30142edc9cec9): Total: 0.017 seconds - Initiated by StopAssetImportingV2(NoUpdateAssetOptions)
Importing 'GUID: 31d3d79d846124305bd8c07b3ab9bf9e - Path: Assets/Janseon/ArtCandidates/TestPromotion-a918550bad804fbf9fd25a1a78c9cf8f/S-walk-clip.anim' with importer (NativeFormatImporter)
Imported 'GUID: 31d3d79d846124305bd8c07b3ab9bf9e' -> (Import Result ID: '25e8fa4bc646e6dcd6da1cd2912a374c') in 0.000 seconds [static dependencies only]. Details - ImportResultOutputID=59d16e6addda526df86d5aa5c85f15df DependenciesID=6b7f18561541cd2075e5bb70c482e34b StaticDependenciesID=03f0acbbfa279564eb253fc2e1b9cd12 
Asset Pipeline Refresh (id=e3cc8a7004e1444c2a0072b8b4de22d2): Total: 0.014 seconds - Initiated by StopAssetImportingV2(NoUpdateAssetOptions)
Importing 'GUID: ae33e772b51a140a0b43c7b286c6ddef - Path: Assets/Janseon/ArtCandidates/TestPromotion-a918550bad804fbf9fd25a1a78c9cf8f/S-attack-0.png' with importer (TextureImporter)
Imported 'GUID: ae33e772b51a140a0b43c7b286c6ddef' -> (Import Result ID: 'feee690d7268d30596741ea4c1c8492f') in 0.001 seconds [static and dynamic dependencies]. Details - ImportResultOutputID=a8c3c9529b6eb3d78b4fd9d8f469bf94 DependenciesID=778637b1035a46e0f75e4fd2933f2dfd StaticDependenciesID=b9ea33f4100e3bec1c7cbf62b841ebe4 
Asset Pipeline Refresh (id=1a77b6609241f4a12870d99d7234ce5a): Total: 0.015 seconds - Initiated by StopAssetImportingV2(NoUpdateAssetOptions)
Importing 'GUID: ae33e772b51a140a0b43c7b286c6ddef - Path: Assets/Janseon/ArtCandidates/TestPromotion-a918550bad804fbf9fd25a1a78c9cf8f/S-attack-0.png' with importer (TextureImporter)
Imported 'GUID: ae33e772b51a140a0b43c7b286c6ddef' -> (Import Result ID: '715c7e86eb5db3e79b2eeb2775b05dcc') in 0.001 seconds [static and dynamic dependencies]. Details - ImportResultOutputID=72720c6f5bd17e9aba856d3b8ef323df DependenciesID=2778c4e339b487145105bdd2a7202ed9 StaticDependenciesID=12e65ac33c2290e38798f2256e62c01a 
Asset Pipeline Refresh (id=b40d04b2280d6473ba63d6fdc056d927): Total: 0.017 seconds - Initiated by StopAssetImportingV2(NoUpdateAssetOptions)
Importing 'GUID: 7ae372c31bdab487e805a0f43d31a8af - Path: Assets/Janseon/ArtCandidates/TestPromotion-a918550bad804fbf9fd25a1a78c9cf8f/S-attack-1.png' with importer (TextureImporter)
Imported 'GUID: 7ae372c31bdab487e805a0f43d31a8af' -> (Import Result ID: 'c241781899dfb57648b70ddbdbf820b5') in 0.001 seconds [static and dynamic dependencies]. Details - ImportResultOutputID=b84b742b4149052762b7265eb437be4d DependenciesID=173c5a65a37d843812d3c65a19ea6a87 StaticDependenciesID=3799b8fa76a5bbee332d4225945dedd8 
Asset Pipeline Refresh (id=c6322802f8a9c4a9daca0ad69b47e8aa): Total: 0.014 seconds - Initiated by StopAssetImportingV2(NoUpdateAssetOptions)
Importing 'GUID: 7ae372c31bdab487e805a0f43d31a8af - Path: Assets/Janseon/ArtCandidates/TestPromotion-a918550bad804fbf9fd25a1a78c9cf8f/S-attack-1.png' with importer (TextureImporter)
Imported 'GUID: 7ae372c31bdab487e805a0f43d31a8af' -> (Import Result ID: 'a23d24f1354e1de8bc6bbfaea264a517') in 0.001 seconds [static and dynamic dependencies]. Details - ImportResultOutputID=ed9473b0c2bcf9073f55c5a0ca398a1a DependenciesID=cdf5a27d911caa05eb0da1e3999f72a3 StaticDependenciesID=bfddca9aa1aba3ed7ce23bbfb37f53a1 
Asset Pipeline Refresh (id=f55320b82fde04a2baba8d09be4d7465): Total: 0.016 seconds - Initiated by StopAssetImportingV2(NoUpdateAssetOptions)
Importing 'GUID: 0ce23acda19034637848e918247d4644 - Path: Assets/Janseon/ArtCandidates/TestPromotion-a918550bad804fbf9fd25a1a78c9cf8f/S-attack-2.png' with importer (TextureImporter)
Imported 'GUID: 0ce23acda19034637848e918247d4644' -> (Import Result ID: '7a6d0488e37293d4e12e6ad95b1fb733') in 0.001 seconds [static and dynamic dependencies]. Details - ImportResultOutputID=fdda75e57b1488602128992abb36b2ed DependenciesID=3b524e4a18dbe1c5e53fde33c59e1934 StaticDependenciesID=7f5d39940d80931de00c173655e5ee25 
Asset Pipeline Refresh (id=ce6aac878a7d342e6b51aedbda818284): Total: 0.015 seconds - Initiated by StopAssetImportingV2(NoUpdateAssetOptions)
Importing 'GUID: 0ce23acda19034637848e918247d4644 - Path: Assets/Janseon/ArtCandidates/TestPromotion-a918550bad804fbf9fd25a1a78c9cf8f/S-attack-2.png' with importer (TextureImporter)
Imported 'GUID: 0ce23acda19034637848e918247d4644' -> (Import Result ID: '0051426ac5ebd30355a294d5f62cfa6e') in 0.001 seconds [static and dynamic dependencies]. Details - ImportResultOutputID=5dc7a3fd80213aebe3ceb031c35cb0b3 DependenciesID=a59b2ac40949484c20d6812cfe4d755d StaticDependenciesID=8c05ca3c9640128729686c5abe17fc49 
Asset Pipeline Refresh (id=2d1a4bcf4af6e426e8525afe64377151): Total: 0.016 seconds - Initiated by StopAssetImportingV2(NoUpdateAssetOptions)
Importing 'GUID: 2c9dfcc875bf2414ebee8c0e9e8b0d84 - Path: Assets/Janseon/ArtCandidates/TestPromotion-a918550bad804fbf9fd25a1a78c9cf8f/S-attack-3.png' with importer (TextureImporter)
Imported 'GUID: 2c9dfcc875bf2414ebee8c0e9e8b0d84' -> (Import Result ID: '25af70a61c633d7024eb90a902038306') in 0.001 seconds [static and dynamic dependencies]. Details - ImportResultOutputID=44853f4bcca493bebe4a23884cf573b2 DependenciesID=904052281984443e30ebcca73e74320b StaticDependenciesID=170172e2f5c82bb9700339970f92058a 
Asset Pipeline Refresh (id=1bce26aba247648bb96102b5dac2d1d7): Total: 0.015 seconds - Initiated by StopAssetImportingV2(NoUpdateAssetOptions)
Importing 'GUID: 2c9dfcc875bf2414ebee8c0e9e8b0d84 - Path: Assets/Janseon/ArtCandidates/TestPromotion-a918550bad804fbf9fd25a1a78c9cf8f/S-attack-3.png' with importer (TextureImporter)
Imported 'GUID: 2c9dfcc875bf2414ebee8c0e9e8b0d84' -> (Import Result ID: '547047d5190fd4b4279af8b65c136c36') in 0.001 seconds [static and dynamic dependencies]. Details - ImportResultOutputID=1f08f5c233ee54a86f2373d668eea4a1 DependenciesID=9868af3b5a7ccb78dc7417afd774726f StaticDependenciesID=cd40e4b6b59f2ddd4514ec974445fbae 
Asset Pipeline Refresh (id=ba8d1e2e05efa4b5da29696e367032d3): Total: 0.017 seconds - Initiated by StopAssetImportingV2(NoUpdateAssetOptions)
Importing 'GUID: de8b3b449f97c436abf7a6e317b03cc0 - Path: Assets/Janseon/ArtCandidates/TestPromotion-a918550bad804fbf9fd25a1a78c9cf8f/S-attack-4.png' with importer (TextureImporter)
Imported 'GUID: de8b3b449f97c436abf7a6e317b03cc0' -> (Import Result ID: 'a706c6035da8866423c3b0a04f77d9b4') in 0.001 seconds [static and dynamic dependencies]. Details - ImportResultOutputID=97fc8840e412459655e536c9c4dbe0ee DependenciesID=fbc3acfa573814fa32d2df53a3a0a347 StaticDependenciesID=51712f0579d5a67abaedf29290bc796a 
Asset Pipeline Refresh (id=2b7da065a68bc4bcba7c1ad6a2cc6c00): Total: 0.014 seconds - Initiated by StopAssetImportingV2(NoUpdateAssetOptions)
Importing 'GUID: de8b3b449f97c436abf7a6e317b03cc0 - Path: Assets/Janseon/ArtCandidates/TestPromotion-a918550bad804fbf9fd25a1a78c9cf8f/S-attack-4.png' with importer (TextureImporter)
Imported 'GUID: de8b3b449f97c436abf7a6e317b03cc0' -> (Import Result ID: 'c1c0f8bc46ef0f1823fc0a2269da9946') in 0.001 seconds [static and dynamic dependencies]. Details - ImportResultOutputID=68e5fddcc813e771029189885a6531c2 DependenciesID=b47503c272a2883a9182313fb90e4537 StaticDependenciesID=9a691d9c737a348d7c31161f78cd4281 
Asset Pipeline Refresh (id=4858c3d7e367c49ccb9d444faa925eb6): Total: 0.019 seconds - Initiated by StopAssetImportingV2(NoUpdateAssetOptions)
Importing 'GUID: 07036724d1ca640a1a06d73b84f89c6d - Path: Assets/Janseon/ArtCandidates/TestPromotion-a918550bad804fbf9fd25a1a78c9cf8f/S-attack-5.png' with importer (TextureImporter)
Imported 'GUID: 07036724d1ca640a1a06d73b84f89c6d' -> (Import Result ID: 'af3d16c23617a82315fc7ad0c700679a') in 0.001 seconds [static and dynamic dependencies]. Details - ImportResultOutputID=1bed160a0287552638a58b87000a7e26 DependenciesID=3de9c627ae658b2878288cd05ac6cfae StaticDependenciesID=5b73ae1a6266a093bf800ccf03d91fc3 
Asset Pipeline Refresh (id=155317097e9d5491c915bb0a07262892): Total: 0.015 seconds - Initiated by StopAssetImportingV2(NoUpdateAssetOptions)
Importing 'GUID: 07036724d1ca640a1a06d73b84f89c6d - Path: Assets/Janseon/ArtCandidates/TestPromotion-a918550bad804fbf9fd25a1a78c9cf8f/S-attack-5.png' with importer (TextureImporter)
Imported 'GUID: 07036724d1ca640a1a06d73b84f89c6d' -> (Import Result ID: '9aeebde69f8ad64edcba4ad2af4a9920') in 0.001 seconds [static and dynamic dependencies]. Details - ImportResultOutputID=47260fe2bfc31cce8be2d4b0b5bd61b3 DependenciesID=2881d02b4e5765eccdeafbc69ad22778 StaticDependenciesID=902ce4ec4157fd1ef36495c077d39f2b 
Asset Pipeline Refresh (id=df214a497bdbf48f2acc0ba9947ae932): Total: 0.017 seconds - Initiated by StopAssetImportingV2(NoUpdateAssetOptions)
Importing 'GUID: c412dffd42b4d405498f3353a107318b - Path: Assets/Janseon/ArtCandidates/TestPromotion-a918550bad804fbf9fd25a1a78c9cf8f/S-attack-clip.anim' with importer (NativeFormatImporter)
Imported 'GUID: c412dffd42b4d405498f3353a107318b' -> (Import Result ID: '008c868f5c383eeda6f7cf0fcea63673') in 0.000 seconds [static dependencies only]. Details - ImportResultOutputID=ebd84a7d45ab5cfceb975b3d0e5c138e DependenciesID=d4457490344a303cf718425b8082585a StaticDependenciesID=7dc0c7d567b093d6c1302ed822c33024 
Asset Pipeline Refresh (id=f1754f23654344108ba64aa9bd22ee88): Total: 0.014 seconds - Initiated by StopAssetImportingV2(NoUpdateAssetOptions)
Importing 'GUID: 34e3bc73628b5486f86a7a978834ad73 - Path: Assets/Janseon/ArtCandidates/TestPromotion-a918550bad804fbf9fd25a1a78c9cf8f/S-hit-0.png' with importer (TextureImporter)
Imported 'GUID: 34e3bc73628b5486f86a7a978834ad73' -> (Import Result ID: 'ed086cf57d7259a6eda456e4a1fb82f4') in 0.001 seconds [static and dynamic dependencies]. Details - ImportResultOutputID=7037708727acfbe8b6a3741022ee64fe DependenciesID=1c046ca4254d25e8aa03972e16c745ae StaticDependenciesID=329c20a703c55141f8ccb555d7e5cd01 
Asset Pipeline Refresh (id=0ea1e2b0ea04a404589e507b2a75725c): Total: 0.015 seconds - Initiated by StopAssetImportingV2(NoUpdateAssetOptions)
Importing 'GUID: 34e3bc73628b5486f86a7a978834ad73 - Path: Assets/Janseon/ArtCandidates/TestPromotion-a918550bad804fbf9fd25a1a78c9cf8f/S-hit-0.png' with importer (TextureImporter)
Imported 'GUID: 34e3bc73628b5486f86a7a978834ad73' -> (Import Result ID: 'ccf358c28a2aaace54612c66443cd678') in 0.001 seconds [static and dynamic dependencies]. Details - ImportResultOutputID=3c98b3e7fd7022fb6a8c20b08b1a0588 DependenciesID=4cb0d2c9813e3cc1f74d295891e5beea StaticDependenciesID=899400345a3733eb530efab03f0694f2 
Asset Pipeline Refresh (id=c367d6e0ec3334d1fada5c915a4b087a): Total: 0.018 seconds - Initiated by StopAssetImportingV2(NoUpdateAssetOptions)
Importing 'GUID: 31ee7a287e1474bb598b1d90d2b32af9 - Path: Assets/Janseon/ArtCandidates/TestPromotion-a918550bad804fbf9fd25a1a78c9cf8f/S-hit-1.png' with importer (TextureImporter)
Imported 'GUID: 31ee7a287e1474bb598b1d90d2b32af9' -> (Import Result ID: '1c23b479f68d4ef8a4128f3d2b29d56d') in 0.001 seconds [static and dynamic dependencies]. Details - ImportResultOutputID=f390f49aab6b9e428bf0e116dae54f0b DependenciesID=6eee608e4125a40d7e0a6588ad23577d StaticDependenciesID=6dd2568e5ca1c5abbc854d63ff57d54c 
Asset Pipeline Refresh (id=1bac54b4aed354242b14e198e81a88d4): Total: 0.015 seconds - Initiated by StopAssetImportingV2(NoUpdateAssetOptions)
Importing 'GUID: 31ee7a287e1474bb598b1d90d2b32af9 - Path: Assets/Janseon/ArtCandidates/TestPromotion-a918550bad804fbf9fd25a1a78c9cf8f/S-hit-1.png' with importer (TextureImporter)
Imported 'GUID: 31ee7a287e1474bb598b1d90d2b32af9' -> (Import Result ID: '115cac0bfc596d94d9d254953202b236') in 0.001 seconds [static and dynamic dependencies]. Details - ImportResultOutputID=8152ed5e917fb64d678727aa69361f7d DependenciesID=6a8e8a84c5199c11612f60c51286859c StaticDependenciesID=83fa3dab58c1b5fa8832f67b83fb0c22 
Asset Pipeline Refresh (id=6d34c3a8458054c52a09bd4580ba9b17): Total: 0.017 seconds - Initiated by StopAssetImportingV2(NoUpdateAssetOptions)
Importing 'GUID: 3c2f872d02a0c4cce809ceb40b3be293 - Path: Assets/Janseon/ArtCandidates/TestPromotion-a918550bad804fbf9fd25a1a78c9cf8f/S-hit-2.png' with importer (TextureImporter)
Imported 'GUID: 3c2f872d02a0c4cce809ceb40b3be293' -> (Import Result ID: '85fe885954b1937de61834d1fe9b1fe5') in 0.001 seconds [static and dynamic dependencies]. Details - ImportResultOutputID=a36251d4786590f15876ce983f4ef6f6 DependenciesID=9752185fcfac925d8c3abeb8e2f54021 StaticDependenciesID=08d2b6e2026ca54262f05e36409c1f9f 
Asset Pipeline Refresh (id=fcde33c6097a84200a8b3c8ae08ea386): Total: 0.015 seconds - Initiated by StopAssetImportingV2(NoUpdateAssetOptions)
Importing 'GUID: 3c2f872d02a0c4cce809ceb40b3be293 - Path: Assets/Janseon/ArtCandidates/TestPromotion-a918550bad804fbf9fd25a1a78c9cf8f/S-hit-2.png' with importer (TextureImporter)
Imported 'GUID: 3c2f872d02a0c4cce809ceb40b3be293' -> (Import Result ID: 'b246a0ee8bf453a985583371141f6f33') in 0.001 seconds [static and dynamic dependencies]. Details - ImportResultOutputID=5e2144b6a502e88a616eb7e51cca44e9 DependenciesID=5678a9a55914028204e1d150e74ca762 StaticDependenciesID=5adc10aac1c8e2c816b7c0963ddbb256 
Asset Pipeline Refresh (id=85ef194fcdaa24e208621d2c6ca2617d): Total: 0.017 seconds - Initiated by StopAssetImportingV2(NoUpdateAssetOptions)
Importing 'GUID: 5c79779f8f2124c6c97131eabfeb4b6b - Path: Assets/Janseon/ArtCandidates/TestPromotion-a918550bad804fbf9fd25a1a78c9cf8f/S-hit-clip.anim' with importer (NativeFormatImporter)
Imported 'GUID: 5c79779f8f2124c6c97131eabfeb4b6b' -> (Import Result ID: '2c94c2bb6f3ec8bea032523771418bff') in 0.000 seconds [static dependencies only]. Details - ImportResultOutputID=a03b81752f6e9bb5ee74124d30f63f5c DependenciesID=f44784092bd386a3c127657c016cce18 StaticDependenciesID=681b15de0458f158b65cc86a9579a39a 
Asset Pipeline Refresh (id=64b5cee59b5be492588ff1ccc445e9e5): Total: 0.014 seconds - Initiated by StopAssetImportingV2(NoUpdateAssetOptions)
Importing 'GUID: cc2c6074d04324ae39f42b172f5e7d56 - Path: Assets/Janseon/ArtCandidates/TestPromotion-a918550bad804fbf9fd25a1a78c9cf8f/S-down-0.png' with importer (TextureImporter)
Imported 'GUID: cc2c6074d04324ae39f42b172f5e7d56' -> (Import Result ID: 'd0c4204e073d48f241522579120ccf56') in 0.001 seconds [static and dynamic dependencies]. Details - ImportResultOutputID=fa627d1ac275c2541cfb49e52c0987c7 DependenciesID=285115f68b94573207f23e5de595f4dc StaticDependenciesID=5160c7dfad189a3dabca42f6f1bdd09a 
Asset Pipeline Refresh (id=f98e4456c231d44319eaeebe6f9901b9): Total: 0.015 seconds - Initiated by StopAssetImportingV2(NoUpdateAssetOptions)
Importing 'GUID: cc2c6074d04324ae39f42b172f5e7d56 - Path: Assets/Janseon/ArtCandidates/TestPromotion-a918550bad804fbf9fd25a1a78c9cf8f/S-down-0.png' with importer (TextureImporter)
Imported 'GUID: cc2c6074d04324ae39f42b172f5e7d56' -> (Import Result ID: 'de15a737e2be9996d81a78b3770ada66') in 0.001 seconds [static and dynamic dependencies]. Details - ImportResultOutputID=0b63a1efc26d7f5e3f4ae149321b7da1 DependenciesID=71a5253416b58e9856d644671d637771 StaticDependenciesID=b62e22a3dadf782684b2588dd1d7c2dc 
Asset Pipeline Refresh (id=815c95f991d5f4a4a956c95daaeb8b73): Total: 0.017 seconds - Initiated by StopAssetImportingV2(NoUpdateAssetOptions)
Importing 'GUID: 9d8f0d692ecfa482a9460cccf463c8f7 - Path: Assets/Janseon/ArtCandidates/TestPromotion-a918550bad804fbf9fd25a1a78c9cf8f/S-down-1.png' with importer (TextureImporter)
Imported 'GUID: 9d8f0d692ecfa482a9460cccf463c8f7' -> (Import Result ID: '9070c02e62045f39044ef14f9f5d7c8f') in 0.001 seconds [static and dynamic dependencies]. Details - ImportResultOutputID=d3ae815ded1224e0fb4e36f67955981c DependenciesID=49d07ffe0643854ca0d777e538905f02 StaticDependenciesID=437651dda38c02660f8e2b105488212d 
Asset Pipeline Refresh (id=e982e2b9ac9594d97a617a200e6e14ec): Total: 0.014 seconds - Initiated by StopAssetImportingV2(NoUpdateAssetOptions)
Importing 'GUID: 9d8f0d692ecfa482a9460cccf463c8f7 - Path: Assets/Janseon/ArtCandidates/TestPromotion-a918550bad804fbf9fd25a1a78c9cf8f/S-down-1.png' with importer (TextureImporter)
Imported 'GUID: 9d8f0d692ecfa482a9460cccf463c8f7' -> (Import Result ID: 'c1d0713775448b41d370f619cfbe1d6b') in 0.001 seconds [static and dynamic dependencies]. Details - ImportResultOutputID=2a02535b12cbe2910996592ee05edb51 DependenciesID=dc8bc8220e4c59cdb564a6f099dd96ff StaticDependenciesID=d9a6451a678ad4955aee59be74662cfd 
Asset Pipeline Refresh (id=027ad971c023343df8947c59177fd56e): Total: 0.017 seconds - Initiated by StopAssetImportingV2(NoUpdateAssetOptions)
Importing 'GUID: 57ec92622010749a180f4d7812be739c - Path: Assets/Janseon/ArtCandidates/TestPromotion-a918550bad804fbf9fd25a1a78c9cf8f/S-down-2.png' with importer (TextureImporter)
Imported 'GUID: 57ec92622010749a180f4d7812be739c' -> (Import Result ID: '1ecc38e81a6666c4e23e0f68f6048fe5') in 0.001 seconds [static and dynamic dependencies]. Details - ImportResultOutputID=e9f76020a7a8f5f81293eb98bf423530 DependenciesID=5808416ca51e122a3e30b47459022e0a StaticDependenciesID=90351fcd3c3e44901d465209557b8e5a 
Asset Pipeline Refresh (id=bde0a8421c02d494ebd2f343b5dce870): Total: 0.015 seconds - Initiated by StopAssetImportingV2(NoUpdateAssetOptions)
Importing 'GUID: 57ec92622010749a180f4d7812be739c - Path: Assets/Janseon/ArtCandidates/TestPromotion-a918550bad804fbf9fd25a1a78c9cf8f/S-down-2.png' with importer (TextureImporter)
Imported 'GUID: 57ec92622010749a180f4d7812be739c' -> (Import Result ID: 'e75c5eb54c246e2f896aa972654815b6') in 0.001 seconds [static and dynamic dependencies]. Details - ImportResultOutputID=d3e717cfa40b3a05884ff1e4f5813a68 DependenciesID=162252cbfaf7daea9dc69aaa9dde490e StaticDependenciesID=82e698bbcdce66006b14401d7576f123 
Asset Pipeline Refresh (id=aba42522948314271a426108e5811320): Total: 0.017 seconds - Initiated by StopAssetImportingV2(NoUpdateAssetOptions)
Importing 'GUID: cc48be82e5fba4219ad2cfbf3cca6794 - Path: Assets/Janseon/ArtCandidates/TestPromotion-a918550bad804fbf9fd25a1a78c9cf8f/S-down-3.png' with importer (TextureImporter)
Imported 'GUID: cc48be82e5fba4219ad2cfbf3cca6794' -> (Import Result ID: 'fef4f7db3d73943a4ef4593a14c0185c') in 0.001 seconds [static and dynamic dependencies]. Details - ImportResultOutputID=cdd725c89ef8d56d5f4a48ee034a102b DependenciesID=09ae611fe43fd7f700d74d1d6fb19c04 StaticDependenciesID=dc30fb463dc8c346a5284be2addea687 
Asset Pipeline Refresh (id=affd7782cdb014db0bbc7e08d8560962): Total: 0.015 seconds - Initiated by StopAssetImportingV2(NoUpdateAssetOptions)
Importing 'GUID: cc48be82e5fba4219ad2cfbf3cca6794 - Path: Assets/Janseon/ArtCandidates/TestPromotion-a918550bad804fbf9fd25a1a78c9cf8f/S-down-3.png' with importer (TextureImporter)
Imported 'GUID: cc48be82e5fba4219ad2cfbf3cca6794' -> (Import Result ID: 'ee1971727af70ce16a7a65cbfdf54931') in 0.001 seconds [static and dynamic dependencies]. Details - ImportResultOutputID=ed47f4fb18fb143391ebd84fbe33a754 DependenciesID=f430c04c102e8b6ca29ff5f2d215bf49 StaticDependenciesID=563341e9a11e8cc297efedd540b2e421 
Asset Pipeline Refresh (id=20348066763e24d0987594d3827ee596): Total: 0.017 seconds - Initiated by StopAssetImportingV2(NoUpdateAssetOptions)
Importing 'GUID: 50b75669267384eb089d64e3fcab19a1 - Path: Assets/Janseon/ArtCandidates/TestPromotion-a918550bad804fbf9fd25a1a78c9cf8f/S-down-clip.anim' with importer (NativeFormatImporter)
Imported 'GUID: 50b75669267384eb089d64e3fcab19a1' -> (Import Result ID: '1999efbd2f68c611d8ce5ed738cd3c75') in 0.000 seconds [static dependencies only]. Details - ImportResultOutputID=8e516a0e1c7ead772821358c109974a1 DependenciesID=10436d65c0542fec261dbffc6b73a1f0 StaticDependenciesID=8ceae8a1ef4e03db9ba2a398ccbb9772 
Asset Pipeline Refresh (id=1968d6a2533ba49d7aa82d04d4fca813): Total: 0.014 seconds - Initiated by StopAssetImportingV2(NoUpdateAssetOptions)
Importing 'GUID: df9956160eb6249d1a817a904d94a0a5 - Path: Assets/Janseon/ArtCandidates/TestPromotion-a918550bad804fbf9fd25a1a78c9cf8f/W-idle-0.png' with importer (TextureImporter)
Imported 'GUID: df9956160eb6249d1a817a904d94a0a5' -> (Import Result ID: '71ef7acdaf12cac9feb80424b1f584eb') in 0.001 seconds [static and dynamic dependencies]. Details - ImportResultOutputID=7c45b0962b389a15aa1efda9c556e65a DependenciesID=94db96ab37c14ae9f94ce70fc55b70ab StaticDependenciesID=1004e256789a8a83389dc765764414b8 
Asset Pipeline Refresh (id=cd22d7dbeb4ec4519a029821c928dc5a): Total: 0.015 seconds - Initiated by StopAssetImportingV2(NoUpdateAssetOptions)
Importing 'GUID: df9956160eb6249d1a817a904d94a0a5 - Path: Assets/Janseon/ArtCandidates/TestPromotion-a918550bad804fbf9fd25a1a78c9cf8f/W-idle-0.png' with importer (TextureImporter)
Imported 'GUID: df9956160eb6249d1a817a904d94a0a5' -> (Import Result ID: 'e05e3cb286ee2e155b97c03b1a4cdc1c') in 0.001 seconds [static and dynamic dependencies]. Details - ImportResultOutputID=1aded92a32bc39f8658a58821ca10525 DependenciesID=efbb0d3d3d26f94f46658ece318435c1 StaticDependenciesID=a279dd7b6ff656a6799609e18953ee9d 
Asset Pipeline Refresh (id=9d85de8fc33594e57a71e7ad6cc1923e): Total: 0.017 seconds - Initiated by StopAssetImportingV2(NoUpdateAssetOptions)
Importing 'GUID: cebaac34b7a3d4e068ca3bcd86b98f09 - Path: Assets/Janseon/ArtCandidates/TestPromotion-a918550bad804fbf9fd25a1a78c9cf8f/W-idle-1.png' with importer (TextureImporter)
Imported 'GUID: cebaac34b7a3d4e068ca3bcd86b98f09' -> (Import Result ID: '9077a2b98beb7a1ea05f9e40234b6432') in 0.001 seconds [static and dynamic dependencies]. Details - ImportResultOutputID=e3d0bebec8215bc5678cd2b3cea613c4 DependenciesID=babcb41af9313910258d31e4e6b59867 StaticDependenciesID=8800839cf66aee3cd3e827e9d7713434 
Asset Pipeline Refresh (id=e18efdf44b70f416da0e7083edb686dc): Total: 0.014 seconds - Initiated by StopAssetImportingV2(NoUpdateAssetOptions)
Importing 'GUID: cebaac34b7a3d4e068ca3bcd86b98f09 - Path: Assets/Janseon/ArtCandidates/TestPromotion-a918550bad804fbf9fd25a1a78c9cf8f/W-idle-1.png' with importer (TextureImporter)
Imported 'GUID: cebaac34b7a3d4e068ca3bcd86b98f09' -> (Import Result ID: '94b3b99b9f2ac2595832d4bae1ac4c56') in 0.001 seconds [static and dynamic dependencies]. Details - ImportResultOutputID=fd70a4f2868460c202ffb07071fed291 DependenciesID=41e26639198c7432a0f122b7a7451ef1 StaticDependenciesID=efc9e08cf76258e7714ef57058bda6f8 
Asset Pipeline Refresh (id=507a83a1d44464abbb487749cfa2adb2): Total: 0.017 seconds - Initiated by StopAssetImportingV2(NoUpdateAssetOptions)
Importing 'GUID: 05d6eb0821abc44358dfa106d160f813 - Path: Assets/Janseon/ArtCandidates/TestPromotion-a918550bad804fbf9fd25a1a78c9cf8f/W-idle-2.png' with importer (TextureImporter)
Imported 'GUID: 05d6eb0821abc44358dfa106d160f813' -> (Import Result ID: '4a48d76d1ee66c7d391959903c16869e') in 0.001 seconds [static and dynamic dependencies]. Details - ImportResultOutputID=56071eb9585504ccc8520de3b9ee8b54 DependenciesID=7511ff6ccb78f4f18d961e925f0029b5 StaticDependenciesID=a7c172020b4d4fe30b5147715659a972 
Asset Pipeline Refresh (id=709af73318fb04c439e82f6fd770cadc): Total: 0.015 seconds - Initiated by StopAssetImportingV2(NoUpdateAssetOptions)
Importing 'GUID: 05d6eb0821abc44358dfa106d160f813 - Path: Assets/Janseon/ArtCandidates/TestPromotion-a918550bad804fbf9fd25a1a78c9cf8f/W-idle-2.png' with importer (TextureImporter)
Imported 'GUID: 05d6eb0821abc44358dfa106d160f813' -> (Import Result ID: 'f2d8d75b69db89166a39c8164fd15326') in 0.001 seconds [static and dynamic dependencies]. Details - ImportResultOutputID=4f1a0e84ef4215997ac24e2b0cc11b84 DependenciesID=c5076314ffd0a4d954dcd7f018f5da9f StaticDependenciesID=74758cea09f8aea033c7fd2ae57a495e 
Asset Pipeline Refresh (id=03ecc7dedae7e466196aed4454a82d0d): Total: 0.017 seconds - Initiated by StopAssetImportingV2(NoUpdateAssetOptions)
Importing 'GUID: 3756547e001ea411f91bf96718b79d5c - Path: Assets/Janseon/ArtCandidates/TestPromotion-a918550bad804fbf9fd25a1a78c9cf8f/W-idle-3.png' with importer (TextureImporter)
Imported 'GUID: 3756547e001ea411f91bf96718b79d5c' -> (Import Result ID: '0d626affda1f9a1c2629b68249a813f2') in 0.001 seconds [static and dynamic dependencies]. Details - ImportResultOutputID=fbb30fc8750938cc02fa352914a05c4d DependenciesID=21cef933b350261f3531ef582f44d67b StaticDependenciesID=a6f18507a29f420d106c2252efa5346a 
Asset Pipeline Refresh (id=12200e8b8e9414a88bf04c0d08bdaf42): Total: 0.015 seconds - Initiated by StopAssetImportingV2(NoUpdateAssetOptions)
Importing 'GUID: 3756547e001ea411f91bf96718b79d5c - Path: Assets/Janseon/ArtCandidates/TestPromotion-a918550bad804fbf9fd25a1a78c9cf8f/W-idle-3.png' with importer (TextureImporter)
Imported 'GUID: 3756547e001ea411f91bf96718b79d5c' -> (Import Result ID: 'fef9ef1266114f93c80c927fabf8e28f') in 0.001 seconds [static and dynamic dependencies]. Details - ImportResultOutputID=c0589ad9733ebdc741746ab36bfd360f DependenciesID=8fa727ae51bc6bdbef3d0951a9d9165b StaticDependenciesID=002ba1bde9498bc680636e390e682be2 
Asset Pipeline Refresh (id=f43477012cdb7458b9f7e4ba6694a75c): Total: 0.018 seconds - Initiated by StopAssetImportingV2(NoUpdateAssetOptions)
Importing 'GUID: 27b6aa031dbed47fea3e5251222accff - Path: Assets/Janseon/ArtCandidates/TestPromotion-a918550bad804fbf9fd25a1a78c9cf8f/W-idle-clip.anim' with importer (NativeFormatImporter)
Imported 'GUID: 27b6aa031dbed47fea3e5251222accff' -> (Import Result ID: '1f56aec5b843095f49dcc037c46fd103') in 0.000 seconds [static dependencies only]. Details - ImportResultOutputID=4683935f33e32ffc711a57d32a781dc6 DependenciesID=f5824a58474dce61ab1c556264cc46a0 StaticDependenciesID=0ec82bc9c72b1b670b1c9dcbbed2cf67 
Asset Pipeline Refresh (id=d1f91b4b3f97c4a9fa30056b4eff39ff): Total: 0.015 seconds - Initiated by StopAssetImportingV2(NoUpdateAssetOptions)
Importing 'GUID: 32e65d3a32ee843919d1cddfba4d14b9 - Path: Assets/Janseon/ArtCandidates/TestPromotion-a918550bad804fbf9fd25a1a78c9cf8f/W-walk-0.png' with importer (TextureImporter)
Imported 'GUID: 32e65d3a32ee843919d1cddfba4d14b9' -> (Import Result ID: 'a02062c0432cc003eba2f3e6d0728586') in 0.001 seconds [static and dynamic dependencies]. Details - ImportResultOutputID=6f5ef7ac6fc7282c50448e0008e123e4 DependenciesID=4ec2abe29f3844bed6a8ef1d5c753c94 StaticDependenciesID=8d63ff43655753affe8ec217326cf52a 
Asset Pipeline Refresh (id=f4127f0175ba54716806403b2242f13c): Total: 0.015 seconds - Initiated by StopAssetImportingV2(NoUpdateAssetOptions)
Importing 'GUID: 32e65d3a32ee843919d1cddfba4d14b9 - Path: Assets/Janseon/ArtCandidates/TestPromotion-a918550bad804fbf9fd25a1a78c9cf8f/W-walk-0.png' with importer (TextureImporter)
Imported 'GUID: 32e65d3a32ee843919d1cddfba4d14b9' -> (Import Result ID: '91c030b321ac7d363e0d599a745935fb') in 0.001 seconds [static and dynamic dependencies]. Details - ImportResultOutputID=65ee89038ac123842c48cef2ad0e2740 DependenciesID=d23ae7468ac466f76b1d8d85474db6d4 StaticDependenciesID=bbd027adedcc7179167203fc5b4bd5a8 
Asset Pipeline Refresh (id=bfd40246c45ad406588649bcfd3e40ce): Total: 0.017 seconds - Initiated by StopAssetImportingV2(NoUpdateAssetOptions)
Importing 'GUID: 80ea49359ea0c4c1f877b68be551ece7 - Path: Assets/Janseon/ArtCandidates/TestPromotion-a918550bad804fbf9fd25a1a78c9cf8f/W-walk-1.png' with importer (TextureImporter)
Imported 'GUID: 80ea49359ea0c4c1f877b68be551ece7' -> (Import Result ID: 'e719edc6c06c40ad61e8cdacf6986114') in 0.001 seconds [static and dynamic dependencies]. Details - ImportResultOutputID=e62a741ce36e79ca05501344aa95c63d DependenciesID=b34c068dcf94cc924b7d91b144c79830 StaticDependenciesID=f2d2566f907195ce5e5a24f38abb335b 
Asset Pipeline Refresh (id=0192455e942a94ba8836242d31a7ae1c): Total: 0.015 seconds - Initiated by StopAssetImportingV2(NoUpdateAssetOptions)
Importing 'GUID: 80ea49359ea0c4c1f877b68be551ece7 - Path: Assets/Janseon/ArtCandidates/TestPromotion-a918550bad804fbf9fd25a1a78c9cf8f/W-walk-1.png' with importer (TextureImporter)
Imported 'GUID: 80ea49359ea0c4c1f877b68be551ece7' -> (Import Result ID: '43ebcac97764f8ee1220e06d4c63ad6d') in 0.001 seconds [static and dynamic dependencies]. Details - ImportResultOutputID=1f40081579205b47bf49417b4452c48a DependenciesID=87f2098c9aedfc12c9cc19df25a2cbff StaticDependenciesID=83b85bc432c2ddbb48e53f8247b759c5 
Asset Pipeline Refresh (id=91849a3805f5f4fda99215ab590059a4): Total: 0.018 seconds - Initiated by StopAssetImportingV2(NoUpdateAssetOptions)
Importing 'GUID: b61bd104dd1a044b2827fa03c4e72a54 - Path: Assets/Janseon/ArtCandidates/TestPromotion-a918550bad804fbf9fd25a1a78c9cf8f/W-walk-2.png' with importer (TextureImporter)
Imported 'GUID: b61bd104dd1a044b2827fa03c4e72a54' -> (Import Result ID: 'f7b91abf25776071ac19540631492c61') in 0.001 seconds [static and dynamic dependencies]. Details - ImportResultOutputID=f1ab8d27bd3d280173ffda68844b6dd6 DependenciesID=89e2c70f8526e683edf589153e431ce7 StaticDependenciesID=143d6ecfea2a9a9344ccbd771a36e523 
Asset Pipeline Refresh (id=9e1a449517eee4742b73844e6de54992): Total: 0.017 seconds - Initiated by StopAssetImportingV2(NoUpdateAssetOptions)
Importing 'GUID: b61bd104dd1a044b2827fa03c4e72a54 - Path: Assets/Janseon/ArtCandidates/TestPromotion-a918550bad804fbf9fd25a1a78c9cf8f/W-walk-2.png' with importer (TextureImporter)
Imported 'GUID: b61bd104dd1a044b2827fa03c4e72a54' -> (Import Result ID: 'bebfc7a845e0e16d41440303559f3eb8') in 0.001 seconds [static and dynamic dependencies]. Details - ImportResultOutputID=3711e87342b7c1c268d1ea1827f15ca5 DependenciesID=f8370c082eed071b5738926cce87d69f StaticDependenciesID=ecfdaa413129407929dcf7e4121684c2 
Asset Pipeline Refresh (id=8e7524c186af14937b0b7ebbae1b02a9): Total: 0.017 seconds - Initiated by StopAssetImportingV2(NoUpdateAssetOptions)
Importing 'GUID: dc9a7a38e7ab04ac99a6f3feb02caa60 - Path: Assets/Janseon/ArtCandidates/TestPromotion-a918550bad804fbf9fd25a1a78c9cf8f/W-walk-3.png' with importer (TextureImporter)
Imported 'GUID: dc9a7a38e7ab04ac99a6f3feb02caa60' -> (Import Result ID: '9d42a59548d1e933e77fbce4e04a9a8e') in 0.001 seconds [static and dynamic dependencies]. Details - ImportResultOutputID=baaadbeba2c5904e6ae969bc486fbda1 DependenciesID=a147af22c78eb19071048d76aa639e09 StaticDependenciesID=7b1c5d02bd5ec89636e78139038dc9fd 
Asset Pipeline Refresh (id=a95cb1bf52607421e908062f931be42b): Total: 0.015 seconds - Initiated by StopAssetImportingV2(NoUpdateAssetOptions)
Importing 'GUID: dc9a7a38e7ab04ac99a6f3feb02caa60 - Path: Assets/Janseon/ArtCandidates/TestPromotion-a918550bad804fbf9fd25a1a78c9cf8f/W-walk-3.png' with importer (TextureImporter)
Imported 'GUID: dc9a7a38e7ab04ac99a6f3feb02caa60' -> (Import Result ID: '0ebecb55b318c62f82d96ca83e3b59f6') in 0.001 seconds [static and dynamic dependencies]. Details - ImportResultOutputID=1ad98b5c56742c8c8fd91d807a451d50 DependenciesID=37895dcccc371d3df44074e8e296ffb9 StaticDependenciesID=5dc3890331b025d3c3ff0d9f389f5ccd 
Asset Pipeline Refresh (id=25effb7d4211c4421b0090e888b9e09a): Total: 0.017 seconds - Initiated by StopAssetImportingV2(NoUpdateAssetOptions)
Importing 'GUID: ffe7e9558f6c149369a7597ac3321107 - Path: Assets/Janseon/ArtCandidates/TestPromotion-a918550bad804fbf9fd25a1a78c9cf8f/W-walk-4.png' with importer (TextureImporter)
Imported 'GUID: ffe7e9558f6c149369a7597ac3321107' -> (Import Result ID: '08039067a95fd9c3cab57fb4304e01ac') in 0.001 seconds [static and dynamic dependencies]. Details - ImportResultOutputID=c01562276f16bd8da8bd507fa161d900 DependenciesID=93b48685c41877bf257abdeaba1be772 StaticDependenciesID=ac33f99e7beed0c177a7ca0b9990f3aa 
Asset Pipeline Refresh (id=d07069d555af246a2aa133cce6f29c3b): Total: 0.015 seconds - Initiated by StopAssetImportingV2(NoUpdateAssetOptions)
Importing 'GUID: ffe7e9558f6c149369a7597ac3321107 - Path: Assets/Janseon/ArtCandidates/TestPromotion-a918550bad804fbf9fd25a1a78c9cf8f/W-walk-4.png' with importer (TextureImporter)
Imported 'GUID: ffe7e9558f6c149369a7597ac3321107' -> (Import Result ID: '48a16a1917b41a088d4034d3c9360959') in 0.001 seconds [static and dynamic dependencies]. Details - ImportResultOutputID=3f87b053e3137fa1ff9701bf4c0d5024 DependenciesID=de3f7b50da51a0bafcc98ea312b8ea3b StaticDependenciesID=dcb02a326cdc8746006ab5f31fc171db 
Asset Pipeline Refresh (id=3bc20638624554794b2b343558dda8cc): Total: 0.017 seconds - Initiated by StopAssetImportingV2(NoUpdateAssetOptions)
Importing 'GUID: f0ae2a897059a4b13a34073e95b3d8a0 - Path: Assets/Janseon/ArtCandidates/TestPromotion-a918550bad804fbf9fd25a1a78c9cf8f/W-walk-5.png' with importer (TextureImporter)
Imported 'GUID: f0ae2a897059a4b13a34073e95b3d8a0' -> (Import Result ID: '917f2c7d04c42493adf4c956dd3a01b6') in 0.001 seconds [static and dynamic dependencies]. Details - ImportResultOutputID=387b19e300066ce6771018911d47310b DependenciesID=47bc6ba2191d0247a161e801fc1b0511 StaticDependenciesID=f04ee620f013a065d67a8991c4d9f7a4 
Asset Pipeline Refresh (id=68cca01ee93514115945e7e034242b20): Total: 0.015 seconds - Initiated by StopAssetImportingV2(NoUpdateAssetOptions)
Importing 'GUID: f0ae2a897059a4b13a34073e95b3d8a0 - Path: Assets/Janseon/ArtCandidates/TestPromotion-a918550bad804fbf9fd25a1a78c9cf8f/W-walk-5.png' with importer (TextureImporter)
Imported 'GUID: f0ae2a897059a4b13a34073e95b3d8a0' -> (Import Result ID: 'b9abbd86091ccef3595101db6363c95d') in 0.001 seconds [static and dynamic dependencies]. Details - ImportResultOutputID=9759ab5f660d0c7412dd0418a07eec34 DependenciesID=5f6551b19c96d4393f021fddd18e4231 StaticDependenciesID=8e3c78a5581af3469fc2a4dd0e4d3cb9 
Asset Pipeline Refresh (id=b0d4796ec03bf41e1bf148067cede558): Total: 0.017 seconds - Initiated by StopAssetImportingV2(NoUpdateAssetOptions)
Importing 'GUID: bacefb9012f87428f8cce97b5fbb29b9 - Path: Assets/Janseon/ArtCandidates/TestPromotion-a918550bad804fbf9fd25a1a78c9cf8f/W-walk-clip.anim' with importer (NativeFormatImporter)
Imported 'GUID: bacefb9012f87428f8cce97b5fbb29b9' -> (Import Result ID: 'e9d09988099634dfd68130af0c071886') in 0.000 seconds [static dependencies only]. Details - ImportResultOutputID=3d3239170c00e93a87f7a9cc2f9f8ca4 DependenciesID=08824ea8bd639df6b553f4e6ae90398b StaticDependenciesID=4ae9a0ba6a7552ea7345e05c0f75c378 
Asset Pipeline Refresh (id=eeb33da227f3e4dbda49da1c523de315): Total: 0.014 seconds - Initiated by StopAssetImportingV2(NoUpdateAssetOptions)
Importing 'GUID: e878fb85755b94fce921449ec2563f06 - Path: Assets/Janseon/ArtCandidates/TestPromotion-a918550bad804fbf9fd25a1a78c9cf8f/W-attack-0.png' with importer (TextureImporter)
Imported 'GUID: e878fb85755b94fce921449ec2563f06' -> (Import Result ID: '36738bb22a5dbe57764e6b2f7bf81fa8') in 0.001 seconds [static and dynamic dependencies]. Details - ImportResultOutputID=7b65914199d02f42dfeb47d4e4be4af4 DependenciesID=543834d9a2fb693105281c7d30243407 StaticDependenciesID=fe50e95953de24ebbeb67a2337628939 
Asset Pipeline Refresh (id=34c7019be8f3349dba98493b16683637): Total: 0.015 seconds - Initiated by StopAssetImportingV2(NoUpdateAssetOptions)
Importing 'GUID: e878fb85755b94fce921449ec2563f06 - Path: Assets/Janseon/ArtCandidates/TestPromotion-a918550bad804fbf9fd25a1a78c9cf8f/W-attack-0.png' with importer (TextureImporter)
Imported 'GUID: e878fb85755b94fce921449ec2563f06' -> (Import Result ID: '4f7feea308c7f3031e3348c40c529af4') in 0.001 seconds [static and dynamic dependencies]. Details - ImportResultOutputID=bec765789f5a1aa88b71e4a85e7a0e0b DependenciesID=a02fcb6319507b6743acbc59c017b9df StaticDependenciesID=5c7519bf2467fc8f9ca532fda2ce8850 
Asset Pipeline Refresh (id=8194071c22f8f4fbfa2936281cf223b8): Total: 0.017 seconds - Initiated by StopAssetImportingV2(NoUpdateAssetOptions)
Importing 'GUID: 4b983f318f9bc45ca84ccaed38ac8fd6 - Path: Assets/Janseon/ArtCandidates/TestPromotion-a918550bad804fbf9fd25a1a78c9cf8f/W-attack-1.png' with importer (TextureImporter)
Imported 'GUID: 4b983f318f9bc45ca84ccaed38ac8fd6' -> (Import Result ID: 'b643a3668ff1d0301e5e0f0518f231da') in 0.001 seconds [static and dynamic dependencies]. Details - ImportResultOutputID=b17318c8e9d8726d3736ec6876fa5871 DependenciesID=f25f10b7d0e14f62e91d15f1b2a6611b StaticDependenciesID=5cf0caed4ef581b9cc5a9fa86c56e162 
Asset Pipeline Refresh (id=96c906b197ae44e319c4a035da2aa386): Total: 0.014 seconds - Initiated by StopAssetImportingV2(NoUpdateAssetOptions)
Importing 'GUID: 4b983f318f9bc45ca84ccaed38ac8fd6 - Path: Assets/Janseon/ArtCandidates/TestPromotion-a918550bad804fbf9fd25a1a78c9cf8f/W-attack-1.png' with importer (TextureImporter)
Imported 'GUID: 4b983f318f9bc45ca84ccaed38ac8fd6' -> (Import Result ID: '42da39a9d2b634f9cca9990a0cbebf04') in 0.001 seconds [static and dynamic dependencies]. Details - ImportResultOutputID=d5c53539348e05d5ec31bf1b67fa2358 DependenciesID=65bad8c3d1f7ab647453e80c34cab797 StaticDependenciesID=e7027bf2bf94c69a4cd86d9ccea8be53 
Asset Pipeline Refresh (id=1b9f3535955504752ba5138b79e3deda): Total: 0.017 seconds - Initiated by StopAssetImportingV2(NoUpdateAssetOptions)
Importing 'GUID: c46a099fc5dae4fbe83c11438396b10a - Path: Assets/Janseon/ArtCandidates/TestPromotion-a918550bad804fbf9fd25a1a78c9cf8f/W-attack-2.png' with importer (TextureImporter)
Imported 'GUID: c46a099fc5dae4fbe83c11438396b10a' -> (Import Result ID: '361a41b082519a6681beaa182e684542') in 0.001 seconds [static and dynamic dependencies]. Details - ImportResultOutputID=3216db40276f08f67908f1fb79d25721 DependenciesID=471a8a603cf61d6530978d8f53f9cc00 StaticDependenciesID=2e3ad93699e7f0740f9de1f808fc8755 
Asset Pipeline Refresh (id=ba4450bb318b0491fb8a8402dab92f0c): Total: 0.015 seconds - Initiated by StopAssetImportingV2(NoUpdateAssetOptions)
Importing 'GUID: c46a099fc5dae4fbe83c11438396b10a - Path: Assets/Janseon/ArtCandidates/TestPromotion-a918550bad804fbf9fd25a1a78c9cf8f/W-attack-2.png' with importer (TextureImporter)
Imported 'GUID: c46a099fc5dae4fbe83c11438396b10a' -> (Import Result ID: 'ffe30ee24eb7dfeafb7bea0fb9cb2e95') in 0.001 seconds [static and dynamic dependencies]. Details - ImportResultOutputID=6906aede5b37f86466628ec930577b91 DependenciesID=bd54d895cd89534dd731d068b50cd64a StaticDependenciesID=da4a3582cb2cda0ccb5792b3b0f28ac9 
Asset Pipeline Refresh (id=f744b81a59c634ec283b90907c947266): Total: 0.017 seconds - Initiated by StopAssetImportingV2(NoUpdateAssetOptions)
Importing 'GUID: d7aed4b2e598946dfa1496c417b86ade - Path: Assets/Janseon/ArtCandidates/TestPromotion-a918550bad804fbf9fd25a1a78c9cf8f/W-attack-3.png' with importer (TextureImporter)
Imported 'GUID: d7aed4b2e598946dfa1496c417b86ade' -> (Import Result ID: '983cfdbf7da54a6f7c91c36d9dbab2e8') in 0.001 seconds [static and dynamic dependencies]. Details - ImportResultOutputID=d865b35fd0d4fcfdf0c4ed35c6df3692 DependenciesID=7a99ccbe8ee5723a71aaf30066368004 StaticDependenciesID=a9bcd5991031c1df693fcd3d30917c85 
Asset Pipeline Refresh (id=9d0c4128e95054b7e854e0650302bc55): Total: 0.015 seconds - Initiated by StopAssetImportingV2(NoUpdateAssetOptions)
Importing 'GUID: d7aed4b2e598946dfa1496c417b86ade - Path: Assets/Janseon/ArtCandidates/TestPromotion-a918550bad804fbf9fd25a1a78c9cf8f/W-attack-3.png' with importer (TextureImporter)
Imported 'GUID: d7aed4b2e598946dfa1496c417b86ade' -> (Import Result ID: 'd713c2a47e1789f28a9f74bfde5d4cc2') in 0.001 seconds [static and dynamic dependencies]. Details - ImportResultOutputID=e2dbd8d54bf8f9f4d5e8d41b567db762 DependenciesID=584cc08bd6f52b7a121089203cdfc841 StaticDependenciesID=3d5cd04d5adeaee1ad93199a364c2863 
Asset Pipeline Refresh (id=532f1fc5788f64d13952b6f7fffa6464): Total: 0.017 seconds - Initiated by StopAssetImportingV2(NoUpdateAssetOptions)
Importing 'GUID: 147db02d8ba6042dcb9d42f1f38237de - Path: Assets/Janseon/ArtCandidates/TestPromotion-a918550bad804fbf9fd25a1a78c9cf8f/W-attack-4.png' with importer (TextureImporter)
Imported 'GUID: 147db02d8ba6042dcb9d42f1f38237de' -> (Import Result ID: '996c8e332702d2608f5f25f1d18ff034') in 0.001 seconds [static and dynamic dependencies]. Details - ImportResultOutputID=14dc551c490116ae32fa85b00ae1c68c DependenciesID=60e956e6a30c3f16165602133999ca08 StaticDependenciesID=27a3c6b8db32a32c13c91bff4ec0dad4 
Asset Pipeline Refresh (id=f60c6a476d98a46d3bf59b2803584619): Total: 0.015 seconds - Initiated by StopAssetImportingV2(NoUpdateAssetOptions)
Importing 'GUID: 147db02d8ba6042dcb9d42f1f38237de - Path: Assets/Janseon/ArtCandidates/TestPromotion-a918550bad804fbf9fd25a1a78c9cf8f/W-attack-4.png' with importer (TextureImporter)
Imported 'GUID: 147db02d8ba6042dcb9d42f1f38237de' -> (Import Result ID: 'e33a824e04125c9931026172f8c421f0') in 0.001 seconds [static and dynamic dependencies]. Details - ImportResultOutputID=2d9815224f6d02a603fcc15e14515d6f DependenciesID=9495b243ac88842fadbb8c5f668cb0c5 StaticDependenciesID=aa19c25ce528a84225e6444179e216d9 
Asset Pipeline Refresh (id=658ab2d2d881d4cbd9931ed3e129c7dc): Total: 0.017 seconds - Initiated by StopAssetImportingV2(NoUpdateAssetOptions)
Importing 'GUID: 0db23ac813cc344e9847e03f16dd75d6 - Path: Assets/Janseon/ArtCandidates/TestPromotion-a918550bad804fbf9fd25a1a78c9cf8f/W-attack-5.png' with importer (TextureImporter)
Imported 'GUID: 0db23ac813cc344e9847e03f16dd75d6' -> (Import Result ID: '6823fab40f378b36352e986babd25ef0') in 0.001 seconds [static and dynamic dependencies]. Details - ImportResultOutputID=060beb7d1a8aade9ef561cef259a9b80 DependenciesID=9ef6d0f9aeaadbb30f561a3b1b566210 StaticDependenciesID=beb7ed488ec4d7482fb82a3f325b8aa9 
Asset Pipeline Refresh (id=19feb53c2db094640962ad64accf0153): Total: 0.015 seconds - Initiated by StopAssetImportingV2(NoUpdateAssetOptions)
Importing 'GUID: 0db23ac813cc344e9847e03f16dd75d6 - Path: Assets/Janseon/ArtCandidates/TestPromotion-a918550bad804fbf9fd25a1a78c9cf8f/W-attack-5.png' with importer (TextureImporter)
Imported 'GUID: 0db23ac813cc344e9847e03f16dd75d6' -> (Import Result ID: '151ef10b6433b9ada08bbb94ca6110fc') in 0.001 seconds [static and dynamic dependencies]. Details - ImportResultOutputID=eb50a8bd7c0a4294d7f60a54006fa54c DependenciesID=05bd54284a50c280829a94a6db03680b StaticDependenciesID=73a98b5c5b50c497bf232ca62642925d 
Asset Pipeline Refresh (id=fe319f244d4004a99a10dc414a9859cd): Total: 0.017 seconds - Initiated by StopAssetImportingV2(NoUpdateAssetOptions)
Importing 'GUID: 2a30038898e7a41d6a01cc4eadc935a8 - Path: Assets/Janseon/ArtCandidates/TestPromotion-a918550bad804fbf9fd25a1a78c9cf8f/W-attack-clip.anim' with importer (NativeFormatImporter)
Imported 'GUID: 2a30038898e7a41d6a01cc4eadc935a8' -> (Import Result ID: 'ae5ed6babe0ccb2a53b7b78d7e9db188') in 0.000 seconds [static dependencies only]. Details - ImportResultOutputID=3eabb9c3da2748958e9e06eb8a16f3c2 DependenciesID=7ba9b974c8d9de613edd10a304bd5482 StaticDependenciesID=645bc2ac92412b5ff1cb48ec8981e060 
Asset Pipeline Refresh (id=55c1a58f11f2e44f59ee295ea1cd4819): Total: 0.014 seconds - Initiated by StopAssetImportingV2(NoUpdateAssetOptions)
Importing 'GUID: 5f94376b2a3cb47ba980c1b9aa93bde0 - Path: Assets/Janseon/ArtCandidates/TestPromotion-a918550bad804fbf9fd25a1a78c9cf8f/W-hit-0.png' with importer (TextureImporter)
Imported 'GUID: 5f94376b2a3cb47ba980c1b9aa93bde0' -> (Import Result ID: '811c82b826b7623baec6b63644b34e09') in 0.001 seconds [static and dynamic dependencies]. Details - ImportResultOutputID=2267a15f8be14e3620fbe196b1c84a39 DependenciesID=1adf953b039b15e5e3e1318282b566f0 StaticDependenciesID=3e790f03048b6c033623840c0e32a6bb 
Asset Pipeline Refresh (id=32bc74e6ce9334aee8f94741ee29ea21): Total: 0.015 seconds - Initiated by StopAssetImportingV2(NoUpdateAssetOptions)
Importing 'GUID: 5f94376b2a3cb47ba980c1b9aa93bde0 - Path: Assets/Janseon/ArtCandidates/TestPromotion-a918550bad804fbf9fd25a1a78c9cf8f/W-hit-0.png' with importer (TextureImporter)
Imported 'GUID: 5f94376b2a3cb47ba980c1b9aa93bde0' -> (Import Result ID: 'c65d80619a9613b0ddd275ec5708fa2c') in 0.001 seconds [static and dynamic dependencies]. Details - ImportResultOutputID=362514d1d4078f5da0616b82c24cf784 DependenciesID=9f558406f27be94106f3666ed7eb719c StaticDependenciesID=0b66fce406ce84a1da2c857e97881e89 
Asset Pipeline Refresh (id=6fc9d890db82048e58a58162fa94df43): Total: 0.016 seconds - Initiated by StopAssetImportingV2(NoUpdateAssetOptions)
Importing 'GUID: efd3762a41f3544a5b207200e81b58a9 - Path: Assets/Janseon/ArtCandidates/TestPromotion-a918550bad804fbf9fd25a1a78c9cf8f/W-hit-1.png' with importer (TextureImporter)
Imported 'GUID: efd3762a41f3544a5b207200e81b58a9' -> (Import Result ID: '5a6dc301b2ed0243f7f34ab94650ec9b') in 0.001 seconds [static and dynamic dependencies]. Details - ImportResultOutputID=795b99cbf9004d38c179446720b80888 DependenciesID=e8c559e825387b815312dee7996900a9 StaticDependenciesID=7ec13834df7735278cb59f060b6e3f6c 
Asset Pipeline Refresh (id=c1fefdbb8b23f4cf9986be46b9cebf0b): Total: 0.015 seconds - Initiated by StopAssetImportingV2(NoUpdateAssetOptions)
Importing 'GUID: efd3762a41f3544a5b207200e81b58a9 - Path: Assets/Janseon/ArtCandidates/TestPromotion-a918550bad804fbf9fd25a1a78c9cf8f/W-hit-1.png' with importer (TextureImporter)
Imported 'GUID: efd3762a41f3544a5b207200e81b58a9' -> (Import Result ID: '9a67b7aced528c65544dcca6370be272') in 0.001 seconds [static and dynamic dependencies]. Details - ImportResultOutputID=774488bd578569630bfbebf9e9b1d530 DependenciesID=5f1783afd565a364e631233a3787f51e StaticDependenciesID=daa3f39ff879a07c84901b38129b2559 
Asset Pipeline Refresh (id=e56c0984abe1f410f8a21a17ffeeae40): Total: 0.019 seconds - Initiated by StopAssetImportingV2(NoUpdateAssetOptions)
Importing 'GUID: 256f2e8cce6ae4c64a7b1b1aed874fee - Path: Assets/Janseon/ArtCandidates/TestPromotion-a918550bad804fbf9fd25a1a78c9cf8f/W-hit-2.png' with importer (TextureImporter)
Imported 'GUID: 256f2e8cce6ae4c64a7b1b1aed874fee' -> (Import Result ID: 'fe1ccb95061e7523c170b46054e63152') in 0.001 seconds [static and dynamic dependencies]. Details - ImportResultOutputID=43bad19a5296ceafd444147e23c6de7b DependenciesID=b02bbbaee1474e34a587969d8ed1efd1 StaticDependenciesID=8c2ca468853517b69d2347fed31f2d80 
Asset Pipeline Refresh (id=c6301102c143c400ba9f799243d97d68): Total: 0.015 seconds - Initiated by StopAssetImportingV2(NoUpdateAssetOptions)
Importing 'GUID: 256f2e8cce6ae4c64a7b1b1aed874fee - Path: Assets/Janseon/ArtCandidates/TestPromotion-a918550bad804fbf9fd25a1a78c9cf8f/W-hit-2.png' with importer (TextureImporter)
Imported 'GUID: 256f2e8cce6ae4c64a7b1b1aed874fee' -> (Import Result ID: '5df68ad13951fa6356d7e8dc040c8aa5') in 0.001 seconds [static and dynamic dependencies]. Details - ImportResultOutputID=4f99aa44859bcd82d457c07cb979de45 DependenciesID=97f2403e5bdef5180a8e0eaec2ba9a7a StaticDependenciesID=73cf28f6963f751756b3712550babd3d 
Asset Pipeline Refresh (id=979a653ff1e4f48269d62a14a9b99631): Total: 0.017 seconds - Initiated by StopAssetImportingV2(NoUpdateAssetOptions)
Importing 'GUID: 88e52f44b25494a39bebd2471acb996e - Path: Assets/Janseon/ArtCandidates/TestPromotion-a918550bad804fbf9fd25a1a78c9cf8f/W-hit-clip.anim' with importer (NativeFormatImporter)
Imported 'GUID: 88e52f44b25494a39bebd2471acb996e' -> (Import Result ID: '2051fd13505d3dfc8c628d6655625d75') in 0.000 seconds [static dependencies only]. Details - ImportResultOutputID=c13d69aad4c95b01d9821dcf333850ef DependenciesID=734fef2352158bc78096b0b66de363a6 StaticDependenciesID=29b63230a37466a7ad7d963abc3b67b8 
Asset Pipeline Refresh (id=952cc0b1b142449a2901db21af45fee9): Total: 0.014 seconds - Initiated by StopAssetImportingV2(NoUpdateAssetOptions)
Importing 'GUID: a21d6efcdc2434613aa182664e14e445 - Path: Assets/Janseon/ArtCandidates/TestPromotion-a918550bad804fbf9fd25a1a78c9cf8f/W-down-0.png' with importer (TextureImporter)
Imported 'GUID: a21d6efcdc2434613aa182664e14e445' -> (Import Result ID: '3d5f010cdf95234592237c3594ee6e18') in 0.001 seconds [static and dynamic dependencies]. Details - ImportResultOutputID=c8483d71108906e0440d9aa1887194a3 DependenciesID=bd58838fbc5e0f6cdef64709607cc9b5 StaticDependenciesID=c737b118dbec9d6abee064c386bb0bbe 
Asset Pipeline Refresh (id=d4f5a7d5d5e904c388c056237303645d): Total: 0.015 seconds - Initiated by StopAssetImportingV2(NoUpdateAssetOptions)
Importing 'GUID: a21d6efcdc2434613aa182664e14e445 - Path: Assets/Janseon/ArtCandidates/TestPromotion-a918550bad804fbf9fd25a1a78c9cf8f/W-down-0.png' with importer (TextureImporter)
Imported 'GUID: a21d6efcdc2434613aa182664e14e445' -> (Import Result ID: '2cbbbf7bb6d785603df5caa6f4f1e6d3') in 0.001 seconds [static and dynamic dependencies]. Details - ImportResultOutputID=adcb4d0b0124402a9209855c7a704f6f DependenciesID=f237be55d71c96de573d167bbac598dd StaticDependenciesID=70007f461795f3006423aeda5a4ab082 
Asset Pipeline Refresh (id=454fcc39a2c104b8a852cd8d30e3f0aa): Total: 0.017 seconds - Initiated by StopAssetImportingV2(NoUpdateAssetOptions)
Importing 'GUID: a38d6fb756f63430bad9f89e67525a12 - Path: Assets/Janseon/ArtCandidates/TestPromotion-a918550bad804fbf9fd25a1a78c9cf8f/W-down-1.png' with importer (TextureImporter)
Imported 'GUID: a38d6fb756f63430bad9f89e67525a12' -> (Import Result ID: 'f2b1beac7feca2ffa82c4dbc9ba0ecc3') in 0.001 seconds [static and dynamic dependencies]. Details - ImportResultOutputID=20f40b3c61c484f6f86a3a737c2ab22c DependenciesID=9fccaa4974f2ddba0dac63c0df9efd11 StaticDependenciesID=d9d6fc497939293d8ba79af671bf75f2 
Asset Pipeline Refresh (id=118d8d5acf6624042a359f86d7734d26): Total: 0.015 seconds - Initiated by StopAssetImportingV2(NoUpdateAssetOptions)
Importing 'GUID: a38d6fb756f63430bad9f89e67525a12 - Path: Assets/Janseon/ArtCandidates/TestPromotion-a918550bad804fbf9fd25a1a78c9cf8f/W-down-1.png' with importer (TextureImporter)
Imported 'GUID: a38d6fb756f63430bad9f89e67525a12' -> (Import Result ID: 'a9acb02023580b2e64bfb28b118af064') in 0.001 seconds [static and dynamic dependencies]. Details - ImportResultOutputID=4f23d361beae5a733b36f65c898b8782 DependenciesID=c78218de58fad09dc2141d58008dc8a7 StaticDependenciesID=96401b35cbd34e0767f57c1ccdca8fe8 
Asset Pipeline Refresh (id=5ef11042638f04f89b1b7a019d994db7): Total: 0.017 seconds - Initiated by StopAssetImportingV2(NoUpdateAssetOptions)
Importing 'GUID: f274c9080aec245ba8c3e15a49b6c114 - Path: Assets/Janseon/ArtCandidates/TestPromotion-a918550bad804fbf9fd25a1a78c9cf8f/W-down-2.png' with importer (TextureImporter)
Imported 'GUID: f274c9080aec245ba8c3e15a49b6c114' -> (Import Result ID: '10f43b8165a466f7689d51258d9274e6') in 0.001 seconds [static and dynamic dependencies]. Details - ImportResultOutputID=e4112a078b564f58d0966209e4d8e6b1 DependenciesID=3eb2c79784e19bb7df9f5c123b60e8a6 StaticDependenciesID=2dbc44bf32f4b8273e7c34576500787e 
Asset Pipeline Refresh (id=15a60b9480c26415baea99f6a709a19f): Total: 0.015 seconds - Initiated by StopAssetImportingV2(NoUpdateAssetOptions)
Importing 'GUID: f274c9080aec245ba8c3e15a49b6c114 - Path: Assets/Janseon/ArtCandidates/TestPromotion-a918550bad804fbf9fd25a1a78c9cf8f/W-down-2.png' with importer (TextureImporter)
Imported 'GUID: f274c9080aec245ba8c3e15a49b6c114' -> (Import Result ID: '87146f53d55484ee84e0462eefe500e8') in 0.001 seconds [static and dynamic dependencies]. Details - ImportResultOutputID=f38ac7e4ae331d99bc93cbc25f5cdf1e DependenciesID=e99afec7e5c74beded131f30cd7b118f StaticDependenciesID=733927cc3713024499d3b2e51ead138b 
Asset Pipeline Refresh (id=fe0901fc83295489dbba5b4f7e39f8cd): Total: 0.017 seconds - Initiated by StopAssetImportingV2(NoUpdateAssetOptions)
Importing 'GUID: 313a8900c9ed1432692c85b9018826be - Path: Assets/Janseon/ArtCandidates/TestPromotion-a918550bad804fbf9fd25a1a78c9cf8f/W-down-3.png' with importer (TextureImporter)
Imported 'GUID: 313a8900c9ed1432692c85b9018826be' -> (Import Result ID: 'fd7296f95e51c3557647dbd71d4ad493') in 0.001 seconds [static and dynamic dependencies]. Details - ImportResultOutputID=49a48f1f7a99f46e4e6cf9ba69fda2b0 DependenciesID=6b2b05a47e46f8f797096ff4b49ded83 StaticDependenciesID=9a1471822fe33803bf6b1a2f75d779ef 
Asset Pipeline Refresh (id=a9a9bd79d66b04b29aa36051a76e463f): Total: 0.015 seconds - Initiated by StopAssetImportingV2(NoUpdateAssetOptions)
Importing 'GUID: 313a8900c9ed1432692c85b9018826be - Path: Assets/Janseon/ArtCandidates/TestPromotion-a918550bad804fbf9fd25a1a78c9cf8f/W-down-3.png' with importer (TextureImporter)
Imported 'GUID: 313a8900c9ed1432692c85b9018826be' -> (Import Result ID: '1730e1e14fd37426795575b4b028e3d0') in 0.001 seconds [static and dynamic dependencies]. Details - ImportResultOutputID=76d291ddc21dfebc385af813f9c8f238 DependenciesID=be53cc15dc80c8d6bc4465cc7ef66b67 StaticDependenciesID=c55b496b2d8073abe553c0d100e7a850 
Asset Pipeline Refresh (id=2387703df686147f38364cd88681cfd3): Total: 0.020 seconds - Initiated by StopAssetImportingV2(NoUpdateAssetOptions)
Importing 'GUID: 78152a71adaba48e0be5e9c615fdd35c - Path: Assets/Janseon/ArtCandidates/TestPromotion-a918550bad804fbf9fd25a1a78c9cf8f/W-down-clip.anim' with importer (NativeFormatImporter)
Imported 'GUID: 78152a71adaba48e0be5e9c615fdd35c' -> (Import Result ID: '37f1d9e9e789f08fb1cd5a8442c73d2f') in 0.000 seconds [static dependencies only]. Details - ImportResultOutputID=244b97d063641194dfe18fe379436986 DependenciesID=4e2ba3789408fd232935c22523f50633 StaticDependenciesID=c8283df1f085b416a43fd9423dc331f6 
Asset Pipeline Refresh (id=1686d7ef8db19425294808fcb149679c): Total: 0.015 seconds - Initiated by StopAssetImportingV2(NoUpdateAssetOptions)
Importing 'GUID: ef71c3580ab2344d093fcf86818d6960 - Path: Assets/Janseon/Art/Characters/poc-explorer/TestPromotion-a918550bad804fbf9fd25a1a78c9cf8f' with importer (DefaultImporter)
Imported 'GUID: ef71c3580ab2344d093fcf86818d6960' -> (Import Result ID: '05b633e8a6e35dcab7af99833864bd18') in 0.001 seconds [static dependencies only]. Details - ImportResultOutputID=333b4b79e3aafe2dce2604cf0cb8fcd0 DependenciesID=653746fb8e4dbc9c94b086d94eef20ff StaticDependenciesID=ce23caafdd9d980aaed328ea28eb9781 
Importing 'GUID: becbbe68eb235465fb47c4318c1768ca - Path: Assets/Janseon/Art/Characters/poc-explorer/TestPromotion-a918550bad804fbf9fd25a1a78c9cf8f/atlas.png' with importer (TextureImporter)
Imported 'GUID: becbbe68eb235465fb47c4318c1768ca' -> (Import Result ID: 'd2fef622a1fd00384c5c510401f76267') in 0.001 seconds [static and dynamic dependencies]. Details - ImportResultOutputID=a9e954e6ede64fb793851706999abcc3 DependenciesID=e6687e5589897e9133f01c9befab7a1a StaticDependenciesID=5af801dc1cc371069bb32c35df9f00b3 
Asset Pipeline Refresh (id=3cde336b1cd5849949f09035e5c28b92): Total: 0.018 seconds - Initiated by StopAssetImportingV2(NoUpdateAssetOptions)
Importing 'GUID: becbbe68eb235465fb47c4318c1768ca - Path: Assets/Janseon/Art/Characters/poc-explorer/TestPromotion-a918550bad804fbf9fd25a1a78c9cf8f/atlas.png' with importer (TextureImporter)
Imported 'GUID: becbbe68eb235465fb47c4318c1768ca' -> (Import Result ID: 'ffc6cd92917d32c43964a47cf37e3ad3') in 0.000 seconds [static and dynamic dependencies]. Details - ImportResultOutputID=7216a82098442d17f31f2c7e6902987c DependenciesID=b9bebec95a85d878c2ebcfb690fbf0d1 StaticDependenciesID=9ec8737d201c1ce4933bdce17e108b53 
Asset Pipeline Refresh (id=43e11e0646442458490950818afeb67a): Total: 0.017 seconds - Initiated by StopAssetImportingV2(NoUpdateAssetOptions)
Importing 'GUID: 29f460c8013394b2a8e8e407fa4a1754 - Path: Assets/Janseon/Art/Characters/poc-explorer/TestPromotion-a918550bad804fbf9fd25a1a78c9cf8f/N-idle-0.png' with importer (TextureImporter)
Imported 'GUID: 29f460c8013394b2a8e8e407fa4a1754' -> (Import Result ID: '6a1e0ac33f4c773ac3474469659eda25') in 0.001 seconds [static and dynamic dependencies]. Details - ImportResultOutputID=bb4f78b0ad384e781da8678d5e4d4ef3 DependenciesID=367287acd54d07b5fa964ff1e76646dc StaticDependenciesID=926616731c99b7c890e36325de390163 
Asset Pipeline Refresh (id=a0f7535f579da44209776eab3666bf89): Total: 0.015 seconds - Initiated by StopAssetImportingV2(NoUpdateAssetOptions)
Importing 'GUID: 29f460c8013394b2a8e8e407fa4a1754 - Path: Assets/Janseon/Art/Characters/poc-explorer/TestPromotion-a918550bad804fbf9fd25a1a78c9cf8f/N-idle-0.png' with importer (TextureImporter)
Imported 'GUID: 29f460c8013394b2a8e8e407fa4a1754' -> (Import Result ID: '830abe66f5421ddb924bd309fc52cd23') in 0.001 seconds [static and dynamic dependencies]. Details - ImportResultOutputID=7eddfbb71c99a00550616bd83e6821f4 DependenciesID=aabc14cb1c0787459b871d42474472c4 StaticDependenciesID=6e83f79b0d5225d4e225285f5ad977dd 
Asset Pipeline Refresh (id=fa1a21694363c4cbda0ff55df35716dd): Total: 0.017 seconds - Initiated by StopAssetImportingV2(NoUpdateAssetOptions)
Importing 'GUID: fff7a2ec4f5944b2baa8b30700576839 - Path: Assets/Janseon/Art/Characters/poc-explorer/TestPromotion-a918550bad804fbf9fd25a1a78c9cf8f/N-idle-1.png' with importer (TextureImporter)
Imported 'GUID: fff7a2ec4f5944b2baa8b30700576839' -> (Import Result ID: 'b4fd8701c0ca4237afff37f3b8b8cec1') in 0.001 seconds [static and dynamic dependencies]. Details - ImportResultOutputID=9fc59dbb2a1636280151c0122d5d6690 DependenciesID=8ae0fa8a90afa709a6e6adf5d97c8f37 StaticDependenciesID=7688d9631f19e4f076c14e1e2df8a331 
Asset Pipeline Refresh (id=e5d292ed18c6f42cc945d8ec202dd0c4): Total: 0.015 seconds - Initiated by StopAssetImportingV2(NoUpdateAssetOptions)
Importing 'GUID: fff7a2ec4f5944b2baa8b30700576839 - Path: Assets/Janseon/Art/Characters/poc-explorer/TestPromotion-a918550bad804fbf9fd25a1a78c9cf8f/N-idle-1.png' with importer (TextureImporter)
Imported 'GUID: fff7a2ec4f5944b2baa8b30700576839' -> (Import Result ID: 'f7751bb71b4da147c2d14582f40980db') in 0.001 seconds [static and dynamic dependencies]. Details - ImportResultOutputID=6e70ec98bb2427e589373c37f2d8c550 DependenciesID=a8d759a28fb9c19473fdbd133549843e StaticDependenciesID=cf3dd68d9aa7a000d5735c0d063174e4 
Asset Pipeline Refresh (id=fe35e147e1f284b8481e044c220e5095): Total: 0.017 seconds - Initiated by StopAssetImportingV2(NoUpdateAssetOptions)
Importing 'GUID: 82f038eae31e6459f9b2e7de99d519ee - Path: Assets/Janseon/Art/Characters/poc-explorer/TestPromotion-a918550bad804fbf9fd25a1a78c9cf8f/N-idle-2.png' with importer (TextureImporter)
Imported 'GUID: 82f038eae31e6459f9b2e7de99d519ee' -> (Import Result ID: '807ba56f188e84c15662fc28764962f9') in 0.001 seconds [static and dynamic dependencies]. Details - ImportResultOutputID=1bec56979f9bb258eda33c5df55e0b3c DependenciesID=b8e6b8eb2d3a9478bbc0e3b899c240a6 StaticDependenciesID=8fb26dec23f851b6488bd06f0114e7c5 
Asset Pipeline Refresh (id=88c3cee8293974316a9ef3dc2c054f5b): Total: 0.016 seconds - Initiated by StopAssetImportingV2(NoUpdateAssetOptions)
Importing 'GUID: 82f038eae31e6459f9b2e7de99d519ee - Path: Assets/Janseon/Art/Characters/poc-explorer/TestPromotion-a918550bad804fbf9fd25a1a78c9cf8f/N-idle-2.png' with importer (TextureImporter)
Imported 'GUID: 82f038eae31e6459f9b2e7de99d519ee' -> (Import Result ID: '1df763edb3e9b038649fe6d25a871f40') in 0.001 seconds [static and dynamic dependencies]. Details - ImportResultOutputID=4af75b9a6d8ed931c6d2afc33140bdd6 DependenciesID=424902592286e2e932f1836c87ca8a22 StaticDependenciesID=b4bf7925127abe199d9d878c3b5370ea 
Asset Pipeline Refresh (id=5d6a3831f533a43b39351cd1fae57eba): Total: 0.017 seconds - Initiated by StopAssetImportingV2(NoUpdateAssetOptions)
Importing 'GUID: e7510964042454225999ebb5dcc99c01 - Path: Assets/Janseon/Art/Characters/poc-explorer/TestPromotion-a918550bad804fbf9fd25a1a78c9cf8f/N-idle-3.png' with importer (TextureImporter)
Imported 'GUID: e7510964042454225999ebb5dcc99c01' -> (Import Result ID: '999f736f6437acbd1b68511977f9ed80') in 0.001 seconds [static and dynamic dependencies]. Details - ImportResultOutputID=fdd9e34b5b5bf99edfeb6548cd78a858 DependenciesID=c2569d6f27b84eeb21c62b4efb91e65e StaticDependenciesID=4fe21a4de0bda9c7a67843f4d208b0ad 
Asset Pipeline Refresh (id=3bcdccb63afa84d2abe281924436f3aa): Total: 0.015 seconds - Initiated by StopAssetImportingV2(NoUpdateAssetOptions)
Importing 'GUID: e7510964042454225999ebb5dcc99c01 - Path: Assets/Janseon/Art/Characters/poc-explorer/TestPromotion-a918550bad804fbf9fd25a1a78c9cf8f/N-idle-3.png' with importer (TextureImporter)
Imported 'GUID: e7510964042454225999ebb5dcc99c01' -> (Import Result ID: '60d6c5eda9086018f15dfb160ef7b3ec') in 0.001 seconds [static and dynamic dependencies]. Details - ImportResultOutputID=6dda2b48f9936fbbf72b60ecf3d47e22 DependenciesID=5862258beedd681175aaaf7488fb4b09 StaticDependenciesID=41ee3bb436900cafec3f22876f07b2cf 
Asset Pipeline Refresh (id=a8f17aafc70a647fcbca2b674f3e75fa): Total: 0.017 seconds - Initiated by StopAssetImportingV2(NoUpdateAssetOptions)
Importing 'GUID: 6bfc66ba4bdd44278b43f8f300810120 - Path: Assets/Janseon/Art/Characters/poc-explorer/TestPromotion-a918550bad804fbf9fd25a1a78c9cf8f/N-walk-0.png' with importer (TextureImporter)
Imported 'GUID: 6bfc66ba4bdd44278b43f8f300810120' -> (Import Result ID: '6ccbd5154743e8d6ab89e89c12f1894c') in 0.001 seconds [static and dynamic dependencies]. Details - ImportResultOutputID=1e853e2aa58f115bf0181ba7bd4c544d DependenciesID=6f88226b0ace648f7efac47a3d4d4ef0 StaticDependenciesID=1785daa1fb3ef7e04d75153e95340b87 
Asset Pipeline Refresh (id=26e3f616af61549878059b9d07f1ed9f): Total: 0.015 seconds - Initiated by StopAssetImportingV2(NoUpdateAssetOptions)
Importing 'GUID: 6bfc66ba4bdd44278b43f8f300810120 - Path: Assets/Janseon/Art/Characters/poc-explorer/TestPromotion-a918550bad804fbf9fd25a1a78c9cf8f/N-walk-0.png' with importer (TextureImporter)
Imported 'GUID: 6bfc66ba4bdd44278b43f8f300810120' -> (Import Result ID: '432d163775b82416fa67acf32426165c') in 0.001 seconds [static and dynamic dependencies]. Details - ImportResultOutputID=a96af313c692604ac02760354ab54d7e DependenciesID=0e02a69f66aec4faa2afde2fd9766760 StaticDependenciesID=090a0e7feaf99f0d5f556e77a383a67b 
Asset Pipeline Refresh (id=e8763290a18f9433eb4172adeffca3ca): Total: 0.016 seconds - Initiated by StopAssetImportingV2(NoUpdateAssetOptions)
Importing 'GUID: 313e556902a2d43cc9136ceee28c1595 - Path: Assets/Janseon/Art/Characters/poc-explorer/TestPromotion-a918550bad804fbf9fd25a1a78c9cf8f/N-walk-1.png' with importer (TextureImporter)
Imported 'GUID: 313e556902a2d43cc9136ceee28c1595' -> (Import Result ID: 'e199a1853c7ecf32adcff4d62378c2b3') in 0.001 seconds [static and dynamic dependencies]. Details - ImportResultOutputID=49a6db19ac3e30a8c1b7402e094eabd0 DependenciesID=b929b5342ba76f29228dad2429fd2545 StaticDependenciesID=89fb62d15219e795cf2bc6f7fba325c7 
Asset Pipeline Refresh (id=743e85772b39e451fb2d98e6d8b85018): Total: 0.015 seconds - Initiated by StopAssetImportingV2(NoUpdateAssetOptions)
Importing 'GUID: 313e556902a2d43cc9136ceee28c1595 - Path: Assets/Janseon/Art/Characters/poc-explorer/TestPromotion-a918550bad804fbf9fd25a1a78c9cf8f/N-walk-1.png' with importer (TextureImporter)
Imported 'GUID: 313e556902a2d43cc9136ceee28c1595' -> (Import Result ID: '2552c02eba48dcbfe854bcc94387c275') in 0.001 seconds [static and dynamic dependencies]. Details - ImportResultOutputID=d7e1193c215888407077946fcd049dfa DependenciesID=5c42b25c094ad88ed318b3917673f450 StaticDependenciesID=32fb1426d390ce9d0a0dba456653d02e 
Asset Pipeline Refresh (id=2996d4155b08f4f3bbef993a49dd48d9): Total: 0.016 seconds - Initiated by StopAssetImportingV2(NoUpdateAssetOptions)
Importing 'GUID: 82469af0fedd548babc3d13f3c1f19e6 - Path: Assets/Janseon/Art/Characters/poc-explorer/TestPromotion-a918550bad804fbf9fd25a1a78c9cf8f/N-walk-2.png' with importer (TextureImporter)
Imported 'GUID: 82469af0fedd548babc3d13f3c1f19e6' -> (Import Result ID: '4ae736a24d88663872ee5a8f21727eb7') in 0.001 seconds [static and dynamic dependencies]. Details - ImportResultOutputID=4bcac22afdac51996b69c8acd52efcd0 DependenciesID=e4b837004a0678daeb26e81f66462c28 StaticDependenciesID=78b7297421963e6e8172ddbe8d3cf52c 
Asset Pipeline Refresh (id=2875c64020e984ceebf0c7d3fd870533): Total: 0.015 seconds - Initiated by StopAssetImportingV2(NoUpdateAssetOptions)
Importing 'GUID: 82469af0fedd548babc3d13f3c1f19e6 - Path: Assets/Janseon/Art/Characters/poc-explorer/TestPromotion-a918550bad804fbf9fd25a1a78c9cf8f/N-walk-2.png' with importer (TextureImporter)
Imported 'GUID: 82469af0fedd548babc3d13f3c1f19e6' -> (Import Result ID: '3b49bd3b8ef89d03b9c39a560e165ad3') in 0.001 seconds [static and dynamic dependencies]. Details - ImportResultOutputID=6ce19d2ee686d8f23c555889372883d0 DependenciesID=3dc5d8de7f6ae7928523826be4836ded StaticDependenciesID=c572a93ce987811d1393143a477e3bdf 
Asset Pipeline Refresh (id=469a31b5f43704112b086bf8a2142a48): Total: 0.016 seconds - Initiated by StopAssetImportingV2(NoUpdateAssetOptions)
Importing 'GUID: 658a56d7a95da460b98b2b58788a90f6 - Path: Assets/Janseon/Art/Characters/poc-explorer/TestPromotion-a918550bad804fbf9fd25a1a78c9cf8f/N-walk-3.png' with importer (TextureImporter)
Imported 'GUID: 658a56d7a95da460b98b2b58788a90f6' -> (Import Result ID: '24f54fef579fd5351a4c41825c5aeacc') in 0.001 seconds [static and dynamic dependencies]. Details - ImportResultOutputID=6bf3e06a42bac7a5c696f15e6c907c05 DependenciesID=b9b4aa384780b88ba43b544cdd10c723 StaticDependenciesID=eb0ebdd4241c63634420de79700a3e92 
Asset Pipeline Refresh (id=945ddaa8d6cf442128ba3fe6001c5795): Total: 0.015 seconds - Initiated by StopAssetImportingV2(NoUpdateAssetOptions)
Importing 'GUID: 658a56d7a95da460b98b2b58788a90f6 - Path: Assets/Janseon/Art/Characters/poc-explorer/TestPromotion-a918550bad804fbf9fd25a1a78c9cf8f/N-walk-3.png' with importer (TextureImporter)
Imported 'GUID: 658a56d7a95da460b98b2b58788a90f6' -> (Import Result ID: 'c23696aca03fe103e865d9db351496c0') in 0.001 seconds [static and dynamic dependencies]. Details - ImportResultOutputID=844f41a4b6d71220621b6af83cb4509c DependenciesID=efc64927677ea01de1095f6dfdf9d67c StaticDependenciesID=3d5c73dd187a54b2faf1f40dd68ff69f 
Asset Pipeline Refresh (id=5c59e812ad5f44f5c8bfc8dc19718790): Total: 0.017 seconds - Initiated by StopAssetImportingV2(NoUpdateAssetOptions)
Importing 'GUID: 2402998a2fde248efbb802ddf0a92b89 - Path: Assets/Janseon/Art/Characters/poc-explorer/TestPromotion-a918550bad804fbf9fd25a1a78c9cf8f/N-walk-4.png' with importer (TextureImporter)
Imported 'GUID: 2402998a2fde248efbb802ddf0a92b89' -> (Import Result ID: '4b0420bb030b65de2e601a0e4aa9c289') in 0.001 seconds [static and dynamic dependencies]. Details - ImportResultOutputID=28e91347879a7df9a4e890faa6b4f806 DependenciesID=162d46505923ae95f15b4f3f365e13db StaticDependenciesID=362baa296d5ae48c5fb3f3bc46883f53 
Asset Pipeline Refresh (id=c93be75ea04864cdf92eb088397fc737): Total: 0.015 seconds - Initiated by StopAssetImportingV2(NoUpdateAssetOptions)
Importing 'GUID: 2402998a2fde248efbb802ddf0a92b89 - Path: Assets/Janseon/Art/Characters/poc-explorer/TestPromotion-a918550bad804fbf9fd25a1a78c9cf8f/N-walk-4.png' with importer (TextureImporter)
Imported 'GUID: 2402998a2fde248efbb802ddf0a92b89' -> (Import Result ID: 'eaaf169357792785d876e3de942e0fa1') in 0.001 seconds [static and dynamic dependencies]. Details - ImportResultOutputID=bac96a8242b941053493f9af2ab79bc9 DependenciesID=37d78548bd1d588bbeaa4ddfc8ea1107 StaticDependenciesID=4c955c5c3645a30d3c9420f3e919a971 
Asset Pipeline Refresh (id=eefd6e3f0d72f4dd7b9e931e56c0eb10): Total: 0.017 seconds - Initiated by StopAssetImportingV2(NoUpdateAssetOptions)
Importing 'GUID: 8f7218880a0ca4eb98e5de2ed07277f5 - Path: Assets/Janseon/Art/Characters/poc-explorer/TestPromotion-a918550bad804fbf9fd25a1a78c9cf8f/N-walk-5.png' with importer (TextureImporter)
Imported 'GUID: 8f7218880a0ca4eb98e5de2ed07277f5' -> (Import Result ID: 'b871430624447b5f49842899725071e4') in 0.001 seconds [static and dynamic dependencies]. Details - ImportResultOutputID=997fb810d75f1aaf25bdc6356c00f44e DependenciesID=8487763ab69fc6eda46f26cb38af8203 StaticDependenciesID=ea8f467e9a69722b2d7319e028f9f08a 
Asset Pipeline Refresh (id=bdcfb44a2aec84140bd4ff23ac1c1321): Total: 0.015 seconds - Initiated by StopAssetImportingV2(NoUpdateAssetOptions)
Importing 'GUID: 8f7218880a0ca4eb98e5de2ed07277f5 - Path: Assets/Janseon/Art/Characters/poc-explorer/TestPromotion-a918550bad804fbf9fd25a1a78c9cf8f/N-walk-5.png' with importer (TextureImporter)
Imported 'GUID: 8f7218880a0ca4eb98e5de2ed07277f5' -> (Import Result ID: 'c612bd7f123a78a4020a5c320e76b2a7') in 0.001 seconds [static and dynamic dependencies]. Details - ImportResultOutputID=a2addfa0e7d06422a8529e8feb1c9564 DependenciesID=1025b498bcc09970f6b4105ae1867450 StaticDependenciesID=7bee21f073b1523ec1ca912d7e652c0f 
Asset Pipeline Refresh (id=f5b95fbf6f2f748aeaec38f138e61c44): Total: 0.017 seconds - Initiated by StopAssetImportingV2(NoUpdateAssetOptions)
Importing 'GUID: 503759f7c12dc4bd088abdfb2e738c7d - Path: Assets/Janseon/Art/Characters/poc-explorer/TestPromotion-a918550bad804fbf9fd25a1a78c9cf8f/N-attack-0.png' with importer (TextureImporter)
Imported 'GUID: 503759f7c12dc4bd088abdfb2e738c7d' -> (Import Result ID: '3f86cb735e13f0ce07e98fc47ef2f339') in 0.001 seconds [static and dynamic dependencies]. Details - ImportResultOutputID=f378f66479c6b2ca790d7b46eadfab3d DependenciesID=64b70372b1efebbc93ccfc9ef570470a StaticDependenciesID=f26098a21cc1ac6e6ee08ed152dbff25 
Asset Pipeline Refresh (id=188d51ad54db84ca79c6176f9d7a5a77): Total: 0.015 seconds - Initiated by StopAssetImportingV2(NoUpdateAssetOptions)
Importing 'GUID: 503759f7c12dc4bd088abdfb2e738c7d - Path: Assets/Janseon/Art/Characters/poc-explorer/TestPromotion-a918550bad804fbf9fd25a1a78c9cf8f/N-attack-0.png' with importer (TextureImporter)
Imported 'GUID: 503759f7c12dc4bd088abdfb2e738c7d' -> (Import Result ID: 'd791bcd4957bd7ec1aed15a0872007d7') in 0.001 seconds [static and dynamic dependencies]. Details - ImportResultOutputID=d7a3fcccfceddb24dc33319f20dc99ba DependenciesID=dce4b8ce3ccc136bb76c5f6f2059bf90 StaticDependenciesID=e7832c07e00d5f6130c35b7b8e3655b3 
Asset Pipeline Refresh (id=d31c4d85d219c496ea11598df76cafad): Total: 0.017 seconds - Initiated by StopAssetImportingV2(NoUpdateAssetOptions)
Importing 'GUID: 28044d406a85442ef9bd69290d2e2081 - Path: Assets/Janseon/Art/Characters/poc-explorer/TestPromotion-a918550bad804fbf9fd25a1a78c9cf8f/N-attack-1.png' with importer (TextureImporter)
Imported 'GUID: 28044d406a85442ef9bd69290d2e2081' -> (Import Result ID: '8795aa26aa16f6311c52a1d7f7a2b434') in 0.001 seconds [static and dynamic dependencies]. Details - ImportResultOutputID=72f13f235a8fc7ba9397ed50102085e7 DependenciesID=f14335daaea1fa7f329eff1e609d7ade StaticDependenciesID=f87833c210780179ec6b8ccb84d3092b 
Asset Pipeline Refresh (id=fb3f02d46127240558524132b0442267): Total: 0.014 seconds - Initiated by StopAssetImportingV2(NoUpdateAssetOptions)
Importing 'GUID: 28044d406a85442ef9bd69290d2e2081 - Path: Assets/Janseon/Art/Characters/poc-explorer/TestPromotion-a918550bad804fbf9fd25a1a78c9cf8f/N-attack-1.png' with importer (TextureImporter)
Imported 'GUID: 28044d406a85442ef9bd69290d2e2081' -> (Import Result ID: 'e527b25422446f8acbee6053c65904ae') in 0.001 seconds [static and dynamic dependencies]. Details - ImportResultOutputID=3c66c823a205c435f0c5d7e0532521e2 DependenciesID=5ce19fb603c1481f5b6f970fed08653c StaticDependenciesID=e8eab7a7de7448cb438849a1178352f7 
Asset Pipeline Refresh (id=de599e44399474d1984525a71d3b57b3): Total: 0.017 seconds - Initiated by StopAssetImportingV2(NoUpdateAssetOptions)
Importing 'GUID: 060aa4915a65f49c38bcc7c9ed4618c7 - Path: Assets/Janseon/Art/Characters/poc-explorer/TestPromotion-a918550bad804fbf9fd25a1a78c9cf8f/N-attack-2.png' with importer (TextureImporter)
Imported 'GUID: 060aa4915a65f49c38bcc7c9ed4618c7' -> (Import Result ID: '13c3a267efccfd4bf079e2e6856783eb') in 0.001 seconds [static and dynamic dependencies]. Details - ImportResultOutputID=011f51dfddfa380f658b3c00a8296288 DependenciesID=755750da95449694a195c2031b922338 StaticDependenciesID=57b62be5e14243c6a32706dbc57a241e 
Asset Pipeline Refresh (id=53ff47e5b58dd4c18af97cbe916033ae): Total: 0.015 seconds - Initiated by StopAssetImportingV2(NoUpdateAssetOptions)
Importing 'GUID: 060aa4915a65f49c38bcc7c9ed4618c7 - Path: Assets/Janseon/Art/Characters/poc-explorer/TestPromotion-a918550bad804fbf9fd25a1a78c9cf8f/N-attack-2.png' with importer (TextureImporter)
Imported 'GUID: 060aa4915a65f49c38bcc7c9ed4618c7' -> (Import Result ID: '69f09aafb18645ad74b304f07fef4826') in 0.001 seconds [static and dynamic dependencies]. Details - ImportResultOutputID=4d8c44a3c02308b75cf2c801ddcefe6f DependenciesID=f7f15dd58380556a8725123d04b161ce StaticDependenciesID=ba1b8ab3c09f568e3308c0d3608c6e29 
Asset Pipeline Refresh (id=32bc5e321e9344a909b20f83979f5238): Total: 0.017 seconds - Initiated by StopAssetImportingV2(NoUpdateAssetOptions)
Importing 'GUID: a9feb65f0c6874dedac04e467855bbac - Path: Assets/Janseon/Art/Characters/poc-explorer/TestPromotion-a918550bad804fbf9fd25a1a78c9cf8f/N-attack-3.png' with importer (TextureImporter)
Imported 'GUID: a9feb65f0c6874dedac04e467855bbac' -> (Import Result ID: '5cd8db693250ca3954ffaea69875c4ca') in 0.001 seconds [static and dynamic dependencies]. Details - ImportResultOutputID=4263fc709ac4d3756fb466845a5cb8ea DependenciesID=d61e1703eb900acbf7ef4b7f751be5df StaticDependenciesID=22d8a6d83ef380e80196fc376985edbb 
Asset Pipeline Refresh (id=d8d5d89e4aeb949e7bc1d3a446e86b35): Total: 0.015 seconds - Initiated by StopAssetImportingV2(NoUpdateAssetOptions)
Importing 'GUID: a9feb65f0c6874dedac04e467855bbac - Path: Assets/Janseon/Art/Characters/poc-explorer/TestPromotion-a918550bad804fbf9fd25a1a78c9cf8f/N-attack-3.png' with importer (TextureImporter)
Imported 'GUID: a9feb65f0c6874dedac04e467855bbac' -> (Import Result ID: '0555e301a2854ac5bdfdf246d5df26f0') in 0.001 seconds [static and dynamic dependencies]. Details - ImportResultOutputID=ba8627e6a679ea4cc38f2c984db4553a DependenciesID=edc283792281f72542adb4b9fec21339 StaticDependenciesID=47e5730993d21456cdbb36874d56e60d 
Asset Pipeline Refresh (id=6c6a342c001c2487ab95847afa41b5fc): Total: 0.016 seconds - Initiated by StopAssetImportingV2(NoUpdateAssetOptions)
Importing 'GUID: 266a0296fe03f4b7890d026828144144 - Path: Assets/Janseon/Art/Characters/poc-explorer/TestPromotion-a918550bad804fbf9fd25a1a78c9cf8f/N-attack-4.png' with importer (TextureImporter)
Imported 'GUID: 266a0296fe03f4b7890d026828144144' -> (Import Result ID: 'f2ccd320e05e0061c5fc37564778e621') in 0.001 seconds [static and dynamic dependencies]. Details - ImportResultOutputID=8584cbf268e9fa11cb6eb74416931bbc DependenciesID=f78ed99bf290b7c8351e66232cbd6c28 StaticDependenciesID=4148458c4b9860f085acade6b6baf9df 
Asset Pipeline Refresh (id=2c12d1647c6ec4aa3bbd7ed5eb3868c2): Total: 0.015 seconds - Initiated by StopAssetImportingV2(NoUpdateAssetOptions)
Importing 'GUID: 266a0296fe03f4b7890d026828144144 - Path: Assets/Janseon/Art/Characters/poc-explorer/TestPromotion-a918550bad804fbf9fd25a1a78c9cf8f/N-attack-4.png' with importer (TextureImporter)
Imported 'GUID: 266a0296fe03f4b7890d026828144144' -> (Import Result ID: '5e707366277fffe6f9bf7ce7cbbec9f8') in 0.001 seconds [static and dynamic dependencies]. Details - ImportResultOutputID=e92ef1b43846b1b6af88ad1cd8310ae9 DependenciesID=98a7fc81c9ce5f57809724e108248c9c StaticDependenciesID=22242baf020cc7c9de1cd022f73905f8 
Asset Pipeline Refresh (id=83324db5f5ca04beabd653947a61d7b0): Total: 0.016 seconds - Initiated by StopAssetImportingV2(NoUpdateAssetOptions)
Importing 'GUID: 54fed1c6b41c246deb12ff22b1df2b74 - Path: Assets/Janseon/Art/Characters/poc-explorer/TestPromotion-a918550bad804fbf9fd25a1a78c9cf8f/N-attack-5.png' with importer (TextureImporter)
Imported 'GUID: 54fed1c6b41c246deb12ff22b1df2b74' -> (Import Result ID: '6f695e3a7cfe954b64f65c585bdc5e43') in 0.001 seconds [static and dynamic dependencies]. Details - ImportResultOutputID=240f33c73caa0a4e24ec0e68049b5f2f DependenciesID=39cb5be44a2561dee21310ed27e83768 StaticDependenciesID=23cfd9fd3681774150cee455b97ea413 
Asset Pipeline Refresh (id=1404c8d274a584de096123bd4d9eafda): Total: 0.014 seconds - Initiated by StopAssetImportingV2(NoUpdateAssetOptions)
Importing 'GUID: 54fed1c6b41c246deb12ff22b1df2b74 - Path: Assets/Janseon/Art/Characters/poc-explorer/TestPromotion-a918550bad804fbf9fd25a1a78c9cf8f/N-attack-5.png' with importer (TextureImporter)
Imported 'GUID: 54fed1c6b41c246deb12ff22b1df2b74' -> (Import Result ID: 'd02806bbda9b81a059a7f87d78418aaf') in 0.001 seconds [static and dynamic dependencies]. Details - ImportResultOutputID=474e6015a25583f5dfa54fb01b17edc6 DependenciesID=54bc4d233829ee1e2e4392364e8e39aa StaticDependenciesID=e042d1c6c81dd5f158353ccead0b494e 
Asset Pipeline Refresh (id=c7be1f95ca6e24375b136792284f9161): Total: 0.017 seconds - Initiated by StopAssetImportingV2(NoUpdateAssetOptions)
Importing 'GUID: e28201236747d49209d593512ef0bd71 - Path: Assets/Janseon/Art/Characters/poc-explorer/TestPromotion-a918550bad804fbf9fd25a1a78c9cf8f/N-hit-0.png' with importer (TextureImporter)
Imported 'GUID: e28201236747d49209d593512ef0bd71' -> (Import Result ID: '9c1b918b3a1d63055a3e01e4759b1839') in 0.001 seconds [static and dynamic dependencies]. Details - ImportResultOutputID=0f10123049d2df1788d4b80456f3fcc4 DependenciesID=b78b7b00f1a0d02446500c2300c3b6fb StaticDependenciesID=9022b323afb1af8a25ad28d6e9a69316 
Asset Pipeline Refresh (id=e7cff72c6e50a4f2696a0881ff304fa9): Total: 0.014 seconds - Initiated by StopAssetImportingV2(NoUpdateAssetOptions)
Importing 'GUID: e28201236747d49209d593512ef0bd71 - Path: Assets/Janseon/Art/Characters/poc-explorer/TestPromotion-a918550bad804fbf9fd25a1a78c9cf8f/N-hit-0.png' with importer (TextureImporter)
Imported 'GUID: e28201236747d49209d593512ef0bd71' -> (Import Result ID: 'e411c71fada171778709d52e6efb60c3') in 0.001 seconds [static and dynamic dependencies]. Details - ImportResultOutputID=bd065a59d2b02a5375f13ee353114cee DependenciesID=2cfe4bb67b5287c4a105b49cfc3c1d02 StaticDependenciesID=be79c99dd0dad024168a2b40626c7247 
Asset Pipeline Refresh (id=fbe4441440c1d492baefcba4a03eba17): Total: 0.016 seconds - Initiated by StopAssetImportingV2(NoUpdateAssetOptions)
Importing 'GUID: b0e41fd1c9d9144c5af3e67b84b44cab - Path: Assets/Janseon/Art/Characters/poc-explorer/TestPromotion-a918550bad804fbf9fd25a1a78c9cf8f/N-hit-1.png' with importer (TextureImporter)
Imported 'GUID: b0e41fd1c9d9144c5af3e67b84b44cab' -> (Import Result ID: '974ff581d4cb410ef5ff57b6c3703cd5') in 0.001 seconds [static and dynamic dependencies]. Details - ImportResultOutputID=759b316c0a659334162d380c4788529f DependenciesID=f57f95efcf855e8267324edc0af1a9f1 StaticDependenciesID=a43767aca2e3e8e330fb13b0144a5728 
Asset Pipeline Refresh (id=dd74b3d233671444c982e0d00f7591cd): Total: 0.014 seconds - Initiated by StopAssetImportingV2(NoUpdateAssetOptions)
Importing 'GUID: b0e41fd1c9d9144c5af3e67b84b44cab - Path: Assets/Janseon/Art/Characters/poc-explorer/TestPromotion-a918550bad804fbf9fd25a1a78c9cf8f/N-hit-1.png' with importer (TextureImporter)
Imported 'GUID: b0e41fd1c9d9144c5af3e67b84b44cab' -> (Import Result ID: 'c2780f987946714e1ad271b71f6128ec') in 0.001 seconds [static and dynamic dependencies]. Details - ImportResultOutputID=16786349d912b5fbe8c812df9c0ad6b7 DependenciesID=f77a8c3a71090041a5601109a6b4e62e StaticDependenciesID=1fb60011bbd4f5ed694d5c09a40efb07 
Asset Pipeline Refresh (id=008be9fc73a2e4d269adbe33baf97de4): Total: 0.016 seconds - Initiated by StopAssetImportingV2(NoUpdateAssetOptions)
Importing 'GUID: 4408f28a689d24c07868eb664e4dcecd - Path: Assets/Janseon/Art/Characters/poc-explorer/TestPromotion-a918550bad804fbf9fd25a1a78c9cf8f/N-hit-2.png' with importer (TextureImporter)
Imported 'GUID: 4408f28a689d24c07868eb664e4dcecd' -> (Import Result ID: 'ffd830761ca0d14fdbf693ed9e880229') in 0.001 seconds [static and dynamic dependencies]. Details - ImportResultOutputID=2112246eb9cb979bfa0949af3ecf19b1 DependenciesID=bde9d0c5940bb7dae0684be25e19057a StaticDependenciesID=3f24c335e319bbf8afac4e15b973d94b 
Asset Pipeline Refresh (id=fa576559a3cbd43aa9814284fb88cd2c): Total: 0.015 seconds - Initiated by StopAssetImportingV2(NoUpdateAssetOptions)
Importing 'GUID: 4408f28a689d24c07868eb664e4dcecd - Path: Assets/Janseon/Art/Characters/poc-explorer/TestPromotion-a918550bad804fbf9fd25a1a78c9cf8f/N-hit-2.png' with importer (TextureImporter)
Imported 'GUID: 4408f28a689d24c07868eb664e4dcecd' -> (Import Result ID: '62e9377446cadde0f89b5c30389cb845') in 0.001 seconds [static and dynamic dependencies]. Details - ImportResultOutputID=352c16fe15a2bd5e9a5ac2f4be942df9 DependenciesID=3d7f28749f85c3373498cd7377543b85 StaticDependenciesID=09786bf83e9a42415210df951e753dd6 
Asset Pipeline Refresh (id=937fd75effb1e46d89f9ca356c420358): Total: 0.016 seconds - Initiated by StopAssetImportingV2(NoUpdateAssetOptions)
Importing 'GUID: eae5413b39aa340b6bce3cb67ca5142e - Path: Assets/Janseon/Art/Characters/poc-explorer/TestPromotion-a918550bad804fbf9fd25a1a78c9cf8f/N-down-0.png' with importer (TextureImporter)
Imported 'GUID: eae5413b39aa340b6bce3cb67ca5142e' -> (Import Result ID: '93ff48649a10f9418a64f3e5bbd02ef0') in 0.001 seconds [static and dynamic dependencies]. Details - ImportResultOutputID=403b91375a8b3e9f4cfc4191f283e5e5 DependenciesID=9c09fe5fe07c5c88a39937763a909ed2 StaticDependenciesID=561adc03a6e7f9867ed026e1effdd74d 
Asset Pipeline Refresh (id=6692af3afa6e24fa4bb095d36ddfc800): Total: 0.014 seconds - Initiated by StopAssetImportingV2(NoUpdateAssetOptions)
Importing 'GUID: eae5413b39aa340b6bce3cb67ca5142e - Path: Assets/Janseon/Art/Characters/poc-explorer/TestPromotion-a918550bad804fbf9fd25a1a78c9cf8f/N-down-0.png' with importer (TextureImporter)
Imported 'GUID: eae5413b39aa340b6bce3cb67ca5142e' -> (Import Result ID: 'f4db0d1c079199574e4f041d9fcf913c') in 0.001 seconds [static and dynamic dependencies]. Details - ImportResultOutputID=1a1f427d821d224f5c6aff4338cb5271 DependenciesID=73194426960a27b16f5ed7cdd939949a StaticDependenciesID=bdd0169698d96666121649b402d9f4b1 
Asset Pipeline Refresh (id=49df481139c7942d9aac3548e4ce673e): Total: 0.017 seconds - Initiated by StopAssetImportingV2(NoUpdateAssetOptions)
Importing 'GUID: ccdfed027729c402aac9317f02815a3a - Path: Assets/Janseon/Art/Characters/poc-explorer/TestPromotion-a918550bad804fbf9fd25a1a78c9cf8f/N-down-1.png' with importer (TextureImporter)
Imported 'GUID: ccdfed027729c402aac9317f02815a3a' -> (Import Result ID: '9fe3eb79101d6165cb7f983b0230f96b') in 0.001 seconds [static and dynamic dependencies]. Details - ImportResultOutputID=43be0caca317818768e068a6d78755c5 DependenciesID=e75afe2edc8f8b6ce0ddd721fdff5c12 StaticDependenciesID=7ca4185b38d8cdde2acfc0cef85331b0 
Asset Pipeline Refresh (id=2c396172906834b5e8e16c3aed650a52): Total: 0.014 seconds - Initiated by StopAssetImportingV2(NoUpdateAssetOptions)
Importing 'GUID: ccdfed027729c402aac9317f02815a3a - Path: Assets/Janseon/Art/Characters/poc-explorer/TestPromotion-a918550bad804fbf9fd25a1a78c9cf8f/N-down-1.png' with importer (TextureImporter)
Imported 'GUID: ccdfed027729c402aac9317f02815a3a' -> (Import Result ID: 'cadf1bcf9d11ec6213ba4cc99aa15bbd') in 0.001 seconds [static and dynamic dependencies]. Details - ImportResultOutputID=5904675675798566b39323dd0baeb892 DependenciesID=35bf44bddbbac36dcf8e402f5cf310a9 StaticDependenciesID=6c6613383e0f59c35cea4f8eb9b29aef 
Asset Pipeline Refresh (id=a83e28ba1d58d4b92b4853d0d4bb1397): Total: 0.017 seconds - Initiated by StopAssetImportingV2(NoUpdateAssetOptions)
Importing 'GUID: ec71783d51c5e4e588afe083a315d144 - Path: Assets/Janseon/Art/Characters/poc-explorer/TestPromotion-a918550bad804fbf9fd25a1a78c9cf8f/N-down-2.png' with importer (TextureImporter)
Imported 'GUID: ec71783d51c5e4e588afe083a315d144' -> (Import Result ID: '8c66541aed8227fa0e972c0db5bfff8e') in 0.001 seconds [static and dynamic dependencies]. Details - ImportResultOutputID=3b4b907504ef9344069292253f6cbeaf DependenciesID=c965f7faec2d7375e3580c80c3bc1764 StaticDependenciesID=8e82f917b65aee92dbd0a55834fadaee 
Asset Pipeline Refresh (id=f27bc55abbe5b476898aa3ef3c4ac53d): Total: 0.015 seconds - Initiated by StopAssetImportingV2(NoUpdateAssetOptions)
Importing 'GUID: ec71783d51c5e4e588afe083a315d144 - Path: Assets/Janseon/Art/Characters/poc-explorer/TestPromotion-a918550bad804fbf9fd25a1a78c9cf8f/N-down-2.png' with importer (TextureImporter)
Imported 'GUID: ec71783d51c5e4e588afe083a315d144' -> (Import Result ID: '9be578b77c10358da12589012b29353b') in 0.001 seconds [static and dynamic dependencies]. Details - ImportResultOutputID=c85463937e0477b96cf8275524dfebab DependenciesID=386527191c22458f92da2d22671d81dd StaticDependenciesID=95e9a593416aa4e06e5cd1125a8a5059 
Asset Pipeline Refresh (id=35045fce1d3074d629833359701e005b): Total: 0.017 seconds - Initiated by StopAssetImportingV2(NoUpdateAssetOptions)
Importing 'GUID: 46243cc82f2eb4d61b2748f9bdf8b1f9 - Path: Assets/Janseon/Art/Characters/poc-explorer/TestPromotion-a918550bad804fbf9fd25a1a78c9cf8f/N-down-3.png' with importer (TextureImporter)
Imported 'GUID: 46243cc82f2eb4d61b2748f9bdf8b1f9' -> (Import Result ID: '21f351a6adbb0541614f400d68f044fd') in 0.001 seconds [static and dynamic dependencies]. Details - ImportResultOutputID=acf4208f9f56104415b903e4b8c1ecb5 DependenciesID=22191bb3b675ba22cc9f1764fd425e4f StaticDependenciesID=84da1dca1b9995b960c5ceb7681244da 
Asset Pipeline Refresh (id=22b1eb702f3fd44c6998cbcfbb85724a): Total: 0.015 seconds - Initiated by StopAssetImportingV2(NoUpdateAssetOptions)
Importing 'GUID: 46243cc82f2eb4d61b2748f9bdf8b1f9 - Path: Assets/Janseon/Art/Characters/poc-explorer/TestPromotion-a918550bad804fbf9fd25a1a78c9cf8f/N-down-3.png' with importer (TextureImporter)
Imported 'GUID: 46243cc82f2eb4d61b2748f9bdf8b1f9' -> (Import Result ID: '3f72ea87f83eaab13b5b4f952acea646') in 0.001 seconds [static and dynamic dependencies]. Details - ImportResultOutputID=64a61726bb404918a80231ec87228fdc DependenciesID=7ea372b2476647f9842ef91f624db9a6 StaticDependenciesID=7233e32916b65768bea41d61bc564d86 
Asset Pipeline Refresh (id=22de5013546e0446495bf72870d645b4): Total: 0.016 seconds - Initiated by StopAssetImportingV2(NoUpdateAssetOptions)
Importing 'GUID: f6f65df3b2f5e4892a1b1b3163b38f51 - Path: Assets/Janseon/Art/Characters/poc-explorer/TestPromotion-a918550bad804fbf9fd25a1a78c9cf8f/E-idle-0.png' with importer (TextureImporter)
Imported 'GUID: f6f65df3b2f5e4892a1b1b3163b38f51' -> (Import Result ID: '65175725d04fd0192c057c2431dbfc74') in 0.001 seconds [static and dynamic dependencies]. Details - ImportResultOutputID=343ec9f3806f97825c82b5249c9c05a2 DependenciesID=a4633cb2e85726d7a839ff71dbe38510 StaticDependenciesID=859a5710a0e06c01607958dad7bb7105 
Asset Pipeline Refresh (id=e85b103b49a93440998474ee994bf22e): Total: 0.015 seconds - Initiated by StopAssetImportingV2(NoUpdateAssetOptions)
Importing 'GUID: f6f65df3b2f5e4892a1b1b3163b38f51 - Path: Assets/Janseon/Art/Characters/poc-explorer/TestPromotion-a918550bad804fbf9fd25a1a78c9cf8f/E-idle-0.png' with importer (TextureImporter)
Imported 'GUID: f6f65df3b2f5e4892a1b1b3163b38f51' -> (Import Result ID: '8e954e6c61475fe74e40d08ee5c66282') in 0.001 seconds [static and dynamic dependencies]. Details - ImportResultOutputID=e8ba7205aaadefd3e123cebbe7625705 DependenciesID=a8764f0d2e71ca091dbb200443d91d6a StaticDependenciesID=f008df425cae68b35573362ecde04433 
Asset Pipeline Refresh (id=245217c53a49e4a36a21e2d21b0a54ab): Total: 0.017 seconds - Initiated by StopAssetImportingV2(NoUpdateAssetOptions)
Importing 'GUID: 016c9ef29821346f193c8c5964902964 - Path: Assets/Janseon/Art/Characters/poc-explorer/TestPromotion-a918550bad804fbf9fd25a1a78c9cf8f/E-idle-1.png' with importer (TextureImporter)
Imported 'GUID: 016c9ef29821346f193c8c5964902964' -> (Import Result ID: '1bee66e70e536c74a5200d6705e1f91b') in 0.001 seconds [static and dynamic dependencies]. Details - ImportResultOutputID=9d84e4f290c32e1994784ebc9387ecdc DependenciesID=406b28a67f261784689fa4ad34b40e96 StaticDependenciesID=62d5d0b5b3a257125e1a066e5291919d 
Asset Pipeline Refresh (id=8389941b2cf3c42b7acf53ab0f8f9135): Total: 0.015 seconds - Initiated by StopAssetImportingV2(NoUpdateAssetOptions)
Importing 'GUID: 016c9ef29821346f193c8c5964902964 - Path: Assets/Janseon/Art/Characters/poc-explorer/TestPromotion-a918550bad804fbf9fd25a1a78c9cf8f/E-idle-1.png' with importer (TextureImporter)
Imported 'GUID: 016c9ef29821346f193c8c5964902964' -> (Import Result ID: '564bdc856592f973f3dfc8b8abb373ef') in 0.001 seconds [static and dynamic dependencies]. Details - ImportResultOutputID=3020863de90a499b7380f3b32a370084 DependenciesID=bd47dc3c0bc751799c4969434ef1b0c7 StaticDependenciesID=009582fe0b24d84d9f1df14dbb58f391 
Asset Pipeline Refresh (id=28f6c214934a14efeb0eab7a11b21ea8): Total: 0.020 seconds - Initiated by StopAssetImportingV2(NoUpdateAssetOptions)
Importing 'GUID: af80e7ac64f29465cb90ba0ce7ceb6f4 - Path: Assets/Janseon/Art/Characters/poc-explorer/TestPromotion-a918550bad804fbf9fd25a1a78c9cf8f/E-idle-2.png' with importer (TextureImporter)
Imported 'GUID: af80e7ac64f29465cb90ba0ce7ceb6f4' -> (Import Result ID: '7bdad5b72376582d2381de4352889b3f') in 0.001 seconds [static and dynamic dependencies]. Details - ImportResultOutputID=89af14b11b043107b8de12c7ee70e89a DependenciesID=f3f9fcd287605b56c382629e1048b687 StaticDependenciesID=6128bed023534e9bd7f29e2319ec5b58 
Asset Pipeline Refresh (id=eedc0111daea441a5819d5d0eaa46c58): Total: 0.015 seconds - Initiated by StopAssetImportingV2(NoUpdateAssetOptions)
Importing 'GUID: af80e7ac64f29465cb90ba0ce7ceb6f4 - Path: Assets/Janseon/Art/Characters/poc-explorer/TestPromotion-a918550bad804fbf9fd25a1a78c9cf8f/E-idle-2.png' with importer (TextureImporter)
Imported 'GUID: af80e7ac64f29465cb90ba0ce7ceb6f4' -> (Import Result ID: '698fb6252df279456c3cbd4ad9694c36') in 0.001 seconds [static and dynamic dependencies]. Details - ImportResultOutputID=647bb165448da9caccb7fcf3053e4833 DependenciesID=f380dffd23ceffbaeed2cf43ab6f38d1 StaticDependenciesID=a41417e135e7d8b9c7ce7859f85f00f6 
Asset Pipeline Refresh (id=e45b34f6f14294098942d089da5c975d): Total: 0.018 seconds - Initiated by StopAssetImportingV2(NoUpdateAssetOptions)
Importing 'GUID: dc20da94405d84e5cafec207683b7c20 - Path: Assets/Janseon/Art/Characters/poc-explorer/TestPromotion-a918550bad804fbf9fd25a1a78c9cf8f/E-idle-3.png' with importer (TextureImporter)
Imported 'GUID: dc20da94405d84e5cafec207683b7c20' -> (Import Result ID: '38e83d0d77673539e4d78bf2a554c415') in 0.001 seconds [static and dynamic dependencies]. Details - ImportResultOutputID=bd7a1fb117e2583f22a94da736bf0f36 DependenciesID=9bd165f2f6b07e7732f268e26abaf7d2 StaticDependenciesID=06497bdfedf442541717f78b18a5418a 
Asset Pipeline Refresh (id=011237fb7a70f4575a70e778d237e5f3): Total: 0.015 seconds - Initiated by StopAssetImportingV2(NoUpdateAssetOptions)
Importing 'GUID: dc20da94405d84e5cafec207683b7c20 - Path: Assets/Janseon/Art/Characters/poc-explorer/TestPromotion-a918550bad804fbf9fd25a1a78c9cf8f/E-idle-3.png' with importer (TextureImporter)
Imported 'GUID: dc20da94405d84e5cafec207683b7c20' -> (Import Result ID: 'd605d81c4811c6cc8fb2801c355893eb') in 0.001 seconds [static and dynamic dependencies]. Details - ImportResultOutputID=d5890e611ab60cc0c05c8fe0dd6b988b DependenciesID=c499bb79e1d5a1a0ad2299e57bf76a4b StaticDependenciesID=5780bc1f0c4f489ea746235c8546c7b2 
Asset Pipeline Refresh (id=a76a18b4974634d7aa418e8f9e186750): Total: 0.017 seconds - Initiated by StopAssetImportingV2(NoUpdateAssetOptions)
Importing 'GUID: ea96ea4e9e222496e97ab9a4f8d1e2da - Path: Assets/Janseon/Art/Characters/poc-explorer/TestPromotion-a918550bad804fbf9fd25a1a78c9cf8f/E-walk-0.png' with importer (TextureImporter)
Imported 'GUID: ea96ea4e9e222496e97ab9a4f8d1e2da' -> (Import Result ID: '7cde4c00c0896558985d6a95279b81df') in 0.001 seconds [static and dynamic dependencies]. Details - ImportResultOutputID=f8f68b62149ca357c1809c79613a6d76 DependenciesID=8fd8b44e18ba1758807c81d6c1ff39c5 StaticDependenciesID=8e12ff6a0470b181ec38a04e751cd6e2 
Asset Pipeline Refresh (id=afbe60b14e8274433a237bff29aee997): Total: 0.015 seconds - Initiated by StopAssetImportingV2(NoUpdateAssetOptions)
Importing 'GUID: ea96ea4e9e222496e97ab9a4f8d1e2da - Path: Assets/Janseon/Art/Characters/poc-explorer/TestPromotion-a918550bad804fbf9fd25a1a78c9cf8f/E-walk-0.png' with importer (TextureImporter)
Imported 'GUID: ea96ea4e9e222496e97ab9a4f8d1e2da' -> (Import Result ID: '6b533ce1edc8e4ddefb65fbbfd997775') in 0.001 seconds [static and dynamic dependencies]. Details - ImportResultOutputID=f0baacf34cd4e5e4162a937baaff38e8 DependenciesID=2e89961a42e4c02c667ab2fbaa11831d StaticDependenciesID=4aeee12dc55747c791a259c09547655c 
Asset Pipeline Refresh (id=cf4d32457cb464c08b78fc5a1aabddf8): Total: 0.017 seconds - Initiated by StopAssetImportingV2(NoUpdateAssetOptions)
Importing 'GUID: da073ef9c0980433b89b3db3b5155971 - Path: Assets/Janseon/Art/Characters/poc-explorer/TestPromotion-a918550bad804fbf9fd25a1a78c9cf8f/E-walk-1.png' with importer (TextureImporter)
Imported 'GUID: da073ef9c0980433b89b3db3b5155971' -> (Import Result ID: '807721c60338a6a452bf5951d0b6b3b7') in 0.001 seconds [static and dynamic dependencies]. Details - ImportResultOutputID=eacfe10d06ee581e3f2c52a51f2c6f09 DependenciesID=ae49614b1592bed478b51a683cca9e5e StaticDependenciesID=92c40d12af2ea9515d6f30ff15b75676 
Asset Pipeline Refresh (id=fe572f6b95bdf4cf9b9de7a9e560c296): Total: 0.015 seconds - Initiated by StopAssetImportingV2(NoUpdateAssetOptions)
Importing 'GUID: da073ef9c0980433b89b3db3b5155971 - Path: Assets/Janseon/Art/Characters/poc-explorer/TestPromotion-a918550bad804fbf9fd25a1a78c9cf8f/E-walk-1.png' with importer (TextureImporter)
Imported 'GUID: da073ef9c0980433b89b3db3b5155971' -> (Import Result ID: '6e011516a450266a19b869469cb4c9b7') in 0.001 seconds [static and dynamic dependencies]. Details - ImportResultOutputID=da01def2c6aba6817da3a7f91f24b155 DependenciesID=44e127d81866c6f9ecc64421681ace9f StaticDependenciesID=ff64fc9b9909ddb686f76f6bc61ce2fc 
Asset Pipeline Refresh (id=0dedd639c75104fa388bc6f7d701a876): Total: 0.017 seconds - Initiated by StopAssetImportingV2(NoUpdateAssetOptions)
Importing 'GUID: 2b91ebc8131824996b24c7cfc5ace097 - Path: Assets/Janseon/Art/Characters/poc-explorer/TestPromotion-a918550bad804fbf9fd25a1a78c9cf8f/E-walk-2.png' with importer (TextureImporter)
Imported 'GUID: 2b91ebc8131824996b24c7cfc5ace097' -> (Import Result ID: 'c7f92cb075610a0438e67c5d68789183') in 0.001 seconds [static and dynamic dependencies]. Details - ImportResultOutputID=5d92c5e26dac41431f9bc9a04c557b86 DependenciesID=e53f4b7e7654b62c9e31348b238d9197 StaticDependenciesID=50971f0572cf017de7f678f08c49b295 
Asset Pipeline Refresh (id=d8823c51372574facb470ddec4c8b9b5): Total: 0.015 seconds - Initiated by StopAssetImportingV2(NoUpdateAssetOptions)
Importing 'GUID: 2b91ebc8131824996b24c7cfc5ace097 - Path: Assets/Janseon/Art/Characters/poc-explorer/TestPromotion-a918550bad804fbf9fd25a1a78c9cf8f/E-walk-2.png' with importer (TextureImporter)
Imported 'GUID: 2b91ebc8131824996b24c7cfc5ace097' -> (Import Result ID: '6d45b4f664e2abaf251e2946d68b5586') in 0.001 seconds [static and dynamic dependencies]. Details - ImportResultOutputID=bc739b29767e35f230e3f5d264e70c90 DependenciesID=d8694227ef4ef11bb7b6dc76661097cb StaticDependenciesID=fb29ae30aa6973dafe5cc0bd942b6a6e 
Asset Pipeline Refresh (id=6c555aae534d54f7a85446ea486f860c): Total: 0.017 seconds - Initiated by StopAssetImportingV2(NoUpdateAssetOptions)
Importing 'GUID: 9276a0c1dba2242189dcd3d6cc079b54 - Path: Assets/Janseon/Art/Characters/poc-explorer/TestPromotion-a918550bad804fbf9fd25a1a78c9cf8f/E-walk-3.png' with importer (TextureImporter)
Imported 'GUID: 9276a0c1dba2242189dcd3d6cc079b54' -> (Import Result ID: '61be91cdb918f19b350291fea257f56b') in 0.001 seconds [static and dynamic dependencies]. Details - ImportResultOutputID=187b05a3598a3f2e448036877d5c94e6 DependenciesID=220f020e15e33fbb062c7d644e70f484 StaticDependenciesID=19c944222e494d58df18a74db4fc1fa0 
Asset Pipeline Refresh (id=fb0bc00a62632417eb57fc04760ee029): Total: 0.014 seconds - Initiated by StopAssetImportingV2(NoUpdateAssetOptions)
Importing 'GUID: 9276a0c1dba2242189dcd3d6cc079b54 - Path: Assets/Janseon/Art/Characters/poc-explorer/TestPromotion-a918550bad804fbf9fd25a1a78c9cf8f/E-walk-3.png' with importer (TextureImporter)
Imported 'GUID: 9276a0c1dba2242189dcd3d6cc079b54' -> (Import Result ID: 'f04ab1036f71ab6a28511f27d7af6520') in 0.001 seconds [static and dynamic dependencies]. Details - ImportResultOutputID=d79795e02615b1cec9f2da1a881fe510 DependenciesID=7ea078f9b1a671dec27036bd2db1ed7c StaticDependenciesID=805e58b51005c91ebe838ce2b2ce65fd 
Asset Pipeline Refresh (id=04ca6f390e33e4c098081a11eb0e2c48): Total: 0.017 seconds - Initiated by StopAssetImportingV2(NoUpdateAssetOptions)
Importing 'GUID: a72c8859eb53f4f11a8d14fa352c2e12 - Path: Assets/Janseon/Art/Characters/poc-explorer/TestPromotion-a918550bad804fbf9fd25a1a78c9cf8f/E-walk-4.png' with importer (TextureImporter)
Imported 'GUID: a72c8859eb53f4f11a8d14fa352c2e12' -> (Import Result ID: '64b0a751f33d29f29ad46351944e508e') in 0.001 seconds [static and dynamic dependencies]. Details - ImportResultOutputID=ef55938bbd4c9e9797b7512093b63822 DependenciesID=6b817d2e3102c08cb0e55f40e88acaae StaticDependenciesID=88b4020da2d15872f21d1dcf958a430f 
Asset Pipeline Refresh (id=5ec712d3fac404663bd80106105ddee1): Total: 0.015 seconds - Initiated by StopAssetImportingV2(NoUpdateAssetOptions)
Importing 'GUID: a72c8859eb53f4f11a8d14fa352c2e12 - Path: Assets/Janseon/Art/Characters/poc-explorer/TestPromotion-a918550bad804fbf9fd25a1a78c9cf8f/E-walk-4.png' with importer (TextureImporter)
Imported 'GUID: a72c8859eb53f4f11a8d14fa352c2e12' -> (Import Result ID: 'eb29b14e3794ab979a766a22c58eefcf') in 0.001 seconds [static and dynamic dependencies]. Details - ImportResultOutputID=03b63dd5e43720cd07394c5f57483081 DependenciesID=566800f72ac87984c16818b54525614f StaticDependenciesID=8d73efb8c2714507036c62397215e0e1 
Asset Pipeline Refresh (id=f97b61cf6eaae4267b435d45dfa3ec44): Total: 0.017 seconds - Initiated by StopAssetImportingV2(NoUpdateAssetOptions)
Importing 'GUID: 7a624493578cd4c18b9823e5f225528f - Path: Assets/Janseon/Art/Characters/poc-explorer/TestPromotion-a918550bad804fbf9fd25a1a78c9cf8f/E-walk-5.png' with importer (TextureImporter)
Imported 'GUID: 7a624493578cd4c18b9823e5f225528f' -> (Import Result ID: 'c019c0d619d54fa0b683e7b318151b10') in 0.001 seconds [static and dynamic dependencies]. Details - ImportResultOutputID=bc76a702b6a5119f18f717292fd1cf6f DependenciesID=6d75233c963e0413ac75f74b89ddec62 StaticDependenciesID=f99a34bc2d7eeb85fefa9c85da873e05 
Asset Pipeline Refresh (id=0f69da49eb27b48ad87d27ecfa7cfedc): Total: 0.017 seconds - Initiated by StopAssetImportingV2(NoUpdateAssetOptions)
Importing 'GUID: 7a624493578cd4c18b9823e5f225528f - Path: Assets/Janseon/Art/Characters/poc-explorer/TestPromotion-a918550bad804fbf9fd25a1a78c9cf8f/E-walk-5.png' with importer (TextureImporter)
Imported 'GUID: 7a624493578cd4c18b9823e5f225528f' -> (Import Result ID: 'd77a3dd64cc057e9cba3e60a7c095d51') in 0.001 seconds [static and dynamic dependencies]. Details - ImportResultOutputID=0e314c146f10d569293d173767e647f0 DependenciesID=d3efdf972d7eeab3d4989c3de0d2cc45 StaticDependenciesID=db40fb36d45730e09c959ca33bd284a7 
Asset Pipeline Refresh (id=7cf8b460a5bb544ea869d813a1b7946d): Total: 0.017 seconds - Initiated by StopAssetImportingV2(NoUpdateAssetOptions)
Importing 'GUID: d9e969d0c222f463988f6e1e21a6b19f - Path: Assets/Janseon/Art/Characters/poc-explorer/TestPromotion-a918550bad804fbf9fd25a1a78c9cf8f/E-attack-0.png' with importer (TextureImporter)
Imported 'GUID: d9e969d0c222f463988f6e1e21a6b19f' -> (Import Result ID: 'cd309858a0057f8cf63058436251667a') in 0.001 seconds [static and dynamic dependencies]. Details - ImportResultOutputID=699f44a025eb7615c1af0e7a7ea57fa1 DependenciesID=573c8ad6878339030ad7b07226cd5404 StaticDependenciesID=82f0f63f4a323709fd41a03d09d453bf 
Asset Pipeline Refresh (id=a7b411539a5604956ac99c821b378396): Total: 0.015 seconds - Initiated by StopAssetImportingV2(NoUpdateAssetOptions)
Importing 'GUID: d9e969d0c222f463988f6e1e21a6b19f - Path: Assets/Janseon/Art/Characters/poc-explorer/TestPromotion-a918550bad804fbf9fd25a1a78c9cf8f/E-attack-0.png' with importer (TextureImporter)
Imported 'GUID: d9e969d0c222f463988f6e1e21a6b19f' -> (Import Result ID: '57064a9ca3f585d9c771ff80aa548b7e') in 0.001 seconds [static and dynamic dependencies]. Details - ImportResultOutputID=1f61c8fd2bebd0ceec10b78fbaae4a3f DependenciesID=0579cc00dbac9615d7eb8eb148d64f10 StaticDependenciesID=840c1bd351118e252db0d417655214c5 
Asset Pipeline Refresh (id=f82208a21e7db4d75bd6bc8556f62adf): Total: 0.017 seconds - Initiated by StopAssetImportingV2(NoUpdateAssetOptions)
Importing 'GUID: a4ab6b967618b4f9ea6849229e141003 - Path: Assets/Janseon/Art/Characters/poc-explorer/TestPromotion-a918550bad804fbf9fd25a1a78c9cf8f/E-attack-1.png' with importer (TextureImporter)
Imported 'GUID: a4ab6b967618b4f9ea6849229e141003' -> (Import Result ID: '432087a6cc92db799b3a1b0705c98d8b') in 0.001 seconds [static and dynamic dependencies]. Details - ImportResultOutputID=c7645eed39399f5a4fe8fc001c3485fe DependenciesID=162c0c8d9c2e86ace4d504b7192db322 StaticDependenciesID=ebe9ddd7adb66463b478d46f9fd3273d 
Asset Pipeline Refresh (id=a534c2e45f4b743549ce66c716bcf4ed): Total: 0.014 seconds - Initiated by StopAssetImportingV2(NoUpdateAssetOptions)
Importing 'GUID: a4ab6b967618b4f9ea6849229e141003 - Path: Assets/Janseon/Art/Characters/poc-explorer/TestPromotion-a918550bad804fbf9fd25a1a78c9cf8f/E-attack-1.png' with importer (TextureImporter)
Imported 'GUID: a4ab6b967618b4f9ea6849229e141003' -> (Import Result ID: '768a41f0553aef307667c317aab12346') in 0.001 seconds [static and dynamic dependencies]. Details - ImportResultOutputID=7f759b3531260cf6f393aea7063771dd DependenciesID=a44068baa29c749d8d0a8da9a0e09367 StaticDependenciesID=c3f0ee02ec003792ad541dc156601d34 
Asset Pipeline Refresh (id=1fc44e829f5b1424cbb119f7d62694ba): Total: 0.016 seconds - Initiated by StopAssetImportingV2(NoUpdateAssetOptions)
Importing 'GUID: 4acf1da9fa71b4df88c9c07ff6865af6 - Path: Assets/Janseon/Art/Characters/poc-explorer/TestPromotion-a918550bad804fbf9fd25a1a78c9cf8f/E-attack-2.png' with importer (TextureImporter)
Imported 'GUID: 4acf1da9fa71b4df88c9c07ff6865af6' -> (Import Result ID: '008c39e49a6ffe0bcbe8005f6f4007e8') in 0.001 seconds [static and dynamic dependencies]. Details - ImportResultOutputID=9026e40f0c3fe1b5585801f47c66fd16 DependenciesID=b1d236fad5a8bc1dc5dc001663a3d6cd StaticDependenciesID=65f700ba0919ef349f0ebaeb8124eec8 
Asset Pipeline Refresh (id=6224dd41ea9584a07a11eb0b47e4060f): Total: 0.015 seconds - Initiated by StopAssetImportingV2(NoUpdateAssetOptions)
Importing 'GUID: 4acf1da9fa71b4df88c9c07ff6865af6 - Path: Assets/Janseon/Art/Characters/poc-explorer/TestPromotion-a918550bad804fbf9fd25a1a78c9cf8f/E-attack-2.png' with importer (TextureImporter)
Imported 'GUID: 4acf1da9fa71b4df88c9c07ff6865af6' -> (Import Result ID: '2c79a5856d0fe9ef8ecbdc5330773f49') in 0.001 seconds [static and dynamic dependencies]. Details - ImportResultOutputID=9dbd26fd27891c4950975b259dfc5af2 DependenciesID=97ea90def9f35513f2c19968939921cb StaticDependenciesID=e24c91de693d3a892c5e87c7a7cf63be 
Asset Pipeline Refresh (id=f65161a429085473da1aacd6af021800): Total: 0.016 seconds - Initiated by StopAssetImportingV2(NoUpdateAssetOptions)
Importing 'GUID: 2b3dfacfbb6b74fc3b3dea0d67772173 - Path: Assets/Janseon/Art/Characters/poc-explorer/TestPromotion-a918550bad804fbf9fd25a1a78c9cf8f/E-attack-3.png' with importer (TextureImporter)
Imported 'GUID: 2b3dfacfbb6b74fc3b3dea0d67772173' -> (Import Result ID: '45617945008afa13e0b3329d28d54b17') in 0.001 seconds [static and dynamic dependencies]. Details - ImportResultOutputID=4d2230d52c0aff532ff89d3a966b0ac9 DependenciesID=9282fdb91421c4041c9d2c4a95d8a597 StaticDependenciesID=89544f7ff3e4fba913d0c35fe3a6ec1c 
Asset Pipeline Refresh (id=d70da4b009488411da34335b5d395f1d): Total: 0.016 seconds - Initiated by StopAssetImportingV2(NoUpdateAssetOptions)
Importing 'GUID: 2b3dfacfbb6b74fc3b3dea0d67772173 - Path: Assets/Janseon/Art/Characters/poc-explorer/TestPromotion-a918550bad804fbf9fd25a1a78c9cf8f/E-attack-3.png' with importer (TextureImporter)
Imported 'GUID: 2b3dfacfbb6b74fc3b3dea0d67772173' -> (Import Result ID: 'ce6f1d0c970c000ee8d6d37d5282f0b1') in 0.001 seconds [static and dynamic dependencies]. Details - ImportResultOutputID=d0e27fb9a1c4e57ed3c5c50e4a391e05 DependenciesID=23cd3eb7844781b26f0943b3653e8db9 StaticDependenciesID=513926c8111276fcc0c9c816e2682d0d 
Asset Pipeline Refresh (id=af68b2a70e38945e9a91d6663256bf60): Total: 0.019 seconds - Initiated by StopAssetImportingV2(NoUpdateAssetOptions)
Importing 'GUID: 3c3f63b8bf2c64ba9b4a8487908135b3 - Path: Assets/Janseon/Art/Characters/poc-explorer/TestPromotion-a918550bad804fbf9fd25a1a78c9cf8f/E-attack-4.png' with importer (TextureImporter)
Imported 'GUID: 3c3f63b8bf2c64ba9b4a8487908135b3' -> (Import Result ID: '36ec0ac1d1f1a4a42a7003b11b6dbcf8') in 0.001 seconds [static and dynamic dependencies]. Details - ImportResultOutputID=856adb32af3beb4547873d8734acdd67 DependenciesID=3ad61b9f16f73cfaf0adf1aeba7085c1 StaticDependenciesID=51f9c576ed5856f1a09d2acba50d4d49 
Asset Pipeline Refresh (id=f4c0796479d174af79a2233de385f00a): Total: 0.015 seconds - Initiated by StopAssetImportingV2(NoUpdateAssetOptions)
Importing 'GUID: 3c3f63b8bf2c64ba9b4a8487908135b3 - Path: Assets/Janseon/Art/Characters/poc-explorer/TestPromotion-a918550bad804fbf9fd25a1a78c9cf8f/E-attack-4.png' with importer (TextureImporter)
Imported 'GUID: 3c3f63b8bf2c64ba9b4a8487908135b3' -> (Import Result ID: '0fc6e136ac93b0fb9fb4c76584860639') in 0.001 seconds [static and dynamic dependencies]. Details - ImportResultOutputID=2c212d117f0f73c1755dabfa14f4df03 DependenciesID=ab0526570cd6a0c8f9734eadecdaf7da StaticDependenciesID=c4b284e1626ba7cb6eebab989b171c58 
Asset Pipeline Refresh (id=c92804b7cbd5d4ed2ab7cc24c7b191d2): Total: 0.017 seconds - Initiated by StopAssetImportingV2(NoUpdateAssetOptions)
Importing 'GUID: 35330c398f0f54d059011a87c93f1bc4 - Path: Assets/Janseon/Art/Characters/poc-explorer/TestPromotion-a918550bad804fbf9fd25a1a78c9cf8f/E-attack-5.png' with importer (TextureImporter)
Imported 'GUID: 35330c398f0f54d059011a87c93f1bc4' -> (Import Result ID: 'ad649ceacb4e1660a5bb32abf6f42c46') in 0.001 seconds [static and dynamic dependencies]. Details - ImportResultOutputID=b4474912343dac616899e90f6f86bbb3 DependenciesID=2422d2910bbc6b3d2e2f84b26d99d860 StaticDependenciesID=4645eda18510710eebaf069142f8494f 
Asset Pipeline Refresh (id=3c8c1cda9832c4af58e62c0eb96e32c3): Total: 0.015 seconds - Initiated by StopAssetImportingV2(NoUpdateAssetOptions)
Importing 'GUID: 35330c398f0f54d059011a87c93f1bc4 - Path: Assets/Janseon/Art/Characters/poc-explorer/TestPromotion-a918550bad804fbf9fd25a1a78c9cf8f/E-attack-5.png' with importer (TextureImporter)
Imported 'GUID: 35330c398f0f54d059011a87c93f1bc4' -> (Import Result ID: 'a48ace8a5d6e8d45986287494716ea46') in 0.001 seconds [static and dynamic dependencies]. Details - ImportResultOutputID=9e1cb64c0371e26a72e3c19cd7a8e698 DependenciesID=6bd28b70b40e502fc4dc65ac1daea055 StaticDependenciesID=9ef5a745de298c51b8128b79291cb3ee 
Asset Pipeline Refresh (id=ab9e2b83f87c64c33810846209b24645): Total: 0.017 seconds - Initiated by StopAssetImportingV2(NoUpdateAssetOptions)
Importing 'GUID: 33db166f736964215a19852aafb66052 - Path: Assets/Janseon/Art/Characters/poc-explorer/TestPromotion-a918550bad804fbf9fd25a1a78c9cf8f/E-hit-0.png' with importer (TextureImporter)
Imported 'GUID: 33db166f736964215a19852aafb66052' -> (Import Result ID: 'e1e8ae8329a2192614f5469a4a604526') in 0.001 seconds [static and dynamic dependencies]. Details - ImportResultOutputID=aab7613f4074804f855896d94c02bafc DependenciesID=9a9f745a5ea186e4c1544ff74646c075 StaticDependenciesID=b7fb9134c9be2b390289c4b312654be2 
Asset Pipeline Refresh (id=9bdec48859b904291a9c223e59aa233d): Total: 0.015 seconds - Initiated by StopAssetImportingV2(NoUpdateAssetOptions)
Importing 'GUID: 33db166f736964215a19852aafb66052 - Path: Assets/Janseon/Art/Characters/poc-explorer/TestPromotion-a918550bad804fbf9fd25a1a78c9cf8f/E-hit-0.png' with importer (TextureImporter)
Imported 'GUID: 33db166f736964215a19852aafb66052' -> (Import Result ID: '75c6b7a4bde15f7c78135e6d0206114d') in 0.001 seconds [static and dynamic dependencies]. Details - ImportResultOutputID=cf38aab7b97225671d5966a04a37a7b3 DependenciesID=45eb826ee6c332046eb1b361b207916f StaticDependenciesID=deee2575b0179b6d4298253be16017ec 
Asset Pipeline Refresh (id=b21ce93b265854d64bce964bb320cedd): Total: 0.017 seconds - Initiated by StopAssetImportingV2(NoUpdateAssetOptions)
Importing 'GUID: 2eda9cdc528b5478d830427a97ea0bfa - Path: Assets/Janseon/Art/Characters/poc-explorer/TestPromotion-a918550bad804fbf9fd25a1a78c9cf8f/E-hit-1.png' with importer (TextureImporter)
Imported 'GUID: 2eda9cdc528b5478d830427a97ea0bfa' -> (Import Result ID: 'd20c348ee6ae1e9748a9b88e4a36079b') in 0.001 seconds [static and dynamic dependencies]. Details - ImportResultOutputID=6d4edd2276a7e7eacf9d4757e27f95c0 DependenciesID=e22822666e17ccd477b4ebae7134a0da StaticDependenciesID=a0657032cea7baff68ec68cfa3adee83 
Asset Pipeline Refresh (id=8970e16914c544da4b95af1fd37a8ad5): Total: 0.015 seconds - Initiated by StopAssetImportingV2(NoUpdateAssetOptions)
Importing 'GUID: 2eda9cdc528b5478d830427a97ea0bfa - Path: Assets/Janseon/Art/Characters/poc-explorer/TestPromotion-a918550bad804fbf9fd25a1a78c9cf8f/E-hit-1.png' with importer (TextureImporter)
Imported 'GUID: 2eda9cdc528b5478d830427a97ea0bfa' -> (Import Result ID: 'c538ddec971c54cb6e459229a7bb7275') in 0.001 seconds [static and dynamic dependencies]. Details - ImportResultOutputID=7a4192d383e07e9c252971843b74b4c5 DependenciesID=f00afea64e88fc955f16912a7b3f82cf StaticDependenciesID=f4da6a3adefdbe92d8172f85d162a2a4 
Asset Pipeline Refresh (id=f97d2a041cc1e4e2b81b1b3398302ec2): Total: 0.017 seconds - Initiated by StopAssetImportingV2(NoUpdateAssetOptions)
Importing 'GUID: 0c9eb48ba47be4d75acef89dc3ca1d95 - Path: Assets/Janseon/Art/Characters/poc-explorer/TestPromotion-a918550bad804fbf9fd25a1a78c9cf8f/E-hit-2.png' with importer (TextureImporter)
Imported 'GUID: 0c9eb48ba47be4d75acef89dc3ca1d95' -> (Import Result ID: 'f1e88470b1ddd1a6217b051af8d56e79') in 0.001 seconds [static and dynamic dependencies]. Details - ImportResultOutputID=aac9376849cc2a267b3d1e16ccbddf40 DependenciesID=ef808eb9d5095ec43759a7cd81b3853a StaticDependenciesID=41cd65322241aa59f1024a99ddf1b2a2 
Asset Pipeline Refresh (id=a0964256853314373b4c67e9deaa65ee): Total: 0.015 seconds - Initiated by StopAssetImportingV2(NoUpdateAssetOptions)
Importing 'GUID: 0c9eb48ba47be4d75acef89dc3ca1d95 - Path: Assets/Janseon/Art/Characters/poc-explorer/TestPromotion-a918550bad804fbf9fd25a1a78c9cf8f/E-hit-2.png' with importer (TextureImporter)
Imported 'GUID: 0c9eb48ba47be4d75acef89dc3ca1d95' -> (Import Result ID: '41e6d72e404275ad392d2d0766348e83') in 0.001 seconds [static and dynamic dependencies]. Details - ImportResultOutputID=db4235688b60549d653b93efc07bcbda DependenciesID=2f00a56e094fce4af7ddf83c7ac0688d StaticDependenciesID=f68f623972a56b5c333106fd9d042449 
Asset Pipeline Refresh (id=0b121983d01504e2985992da5cd07171): Total: 0.017 seconds - Initiated by StopAssetImportingV2(NoUpdateAssetOptions)
Importing 'GUID: bf1564eb6676646189a76c26d863c6d1 - Path: Assets/Janseon/Art/Characters/poc-explorer/TestPromotion-a918550bad804fbf9fd25a1a78c9cf8f/E-down-0.png' with importer (TextureImporter)
Imported 'GUID: bf1564eb6676646189a76c26d863c6d1' -> (Import Result ID: '45a1b78628468e45ec3148ea41e66ee6') in 0.001 seconds [static and dynamic dependencies]. Details - ImportResultOutputID=a8c9d6b3d1e4335295ebcc088cb6d163 DependenciesID=a64712501a9add9ce4bd3d1980ab30ff StaticDependenciesID=63240dca0d7e91f876af9800b52ca712 
Asset Pipeline Refresh (id=dcb5d03b58d174ed9b1ed9cf3c0000e4): Total: 0.015 seconds - Initiated by StopAssetImportingV2(NoUpdateAssetOptions)
Importing 'GUID: bf1564eb6676646189a76c26d863c6d1 - Path: Assets/Janseon/Art/Characters/poc-explorer/TestPromotion-a918550bad804fbf9fd25a1a78c9cf8f/E-down-0.png' with importer (TextureImporter)
Imported 'GUID: bf1564eb6676646189a76c26d863c6d1' -> (Import Result ID: 'ab6945c74c4492b3c07754815e1f70ff') in 0.001 seconds [static and dynamic dependencies]. Details - ImportResultOutputID=147c03ccba59db8914a9a72fda8e6a65 DependenciesID=c25d26c5c4c2f70dd3f99a2fb8a85662 StaticDependenciesID=a87ec27425c97a8a5965df770ad42f70 
Asset Pipeline Refresh (id=5f000b567421f4ffb98492837759f45d): Total: 0.017 seconds - Initiated by StopAssetImportingV2(NoUpdateAssetOptions)
Importing 'GUID: 833a1e4a8310a48efa5c9a6e6b03b5b1 - Path: Assets/Janseon/Art/Characters/poc-explorer/TestPromotion-a918550bad804fbf9fd25a1a78c9cf8f/E-down-1.png' with importer (TextureImporter)
Imported 'GUID: 833a1e4a8310a48efa5c9a6e6b03b5b1' -> (Import Result ID: '74abad6100e311a64c34f41cdd098c98') in 0.001 seconds [static and dynamic dependencies]. Details - ImportResultOutputID=24c92f1ba55c56036e676cf01e7c1396 DependenciesID=8d524eadcfa3db428246797c72dc355d StaticDependenciesID=1a87f289f9dfb68edda5e9714f100077 
Asset Pipeline Refresh (id=304efe8dedaaf4e918faa1c3c028590d): Total: 0.015 seconds - Initiated by StopAssetImportingV2(NoUpdateAssetOptions)
Importing 'GUID: 833a1e4a8310a48efa5c9a6e6b03b5b1 - Path: Assets/Janseon/Art/Characters/poc-explorer/TestPromotion-a918550bad804fbf9fd25a1a78c9cf8f/E-down-1.png' with importer (TextureImporter)
Imported 'GUID: 833a1e4a8310a48efa5c9a6e6b03b5b1' -> (Import Result ID: 'a5f489a1a7dc2e45d29c23fbcff6e4c6') in 0.001 seconds [static and dynamic dependencies]. Details - ImportResultOutputID=d61c31da09695b6209157226d79dfa42 DependenciesID=42c7ecbb29ea808ef654cd709efaa1ce StaticDependenciesID=6ebe522f0e81856c8c5ba7e2add66a89 
Asset Pipeline Refresh (id=bb04c2581a1d3413fbdc39e4590b4792): Total: 0.019 seconds - Initiated by StopAssetImportingV2(NoUpdateAssetOptions)
Importing 'GUID: 9431a5a6ecd044abf8f63d095d6ecb7a - Path: Assets/Janseon/Art/Characters/poc-explorer/TestPromotion-a918550bad804fbf9fd25a1a78c9cf8f/E-down-2.png' with importer (TextureImporter)
Imported 'GUID: 9431a5a6ecd044abf8f63d095d6ecb7a' -> (Import Result ID: '1cb71b7378f2568576a4d4ef7feca4b0') in 0.001 seconds [static and dynamic dependencies]. Details - ImportResultOutputID=9aee6ff3375c3a5d1b6761cabff33391 DependenciesID=ef66139f0c67216088636ece0c515be8 StaticDependenciesID=c2e684e75f4d355073fbbcde7adf494c 
Asset Pipeline Refresh (id=5c5483b0140bc4b26b3a84825775a523): Total: 0.015 seconds - Initiated by StopAssetImportingV2(NoUpdateAssetOptions)
Importing 'GUID: 9431a5a6ecd044abf8f63d095d6ecb7a - Path: Assets/Janseon/Art/Characters/poc-explorer/TestPromotion-a918550bad804fbf9fd25a1a78c9cf8f/E-down-2.png' with importer (TextureImporter)
Imported 'GUID: 9431a5a6ecd044abf8f63d095d6ecb7a' -> (Import Result ID: '899901d478152ae561d7a1d15bdcddd8') in 0.001 seconds [static and dynamic dependencies]. Details - ImportResultOutputID=55dc929a0ee97875f562a3021e832ba9 DependenciesID=c21aa8403343ef81ddc9fb2d08d6e5b9 StaticDependenciesID=efbd5748ffa5092e7c98e30ddb87787c 
Asset Pipeline Refresh (id=e157076424b92403587283406d0e2f6d): Total: 0.017 seconds - Initiated by StopAssetImportingV2(NoUpdateAssetOptions)
Importing 'GUID: b992a4d391b164b6cb2567ab0859cf45 - Path: Assets/Janseon/Art/Characters/poc-explorer/TestPromotion-a918550bad804fbf9fd25a1a78c9cf8f/E-down-3.png' with importer (TextureImporter)
Imported 'GUID: b992a4d391b164b6cb2567ab0859cf45' -> (Import Result ID: '3cb75e9ae0c5e4fba8d08cabf091260e') in 0.001 seconds [static and dynamic dependencies]. Details - ImportResultOutputID=501fa16111fa9853621b0cf06d1892c4 DependenciesID=dc378fd84249e38838741a339a62eca5 StaticDependenciesID=0726617cb7fc807f2c8a131508438b57 
Asset Pipeline Refresh (id=be01b471a16e64be686d7901d2e767fd): Total: 0.014 seconds - Initiated by StopAssetImportingV2(NoUpdateAssetOptions)
Importing 'GUID: b992a4d391b164b6cb2567ab0859cf45 - Path: Assets/Janseon/Art/Characters/poc-explorer/TestPromotion-a918550bad804fbf9fd25a1a78c9cf8f/E-down-3.png' with importer (TextureImporter)
Imported 'GUID: b992a4d391b164b6cb2567ab0859cf45' -> (Import Result ID: '1ea16ddbd14f51a4fcc9a9060df2a999') in 0.001 seconds [static and dynamic dependencies]. Details - ImportResultOutputID=bea92f839cdf3828dc4807a5dad01071 DependenciesID=8f3648a3242bcd6a45633b21eccf4b0d StaticDependenciesID=421626e7b923b9d95f194ed480351bab 
Asset Pipeline Refresh (id=fac433f2ccc4242ed909de31e178d440): Total: 0.017 seconds - Initiated by StopAssetImportingV2(NoUpdateAssetOptions)
Importing 'GUID: 7a0cb2c0b0f7149bdaaf4eadfe03dbc6 - Path: Assets/Janseon/Art/Characters/poc-explorer/TestPromotion-a918550bad804fbf9fd25a1a78c9cf8f/S-idle-0.png' with importer (TextureImporter)
Imported 'GUID: 7a0cb2c0b0f7149bdaaf4eadfe03dbc6' -> (Import Result ID: '7c7ac951b300edf323ee80b3c203d328') in 0.001 seconds [static and dynamic dependencies]. Details - ImportResultOutputID=97b1745c2052ec704822ab7f57a63cb1 DependenciesID=74a435575a29062d2030a925e6b9027b StaticDependenciesID=21f23e822396d9d16b5f03a58701b250 
Asset Pipeline Refresh (id=84297d03380404fd3973523af853a2e8): Total: 0.015 seconds - Initiated by StopAssetImportingV2(NoUpdateAssetOptions)
Importing 'GUID: 7a0cb2c0b0f7149bdaaf4eadfe03dbc6 - Path: Assets/Janseon/Art/Characters/poc-explorer/TestPromotion-a918550bad804fbf9fd25a1a78c9cf8f/S-idle-0.png' with importer (TextureImporter)
Imported 'GUID: 7a0cb2c0b0f7149bdaaf4eadfe03dbc6' -> (Import Result ID: '590e3d16a43098d861fd17c49082b7ca') in 0.001 seconds [static and dynamic dependencies]. Details - ImportResultOutputID=5f751755033087554798aa04a56d6292 DependenciesID=f603bb539ccd213eeeae112831ab430c StaticDependenciesID=89aae5ec570b08180c38399219ca983a 
Asset Pipeline Refresh (id=8bc2f7aa289354456828216778e2bc8f): Total: 0.017 seconds - Initiated by StopAssetImportingV2(NoUpdateAssetOptions)
Importing 'GUID: 2b7cbb790e893443987e917ad45b0388 - Path: Assets/Janseon/Art/Characters/poc-explorer/TestPromotion-a918550bad804fbf9fd25a1a78c9cf8f/S-idle-1.png' with importer (TextureImporter)
Imported 'GUID: 2b7cbb790e893443987e917ad45b0388' -> (Import Result ID: 'df7aac2c98650160fe1a1dff08dde498') in 0.001 seconds [static and dynamic dependencies]. Details - ImportResultOutputID=439ea7c0026ca23eb61e62b66e97e8dd DependenciesID=7c19bee7e421f3affeba259a2299756b StaticDependenciesID=f763e7e65c2fee622be37fb7a052f145 
Asset Pipeline Refresh (id=286c5ab0592ce4b4b8b4573a1a3bed7f): Total: 0.015 seconds - Initiated by StopAssetImportingV2(NoUpdateAssetOptions)
Importing 'GUID: 2b7cbb790e893443987e917ad45b0388 - Path: Assets/Janseon/Art/Characters/poc-explorer/TestPromotion-a918550bad804fbf9fd25a1a78c9cf8f/S-idle-1.png' with importer (TextureImporter)
Imported 'GUID: 2b7cbb790e893443987e917ad45b0388' -> (Import Result ID: '90321e3261c3a20345cc7a54408baf34') in 0.001 seconds [static and dynamic dependencies]. Details - ImportResultOutputID=14ed8796c737b11156041c5797924025 DependenciesID=568085e68a51b1655121c7e951eedce2 StaticDependenciesID=7ef88f0aa0f137e68237147fed6dba0b 
Asset Pipeline Refresh (id=39d0e943ff1fa4de2bdde8ecd1f524f2): Total: 0.017 seconds - Initiated by StopAssetImportingV2(NoUpdateAssetOptions)
Importing 'GUID: 53442d6963e7945a38a8806c55b394d6 - Path: Assets/Janseon/Art/Characters/poc-explorer/TestPromotion-a918550bad804fbf9fd25a1a78c9cf8f/S-idle-2.png' with importer (TextureImporter)
Imported 'GUID: 53442d6963e7945a38a8806c55b394d6' -> (Import Result ID: 'cd471c0e9783c6ae841f2cea183d015c') in 0.001 seconds [static and dynamic dependencies]. Details - ImportResultOutputID=136b2e2da664cfc1546e573c6ed25d65 DependenciesID=d8165ebe3acb7c2d631a4268f7c6da5d StaticDependenciesID=c60c5906edf3cc35073c55982a3ca445 
Asset Pipeline Refresh (id=0d89c5fbe360a4c6793af2637c252dc2): Total: 0.015 seconds - Initiated by StopAssetImportingV2(NoUpdateAssetOptions)
Importing 'GUID: 53442d6963e7945a38a8806c55b394d6 - Path: Assets/Janseon/Art/Characters/poc-explorer/TestPromotion-a918550bad804fbf9fd25a1a78c9cf8f/S-idle-2.png' with importer (TextureImporter)
Imported 'GUID: 53442d6963e7945a38a8806c55b394d6' -> (Import Result ID: '699265b3d4be3d0f3db3b6d546640487') in 0.001 seconds [static and dynamic dependencies]. Details - ImportResultOutputID=957c3151b521946cc0a46b922e87cc91 DependenciesID=99e8311a3be60aa81a3d5aeff21c812b StaticDependenciesID=a6ad8420acaa86c06b3b049911ff5a7f 
Asset Pipeline Refresh (id=868c2bbee62dc4c6e911c5d49b53ce6c): Total: 0.017 seconds - Initiated by StopAssetImportingV2(NoUpdateAssetOptions)
Importing 'GUID: e81d61008e5334f85a1e9f98163e8a4a - Path: Assets/Janseon/Art/Characters/poc-explorer/TestPromotion-a918550bad804fbf9fd25a1a78c9cf8f/S-idle-3.png' with importer (TextureImporter)
Imported 'GUID: e81d61008e5334f85a1e9f98163e8a4a' -> (Import Result ID: '1edaae56a23276b9d6ab3f9520c33eef') in 0.001 seconds [static and dynamic dependencies]. Details - ImportResultOutputID=6644f02e8612eba4393c66d30b9e8b83 DependenciesID=efffc5efaaf2f02d2bad2caee9743c37 StaticDependenciesID=a2bd1f9e3714a4e0056f960734b11eb9 
Asset Pipeline Refresh (id=c66b4ccf886d84fdca71589972f57932): Total: 0.015 seconds - Initiated by StopAssetImportingV2(NoUpdateAssetOptions)
Importing 'GUID: e81d61008e5334f85a1e9f98163e8a4a - Path: Assets/Janseon/Art/Characters/poc-explorer/TestPromotion-a918550bad804fbf9fd25a1a78c9cf8f/S-idle-3.png' with importer (TextureImporter)
Imported 'GUID: e81d61008e5334f85a1e9f98163e8a4a' -> (Import Result ID: '79c1057c438e92a3fcfb458c0b9ab660') in 0.001 seconds [static and dynamic dependencies]. Details - ImportResultOutputID=8266e6fd6ad953fdfbe16ab232b2649e DependenciesID=07c7c2f1e816d01b884661c8de4b248d StaticDependenciesID=3376a4c88fedc073aaf0285945a3ed27 
Asset Pipeline Refresh (id=1848f8c4cc7de488292c909f1cd2d238): Total: 0.017 seconds - Initiated by StopAssetImportingV2(NoUpdateAssetOptions)
Importing 'GUID: f5b049fa372fb42be992de6fb296ea0b - Path: Assets/Janseon/Art/Characters/poc-explorer/TestPromotion-a918550bad804fbf9fd25a1a78c9cf8f/S-walk-0.png' with importer (TextureImporter)
Imported 'GUID: f5b049fa372fb42be992de6fb296ea0b' -> (Import Result ID: '479cc9cac1d95cf4e4b09eaa2fec3913') in 0.001 seconds [static and dynamic dependencies]. Details - ImportResultOutputID=d1dbc6bd832d6ef7b7db1e8c0561ade6 DependenciesID=3f255b4bb20be16b005ccc25f02b4ab8 StaticDependenciesID=a7c3dd5475e91a0bb46efec346f66d71 
Asset Pipeline Refresh (id=19002a1cad5ea4c1b9b7c6da2c18df3f): Total: 0.015 seconds - Initiated by StopAssetImportingV2(NoUpdateAssetOptions)
Importing 'GUID: f5b049fa372fb42be992de6fb296ea0b - Path: Assets/Janseon/Art/Characters/poc-explorer/TestPromotion-a918550bad804fbf9fd25a1a78c9cf8f/S-walk-0.png' with importer (TextureImporter)
Imported 'GUID: f5b049fa372fb42be992de6fb296ea0b' -> (Import Result ID: 'a86a3e58c44721a20e4939ca445a006a') in 0.001 seconds [static and dynamic dependencies]. Details - ImportResultOutputID=48a3d60f50aec4c0e9e4210a31f32c2b DependenciesID=a8f18d673783f4f6e43ffcd68590ff54 StaticDependenciesID=2f3eb298c29a8ce92ca120270af42eab 
Asset Pipeline Refresh (id=3e6859a24c4f1491aaaa65b34acdc4bd): Total: 0.017 seconds - Initiated by StopAssetImportingV2(NoUpdateAssetOptions)
Importing 'GUID: b4970f37c7b6249ddb95aa808efddb5a - Path: Assets/Janseon/Art/Characters/poc-explorer/TestPromotion-a918550bad804fbf9fd25a1a78c9cf8f/S-walk-1.png' with importer (TextureImporter)
Imported 'GUID: b4970f37c7b6249ddb95aa808efddb5a' -> (Import Result ID: '12817526584293aefc9b4fbec0abaaf8') in 0.001 seconds [static and dynamic dependencies]. Details - ImportResultOutputID=444a2fbaeba23d3174c4e191415323bf DependenciesID=04ab871e3d8de34a6434f0055a1f5bec StaticDependenciesID=209d2d1cf7cab529f590f00dc2a26189 
Asset Pipeline Refresh (id=458bb0dec455741a4b0fd465a5c63bea): Total: 0.015 seconds - Initiated by StopAssetImportingV2(NoUpdateAssetOptions)
Importing 'GUID: b4970f37c7b6249ddb95aa808efddb5a - Path: Assets/Janseon/Art/Characters/poc-explorer/TestPromotion-a918550bad804fbf9fd25a1a78c9cf8f/S-walk-1.png' with importer (TextureImporter)
Imported 'GUID: b4970f37c7b6249ddb95aa808efddb5a' -> (Import Result ID: '8732dca03b64eb2601cc0850d76d6698') in 0.001 seconds [static and dynamic dependencies]. Details - ImportResultOutputID=a27c134e7d21635c1272f3c40ecd6f7c DependenciesID=2c9284a9c20c3558c239fd062c6e2a4b StaticDependenciesID=284ea2993dd7ff3fb494d04e3317e5db 
Asset Pipeline Refresh (id=dab61ca5ab7ab4ac3ba6964c5de8c01a): Total: 0.017 seconds - Initiated by StopAssetImportingV2(NoUpdateAssetOptions)
Importing 'GUID: 66ce3e8c899404b0e90f20f9985b59fc - Path: Assets/Janseon/Art/Characters/poc-explorer/TestPromotion-a918550bad804fbf9fd25a1a78c9cf8f/S-walk-2.png' with importer (TextureImporter)
Imported 'GUID: 66ce3e8c899404b0e90f20f9985b59fc' -> (Import Result ID: '3e2c2f6d1ae3fa2064cf18266ce980f8') in 0.001 seconds [static and dynamic dependencies]. Details - ImportResultOutputID=889a46a96dd86f6a7cb8a09f468600dc DependenciesID=ce61793e1f9b8b2cd4eb3bd42cf8ad98 StaticDependenciesID=5aaab920df425a09b0e96a231af568f2 
Asset Pipeline Refresh (id=df253c1223ebd42088e8e2df73af428c): Total: 0.015 seconds - Initiated by StopAssetImportingV2(NoUpdateAssetOptions)
Importing 'GUID: 66ce3e8c899404b0e90f20f9985b59fc - Path: Assets/Janseon/Art/Characters/poc-explorer/TestPromotion-a918550bad804fbf9fd25a1a78c9cf8f/S-walk-2.png' with importer (TextureImporter)
Imported 'GUID: 66ce3e8c899404b0e90f20f9985b59fc' -> (Import Result ID: '1e9b5577ef74a7853d94b03792735d96') in 0.001 seconds [static and dynamic dependencies]. Details - ImportResultOutputID=92a821508842965efe23b73469f057aa DependenciesID=70fb0a11650d297d17927ed97eeb4e41 StaticDependenciesID=8e2e1591b535bf88237d283a63a91f21 
Asset Pipeline Refresh (id=214211bd723704155ab93b97bf18d480): Total: 0.017 seconds - Initiated by StopAssetImportingV2(NoUpdateAssetOptions)
Importing 'GUID: b281c209fbc0f4a85918fedc908af4d3 - Path: Assets/Janseon/Art/Characters/poc-explorer/TestPromotion-a918550bad804fbf9fd25a1a78c9cf8f/S-walk-3.png' with importer (TextureImporter)
Imported 'GUID: b281c209fbc0f4a85918fedc908af4d3' -> (Import Result ID: '54dac146782e91496799d7269b823a68') in 0.001 seconds [static and dynamic dependencies]. Details - ImportResultOutputID=438abc835c5612bc387c48e2a24f21d6 DependenciesID=abcf54ad000c523e3fcffc8f49be49e9 StaticDependenciesID=0b2adade653b61c953b9f0965f684860 
Asset Pipeline Refresh (id=5a334d457b8f7422da91082c4dbfd54d): Total: 0.015 seconds - Initiated by StopAssetImportingV2(NoUpdateAssetOptions)
Importing 'GUID: b281c209fbc0f4a85918fedc908af4d3 - Path: Assets/Janseon/Art/Characters/poc-explorer/TestPromotion-a918550bad804fbf9fd25a1a78c9cf8f/S-walk-3.png' with importer (TextureImporter)
Imported 'GUID: b281c209fbc0f4a85918fedc908af4d3' -> (Import Result ID: 'f4bb4eb8eaf9a1be8cff5e0ae585e0bf') in 0.001 seconds [static and dynamic dependencies]. Details - ImportResultOutputID=925e1117245601870f30492b4636952d DependenciesID=2cecef5bfae99eb4d47c2272568cb764 StaticDependenciesID=7e7230f1f0aa17fd0e41847a8b266479 
Asset Pipeline Refresh (id=6b05391cf3a534d9c8c3710f5efc6a60): Total: 0.017 seconds - Initiated by StopAssetImportingV2(NoUpdateAssetOptions)
Importing 'GUID: a1c217af8f41a495c8734c2d3385e6ee - Path: Assets/Janseon/Art/Characters/poc-explorer/TestPromotion-a918550bad804fbf9fd25a1a78c9cf8f/S-walk-4.png' with importer (TextureImporter)
Imported 'GUID: a1c217af8f41a495c8734c2d3385e6ee' -> (Import Result ID: '0924cd832fbc03f9819a8b885b3fb111') in 0.001 seconds [static and dynamic dependencies]. Details - ImportResultOutputID=bcdc38c69fa8ccecdd58c8a4c10fee93 DependenciesID=af22a50191661cb0311da045bbde4075 StaticDependenciesID=a4d65a66c5c02afdfd1b20e87081bffb 
Asset Pipeline Refresh (id=a8b7ae97b54a6495a83218e41c763400): Total: 0.015 seconds - Initiated by StopAssetImportingV2(NoUpdateAssetOptions)
Importing 'GUID: a1c217af8f41a495c8734c2d3385e6ee - Path: Assets/Janseon/Art/Characters/poc-explorer/TestPromotion-a918550bad804fbf9fd25a1a78c9cf8f/S-walk-4.png' with importer (TextureImporter)
Imported 'GUID: a1c217af8f41a495c8734c2d3385e6ee' -> (Import Result ID: '20386bfe9460caf4e23161a222bc5c9b') in 0.001 seconds [static and dynamic dependencies]. Details - ImportResultOutputID=d2189986913e782d962d05a4991936dc DependenciesID=e9c7fe26e642758461e3584704df8c04 StaticDependenciesID=d1346aa87d9a2921889c04df5abe794f 
Asset Pipeline Refresh (id=dd54e913525ed4a9f840e554d6496b1f): Total: 0.017 seconds - Initiated by StopAssetImportingV2(NoUpdateAssetOptions)
Importing 'GUID: 664fc3ac9037a4eb3937ef442df674a3 - Path: Assets/Janseon/Art/Characters/poc-explorer/TestPromotion-a918550bad804fbf9fd25a1a78c9cf8f/S-walk-5.png' with importer (TextureImporter)
Imported 'GUID: 664fc3ac9037a4eb3937ef442df674a3' -> (Import Result ID: '220c7ab684964b68ebf640698dc36222') in 0.001 seconds [static and dynamic dependencies]. Details - ImportResultOutputID=cb3000941dfd08701483fb79fc476e6c DependenciesID=a7df47a2f6754b22c81ef566e4a8e0f4 StaticDependenciesID=13ed9cced930c896f13a41ad107c020c 
Asset Pipeline Refresh (id=120595ad881d047439ccd4e5a8803dab): Total: 0.015 seconds - Initiated by StopAssetImportingV2(NoUpdateAssetOptions)
Importing 'GUID: 664fc3ac9037a4eb3937ef442df674a3 - Path: Assets/Janseon/Art/Characters/poc-explorer/TestPromotion-a918550bad804fbf9fd25a1a78c9cf8f/S-walk-5.png' with importer (TextureImporter)
Imported 'GUID: 664fc3ac9037a4eb3937ef442df674a3' -> (Import Result ID: '7e97f7745ac20b4781d8052098749543') in 0.001 seconds [static and dynamic dependencies]. Details - ImportResultOutputID=25da2eb48c88243b56d5b2dc3a27230a DependenciesID=4da5f92906cee875e324642a307e3fe8 StaticDependenciesID=ccfedecc5e6b73f210e97abe5237030a 
Asset Pipeline Refresh (id=92771cf5409544fc8970a1e99e79a904): Total: 0.017 seconds - Initiated by StopAssetImportingV2(NoUpdateAssetOptions)
Importing 'GUID: c9c011f3ea730476d8cdddd3c500c70f - Path: Assets/Janseon/Art/Characters/poc-explorer/TestPromotion-a918550bad804fbf9fd25a1a78c9cf8f/S-attack-0.png' with importer (TextureImporter)
Imported 'GUID: c9c011f3ea730476d8cdddd3c500c70f' -> (Import Result ID: '67c5a81600e5c3a73c7e883c8ddef0d1') in 0.001 seconds [static and dynamic dependencies]. Details - ImportResultOutputID=145dbd2c97b15164e26f2701fee611dd DependenciesID=a318bd10cceb686e73c112025722e2b8 StaticDependenciesID=4473dfe8de51d77fccde4fd7762908d1 
Asset Pipeline Refresh (id=f0def05c54afa493db63c9aa1b25eedb): Total: 0.015 seconds - Initiated by StopAssetImportingV2(NoUpdateAssetOptions)
Importing 'GUID: c9c011f3ea730476d8cdddd3c500c70f - Path: Assets/Janseon/Art/Characters/poc-explorer/TestPromotion-a918550bad804fbf9fd25a1a78c9cf8f/S-attack-0.png' with importer (TextureImporter)
Imported 'GUID: c9c011f3ea730476d8cdddd3c500c70f' -> (Import Result ID: 'f91a4d425109f4290fd4232a609623db') in 0.001 seconds [static and dynamic dependencies]. Details - ImportResultOutputID=784ed3e0b8bfbf3041548b48fcfb7d63 DependenciesID=8b93364846419ca4f4b5966e5198565f StaticDependenciesID=3dee92a567f4444b085558910468e1cf 
Asset Pipeline Refresh (id=5582d20713ca94c3c8e5caa50a5a728b): Total: 0.018 seconds - Initiated by StopAssetImportingV2(NoUpdateAssetOptions)
Importing 'GUID: c41bc2118341e4bdeac66b9a93573343 - Path: Assets/Janseon/Art/Characters/poc-explorer/TestPromotion-a918550bad804fbf9fd25a1a78c9cf8f/S-attack-1.png' with importer (TextureImporter)
Imported 'GUID: c41bc2118341e4bdeac66b9a93573343' -> (Import Result ID: '8e5f2aace9f81e8578a14b0e69fbcc10') in 0.001 seconds [static and dynamic dependencies]. Details - ImportResultOutputID=5c6b77a74b1f3f7f38cc23181bb87f44 DependenciesID=e10fc525cbd7386d9f3126a1380c0b86 StaticDependenciesID=7440adf68a3ec3d6dcc5d19ce594bfa9 
Asset Pipeline Refresh (id=4452188372f3a49d1b243bfbf8ec7fea): Total: 0.015 seconds - Initiated by StopAssetImportingV2(NoUpdateAssetOptions)
Importing 'GUID: c41bc2118341e4bdeac66b9a93573343 - Path: Assets/Janseon/Art/Characters/poc-explorer/TestPromotion-a918550bad804fbf9fd25a1a78c9cf8f/S-attack-1.png' with importer (TextureImporter)
Imported 'GUID: c41bc2118341e4bdeac66b9a93573343' -> (Import Result ID: '5417c9dd9098f175b9c20d03addacb26') in 0.001 seconds [static and dynamic dependencies]. Details - ImportResultOutputID=89ccd94c856b06e4096e20717f0dda12 DependenciesID=77af5703704a546d14a99cbe7d290a81 StaticDependenciesID=0fe69751ac792d2a1a1f7b6b216f8561 
Asset Pipeline Refresh (id=5f6ea870038cd42deac138c4ee3f1809): Total: 0.017 seconds - Initiated by StopAssetImportingV2(NoUpdateAssetOptions)
Importing 'GUID: 368ab8e4ef8a940d58fb1e4f4d854f16 - Path: Assets/Janseon/Art/Characters/poc-explorer/TestPromotion-a918550bad804fbf9fd25a1a78c9cf8f/S-attack-2.png' with importer (TextureImporter)
Imported 'GUID: 368ab8e4ef8a940d58fb1e4f4d854f16' -> (Import Result ID: 'cb00e2a96779404cfa74596466ccdb08') in 0.001 seconds [static and dynamic dependencies]. Details - ImportResultOutputID=2ce958c85e5ffd4d13780a251a2f9877 DependenciesID=d5bea55073836f103c1c32e2c1ee5dac StaticDependenciesID=40699e1ec3aa55a831a2913b12986c5a 
Asset Pipeline Refresh (id=5e35139529e61472f948a4d9f0c0876a): Total: 0.015 seconds - Initiated by StopAssetImportingV2(NoUpdateAssetOptions)
Importing 'GUID: 368ab8e4ef8a940d58fb1e4f4d854f16 - Path: Assets/Janseon/Art/Characters/poc-explorer/TestPromotion-a918550bad804fbf9fd25a1a78c9cf8f/S-attack-2.png' with importer (TextureImporter)
Imported 'GUID: 368ab8e4ef8a940d58fb1e4f4d854f16' -> (Import Result ID: '182585fefaa7e0fa372d4627f51bdd0a') in 0.001 seconds [static and dynamic dependencies]. Details - ImportResultOutputID=f2e67db3007945cedffe55123611a874 DependenciesID=79abdd9d281e04dbc5dbc947d25173ed StaticDependenciesID=b4a2db4b851ba9eb7435ccfd230555c1 
Asset Pipeline Refresh (id=a1303fd389d764b2ca144ac57dc38534): Total: 0.017 seconds - Initiated by StopAssetImportingV2(NoUpdateAssetOptions)
Importing 'GUID: 70893e9499aa5457f8214abbf955bf1b - Path: Assets/Janseon/Art/Characters/poc-explorer/TestPromotion-a918550bad804fbf9fd25a1a78c9cf8f/S-attack-3.png' with importer (TextureImporter)
Imported 'GUID: 70893e9499aa5457f8214abbf955bf1b' -> (Import Result ID: '56eabcbe31e2d963ed17d5455970b0ef') in 0.001 seconds [static and dynamic dependencies]. Details - ImportResultOutputID=79f17fbed968ee74e60c5ffca839a743 DependenciesID=64f6152300ba1c2e7053e34e0d0b9973 StaticDependenciesID=e3ea7c987d68cc6c66dd0a9dfd76609d 
Asset Pipeline Refresh (id=441e7ff84024448cdabcbf3b58f88c26): Total: 0.015 seconds - Initiated by StopAssetImportingV2(NoUpdateAssetOptions)
Importing 'GUID: 70893e9499aa5457f8214abbf955bf1b - Path: Assets/Janseon/Art/Characters/poc-explorer/TestPromotion-a918550bad804fbf9fd25a1a78c9cf8f/S-attack-3.png' with importer (TextureImporter)
Imported 'GUID: 70893e9499aa5457f8214abbf955bf1b' -> (Import Result ID: 'c76f830909ff70ba7225c2d9140420d5') in 0.001 seconds [static and dynamic dependencies]. Details - ImportResultOutputID=06100013f9f6cc64f6e699a711a7c1df DependenciesID=0b1c01868588d61d1b45d165ecc511b7 StaticDependenciesID=b3587997d5752e05c2e41708ed69b419 
Asset Pipeline Refresh (id=a878f2e89e1674f6a879e0757441cf41): Total: 0.017 seconds - Initiated by StopAssetImportingV2(NoUpdateAssetOptions)
Importing 'GUID: c86bb53246e6c4afd9eb811c7f531d2f - Path: Assets/Janseon/Art/Characters/poc-explorer/TestPromotion-a918550bad804fbf9fd25a1a78c9cf8f/S-attack-4.png' with importer (TextureImporter)
Imported 'GUID: c86bb53246e6c4afd9eb811c7f531d2f' -> (Import Result ID: 'dd5191947b2f99eec52884b08bffa722') in 0.001 seconds [static and dynamic dependencies]. Details - ImportResultOutputID=506ce2f3f6322897f6bca7db8b9dc5a5 DependenciesID=9a5547874a490cf61d61c6934311d2b0 StaticDependenciesID=1461d397278cd74de917bb98cad7ea3b 
Asset Pipeline Refresh (id=0607f2b8a919e488a8522a7f7c96818b): Total: 0.015 seconds - Initiated by StopAssetImportingV2(NoUpdateAssetOptions)
Importing 'GUID: c86bb53246e6c4afd9eb811c7f531d2f - Path: Assets/Janseon/Art/Characters/poc-explorer/TestPromotion-a918550bad804fbf9fd25a1a78c9cf8f/S-attack-4.png' with importer (TextureImporter)
Imported 'GUID: c86bb53246e6c4afd9eb811c7f531d2f' -> (Import Result ID: '8e9ee797d88272582ad7931cc5bd78fe') in 0.001 seconds [static and dynamic dependencies]. Details - ImportResultOutputID=67ff27d75e74520d4b84c77339a97bd4 DependenciesID=6c55dd4289a086d2e9f35ec0bef29add StaticDependenciesID=0b0e831a3f4494b64477873ae839458a 
Asset Pipeline Refresh (id=3d2199dd9edd54310b892694c7d2cd33): Total: 0.017 seconds - Initiated by StopAssetImportingV2(NoUpdateAssetOptions)
Importing 'GUID: b709d036922a647e4a6e3b612009206e - Path: Assets/Janseon/Art/Characters/poc-explorer/TestPromotion-a918550bad804fbf9fd25a1a78c9cf8f/S-attack-5.png' with importer (TextureImporter)
Imported 'GUID: b709d036922a647e4a6e3b612009206e' -> (Import Result ID: 'e1442e8cd91f3d9920414faef2b0a12d') in 0.001 seconds [static and dynamic dependencies]. Details - ImportResultOutputID=3af1ca2659a6b658e5764086e7ffefb1 DependenciesID=c0c7731d0e48ecf943b290041b69ed3f StaticDependenciesID=f0767e7ef2c1a31122cda3a41a4fe726 
Asset Pipeline Refresh (id=654ba8aab99824780a5f0f07cf54e0a0): Total: 0.014 seconds - Initiated by StopAssetImportingV2(NoUpdateAssetOptions)
Importing 'GUID: b709d036922a647e4a6e3b612009206e - Path: Assets/Janseon/Art/Characters/poc-explorer/TestPromotion-a918550bad804fbf9fd25a1a78c9cf8f/S-attack-5.png' with importer (TextureImporter)
Imported 'GUID: b709d036922a647e4a6e3b612009206e' -> (Import Result ID: 'dbdc6bc2c70f1845e1f828733d020649') in 0.001 seconds [static and dynamic dependencies]. Details - ImportResultOutputID=611e4d52575e615c84f4c0c9ff64db6b DependenciesID=9e5249dcf0ce0c7082316d27a43c57e5 StaticDependenciesID=8e089b79e996da23c990de50ef04c5eb 
Asset Pipeline Refresh (id=ab8df69b3c42c44b7a4d60e7f2f5ec68): Total: 0.019 seconds - Initiated by StopAssetImportingV2(NoUpdateAssetOptions)
Importing 'GUID: 0113c4c7c867246d9a532165efe3daa2 - Path: Assets/Janseon/Art/Characters/poc-explorer/TestPromotion-a918550bad804fbf9fd25a1a78c9cf8f/S-hit-0.png' with importer (TextureImporter)
Imported 'GUID: 0113c4c7c867246d9a532165efe3daa2' -> (Import Result ID: '3d2d56cf1e3a1095cefc7763f7023e95') in 0.001 seconds [static and dynamic dependencies]. Details - ImportResultOutputID=abd78215c271d1205571f056eb2009a8 DependenciesID=2422d1f556bd671b947d5d00841ac8a5 StaticDependenciesID=ee0d972a44530890b6f0e0ce2fd522ee 
Asset Pipeline Refresh (id=cb9617a7ccf0b4602adafeab113b2c2f): Total: 0.015 seconds - Initiated by StopAssetImportingV2(NoUpdateAssetOptions)
Importing 'GUID: 0113c4c7c867246d9a532165efe3daa2 - Path: Assets/Janseon/Art/Characters/poc-explorer/TestPromotion-a918550bad804fbf9fd25a1a78c9cf8f/S-hit-0.png' with importer (TextureImporter)
Imported 'GUID: 0113c4c7c867246d9a532165efe3daa2' -> (Import Result ID: 'e05a3eba54cc4bad101d6d0945105554') in 0.001 seconds [static and dynamic dependencies]. Details - ImportResultOutputID=7e4ce88f47cebd143b3cdf90004f0fa0 DependenciesID=d4724277e6e309379c2776c83662258f StaticDependenciesID=464af95691455aa5848dceb5b45578d5 
Asset Pipeline Refresh (id=7740e130fbab24c57910251228dfc5f6): Total: 0.017 seconds - Initiated by StopAssetImportingV2(NoUpdateAssetOptions)
Importing 'GUID: 8f500e55bdf7646ae8b304d5938c7b8d - Path: Assets/Janseon/Art/Characters/poc-explorer/TestPromotion-a918550bad804fbf9fd25a1a78c9cf8f/S-hit-1.png' with importer (TextureImporter)
Imported 'GUID: 8f500e55bdf7646ae8b304d5938c7b8d' -> (Import Result ID: '803e5731bf141c5541935a309b64f15d') in 0.001 seconds [static and dynamic dependencies]. Details - ImportResultOutputID=dbb4bb64f5999835e39e4fad6b1ba4b8 DependenciesID=3ba8788e5759458eb00c61e4a058fc4c StaticDependenciesID=34978d8138562f1b5944be1a8e2ffbfb 
Asset Pipeline Refresh (id=95d36395aae704a8eac2d45220f08dfb): Total: 0.015 seconds - Initiated by StopAssetImportingV2(NoUpdateAssetOptions)
Importing 'GUID: 8f500e55bdf7646ae8b304d5938c7b8d - Path: Assets/Janseon/Art/Characters/poc-explorer/TestPromotion-a918550bad804fbf9fd25a1a78c9cf8f/S-hit-1.png' with importer (TextureImporter)
Imported 'GUID: 8f500e55bdf7646ae8b304d5938c7b8d' -> (Import Result ID: 'c1eb57b9d27c71f0ec2352e427d0dea7') in 0.001 seconds [static and dynamic dependencies]. Details - ImportResultOutputID=754ebc54b1da1c89335eb124f94f2087 DependenciesID=c646581d027bf64992a7762ec7077493 StaticDependenciesID=1ad05c565976a5e44154b0cfae34b3e5 
Asset Pipeline Refresh (id=c2310a1732e1b404da5b089ef3f73926): Total: 0.017 seconds - Initiated by StopAssetImportingV2(NoUpdateAssetOptions)
Importing 'GUID: 76cd3eb4cbd5b422eb6bbb02ed3506d6 - Path: Assets/Janseon/Art/Characters/poc-explorer/TestPromotion-a918550bad804fbf9fd25a1a78c9cf8f/S-hit-2.png' with importer (TextureImporter)
Imported 'GUID: 76cd3eb4cbd5b422eb6bbb02ed3506d6' -> (Import Result ID: '4e642f11bda419b8892b79d1de430ef7') in 0.001 seconds [static and dynamic dependencies]. Details - ImportResultOutputID=75adc3a69c1c1a4dfde209365c874f89 DependenciesID=149feb4991d7e344391f0c861c9097f7 StaticDependenciesID=23bfaa736f1fb1c5aea29e3fb507ed19 
Asset Pipeline Refresh (id=b31ef7b87e8d44357bdd20bbb0db6f68): Total: 0.015 seconds - Initiated by StopAssetImportingV2(NoUpdateAssetOptions)
Importing 'GUID: 76cd3eb4cbd5b422eb6bbb02ed3506d6 - Path: Assets/Janseon/Art/Characters/poc-explorer/TestPromotion-a918550bad804fbf9fd25a1a78c9cf8f/S-hit-2.png' with importer (TextureImporter)
Imported 'GUID: 76cd3eb4cbd5b422eb6bbb02ed3506d6' -> (Import Result ID: 'd5e8cf5ca82a5bcba65f5d95996cf8db') in 0.001 seconds [static and dynamic dependencies]. Details - ImportResultOutputID=0249e1e957100a20b24054e8c4ad0523 DependenciesID=08b6b0384043f6b07afd8d28ceebe881 StaticDependenciesID=ffca274d1168a6d6d88fc2ef2a4294dd 
Asset Pipeline Refresh (id=930cd63e93f134c189684be02154c094): Total: 0.017 seconds - Initiated by StopAssetImportingV2(NoUpdateAssetOptions)
Importing 'GUID: 31451b4733d8e4075a56a401bcbd6653 - Path: Assets/Janseon/Art/Characters/poc-explorer/TestPromotion-a918550bad804fbf9fd25a1a78c9cf8f/S-down-0.png' with importer (TextureImporter)
Imported 'GUID: 31451b4733d8e4075a56a401bcbd6653' -> (Import Result ID: 'd005e2db9f7ef3b5c2968c016cff25b7') in 0.001 seconds [static and dynamic dependencies]. Details - ImportResultOutputID=ebb3b94e11ff262993edf3aa0d8ce6e0 DependenciesID=a86db09020529f067ef28a4c861a08ae StaticDependenciesID=e818dfaaa67e93056cd4e90ecfd10ffd 
Asset Pipeline Refresh (id=7188d220c33bb49178a3d9e315100150): Total: 0.015 seconds - Initiated by StopAssetImportingV2(NoUpdateAssetOptions)
Importing 'GUID: 31451b4733d8e4075a56a401bcbd6653 - Path: Assets/Janseon/Art/Characters/poc-explorer/TestPromotion-a918550bad804fbf9fd25a1a78c9cf8f/S-down-0.png' with importer (TextureImporter)
Imported 'GUID: 31451b4733d8e4075a56a401bcbd6653' -> (Import Result ID: '344543d015b7d1df79ee7c90c910b231') in 0.001 seconds [static and dynamic dependencies]. Details - ImportResultOutputID=407777b4139c25ebf3a9f583ef5b222c DependenciesID=d4d5659b7e626d0d19f0ab2ac9c05c44 StaticDependenciesID=909243594b9379d3537cd56cdc5e022e 
Asset Pipeline Refresh (id=a71c3ba60f43a45f696ba71d11097aa9): Total: 0.017 seconds - Initiated by StopAssetImportingV2(NoUpdateAssetOptions)
Importing 'GUID: 23037b4fed99f40be96064ff76da8e09 - Path: Assets/Janseon/Art/Characters/poc-explorer/TestPromotion-a918550bad804fbf9fd25a1a78c9cf8f/S-down-1.png' with importer (TextureImporter)
Imported 'GUID: 23037b4fed99f40be96064ff76da8e09' -> (Import Result ID: '24974f67f8b59e5948c50b6498c38ee0') in 0.001 seconds [static and dynamic dependencies]. Details - ImportResultOutputID=dd0aa17339dcb1c449b38ce1ab230b83 DependenciesID=b54f63388a3637c894834e576c126a1c StaticDependenciesID=b30f1119ba1dd54b93fc83d77ceb2cb9 
Asset Pipeline Refresh (id=8eceda540eabb4fd7a402c939886df9d): Total: 0.014 seconds - Initiated by StopAssetImportingV2(NoUpdateAssetOptions)
Importing 'GUID: 23037b4fed99f40be96064ff76da8e09 - Path: Assets/Janseon/Art/Characters/poc-explorer/TestPromotion-a918550bad804fbf9fd25a1a78c9cf8f/S-down-1.png' with importer (TextureImporter)
Imported 'GUID: 23037b4fed99f40be96064ff76da8e09' -> (Import Result ID: '751fd86c9cee33241c031666e2fa10f3') in 0.001 seconds [static and dynamic dependencies]. Details - ImportResultOutputID=f70639d1ddb63b64f4ae05f688417572 DependenciesID=3c404c2007dd1fb00780d3b01d288fbc StaticDependenciesID=5bcbfe72873e68affe1d8da49a9b6a07 
Asset Pipeline Refresh (id=d69f1124b3bc34abda1fc29cfee462cb): Total: 0.017 seconds - Initiated by StopAssetImportingV2(NoUpdateAssetOptions)
Importing 'GUID: 5f27187d5e2d3416e8451094b3932fb3 - Path: Assets/Janseon/Art/Characters/poc-explorer/TestPromotion-a918550bad804fbf9fd25a1a78c9cf8f/S-down-2.png' with importer (TextureImporter)
Imported 'GUID: 5f27187d5e2d3416e8451094b3932fb3' -> (Import Result ID: 'c68298de96614553ebd2eb49d68dc8e7') in 0.001 seconds [static and dynamic dependencies]. Details - ImportResultOutputID=e27242c3db6298691d8e5aa0d786c686 DependenciesID=550f42f0b55f3aebad9d8fe9144e7541 StaticDependenciesID=3185908578829a71ead8903f7f26451a 
Asset Pipeline Refresh (id=a78f16468c9764a76a1fe7ae858bff85): Total: 0.015 seconds - Initiated by StopAssetImportingV2(NoUpdateAssetOptions)
Importing 'GUID: 5f27187d5e2d3416e8451094b3932fb3 - Path: Assets/Janseon/Art/Characters/poc-explorer/TestPromotion-a918550bad804fbf9fd25a1a78c9cf8f/S-down-2.png' with importer (TextureImporter)
Imported 'GUID: 5f27187d5e2d3416e8451094b3932fb3' -> (Import Result ID: 'f116168cb1e45e9d403eb3e3daab69c6') in 0.001 seconds [static and dynamic dependencies]. Details - ImportResultOutputID=ee97bde428b6adde833f3f5b2ac7e3db DependenciesID=42f924f742bc27eb4eefe734237f4690 StaticDependenciesID=3ab3cb81e24e6b4d201dd8b789442699 
Asset Pipeline Refresh (id=1359b4bfea49b472bbbbcf01a2bd725f): Total: 0.017 seconds - Initiated by StopAssetImportingV2(NoUpdateAssetOptions)
Importing 'GUID: 40d2d2687faa24cbf99efc41591cf7d7 - Path: Assets/Janseon/Art/Characters/poc-explorer/TestPromotion-a918550bad804fbf9fd25a1a78c9cf8f/S-down-3.png' with importer (TextureImporter)
Imported 'GUID: 40d2d2687faa24cbf99efc41591cf7d7' -> (Import Result ID: '735e781e18301adeaae1103c347c82f5') in 0.001 seconds [static and dynamic dependencies]. Details - ImportResultOutputID=3565cfc550d26d80f82bd081d3fbe29d DependenciesID=89f88149005eff4a1fd240a37e4c3b31 StaticDependenciesID=d33c053f4863cb11372d7a8c0c4147b8 
Asset Pipeline Refresh (id=346bddc1dd98b495b9cfffdc72de049f): Total: 0.015 seconds - Initiated by StopAssetImportingV2(NoUpdateAssetOptions)
Importing 'GUID: 40d2d2687faa24cbf99efc41591cf7d7 - Path: Assets/Janseon/Art/Characters/poc-explorer/TestPromotion-a918550bad804fbf9fd25a1a78c9cf8f/S-down-3.png' with importer (TextureImporter)
Imported 'GUID: 40d2d2687faa24cbf99efc41591cf7d7' -> (Import Result ID: '7a2e9ec2d1a0145b2be9b1cffdfbb207') in 0.001 seconds [static and dynamic dependencies]. Details - ImportResultOutputID=1815fe54e90f76da91dc2d7a655b064c DependenciesID=aae3d539cf74c2fdc9a04123e24a412c StaticDependenciesID=736fa60e40493cfcb4b53ec2d181ac23 
Asset Pipeline Refresh (id=5a97629a30be9499d90a246881f8fd9c): Total: 0.017 seconds - Initiated by StopAssetImportingV2(NoUpdateAssetOptions)
Importing 'GUID: 9fc589cd9c6174045bee76f5ed5de62f - Path: Assets/Janseon/Art/Characters/poc-explorer/TestPromotion-a918550bad804fbf9fd25a1a78c9cf8f/W-idle-0.png' with importer (TextureImporter)
Imported 'GUID: 9fc589cd9c6174045bee76f5ed5de62f' -> (Import Result ID: 'b89304ec9ae35138798eb43daf38dd54') in 0.001 seconds [static and dynamic dependencies]. Details - ImportResultOutputID=b919bc7635a49c329d4b7ab4784a73fb DependenciesID=6bf651ff9179a0f9727b0ac75e555285 StaticDependenciesID=12d0c2cef965642147f0409a6593db2d 
Asset Pipeline Refresh (id=2b7a43d5864574d6894712a1b78ade8b): Total: 0.015 seconds - Initiated by StopAssetImportingV2(NoUpdateAssetOptions)
Importing 'GUID: 9fc589cd9c6174045bee76f5ed5de62f - Path: Assets/Janseon/Art/Characters/poc-explorer/TestPromotion-a918550bad804fbf9fd25a1a78c9cf8f/W-idle-0.png' with importer (TextureImporter)
Imported 'GUID: 9fc589cd9c6174045bee76f5ed5de62f' -> (Import Result ID: '8c7ea309a8c3480c3f0847194acb8fa7') in 0.001 seconds [static and dynamic dependencies]. Details - ImportResultOutputID=4d968a57c9442ac0a821969b24c3753d DependenciesID=edff1d765af44f168a57fa6afe05f6f6 StaticDependenciesID=a0fe4300fa27c99e9d659a8a73c12f94 
Asset Pipeline Refresh (id=30d277ab9fdb044278755d372585b344): Total: 0.017 seconds - Initiated by StopAssetImportingV2(NoUpdateAssetOptions)
Importing 'GUID: b923142668029448ea3de85208069454 - Path: Assets/Janseon/Art/Characters/poc-explorer/TestPromotion-a918550bad804fbf9fd25a1a78c9cf8f/W-idle-1.png' with importer (TextureImporter)
Imported 'GUID: b923142668029448ea3de85208069454' -> (Import Result ID: '12f8855b8330580632a89ee9987d0f00') in 0.001 seconds [static and dynamic dependencies]. Details - ImportResultOutputID=48b57c3aef4aec0cd0bab68bb23bfd4a DependenciesID=c819f093796766c0fbd77abe9ec444b1 StaticDependenciesID=376c1326b833b16eda7a26376f539c5b 
Asset Pipeline Refresh (id=64a3ee3efc61a4e0db8336c6834598cc): Total: 0.014 seconds - Initiated by StopAssetImportingV2(NoUpdateAssetOptions)
Importing 'GUID: b923142668029448ea3de85208069454 - Path: Assets/Janseon/Art/Characters/poc-explorer/TestPromotion-a918550bad804fbf9fd25a1a78c9cf8f/W-idle-1.png' with importer (TextureImporter)
Imported 'GUID: b923142668029448ea3de85208069454' -> (Import Result ID: '386422e3804e8d8d56acf0fc67a4dc89') in 0.001 seconds [static and dynamic dependencies]. Details - ImportResultOutputID=f2d1786ae19ad9355b8131e246944c6b DependenciesID=ededdfc75290fbe8411ba2ed5db6680d StaticDependenciesID=22ed84ec1fa73312a3103f4b753762be 
Asset Pipeline Refresh (id=b88af41d55c2548c391dd6f57dcee26d): Total: 0.016 seconds - Initiated by StopAssetImportingV2(NoUpdateAssetOptions)
Importing 'GUID: 3b4f76e41a4de44b788dd76238776362 - Path: Assets/Janseon/Art/Characters/poc-explorer/TestPromotion-a918550bad804fbf9fd25a1a78c9cf8f/W-idle-2.png' with importer (TextureImporter)
Imported 'GUID: 3b4f76e41a4de44b788dd76238776362' -> (Import Result ID: 'ad60cdbfb3b1cf0f62768cad2ba3c803') in 0.001 seconds [static and dynamic dependencies]. Details - ImportResultOutputID=1f0e5c9ac1255e45a9cfb9a159cdcdff DependenciesID=37c9f9f5c154abccde200b0f9e097d12 StaticDependenciesID=224db1bd97e7a4f266be7dcd6b139642 
Asset Pipeline Refresh (id=9c404b7a35d754dc587c483f96e75205): Total: 0.015 seconds - Initiated by StopAssetImportingV2(NoUpdateAssetOptions)
Importing 'GUID: 3b4f76e41a4de44b788dd76238776362 - Path: Assets/Janseon/Art/Characters/poc-explorer/TestPromotion-a918550bad804fbf9fd25a1a78c9cf8f/W-idle-2.png' with importer (TextureImporter)
Imported 'GUID: 3b4f76e41a4de44b788dd76238776362' -> (Import Result ID: '7250d3d4de29f62a245fa72421a34650') in 0.001 seconds [static and dynamic dependencies]. Details - ImportResultOutputID=ef79950c5eeeb068bbabd4ad332ac9cf DependenciesID=44417299afd1c2bc16d19f08a2765996 StaticDependenciesID=500c3c80b2b85258fc847cd6117d4c1f 
Asset Pipeline Refresh (id=9f8c2db431c244cd995b2ec88bedc4bd): Total: 0.017 seconds - Initiated by StopAssetImportingV2(NoUpdateAssetOptions)
Importing 'GUID: cfe36397eabb144ffaba52f8b6646fa0 - Path: Assets/Janseon/Art/Characters/poc-explorer/TestPromotion-a918550bad804fbf9fd25a1a78c9cf8f/W-idle-3.png' with importer (TextureImporter)
Imported 'GUID: cfe36397eabb144ffaba52f8b6646fa0' -> (Import Result ID: '1fce63611f3ac4820fdd092a9ce5af9c') in 0.001 seconds [static and dynamic dependencies]. Details - ImportResultOutputID=5010eab8b7245a0bac831fc1832c51cd DependenciesID=d43f5930d276706d65e999d011c8ff51 StaticDependenciesID=f949f944fd516554bd663bdfab54ca28 
Asset Pipeline Refresh (id=4f5a2bf499bce429f9a9143cdc698f8a): Total: 0.015 seconds - Initiated by StopAssetImportingV2(NoUpdateAssetOptions)
Importing 'GUID: cfe36397eabb144ffaba52f8b6646fa0 - Path: Assets/Janseon/Art/Characters/poc-explorer/TestPromotion-a918550bad804fbf9fd25a1a78c9cf8f/W-idle-3.png' with importer (TextureImporter)
Imported 'GUID: cfe36397eabb144ffaba52f8b6646fa0' -> (Import Result ID: 'b1c834df4f8ea5686f530da1e4d4ef53') in 0.001 seconds [static and dynamic dependencies]. Details - ImportResultOutputID=02b41e705dc0c9c0a07b89e0fb4d5205 DependenciesID=2b860a4282df0ad5904234a5e4b2d350 StaticDependenciesID=950bb99e4873b5338252b11988888ecb 
Asset Pipeline Refresh (id=6c4f723a1b10844c9ad9f7672d1408cf): Total: 0.017 seconds - Initiated by StopAssetImportingV2(NoUpdateAssetOptions)
Importing 'GUID: 378b2b65901f0426fb28ce2c483995f5 - Path: Assets/Janseon/Art/Characters/poc-explorer/TestPromotion-a918550bad804fbf9fd25a1a78c9cf8f/W-walk-0.png' with importer (TextureImporter)
Imported 'GUID: 378b2b65901f0426fb28ce2c483995f5' -> (Import Result ID: 'b8f19b5f7f0088fef333496976c8efd3') in 0.001 seconds [static and dynamic dependencies]. Details - ImportResultOutputID=1de3c22183539a1a1dc79d727477b631 DependenciesID=78846ffeac1ffb59a43fd44f5c5f5f08 StaticDependenciesID=a422dfef8b9d4561d3c6c20eeb72cb47 
Asset Pipeline Refresh (id=b8390bf14715e4acaabd416149fc5390): Total: 0.015 seconds - Initiated by StopAssetImportingV2(NoUpdateAssetOptions)
Importing 'GUID: 378b2b65901f0426fb28ce2c483995f5 - Path: Assets/Janseon/Art/Characters/poc-explorer/TestPromotion-a918550bad804fbf9fd25a1a78c9cf8f/W-walk-0.png' with importer (TextureImporter)
Imported 'GUID: 378b2b65901f0426fb28ce2c483995f5' -> (Import Result ID: 'd17499a3471a5f998c3dedb091bc9a88') in 0.001 seconds [static and dynamic dependencies]. Details - ImportResultOutputID=a5d072c4ff1402f4a1e33c92caa8d127 DependenciesID=1622b16b6766c57dec432f1816af963e StaticDependenciesID=66dfe962b8ece1258c82e01587b1ed44 
Asset Pipeline Refresh (id=22d91b3eee08b4ecabee4b70bf8d41d0): Total: 0.017 seconds - Initiated by StopAssetImportingV2(NoUpdateAssetOptions)
Importing 'GUID: 3e5d6d14bba1e496ca8c8b6c6d285ad3 - Path: Assets/Janseon/Art/Characters/poc-explorer/TestPromotion-a918550bad804fbf9fd25a1a78c9cf8f/W-walk-1.png' with importer (TextureImporter)
Imported 'GUID: 3e5d6d14bba1e496ca8c8b6c6d285ad3' -> (Import Result ID: '2ed76703ec7c6093be783693cf242d88') in 0.001 seconds [static and dynamic dependencies]. Details - ImportResultOutputID=99b93673aa8c8406161e2c9e0754cbf4 DependenciesID=62a1ee2ec094985633452fe9af120b91 StaticDependenciesID=b074a247836a5e26942b1dc484213497 
Asset Pipeline Refresh (id=3895411e6378142b48c0e44e73f92296): Total: 0.015 seconds - Initiated by StopAssetImportingV2(NoUpdateAssetOptions)
Importing 'GUID: 3e5d6d14bba1e496ca8c8b6c6d285ad3 - Path: Assets/Janseon/Art/Characters/poc-explorer/TestPromotion-a918550bad804fbf9fd25a1a78c9cf8f/W-walk-1.png' with importer (TextureImporter)
Imported 'GUID: 3e5d6d14bba1e496ca8c8b6c6d285ad3' -> (Import Result ID: 'cb097567395d0b037c424501fdb2fdbc') in 0.001 seconds [static and dynamic dependencies]. Details - ImportResultOutputID=3f03672dfe5fe7e36ca29ea6b82474e8 DependenciesID=f82fd45dc292da51f3dcefad0b0b5c49 StaticDependenciesID=fc2ea2bf697355ab037334324c3c7927 
Asset Pipeline Refresh (id=415d2e509058d48dda81d4e3a5d0676e): Total: 0.017 seconds - Initiated by StopAssetImportingV2(NoUpdateAssetOptions)
Importing 'GUID: 7fa6fbaf550994f0d80e2cbdd542d866 - Path: Assets/Janseon/Art/Characters/poc-explorer/TestPromotion-a918550bad804fbf9fd25a1a78c9cf8f/W-walk-2.png' with importer (TextureImporter)
Imported 'GUID: 7fa6fbaf550994f0d80e2cbdd542d866' -> (Import Result ID: 'e02169f348fc0e92a0d43b6bea7662ef') in 0.001 seconds [static and dynamic dependencies]. Details - ImportResultOutputID=aee9ce037a53d1bfe01bc1e6f7f173ab DependenciesID=4c8c36ff60295fef133159cf3b50899d StaticDependenciesID=c7ef056064c15ed012df5edadcaffd28 
Asset Pipeline Refresh (id=8c75ed95a7cef49b0b9d427d8eb30484): Total: 0.015 seconds - Initiated by StopAssetImportingV2(NoUpdateAssetOptions)
Importing 'GUID: 7fa6fbaf550994f0d80e2cbdd542d866 - Path: Assets/Janseon/Art/Characters/poc-explorer/TestPromotion-a918550bad804fbf9fd25a1a78c9cf8f/W-walk-2.png' with importer (TextureImporter)
Imported 'GUID: 7fa6fbaf550994f0d80e2cbdd542d866' -> (Import Result ID: '91809d7280740ecb60e600d692038dd7') in 0.001 seconds [static and dynamic dependencies]. Details - ImportResultOutputID=a75c0165f9411db8db0fb7e7fc4bb25f DependenciesID=b8c588c5bd23eb764e3b9e3fee2f4f80 StaticDependenciesID=a1db953ce922b4e95bf0884f338045d4 
Asset Pipeline Refresh (id=7bf8333d7fc854cfea776e15b5cda04a): Total: 0.017 seconds - Initiated by StopAssetImportingV2(NoUpdateAssetOptions)
Importing 'GUID: 2ac213205b604415dbc9c8799b5b1d54 - Path: Assets/Janseon/Art/Characters/poc-explorer/TestPromotion-a918550bad804fbf9fd25a1a78c9cf8f/W-walk-3.png' with importer (TextureImporter)
Imported 'GUID: 2ac213205b604415dbc9c8799b5b1d54' -> (Import Result ID: '6370dae1acea7696bb5b2e77e34a8fe5') in 0.001 seconds [static and dynamic dependencies]. Details - ImportResultOutputID=bd888cea17d9b0637b5387a2b2fc2d46 DependenciesID=f29e7a508764d25bd98b26f0d1680b2e StaticDependenciesID=dd811b8a7a14e63791562798c5d80bed 
Asset Pipeline Refresh (id=42d0cefd608f64dbc8d4cd2d0aea771b): Total: 0.015 seconds - Initiated by StopAssetImportingV2(NoUpdateAssetOptions)
Importing 'GUID: 2ac213205b604415dbc9c8799b5b1d54 - Path: Assets/Janseon/Art/Characters/poc-explorer/TestPromotion-a918550bad804fbf9fd25a1a78c9cf8f/W-walk-3.png' with importer (TextureImporter)
Imported 'GUID: 2ac213205b604415dbc9c8799b5b1d54' -> (Import Result ID: 'f024633cc060fedebf9d646945fdceca') in 0.001 seconds [static and dynamic dependencies]. Details - ImportResultOutputID=97c78ea44ea3e48bac12cc26bd6e6ccb DependenciesID=6536ead0c72c78c318d135570f9695d7 StaticDependenciesID=dd7776eb5cdd92be295069cdfa7f1c17 
Asset Pipeline Refresh (id=a7b1e70272326422a972eda310896d45): Total: 0.016 seconds - Initiated by StopAssetImportingV2(NoUpdateAssetOptions)
Importing 'GUID: 171c508ac7c674eab9cbb26def205034 - Path: Assets/Janseon/Art/Characters/poc-explorer/TestPromotion-a918550bad804fbf9fd25a1a78c9cf8f/W-walk-4.png' with importer (TextureImporter)
Imported 'GUID: 171c508ac7c674eab9cbb26def205034' -> (Import Result ID: '37a5d0b0ceb00bffa336e6bf7c254574') in 0.001 seconds [static and dynamic dependencies]. Details - ImportResultOutputID=4f36ddc9266ba252047668bd1bc97c50 DependenciesID=f055738f44d002a2bd86c75ae5887562 StaticDependenciesID=2eec25aaf4d465342f54ce8d72be4cbb 
Asset Pipeline Refresh (id=8af697f8bf2094a45aad6459099a4639): Total: 0.015 seconds - Initiated by StopAssetImportingV2(NoUpdateAssetOptions)
Importing 'GUID: 171c508ac7c674eab9cbb26def205034 - Path: Assets/Janseon/Art/Characters/poc-explorer/TestPromotion-a918550bad804fbf9fd25a1a78c9cf8f/W-walk-4.png' with importer (TextureImporter)
Imported 'GUID: 171c508ac7c674eab9cbb26def205034' -> (Import Result ID: '6e60da0a7aa3d9b20555e789dc2ef2c7') in 0.001 seconds [static and dynamic dependencies]. Details - ImportResultOutputID=72c15542da3fb1a49fad47b61d5c99ea DependenciesID=6ac28b8b74cf70a3b7c64c201872749f StaticDependenciesID=1d807d3dcec37c49464663bc42df972b 
Asset Pipeline Refresh (id=a81f4fac4dfef44a68258af24ab3f5d1): Total: 0.017 seconds - Initiated by StopAssetImportingV2(NoUpdateAssetOptions)
Importing 'GUID: 529c7664388ad47c7b06d6366f00f242 - Path: Assets/Janseon/Art/Characters/poc-explorer/TestPromotion-a918550bad804fbf9fd25a1a78c9cf8f/W-walk-5.png' with importer (TextureImporter)
Imported 'GUID: 529c7664388ad47c7b06d6366f00f242' -> (Import Result ID: '62e26b6ca9d369eaa1009761cc57f8ee') in 0.001 seconds [static and dynamic dependencies]. Details - ImportResultOutputID=a9e74d436324844de7ebe1bfdd981a15 DependenciesID=372f049e59daf2b3ec86136f41ab17db StaticDependenciesID=14d1f794fad86d4fc1a9c769f4c1a3ac 
Asset Pipeline Refresh (id=f4dd2f907c5604c0eaa926ae215994f4): Total: 0.015 seconds - Initiated by StopAssetImportingV2(NoUpdateAssetOptions)
Importing 'GUID: 529c7664388ad47c7b06d6366f00f242 - Path: Assets/Janseon/Art/Characters/poc-explorer/TestPromotion-a918550bad804fbf9fd25a1a78c9cf8f/W-walk-5.png' with importer (TextureImporter)
Imported 'GUID: 529c7664388ad47c7b06d6366f00f242' -> (Import Result ID: '79f9c969fffe0a7ad4f6df38fef23910') in 0.001 seconds [static and dynamic dependencies]. Details - ImportResultOutputID=08e65a1482a94bc13e7221ef6ccc609f DependenciesID=d45c6f9ee9acaebbf2fb4c0071f9afc2 StaticDependenciesID=ac3e365925c46e2b3d70dc7f2ac20505 
Asset Pipeline Refresh (id=0cbceb46e3a0e464e8a2c11f31fc34fc): Total: 0.016 seconds - Initiated by StopAssetImportingV2(NoUpdateAssetOptions)
Importing 'GUID: d47a2c1d7007040eb930b9c431366a1c - Path: Assets/Janseon/Art/Characters/poc-explorer/TestPromotion-a918550bad804fbf9fd25a1a78c9cf8f/W-attack-0.png' with importer (TextureImporter)
Imported 'GUID: d47a2c1d7007040eb930b9c431366a1c' -> (Import Result ID: 'e09685f379d30260d3d040e5aade9087') in 0.001 seconds [static and dynamic dependencies]. Details - ImportResultOutputID=4d43d1176413998bac1847d8b7101cce DependenciesID=25c5384301dc3f32a5bf65cbb1cd9ae3 StaticDependenciesID=e2e841eae5710f8a823af1f0f1265598 
Asset Pipeline Refresh (id=e4de326329e374694bc02b2c18744f50): Total: 0.015 seconds - Initiated by StopAssetImportingV2(NoUpdateAssetOptions)
Importing 'GUID: d47a2c1d7007040eb930b9c431366a1c - Path: Assets/Janseon/Art/Characters/poc-explorer/TestPromotion-a918550bad804fbf9fd25a1a78c9cf8f/W-attack-0.png' with importer (TextureImporter)
Imported 'GUID: d47a2c1d7007040eb930b9c431366a1c' -> (Import Result ID: '8616baada86b7dc264b46d5686d7f0ee') in 0.001 seconds [static and dynamic dependencies]. Details - ImportResultOutputID=80d1efd528a2aae9d377017ae4fdb0f7 DependenciesID=b8f8a4dd27d7209420ceb8314ab2c701 StaticDependenciesID=ab254b28f709bb0369118dc068b0a365 
Asset Pipeline Refresh (id=01e22cdd8491d40c09f11f5786463698): Total: 0.016 seconds - Initiated by StopAssetImportingV2(NoUpdateAssetOptions)
Importing 'GUID: 644b74e4332554043a86d399670c880f - Path: Assets/Janseon/Art/Characters/poc-explorer/TestPromotion-a918550bad804fbf9fd25a1a78c9cf8f/W-attack-1.png' with importer (TextureImporter)
Imported 'GUID: 644b74e4332554043a86d399670c880f' -> (Import Result ID: 'fb6218d836777cafa3a4f9e66134ce9c') in 0.001 seconds [static and dynamic dependencies]. Details - ImportResultOutputID=e211ad3da2c434abb0ddef0850b96956 DependenciesID=5397b55ecc793c2db1ddaf0306b5e9cc StaticDependenciesID=fd15c2eeb0b73025b9d0ff4f777c46e3 
Asset Pipeline Refresh (id=0eca2dd7821244cc3a184c98e4bd5591): Total: 0.015 seconds - Initiated by StopAssetImportingV2(NoUpdateAssetOptions)
Importing 'GUID: 644b74e4332554043a86d399670c880f - Path: Assets/Janseon/Art/Characters/poc-explorer/TestPromotion-a918550bad804fbf9fd25a1a78c9cf8f/W-attack-1.png' with importer (TextureImporter)
Imported 'GUID: 644b74e4332554043a86d399670c880f' -> (Import Result ID: '781061d034774aee40c274e52f944a85') in 0.001 seconds [static and dynamic dependencies]. Details - ImportResultOutputID=9edf2ba547c47d3695d87d702eaa5be1 DependenciesID=a5e6e881476e45202c9808afcb49d6f6 StaticDependenciesID=d49dbb08a1037e7a018de486d48d3c87 
Asset Pipeline Refresh (id=cd6adcd3aa13f406fa9610f44706fd36): Total: 0.017 seconds - Initiated by StopAssetImportingV2(NoUpdateAssetOptions)
Importing 'GUID: 629a75a32448c456c80bfdbfd57ff2ac - Path: Assets/Janseon/Art/Characters/poc-explorer/TestPromotion-a918550bad804fbf9fd25a1a78c9cf8f/W-attack-2.png' with importer (TextureImporter)
Imported 'GUID: 629a75a32448c456c80bfdbfd57ff2ac' -> (Import Result ID: '023e0b7a4b276894b098c7c1364416f2') in 0.001 seconds [static and dynamic dependencies]. Details - ImportResultOutputID=86d531061370323a1ca478c4cf2e5e2b DependenciesID=cd20a8aa8903c7aecf2b4943b790d3bf StaticDependenciesID=6b36bd1d3d5bcb4dc6a278ac669463e5 
Asset Pipeline Refresh (id=af7585900362248fe8f11439e1c0d738): Total: 0.014 seconds - Initiated by StopAssetImportingV2(NoUpdateAssetOptions)
Importing 'GUID: 629a75a32448c456c80bfdbfd57ff2ac - Path: Assets/Janseon/Art/Characters/poc-explorer/TestPromotion-a918550bad804fbf9fd25a1a78c9cf8f/W-attack-2.png' with importer (TextureImporter)
Imported 'GUID: 629a75a32448c456c80bfdbfd57ff2ac' -> (Import Result ID: '53bd2ad0c17215f1d54f51c422d7bb53') in 0.001 seconds [static and dynamic dependencies]. Details - ImportResultOutputID=6c3e366e486fc3649969ce65d6561def DependenciesID=1ded02dafabbc20653e2ad40419736fc StaticDependenciesID=4332d0e8fdebe144c7e2786810c5873b 
Asset Pipeline Refresh (id=e4380daa0c07244b7810137c54c4494e): Total: 0.017 seconds - Initiated by StopAssetImportingV2(NoUpdateAssetOptions)
Importing 'GUID: 931fa61be6af84b3f8e0070c5bb3de06 - Path: Assets/Janseon/Art/Characters/poc-explorer/TestPromotion-a918550bad804fbf9fd25a1a78c9cf8f/W-attack-3.png' with importer (TextureImporter)
Imported 'GUID: 931fa61be6af84b3f8e0070c5bb3de06' -> (Import Result ID: '652dafd51fbb39725d606e22954cbbd6') in 0.001 seconds [static and dynamic dependencies]. Details - ImportResultOutputID=63e701fdd08c2a045f5b7d740f6d53b3 DependenciesID=90775d2b3ae7ac47939f1d81080f4b45 StaticDependenciesID=f3a59a8ff76ecd2d69994f43e584df08 
Asset Pipeline Refresh (id=ee898c09ebc2b4bcf8f943a5f11180bd): Total: 0.015 seconds - Initiated by StopAssetImportingV2(NoUpdateAssetOptions)
Importing 'GUID: 931fa61be6af84b3f8e0070c5bb3de06 - Path: Assets/Janseon/Art/Characters/poc-explorer/TestPromotion-a918550bad804fbf9fd25a1a78c9cf8f/W-attack-3.png' with importer (TextureImporter)
Imported 'GUID: 931fa61be6af84b3f8e0070c5bb3de06' -> (Import Result ID: '980a069036dc1372b45d06b20dba0765') in 0.001 seconds [static and dynamic dependencies]. Details - ImportResultOutputID=595149ab19d517d2b7da8505b04537e0 DependenciesID=6b3b442d262063500838de982fc265f0 StaticDependenciesID=d4fe5300c6b17df25fc4d41756d8521f 
Asset Pipeline Refresh (id=fc3b3d335c2474ee5a36b9f2e11a264a): Total: 0.017 seconds - Initiated by StopAssetImportingV2(NoUpdateAssetOptions)
Importing 'GUID: bbb5dafe16e99400187603d52f1a632e - Path: Assets/Janseon/Art/Characters/poc-explorer/TestPromotion-a918550bad804fbf9fd25a1a78c9cf8f/W-attack-4.png' with importer (TextureImporter)
Imported 'GUID: bbb5dafe16e99400187603d52f1a632e' -> (Import Result ID: '5da1a2a634f81832a0f668488fbe609d') in 0.001 seconds [static and dynamic dependencies]. Details - ImportResultOutputID=61bff3a70aa69b03b1297034d12c1051 DependenciesID=fc48538ab980bfb885a650215b554ed3 StaticDependenciesID=5a62da471ec25d85fe3c8e78573d1815 
Asset Pipeline Refresh (id=b4b3a3bd89b4e4fa195b07ff7bf41a38): Total: 0.015 seconds - Initiated by StopAssetImportingV2(NoUpdateAssetOptions)
Importing 'GUID: bbb5dafe16e99400187603d52f1a632e - Path: Assets/Janseon/Art/Characters/poc-explorer/TestPromotion-a918550bad804fbf9fd25a1a78c9cf8f/W-attack-4.png' with importer (TextureImporter)
Imported 'GUID: bbb5dafe16e99400187603d52f1a632e' -> (Import Result ID: 'b729277956e90a3e90dcebc335dbd3ca') in 0.001 seconds [static and dynamic dependencies]. Details - ImportResultOutputID=2e3d2e88e8dacd8ca24d3373f617e707 DependenciesID=79c9fd3e7ff9a2f438972c44a2f1765e StaticDependenciesID=f1d845bc2743a4cd1f3ece20ebd49683 
Asset Pipeline Refresh (id=f449d26e90f954cdeb8753dd04ee33a4): Total: 0.017 seconds - Initiated by StopAssetImportingV2(NoUpdateAssetOptions)
Importing 'GUID: 9406bf600616d4395a48e69942156ae7 - Path: Assets/Janseon/Art/Characters/poc-explorer/TestPromotion-a918550bad804fbf9fd25a1a78c9cf8f/W-attack-5.png' with importer (TextureImporter)
Imported 'GUID: 9406bf600616d4395a48e69942156ae7' -> (Import Result ID: 'dbcb455a1f43bde8d8e7718d2b6a2e95') in 0.001 seconds [static and dynamic dependencies]. Details - ImportResultOutputID=ef303a213401199ca700007a4eda2be3 DependenciesID=c947652e6968fdf17c5041b832aa6aff StaticDependenciesID=e60738c196dab9e615458fde4dc8d7f4 
Asset Pipeline Refresh (id=3857a8a7713bf4ad4a8fb695be5fbf7f): Total: 0.015 seconds - Initiated by StopAssetImportingV2(NoUpdateAssetOptions)
Importing 'GUID: 9406bf600616d4395a48e69942156ae7 - Path: Assets/Janseon/Art/Characters/poc-explorer/TestPromotion-a918550bad804fbf9fd25a1a78c9cf8f/W-attack-5.png' with importer (TextureImporter)
Imported 'GUID: 9406bf600616d4395a48e69942156ae7' -> (Import Result ID: 'e7a15a2ad43e563ec56d43a4da073262') in 0.001 seconds [static and dynamic dependencies]. Details - ImportResultOutputID=b355269c059ccd7c271e9876441a0b75 DependenciesID=ea07a8d6b9f0166f01016b4bff1cd884 StaticDependenciesID=41b92eae91556282769703541f598339 
Asset Pipeline Refresh (id=e7afd6efc84024987ba8324874aefa00): Total: 0.017 seconds - Initiated by StopAssetImportingV2(NoUpdateAssetOptions)
Importing 'GUID: 51642226151244bf8b249917c9c83486 - Path: Assets/Janseon/Art/Characters/poc-explorer/TestPromotion-a918550bad804fbf9fd25a1a78c9cf8f/W-hit-0.png' with importer (TextureImporter)
Imported 'GUID: 51642226151244bf8b249917c9c83486' -> (Import Result ID: 'b051190e9929dd279ce9ca72b82a751e') in 0.001 seconds [static and dynamic dependencies]. Details - ImportResultOutputID=c36d832bb5593e3b02f26b48f0e27242 DependenciesID=3a2200d186ee7b0fd123b134ca99014e StaticDependenciesID=e232168d7feaa81cbde89a840124f6f2 
Asset Pipeline Refresh (id=ce93f06cf035e474a85c3b9e104fa7a5): Total: 0.015 seconds - Initiated by StopAssetImportingV2(NoUpdateAssetOptions)
Importing 'GUID: 51642226151244bf8b249917c9c83486 - Path: Assets/Janseon/Art/Characters/poc-explorer/TestPromotion-a918550bad804fbf9fd25a1a78c9cf8f/W-hit-0.png' with importer (TextureImporter)
Imported 'GUID: 51642226151244bf8b249917c9c83486' -> (Import Result ID: '2877aa3835344080b92c837e5f093bfe') in 0.001 seconds [static and dynamic dependencies]. Details - ImportResultOutputID=a68ec8ed0c0af8e5213026c25a3fecc2 DependenciesID=462b0960741bfb82bbfeae1a8bdaa1a4 StaticDependenciesID=3186a0b0e66778e337d10cebef00639b 
Asset Pipeline Refresh (id=5aa467803c8404dada7a6687e232d085): Total: 0.017 seconds - Initiated by StopAssetImportingV2(NoUpdateAssetOptions)
Importing 'GUID: 4d616eecef8a7475a997997ee2afb7c8 - Path: Assets/Janseon/Art/Characters/poc-explorer/TestPromotion-a918550bad804fbf9fd25a1a78c9cf8f/W-hit-1.png' with importer (TextureImporter)
Imported 'GUID: 4d616eecef8a7475a997997ee2afb7c8' -> (Import Result ID: '0ec42fc14831672ae1998d156fad76db') in 0.001 seconds [static and dynamic dependencies]. Details - ImportResultOutputID=c5c99e3965698a404be1302a28a6f3c9 DependenciesID=998742d1c38d60473a4caad971aae032 StaticDependenciesID=1d4d70b0eefec06c55c9ab34254efc50 
Asset Pipeline Refresh (id=111b9f962a91a4431ad4c5e6a8d7af28): Total: 0.015 seconds - Initiated by StopAssetImportingV2(NoUpdateAssetOptions)
Importing 'GUID: 4d616eecef8a7475a997997ee2afb7c8 - Path: Assets/Janseon/Art/Characters/poc-explorer/TestPromotion-a918550bad804fbf9fd25a1a78c9cf8f/W-hit-1.png' with importer (TextureImporter)
Imported 'GUID: 4d616eecef8a7475a997997ee2afb7c8' -> (Import Result ID: '02b1897c36c7869f6e9cfe59fd9efde6') in 0.001 seconds [static and dynamic dependencies]. Details - ImportResultOutputID=4e49466be7f31a579c239b21a853bc70 DependenciesID=c715c20544d7f7d69cf1fc05ceeeebdc StaticDependenciesID=7ff573a7b091e44d47ae511c612f43b9 
Asset Pipeline Refresh (id=eddb368c7aca9439e87aa6c9a1231fae): Total: 0.017 seconds - Initiated by StopAssetImportingV2(NoUpdateAssetOptions)
Importing 'GUID: 3f314dabbc35f4a45a65e478b55f3330 - Path: Assets/Janseon/Art/Characters/poc-explorer/TestPromotion-a918550bad804fbf9fd25a1a78c9cf8f/W-hit-2.png' with importer (TextureImporter)
Imported 'GUID: 3f314dabbc35f4a45a65e478b55f3330' -> (Import Result ID: '771020de38e2d78ea3b0bd7b56b5a737') in 0.001 seconds [static and dynamic dependencies]. Details - ImportResultOutputID=789b51c195b6ecf2a82c1a578c163239 DependenciesID=80e4182b45b3c50072c5886e132c16a2 StaticDependenciesID=16963f652eb8362ab655911871adbdc8 
Asset Pipeline Refresh (id=647bb359e7aea40fd974c083edf07b30): Total: 0.015 seconds - Initiated by StopAssetImportingV2(NoUpdateAssetOptions)
Importing 'GUID: 3f314dabbc35f4a45a65e478b55f3330 - Path: Assets/Janseon/Art/Characters/poc-explorer/TestPromotion-a918550bad804fbf9fd25a1a78c9cf8f/W-hit-2.png' with importer (TextureImporter)
Imported 'GUID: 3f314dabbc35f4a45a65e478b55f3330' -> (Import Result ID: '61632255bc72c065d46a8e14c65144a5') in 0.001 seconds [static and dynamic dependencies]. Details - ImportResultOutputID=322256dc5417c69b0497d25c7bf1c5a8 DependenciesID=5e5f507c5914ed6d88ae88b215b89346 StaticDependenciesID=828f399e5f819409eeb62cd7a56c3e66 
Asset Pipeline Refresh (id=7f34b7e67a8894be79eb8386a01c122a): Total: 0.018 seconds - Initiated by StopAssetImportingV2(NoUpdateAssetOptions)
Importing 'GUID: f711a0ebc489f403182bd0f831ca1721 - Path: Assets/Janseon/Art/Characters/poc-explorer/TestPromotion-a918550bad804fbf9fd25a1a78c9cf8f/W-down-0.png' with importer (TextureImporter)
Imported 'GUID: f711a0ebc489f403182bd0f831ca1721' -> (Import Result ID: '9c603bf01b78b6fecf8b2cf80144e64e') in 0.001 seconds [static and dynamic dependencies]. Details - ImportResultOutputID=f22563aa66b28822c5dd4dc5284fc9c2 DependenciesID=1aa3f4a92c052f25721a37a56ee46be3 StaticDependenciesID=dd2991870ae6ada62bf3611cd7f58a22 
Asset Pipeline Refresh (id=a17d017938e82489ba2221007184bd94): Total: 0.015 seconds - Initiated by StopAssetImportingV2(NoUpdateAssetOptions)
Importing 'GUID: f711a0ebc489f403182bd0f831ca1721 - Path: Assets/Janseon/Art/Characters/poc-explorer/TestPromotion-a918550bad804fbf9fd25a1a78c9cf8f/W-down-0.png' with importer (TextureImporter)
Imported 'GUID: f711a0ebc489f403182bd0f831ca1721' -> (Import Result ID: '415bf01bd291f5089bef950cbf88a8d8') in 0.001 seconds [static and dynamic dependencies]. Details - ImportResultOutputID=5ff41227a1c4b904c647ebd8e93af37e DependenciesID=4b34eb6a6f9b7f96863b713a71cb0c30 StaticDependenciesID=88695658901908fb3f22fce3404b9f4c 
Asset Pipeline Refresh (id=367b06108d61d4f2aad58538ca3b3d44): Total: 0.018 seconds - Initiated by StopAssetImportingV2(NoUpdateAssetOptions)
Importing 'GUID: 9c7ae954a14f047649d7b0988a0efb61 - Path: Assets/Janseon/Art/Characters/poc-explorer/TestPromotion-a918550bad804fbf9fd25a1a78c9cf8f/W-down-1.png' with importer (TextureImporter)
Imported 'GUID: 9c7ae954a14f047649d7b0988a0efb61' -> (Import Result ID: '027988035194b4ad887e885bf551e9eb') in 0.001 seconds [static and dynamic dependencies]. Details - ImportResultOutputID=ba413e1b64b3b299c17ce88d39140015 DependenciesID=16d7898799d4c147b791f1ad4e31ed94 StaticDependenciesID=8de5a8b0c4d92d1460d129091be00501 
Asset Pipeline Refresh (id=2eb2cd6d964fa4b60bbc08dbf514768d): Total: 0.016 seconds - Initiated by StopAssetImportingV2(NoUpdateAssetOptions)
Importing 'GUID: 9c7ae954a14f047649d7b0988a0efb61 - Path: Assets/Janseon/Art/Characters/poc-explorer/TestPromotion-a918550bad804fbf9fd25a1a78c9cf8f/W-down-1.png' with importer (TextureImporter)
Imported 'GUID: 9c7ae954a14f047649d7b0988a0efb61' -> (Import Result ID: 'fb7085f194906325481bef3be70aa1dc') in 0.001 seconds [static and dynamic dependencies]. Details - ImportResultOutputID=3593da40f4212efa9e302c95ebf5e715 DependenciesID=8d825ad935039bb1461d1cf93d2cc5ca StaticDependenciesID=03ddb061351ae448f6334a6dc768f2b9 
Asset Pipeline Refresh (id=eefaf378b79944378894f41c82a91ddf): Total: 0.018 seconds - Initiated by StopAssetImportingV2(NoUpdateAssetOptions)
Importing 'GUID: 5ec8d145cd89948d0b4cd9abfa18d247 - Path: Assets/Janseon/Art/Characters/poc-explorer/TestPromotion-a918550bad804fbf9fd25a1a78c9cf8f/W-down-2.png' with importer (TextureImporter)
Imported 'GUID: 5ec8d145cd89948d0b4cd9abfa18d247' -> (Import Result ID: '3f8b75f882a2308b397f9377d4653def') in 0.001 seconds [static and dynamic dependencies]. Details - ImportResultOutputID=4aa2da74519eee4e4b3216f1f76e5558 DependenciesID=bb18b49069e7020fe39c4524471f600e StaticDependenciesID=11373ed426cfda2fc67d2e901ede5450 
Asset Pipeline Refresh (id=7a29c772134554e48acb7cad77f59cf3): Total: 0.016 seconds - Initiated by StopAssetImportingV2(NoUpdateAssetOptions)
Importing 'GUID: 5ec8d145cd89948d0b4cd9abfa18d247 - Path: Assets/Janseon/Art/Characters/poc-explorer/TestPromotion-a918550bad804fbf9fd25a1a78c9cf8f/W-down-2.png' with importer (TextureImporter)
Imported 'GUID: 5ec8d145cd89948d0b4cd9abfa18d247' -> (Import Result ID: '4d08b67c91c799d493641ce248bd1252') in 0.001 seconds [static and dynamic dependencies]. Details - ImportResultOutputID=09069f02351b743cdd4be20612e28b8d DependenciesID=a98cbff9ef0d1eb360e2303bd9680e69 StaticDependenciesID=8aadbc4ab08c03df3b396a91d4b5a98a 
Asset Pipeline Refresh (id=7b0b77c667885403ebbf735c87f8c70b): Total: 0.018 seconds - Initiated by StopAssetImportingV2(NoUpdateAssetOptions)
Importing 'GUID: de2b9886f29d242ba8583db459dd5414 - Path: Assets/Janseon/Art/Characters/poc-explorer/TestPromotion-a918550bad804fbf9fd25a1a78c9cf8f/W-down-3.png' with importer (TextureImporter)
Imported 'GUID: de2b9886f29d242ba8583db459dd5414' -> (Import Result ID: 'fd7394dedb0036b1bd3891df71accec3') in 0.001 seconds [static and dynamic dependencies]. Details - ImportResultOutputID=5c98af4329a8d958da81f7489e5bf6f0 DependenciesID=65ea0fd84147c7112f9b070e2bc2e3be StaticDependenciesID=9ca295a9bc4de7a720027146a63cebcc 
Asset Pipeline Refresh (id=fcdf3804ed4f6465eab0954bb9419315): Total: 0.015 seconds - Initiated by StopAssetImportingV2(NoUpdateAssetOptions)
Importing 'GUID: de2b9886f29d242ba8583db459dd5414 - Path: Assets/Janseon/Art/Characters/poc-explorer/TestPromotion-a918550bad804fbf9fd25a1a78c9cf8f/W-down-3.png' with importer (TextureImporter)
Imported 'GUID: de2b9886f29d242ba8583db459dd5414' -> (Import Result ID: 'eb69f915492d80f42e6d01229ef0d8df') in 0.001 seconds [static and dynamic dependencies]. Details - ImportResultOutputID=3f55a392a1253d2d88601833a0bd6f22 DependenciesID=523b7d857269942b614fb83b84ab5bb0 StaticDependenciesID=4d390758d8cb2e908ae67443a1dfe28d 
Asset Pipeline Refresh (id=7190273532955477a8d6733e3365b737): Total: 0.020 seconds - Initiated by StopAssetImportingV2(NoUpdateAssetOptions)
Importing 'GUID: 05105d5e0afa04d2baad94b112d95bfc - Path: Assets/Janseon/Art/Characters/poc-explorer/TestPromotion-a918550bad804fbf9fd25a1a78c9cf8f/N-idle-clip.anim' with importer (NativeFormatImporter)
Imported 'GUID: 05105d5e0afa04d2baad94b112d95bfc' -> (Import Result ID: 'c2147b60c567b989d67fb016c05c9200') in 0.000 seconds [static dependencies only]. Details - ImportResultOutputID=d200d1de7ab2e5c70dfde041961f5553 DependenciesID=a0399460e41750ebd24b6f2b7ea5da93 StaticDependenciesID=811223b9e8e10ec03f52fcba257e5300 
Asset Pipeline Refresh (id=d82ae087563e74ab19d8d7b5667ffc1c): Total: 0.015 seconds - Initiated by StopAssetImportingV2(NoUpdateAssetOptions)
Importing 'GUID: b3ea9b5ee526e49acb49d6adfd6e948e - Path: Assets/Janseon/Art/Characters/poc-explorer/TestPromotion-a918550bad804fbf9fd25a1a78c9cf8f/N-walk-clip.anim' with importer (NativeFormatImporter)
Imported 'GUID: b3ea9b5ee526e49acb49d6adfd6e948e' -> (Import Result ID: '0610056f9a9cb97c9816f61ea110fda4') in 0.000 seconds [static dependencies only]. Details - ImportResultOutputID=8c0a9f11d123b96d97d141964d0f1a3a DependenciesID=a1fd86a274a318a7f6235087dd41f328 StaticDependenciesID=5ee8b4ad188d93a950e498db61b8f28b 
Asset Pipeline Refresh (id=90294360728d94a8caff72045d351e0e): Total: 0.015 seconds - Initiated by StopAssetImportingV2(NoUpdateAssetOptions)
Importing 'GUID: d1b5fe763a38243f6861a24b19ac37cf - Path: Assets/Janseon/Art/Characters/poc-explorer/TestPromotion-a918550bad804fbf9fd25a1a78c9cf8f/N-attack-clip.anim' with importer (NativeFormatImporter)
Imported 'GUID: d1b5fe763a38243f6861a24b19ac37cf' -> (Import Result ID: '9b22ad46a729ea5a3ad1e18f49e57a6f') in 0.000 seconds [static dependencies only]. Details - ImportResultOutputID=bcb0c384b7b9b29957b15e62ac6f761a DependenciesID=a0f308364069f88fc9b22f1e0ebe3512 StaticDependenciesID=fac7919f37a19cd7ec21a5b1f1d95ca5 
Asset Pipeline Refresh (id=fe5d23825da2b4a63b3e29dbb252bb33): Total: 0.015 seconds - Initiated by StopAssetImportingV2(NoUpdateAssetOptions)
Importing 'GUID: ebc4cd9887a0c407ca97e09901c94845 - Path: Assets/Janseon/Art/Characters/poc-explorer/TestPromotion-a918550bad804fbf9fd25a1a78c9cf8f/N-hit-clip.anim' with importer (NativeFormatImporter)
Imported 'GUID: ebc4cd9887a0c407ca97e09901c94845' -> (Import Result ID: '0c458cd15c5c957684f1d61d967c2c9b') in 0.000 seconds [static dependencies only]. Details - ImportResultOutputID=ab6e61857f1e3569ddd757f9f5d738f9 DependenciesID=93cbdf0e7c69e072b173f130617ac52e StaticDependenciesID=0be34001fd033bda7d242cdfc31f9e88 
Asset Pipeline Refresh (id=d41976ce252cc4d769fce12f09fdecdc): Total: 0.015 seconds - Initiated by StopAssetImportingV2(NoUpdateAssetOptions)
Importing 'GUID: c78e8accb15cd4b4f91a8eb823cd31fb - Path: Assets/Janseon/Art/Characters/poc-explorer/TestPromotion-a918550bad804fbf9fd25a1a78c9cf8f/N-down-clip.anim' with importer (NativeFormatImporter)
Imported 'GUID: c78e8accb15cd4b4f91a8eb823cd31fb' -> (Import Result ID: '89a5f73b5669e0bb3be0b4c1ebe456e0') in 0.000 seconds [static dependencies only]. Details - ImportResultOutputID=57d6884bb71c7d04985a7b4de545a0d4 DependenciesID=e8bb50f418cfc4625f270868c2e1b7a5 StaticDependenciesID=bea19e520f573d9cbd7f8153553a5eb4 
Asset Pipeline Refresh (id=e721e3d3cb2394ae7a844ab972ad0eaf): Total: 0.015 seconds - Initiated by StopAssetImportingV2(NoUpdateAssetOptions)
Importing 'GUID: a1a359b28922946afad780891b047db9 - Path: Assets/Janseon/Art/Characters/poc-explorer/TestPromotion-a918550bad804fbf9fd25a1a78c9cf8f/E-idle-clip.anim' with importer (NativeFormatImporter)
Imported 'GUID: a1a359b28922946afad780891b047db9' -> (Import Result ID: 'a78dfd39fc337735adfec164f761bc5d') in 0.000 seconds [static dependencies only]. Details - ImportResultOutputID=b5f7d8315f47b88074b07e32071cff66 DependenciesID=7daf2c17894040247333742bc09af1ac StaticDependenciesID=3dff35f51c8c204eb8c4aca9e0da3e19 
Asset Pipeline Refresh (id=f363fbec848074608b6abf14614e840d): Total: 0.016 seconds - Initiated by StopAssetImportingV2(NoUpdateAssetOptions)
Importing 'GUID: 9563facb4e59b4ec0976fe9184411613 - Path: Assets/Janseon/Art/Characters/poc-explorer/TestPromotion-a918550bad804fbf9fd25a1a78c9cf8f/E-walk-clip.anim' with importer (NativeFormatImporter)
Imported 'GUID: 9563facb4e59b4ec0976fe9184411613' -> (Import Result ID: '54121895e00cc7768a1a9bc48e26a204') in 0.000 seconds [static dependencies only]. Details - ImportResultOutputID=0754779e0e0416c246d97b008d38e4c5 DependenciesID=0948fecd91451d62ce4eb095a899f3c2 StaticDependenciesID=8c7f768659396bdd55aaec3f99beaeaa 
Asset Pipeline Refresh (id=78601ce5591c8473caeafdd8641420fd): Total: 0.016 seconds - Initiated by StopAssetImportingV2(NoUpdateAssetOptions)
Importing 'GUID: 0e425db9b9cdf4e138b225d0ceda6cb1 - Path: Assets/Janseon/Art/Characters/poc-explorer/TestPromotion-a918550bad804fbf9fd25a1a78c9cf8f/E-attack-clip.anim' with importer (NativeFormatImporter)
Imported 'GUID: 0e425db9b9cdf4e138b225d0ceda6cb1' -> (Import Result ID: '7f25bcba05c82a29ceb5fb5d92b47b8f') in 0.000 seconds [static dependencies only]. Details - ImportResultOutputID=511eebf2a7d23a439bc165831d4576af DependenciesID=c631326a450c38b83e5aa9d96e985b65 StaticDependenciesID=7bc9a70eeb65c8a3427c3383266ec1fd 
Asset Pipeline Refresh (id=51a5a25e299b3414abd8e712325e1329): Total: 0.016 seconds - Initiated by StopAssetImportingV2(NoUpdateAssetOptions)
Importing 'GUID: 8fdb7183e047145e8830d8570d037ec0 - Path: Assets/Janseon/Art/Characters/poc-explorer/TestPromotion-a918550bad804fbf9fd25a1a78c9cf8f/E-hit-clip.anim' with importer (NativeFormatImporter)
Imported 'GUID: 8fdb7183e047145e8830d8570d037ec0' -> (Import Result ID: '9c7bf3fdd07e5fae497fe4606768042b') in 0.000 seconds [static dependencies only]. Details - ImportResultOutputID=3f896107eb5a99fc354cd5f12df79037 DependenciesID=55207a042f2420121291056bd7b97980 StaticDependenciesID=ef9295ff5607bc82a5ebf930bc3b9c66 
Asset Pipeline Refresh (id=9d235818a1eb84d819da8b730eae382b): Total: 0.015 seconds - Initiated by StopAssetImportingV2(NoUpdateAssetOptions)
Importing 'GUID: 66bd0790d0de54108aa906afcda907a0 - Path: Assets/Janseon/Art/Characters/poc-explorer/TestPromotion-a918550bad804fbf9fd25a1a78c9cf8f/E-down-clip.anim' with importer (NativeFormatImporter)
Imported 'GUID: 66bd0790d0de54108aa906afcda907a0' -> (Import Result ID: 'be9590ceb8da92f210ee065b31f3c46b') in 0.000 seconds [static dependencies only]. Details - ImportResultOutputID=8326a9753842fa0d7fc86d1fec93b92d DependenciesID=9c3530d54e55b315f70146e4c06b3bfd StaticDependenciesID=c072b4d845cc82e69634b870adfb1008 
Asset Pipeline Refresh (id=3200365bd3c3f4978a5d51e2c2644396): Total: 0.015 seconds - Initiated by StopAssetImportingV2(NoUpdateAssetOptions)
Importing 'GUID: c544d6ca9387d472faf714b00bc06629 - Path: Assets/Janseon/Art/Characters/poc-explorer/TestPromotion-a918550bad804fbf9fd25a1a78c9cf8f/S-idle-clip.anim' with importer (NativeFormatImporter)
Imported 'GUID: c544d6ca9387d472faf714b00bc06629' -> (Import Result ID: '4e2f4e7589c127f25b60d885eb254a0b') in 0.000 seconds [static dependencies only]. Details - ImportResultOutputID=76a92799accb2fcd73cda8ce7b95e8df DependenciesID=9eb42a74ce4d1fc6f455c4874d4ece1c StaticDependenciesID=42357e2a877c713aca98302dec98adbf 
Asset Pipeline Refresh (id=f28283cc9b6874b5db5b40b022273661): Total: 0.015 seconds - Initiated by StopAssetImportingV2(NoUpdateAssetOptions)
Importing 'GUID: e0813d12ada4b40bf8f482c7f25202ea - Path: Assets/Janseon/Art/Characters/poc-explorer/TestPromotion-a918550bad804fbf9fd25a1a78c9cf8f/S-walk-clip.anim' with importer (NativeFormatImporter)
Imported 'GUID: e0813d12ada4b40bf8f482c7f25202ea' -> (Import Result ID: 'dc4b72042a2bf5aac10f277850d6acdc') in 0.000 seconds [static dependencies only]. Details - ImportResultOutputID=e77fd869f3f79e82057aac26f59357c3 DependenciesID=171b40d30583a471ca261e525bea219d StaticDependenciesID=6344fbb5b8b3e11df1eca8069d588176 
Asset Pipeline Refresh (id=ce0ff3756b6274add88a3cd77080ed6b): Total: 0.015 seconds - Initiated by StopAssetImportingV2(NoUpdateAssetOptions)
Importing 'GUID: 77366ac71ab7147ea97706eb3b12901a - Path: Assets/Janseon/Art/Characters/poc-explorer/TestPromotion-a918550bad804fbf9fd25a1a78c9cf8f/S-attack-clip.anim' with importer (NativeFormatImporter)
Imported 'GUID: 77366ac71ab7147ea97706eb3b12901a' -> (Import Result ID: 'c2551d3d9b9fd8c6ba9941502b53ec46') in 0.000 seconds [static dependencies only]. Details - ImportResultOutputID=e432a788c9aedb9858c818356cfef47c DependenciesID=a6cea513621d0e85c720c9837f3fbdbf StaticDependenciesID=d5870d52581aa31f83b7e52ca1825240 
Asset Pipeline Refresh (id=ccfbb77ce8e90422193d489971650843): Total: 0.016 seconds - Initiated by StopAssetImportingV2(NoUpdateAssetOptions)
Importing 'GUID: 533c232448e0a4d4188699a14375c7da - Path: Assets/Janseon/Art/Characters/poc-explorer/TestPromotion-a918550bad804fbf9fd25a1a78c9cf8f/S-hit-clip.anim' with importer (NativeFormatImporter)
Imported 'GUID: 533c232448e0a4d4188699a14375c7da' -> (Import Result ID: '9c3528167f6a6d621c9d5237721364f9') in 0.000 seconds [static dependencies only]. Details - ImportResultOutputID=02982c4e551ff5e5fadd9047b0f32842 DependenciesID=06066da662da61d3fb113269ef9b1776 StaticDependenciesID=6ef203f271d60fcc9f8456a511e6632a 
Asset Pipeline Refresh (id=0f196b832a20547a293a85d00df542e9): Total: 0.015 seconds - Initiated by StopAssetImportingV2(NoUpdateAssetOptions)
Importing 'GUID: 14f71b26d9ab14892aa62b5d80a7ea86 - Path: Assets/Janseon/Art/Characters/poc-explorer/TestPromotion-a918550bad804fbf9fd25a1a78c9cf8f/S-down-clip.anim' with importer (NativeFormatImporter)
Imported 'GUID: 14f71b26d9ab14892aa62b5d80a7ea86' -> (Import Result ID: '14ec31e045f8801de56afa48a0c9c44d') in 0.000 seconds [static dependencies only]. Details - ImportResultOutputID=fe6e64ae367dc119d69410ed988b7d4a DependenciesID=dd5970a9a0fc363357ae78da527b9ade StaticDependenciesID=ccf996f17e38bbf808d9da29ab69c04d 
Asset Pipeline Refresh (id=271b25ab91a0d43119a37b39c05f69c6): Total: 0.016 seconds - Initiated by StopAssetImportingV2(NoUpdateAssetOptions)
Importing 'GUID: 3f2c44f75ef964d39a64dab05d5485b6 - Path: Assets/Janseon/Art/Characters/poc-explorer/TestPromotion-a918550bad804fbf9fd25a1a78c9cf8f/W-idle-clip.anim' with importer (NativeFormatImporter)
Imported 'GUID: 3f2c44f75ef964d39a64dab05d5485b6' -> (Import Result ID: 'b1adcb2625a3885a97edef08115ba1f6') in 0.000 seconds [static dependencies only]. Details - ImportResultOutputID=e81ebecf64e1e839bbf2dc939f6fc9f8 DependenciesID=5a173e2f2dbaf0e9f554e7f995dcdd0c StaticDependenciesID=307cfe0a965a0da09f8b6860e13a1e3f 
Asset Pipeline Refresh (id=878314eb13c3b44b6a58209bfbec38d6): Total: 0.015 seconds - Initiated by StopAssetImportingV2(NoUpdateAssetOptions)
Importing 'GUID: ffbf5aa6e9f04445bbeb9dfdf8e2491c - Path: Assets/Janseon/Art/Characters/poc-explorer/TestPromotion-a918550bad804fbf9fd25a1a78c9cf8f/W-walk-clip.anim' with importer (NativeFormatImporter)
Imported 'GUID: ffbf5aa6e9f04445bbeb9dfdf8e2491c' -> (Import Result ID: 'e6c9034a2f1b337e1aacdc72cfccb46a') in 0.000 seconds [static dependencies only]. Details - ImportResultOutputID=0855c146f5326a30392116958e68a68c DependenciesID=515dbebc9c430e7528909c882d69d51d StaticDependenciesID=7544f5454cafd7442c2e5d9c455eea80 
Asset Pipeline Refresh (id=a2e01a6176d614286935050eb96d912c): Total: 0.015 seconds - Initiated by StopAssetImportingV2(NoUpdateAssetOptions)
Importing 'GUID: 5022581552298437193795948dc6e404 - Path: Assets/Janseon/Art/Characters/poc-explorer/TestPromotion-a918550bad804fbf9fd25a1a78c9cf8f/W-attack-clip.anim' with importer (NativeFormatImporter)
Imported 'GUID: 5022581552298437193795948dc6e404' -> (Import Result ID: '37098431bd7b6ea5034b12b8fe8db32b') in 0.000 seconds [static dependencies only]. Details - ImportResultOutputID=4d35cf89dc6152f6d379db600e31f694 DependenciesID=95f416284d9ddfac9f60ecce2d17c02c StaticDependenciesID=b0a333794f5c2e63e31116221e63ace0 
Asset Pipeline Refresh (id=a1f45a4a798794943875bcb2cc00ce7e): Total: 0.015 seconds - Initiated by StopAssetImportingV2(NoUpdateAssetOptions)
Importing 'GUID: 9833555b94da94f998e974d739e6e2b4 - Path: Assets/Janseon/Art/Characters/poc-explorer/TestPromotion-a918550bad804fbf9fd25a1a78c9cf8f/W-hit-clip.anim' with importer (NativeFormatImporter)
Imported 'GUID: 9833555b94da94f998e974d739e6e2b4' -> (Import Result ID: 'e4d227ab2c94c8290dd50f9599cd60d3') in 0.000 seconds [static dependencies only]. Details - ImportResultOutputID=2c90e42537bb2cb3bd7daa1fb5765e19 DependenciesID=3d4add257375740d2cb81f6593fcaaa7 StaticDependenciesID=2433ce382c1d4159ac39a02b02be8f9a 
Asset Pipeline Refresh (id=a86cbd02873bf4b0cb33128814393cfd): Total: 0.015 seconds - Initiated by StopAssetImportingV2(NoUpdateAssetOptions)
Importing 'GUID: 47157615fc8f64f1f8b9e8b27f86796b - Path: Assets/Janseon/Art/Characters/poc-explorer/TestPromotion-a918550bad804fbf9fd25a1a78c9cf8f/W-down-clip.anim' with importer (NativeFormatImporter)
Imported 'GUID: 47157615fc8f64f1f8b9e8b27f86796b' -> (Import Result ID: 'a24599d705f93b0f2e8bcf012a6eca72') in 0.000 seconds [static dependencies only]. Details - ImportResultOutputID=f1d1aea42315af7b8830b1d29ed20bc7 DependenciesID=386251e48e2c08b92bf0a73f06ad898d StaticDependenciesID=99699ac5e983fb6a1215337dec17e1a0 
Asset Pipeline Refresh (id=8b9eb9bd29f4d43cea3ccc215789667b): Total: 0.015 seconds - Initiated by StopAssetImportingV2(NoUpdateAssetOptions)
RUNTIME_SLOT_PROMOTION_OK slot=character-explorer fixture=True
UnityEngine.Debug:ExtractStackTraceNoAlloc (byte*,int,string)
UnityEngine.StackTraceUtility:ExtractStackTrace () (at /Users/bokken/build/output/unity/unity/Runtime/Export/Scripting/StackTrace.cs:23)
UnityEngine.DebugLogHandler:Internal_Log (UnityEngine.LogType,UnityEngine.LogOption,string,UnityEngine.Object)
UnityEngine.DebugLogHandler:LogFormat (UnityEngine.LogType,UnityEngine.Object,string,object[])
UnityEngine.Logger:Log (UnityEngine.LogType,object)
UnityEngine.Debug:Log (object)
Janseon.Foundation.Editor.RuntimeSlotPromoter:Promote (string) (at Assets/Janseon/Foundation/Editor/RuntimeSlotPromoter.cs:108)
System.Reflection.RuntimeMethodInfo:Invoke (object,System.Reflection.BindingFlags,System.Reflection.Binder,object[],System.Globalization.CultureInfo)
System.Reflection.MethodBase:Invoke (object,object[])
Janseon.Foundation.Tests.RuntimeSlotPromotionTests:Promote (string) (at Assets/Tests/EditMode/RuntimeSlotPromotionTests.cs:172)
Janseon.Foundation.Tests.RuntimeSlotPromotionTests:CharacterClips_RetargetRuntimeSpritesWithoutChangingReviewedPacket () (at Assets/Tests/EditMode/RuntimeSlotPromotionTests.cs:126)
System.Reflection.RuntimeMethodInfo:Invoke (object,System.Reflection.BindingFlags,System.Reflection.Binder,object[],System.Globalization.CultureInfo)
System.Reflection.MethodBase:Invoke (object,object[])
NUnit.Framework.Internal.Reflect:InvokeMethod (System.Reflection.MethodInfo,object,object[])
NUnit.Framework.Internal.MethodWrapper:Invoke (object,object[])
NUnit.Framework.Internal.Commands.TestMethodCommand:RunNonAsyncTestMethod (NUnit.Framework.Internal.ITestExecutionContext)
NUnit.Framework.Internal.Commands.TestMethodCommand:RunTestMethod (NUnit.Framework.Internal.ITestExecutionContext)
NUnit.Framework.Internal.Commands.TestMethodCommand:Execute (NUnit.Framework.Internal.ITestExecutionContext)
UnityEngine.TestTools.UnityTestMethodCommand:Execute (NUnit.Framework.Internal.ITestExecutionContext) (at ./Library/PackageCache/com.unity.test-framework@4c309923fa3b/UnityEngine.TestRunner/NUnitExtensions/Commands/UnityTestMethodCommand.cs:19)
UnityEngine.TestRunner.NUnitExtensions.Runner.UnityLogCheckDelegatingCommand/<>c__DisplayClass3_0:<Execute>b__0 () (at ./Library/PackageCache/com.unity.test-framework@4c309923fa3b/UnityEngine.TestRunner/NUnitExtensions/Runner/UnityLogCheckDelegatingCommand.cs:32)
UnityEngine.TestRunner.NUnitExtensions.Runner.UnityLogCheckDelegatingCommand:CaptureException (NUnit.Framework.Internal.TestResult,System.Action) (at ./Library/PackageCache/com.unity.test-framework@4c309923fa3b/UnityEngine.TestRunner/NUnitExtensions/Runner/UnityLogCheckDelegatingCommand.cs:93)
UnityEngine.TestRunner.NUnitExtensions.Runner.UnityLogCheckDelegatingCommand:ExecuteAndCheckLog (UnityEngine.TestTools.Logging.LogScope,NUnit.Framework.Internal.TestResult,System.Action) (at ./Library/PackageCache/com.unity.test-framework@4c309923fa3b/UnityEngine.TestRunner/NUnitExtensions/Runner/UnityLogCheckDelegatingCommand.cs:104)
UnityEngine.TestRunner.NUnitExtensions.Runner.UnityLogCheckDelegatingCommand:Execute (NUnit.Framework.Internal.ITestExecutionContext) (at ./Library/PackageCache/com.unity.test-framework@4c309923fa3b/UnityEngine.TestRunner/NUnitExtensions/Runner/UnityLogCheckDelegatingCommand.cs:32)
UnityEngine.TestRunner.NUnitExtensions.Runner.UnityLogCheckDelegatingCommand/<ExecuteEnumerable>d__4:MoveNext () (at ./Library/PackageCache/com.unity.test-framework@4c309923fa3b/UnityEngine.TestRunner/NUnitExtensions/Runner/UnityLogCheckDelegatingCommand.cs:43)
UnityEngine.TestTools.BeforeAfterTestCommandBase`1/<ExecuteEnumerable>d__16<NUnit.Framework.ITestAction>:MoveNext () (at ./Library/PackageCache/com.unity.test-framework@4c309923fa3b/UnityEngine.TestRunner/NUnitExtensions/Commands/BeforeAfterTestCommandBase.cs:213)
UnityEngine.TestTools.ImmediateEnumerableCommand:Execute (NUnit.Framework.Internal.ITestExecutionContext) (at ./Library/PackageCache/com.unity.test-framework@4c309923fa3b/UnityEngine.TestRunner/NUnitExtensions/Commands/ImmediateEnumerableCommand.cs:18)
UnityEngine.TestTools.BeforeAfterTestCommandBase`1/<ExecuteEnumerable>d__16<System.Reflection.MethodInfo>:MoveNext () (at ./Library/PackageCache/com.unity.test-framework@4c309923fa3b/UnityEngine.TestRunner/NUnitExtensions/Commands/BeforeAfterTestCommandBase.cs:220)
UnityEngine.TestTools.BeforeAfterTestCommandBase`1/<ExecuteEnumerable>d__16<System.Reflection.MethodInfo>:MoveNext () (at ./Library/PackageCache/com.unity.test-framework@4c309923fa3b/UnityEngine.TestRunner/NUnitExtensions/Commands/BeforeAfterTestCommandBase.cs:213)
UnityEngine.TestTools.BeforeAfterTestCommandBase`1/<ExecuteEnumerable>d__16<UnityEngine.TestTools.IOuterUnityTestAction>:MoveNext () (at ./Library/PackageCache/com.unity.test-framework@4c309923fa3b/UnityEngine.TestRunner/NUnitExtensions/Commands/BeforeAfterTestCommandBase.cs:213)
UnityEngine.TestTools.RetryCommand/<ExecuteEnumerable>d__2:MoveNext () (at ./Library/PackageCache/com.unity.test-framework@4c309923fa3b/UnityEngine.TestRunner/NUnitExtensions/Commands/RetryCommand.cs:37)
UnityEngine.TestTools.RepeatCommand/<ExecuteEnumerable>d__2:MoveNext () (at ./Library/PackageCache/com.unity.test-framework@4c309923fa3b/UnityEngine.TestRunner/NUnitExtensions/Commands/RepeatCommand.cs:36)
UnityEngine.TestTools.IgnoreTestCommand/<ExecuteEnumerable>d__3:MoveNext () (at ./Library/PackageCache/com.unity.test-framework@4c309923fa3b/UnityEngine.TestRunner/NUnitExtensions/Commands/IgnoreTestCommand.cs:42)
UnityEngine.TestTools.StrictCheckCommand/<ExecuteEnumerable>d__2:MoveNext () (at ./Library/PackageCache/com.unity.test-framework@4c309923fa3b/UnityEngine.TestRunner/NUnitExtensions/Commands/StrictCheckCommand.cs:29)
UnityEngine.TestRunner.NUnitExtensions.Runner.DefaultTestWorkItem/<PerformWork>d__2:MoveNext () (at ./Library/PackageCache/com.unity.test-framework@4c309923fa3b/UnityEngine.TestRunner/NUnitExtensions/Runner/DefaultTestWorkItem.cs:58)
UnityEngine.TestRunner.NUnitExtensions.Runner.CompositeWorkItem/<RunChildren>d__26:MoveNext () (at ./Library/PackageCache/com.unity.test-framework@4c309923fa3b/UnityEngine.TestRunner/NUnitExtensions/Runner/CompositeWorkItem.cs:460)
UnityEngine.TestRunner.NUnitExtensions.Runner.CompositeWorkItem/<PerformWork>d__15:MoveNext () (at ./Library/PackageCache/com.unity.test-framework@4c309923fa3b/UnityEngine.TestRunner/NUnitExtensions/Runner/CompositeWorkItem.cs:109)
UnityEngine.TestRunner.NUnitExtensions.Runner.CompositeWorkItem/<RunChildren>d__26:MoveNext () (at ./Library/PackageCache/com.unity.test-framework@4c309923fa3b/UnityEngine.TestRunner/NUnitExtensions/Runner/CompositeWorkItem.cs:460)
UnityEngine.TestRunner.NUnitExtensions.Runner.CompositeWorkItem/<PerformWork>d__15:MoveNext () (at ./Library/PackageCache/com.unity.test-framework@4c309923fa3b/UnityEngine.TestRunner/NUnitExtensions/Runner/CompositeWorkItem.cs:109)
UnityEngine.TestRunner.NUnitExtensions.Runner.CompositeWorkItem/<RunChildren>d__26:MoveNext () (at ./Library/PackageCache/com.unity.test-framework@4c309923fa3b/UnityEngine.TestRunner/NUnitExtensions/Runner/CompositeWorkItem.cs:460)
UnityEngine.TestRunner.NUnitExtensions.Runner.CompositeWorkItem/<PerformWork>d__15:MoveNext () (at ./Library/PackageCache/com.unity.test-framework@4c309923fa3b/UnityEngine.TestRunner/NUnitExtensions/Runner/CompositeWorkItem.cs:109)
UnityEngine.TestRunner.NUnitExtensions.Runner.CompositeWorkItem/<RunChildren>d__26:MoveNext () (at ./Library/PackageCache/com.unity.test-framework@4c309923fa3b/UnityEngine.TestRunner/NUnitExtensions/Runner/CompositeWorkItem.cs:460)
UnityEngine.TestRunner.NUnitExtensions.Runner.CompositeWorkItem/<PerformWork>d__15:MoveNext () (at ./Library/PackageCache/com.unity.test-framework@4c309923fa3b/UnityEngine.TestRunner/NUnitExtensions/Runner/CompositeWorkItem.cs:109)
UnityEngine.TestRunner.NUnitExtensions.Runner.CompositeWorkItem/<RunChildren>d__26:MoveNext () (at ./Library/PackageCache/com.unity.test-framework@4c309923fa3b/UnityEngine.TestRunner/NUnitExtensions/Runner/CompositeWorkItem.cs:460)
UnityEngine.TestRunner.NUnitExtensions.Runner.CompositeWorkItem/<PerformWork>d__15:MoveNext () (at ./Library/PackageCache/com.unity.test-framework@4c309923fa3b/UnityEngine.TestRunner/NUnitExtensions/Runner/CompositeWorkItem.cs:109)
UnityEngine.TestRunner.NUnitExtensions.Runner.CompositeWorkItem/<RunChildren>d__26:MoveNext () (at ./Library/PackageCache/com.unity.test-framework@4c309923fa3b/UnityEngine.TestRunner/NUnitExtensions/Runner/CompositeWorkItem.cs:460)
UnityEngine.TestRunner.NUnitExtensions.Runner.CompositeWorkItem/<PerformWork>d__15:MoveNext () (at ./Library/PackageCache/com.unity.test-framework@4c309923fa3b/UnityEngine.TestRunner/NUnitExtensions/Runner/CompositeWorkItem.cs:109)
UnityEditor.TestTools.TestRunner.EditModeRunner:MoveNextAndUpdateYieldObject () (at ./Library/PackageCache/com.unity.test-framework@4c309923fa3b/UnityEditor.TestRunner/TestRunner/EditModeRunner.cs:213)
UnityEditor.TestTools.TestRunner.EditModeRunner:TestConsumer (UnityEditor.TestTools.TestRunner.TestRunnerStateSerializer) (at ./Library/PackageCache/com.unity.test-framework@4c309923fa3b/UnityEditor.TestRunner/TestRunner/EditModeRunner.cs:253)
UnityEditor.TestTools.TestRunner.TestRun.Tasks.EditModeRunTask/<Execute>d__1:MoveNext () (at ./Library/PackageCache/com.unity.test-framework@4c309923fa3b/UnityEditor.TestRunner/TestRun/Tasks/EditModeRunTask.cs:48)
UnityEditor.TestTools.TestRunner.TestRun.TestJobRunner:ExecuteStep () (at ./Library/PackageCache/com.unity.test-framework@4c309923fa3b/UnityEditor.TestRunner/TestRun/TestJobRunner.cs:194)
UnityEditor.TestTools.TestRunner.TestRun.TestJobRunner:ExecuteCallback () (at ./Library/PackageCache/com.unity.test-framework@4c309923fa3b/UnityEditor.TestRunner/TestRun/TestJobRunner.cs:129)
UnityEditor.EditorApplication:Internal_CallUpdateFunctions () (at /Users/bokken/build/output/unity/unity/Editor/Mono/EditorApplication.cs:463)

(Filename: Assets/Janseon/Foundation/Editor/RuntimeSlotPromoter.cs Line: 108)

Asset Pipeline Refresh (id=d34f1d648e14842839887e709cb4b148): Total: 0.023 seconds - Initiated by StopAssetImportingV2(NoUpdateAssetOptions)
Asset Pipeline Refresh (id=cbcc17d35ba3840c4a7e261109d5a15e): Total: 0.024 seconds - Initiated by StopAssetImportingV2(NoUpdateAssetOptions)
Asset Pipeline Refresh (id=7784be3db827242c59a09b02e4f03eff): Total: 0.007 seconds - Initiated by StopAssetImportingV2(NoUpdateAssetOptions)
Asset Pipeline Refresh (id=f91aa4c15e78e4e4ead2c53f3351ceaf): Total: 0.000 seconds - Initiated by StopAssetImportingV2(NoUpdateAssetOptions)
Asset Pipeline Refresh (id=060a84463196042e88f3ae403940cef2): Total: 0.003 seconds - Initiated by StopAssetImportingV2(NoUpdateAssetOptions)
Asset Pipeline Refresh (id=f9856c77609c24c508d5d9689ad11d1a): Total: 0.000 seconds - Initiated by StopAssetImportingV2(NoUpdateAssetOptions)
Asset Pipeline Refresh (id=4a1e20e30f8d84ea897ea2dc7ee0bde3): Total: 0.003 seconds - Initiated by StopAssetImportingV2(NoUpdateAssetOptions)
Asset Pipeline Refresh (id=901b13252320444c791f02ad52e20e99): Total: 0.000 seconds - Initiated by StopAssetImportingV2(NoUpdateAssetOptions)
Asset Pipeline Refresh (id=180e54c14c16d4a12ae9e73ea42a2d62): Total: 0.003 seconds - Initiated by StopAssetImportingV2(NoUpdateAssetOptions)
Asset Pipeline Refresh (id=2fda4a276935d4af492eb2e92e7c8f63): Total: 0.000 seconds - Initiated by StopAssetImportingV2(NoUpdateAssetOptions)
Asset Pipeline Refresh (id=a28eea3a8ee6041788db90e2ab4f6d47): Total: 0.003 seconds - Initiated by StopAssetImportingV2(NoUpdateAssetOptions)
Asset Pipeline Refresh (id=87d645fdbee2e4cb29f1473dce96e076): Total: 0.000 seconds - Initiated by StopAssetImportingV2(NoUpdateAssetOptions)
Asset Pipeline Refresh (id=230aafd5a7a95408caccfcb4bdb5a671): Total: 0.003 seconds - Initiated by StopAssetImportingV2(NoUpdateAssetOptions)
Asset Pipeline Refresh (id=f7a79ddc63f3247469f2cd25ce46707f): Total: 0.000 seconds - Initiated by StopAssetImportingV2(NoUpdateAssetOptions)
Importing 'GUID: 4b63165bc07ae41f5b333def855a015f - Path: Assets/Janseon/Art/Title/TestPromotion-be6ace1dbb8a4782b2cf4dd494a7248c' with importer (DefaultImporter)
Imported 'GUID: 4b63165bc07ae41f5b333def855a015f' -> (Import Result ID: 'ebd9de895c8916ab1fe499abb80aba4b') in 0.001 seconds [static dependencies only]. Details - ImportResultOutputID=90e1bc8edec882691486617150155cf1 DependenciesID=d340e4c69445e790c26a9d0eda698d1b StaticDependenciesID=2ac9005a1a23bb7e1434ab902b90e300 
Importing 'GUID: d45c5da05455c46dcb2ac8a09a2b14a8 - Path: Assets/Janseon/Art/Title/TestPromotion-be6ace1dbb8a4782b2cf4dd494a7248c/fixture.png' with importer (TextureImporter)
Imported 'GUID: d45c5da05455c46dcb2ac8a09a2b14a8' -> (Import Result ID: '6fe96614f8b5a656cbf06350ffa98fe7') in 0.001 seconds [static and dynamic dependencies]. Details - ImportResultOutputID=d5f2682124552bbb59f8cb2ea1e948ae DependenciesID=6448c7a1bc8eb961b4df09c3425e926a StaticDependenciesID=b74bbbce9e4c98471895bfa52a3fd754 
Asset Pipeline Refresh (id=b48044fa118df456584a12c1651d20d5): Total: 0.019 seconds - Initiated by StopAssetImportingV2(NoUpdateAssetOptions)
Importing 'GUID: d45c5da05455c46dcb2ac8a09a2b14a8 - Path: Assets/Janseon/Art/Title/TestPromotion-be6ace1dbb8a4782b2cf4dd494a7248c/fixture.png' with importer (TextureImporter)
Imported 'GUID: d45c5da05455c46dcb2ac8a09a2b14a8' -> (Import Result ID: 'a8a477c96c5bbd5e6fe877e9b19cd1c5') in 0.000 seconds [static and dynamic dependencies]. Details - ImportResultOutputID=71ccff3e728b25efe4155cfece8b0345 DependenciesID=17dd1318bcc2614fb58436278831b282 StaticDependenciesID=439d5ebd03e8f5f8b4261b1057626be9 
Asset Pipeline Refresh (id=ee4949c6d9cee4297b888d2dc8469954): Total: 0.017 seconds - Initiated by StopAssetImportingV2(NoUpdateAssetOptions)
RUNTIME_SLOT_PROMOTION_OK slot=title-art fixture=True
UnityEngine.Debug:ExtractStackTraceNoAlloc (byte*,int,string)
UnityEngine.StackTraceUtility:ExtractStackTrace () (at /Users/bokken/build/output/unity/unity/Runtime/Export/Scripting/StackTrace.cs:23)
UnityEngine.DebugLogHandler:Internal_Log (UnityEngine.LogType,UnityEngine.LogOption,string,UnityEngine.Object)
UnityEngine.DebugLogHandler:LogFormat (UnityEngine.LogType,UnityEngine.Object,string,object[])
UnityEngine.Logger:Log (UnityEngine.LogType,object)
UnityEngine.Debug:Log (object)
Janseon.Foundation.Editor.RuntimeSlotPromoter:Promote (string) (at Assets/Janseon/Foundation/Editor/RuntimeSlotPromoter.cs:108)
System.Reflection.RuntimeMethodInfo:Invoke (object,System.Reflection.BindingFlags,System.Reflection.Binder,object[],System.Globalization.CultureInfo)
System.Reflection.MethodBase:Invoke (object,object[])
Janseon.Foundation.Tests.RuntimeSlotPromotionTests:Promote (string) (at Assets/Tests/EditMode/RuntimeSlotPromotionTests.cs:172)
Janseon.Foundation.Tests.RuntimeSlotPromotionTests:SyntheticCandidate_PromotesThroughUnityWithBomAndMeta () (at Assets/Tests/EditMode/RuntimeSlotPromotionTests.cs:66)
System.Reflection.RuntimeMethodInfo:Invoke (object,System.Reflection.BindingFlags,System.Reflection.Binder,object[],System.Globalization.CultureInfo)
System.Reflection.MethodBase:Invoke (object,object[])
NUnit.Framework.Internal.Reflect:InvokeMethod (System.Reflection.MethodInfo,object,object[])
NUnit.Framework.Internal.MethodWrapper:Invoke (object,object[])
NUnit.Framework.Internal.Commands.TestMethodCommand:RunNonAsyncTestMethod (NUnit.Framework.Internal.ITestExecutionContext)
NUnit.Framework.Internal.Commands.TestMethodCommand:RunTestMethod (NUnit.Framework.Internal.ITestExecutionContext)
NUnit.Framework.Internal.Commands.TestMethodCommand:Execute (NUnit.Framework.Internal.ITestExecutionContext)
UnityEngine.TestTools.UnityTestMethodCommand:Execute (NUnit.Framework.Internal.ITestExecutionContext) (at ./Library/PackageCache/com.unity.test-framework@4c309923fa3b/UnityEngine.TestRunner/NUnitExtensions/Commands/UnityTestMethodCommand.cs:19)
UnityEngine.TestRunner.NUnitExtensions.Runner.UnityLogCheckDelegatingCommand/<>c__DisplayClass3_0:<Execute>b__0 () (at ./Library/PackageCache/com.unity.test-framework@4c309923fa3b/UnityEngine.TestRunner/NUnitExtensions/Runner/UnityLogCheckDelegatingCommand.cs:32)
UnityEngine.TestRunner.NUnitExtensions.Runner.UnityLogCheckDelegatingCommand:CaptureException (NUnit.Framework.Internal.TestResult,System.Action) (at ./Library/PackageCache/com.unity.test-framework@4c309923fa3b/UnityEngine.TestRunner/NUnitExtensions/Runner/UnityLogCheckDelegatingCommand.cs:93)
UnityEngine.TestRunner.NUnitExtensions.Runner.UnityLogCheckDelegatingCommand:ExecuteAndCheckLog (UnityEngine.TestTools.Logging.LogScope,NUnit.Framework.Internal.TestResult,System.Action) (at ./Library/PackageCache/com.unity.test-framework@4c309923fa3b/UnityEngine.TestRunner/NUnitExtensions/Runner/UnityLogCheckDelegatingCommand.cs:104)
UnityEngine.TestRunner.NUnitExtensions.Runner.UnityLogCheckDelegatingCommand:Execute (NUnit.Framework.Internal.ITestExecutionContext) (at ./Library/PackageCache/com.unity.test-framework@4c309923fa3b/UnityEngine.TestRunner/NUnitExtensions/Runner/UnityLogCheckDelegatingCommand.cs:32)
UnityEngine.TestRunner.NUnitExtensions.Runner.UnityLogCheckDelegatingCommand/<ExecuteEnumerable>d__4:MoveNext () (at ./Library/PackageCache/com.unity.test-framework@4c309923fa3b/UnityEngine.TestRunner/NUnitExtensions/Runner/UnityLogCheckDelegatingCommand.cs:43)
UnityEngine.TestTools.BeforeAfterTestCommandBase`1/<ExecuteEnumerable>d__16<NUnit.Framework.ITestAction>:MoveNext () (at ./Library/PackageCache/com.unity.test-framework@4c309923fa3b/UnityEngine.TestRunner/NUnitExtensions/Commands/BeforeAfterTestCommandBase.cs:213)
UnityEngine.TestTools.ImmediateEnumerableCommand:Execute (NUnit.Framework.Internal.ITestExecutionContext) (at ./Library/PackageCache/com.unity.test-framework@4c309923fa3b/UnityEngine.TestRunner/NUnitExtensions/Commands/ImmediateEnumerableCommand.cs:18)
UnityEngine.TestTools.BeforeAfterTestCommandBase`1/<ExecuteEnumerable>d__16<System.Reflection.MethodInfo>:MoveNext () (at ./Library/PackageCache/com.unity.test-framework@4c309923fa3b/UnityEngine.TestRunner/NUnitExtensions/Commands/BeforeAfterTestCommandBase.cs:220)
UnityEngine.TestTools.BeforeAfterTestCommandBase`1/<ExecuteEnumerable>d__16<System.Reflection.MethodInfo>:MoveNext () (at ./Library/PackageCache/com.unity.test-framework@4c309923fa3b/UnityEngine.TestRunner/NUnitExtensions/Commands/BeforeAfterTestCommandBase.cs:213)
UnityEngine.TestTools.BeforeAfterTestCommandBase`1/<ExecuteEnumerable>d__16<UnityEngine.TestTools.IOuterUnityTestAction>:MoveNext () (at ./Library/PackageCache/com.unity.test-framework@4c309923fa3b/UnityEngine.TestRunner/NUnitExtensions/Commands/BeforeAfterTestCommandBase.cs:213)
UnityEngine.TestTools.RetryCommand/<ExecuteEnumerable>d__2:MoveNext () (at ./Library/PackageCache/com.unity.test-framework@4c309923fa3b/UnityEngine.TestRunner/NUnitExtensions/Commands/RetryCommand.cs:37)
UnityEngine.TestTools.RepeatCommand/<ExecuteEnumerable>d__2:MoveNext () (at ./Library/PackageCache/com.unity.test-framework@4c309923fa3b/UnityEngine.TestRunner/NUnitExtensions/Commands/RepeatCommand.cs:36)
UnityEngine.TestTools.IgnoreTestCommand/<ExecuteEnumerable>d__3:MoveNext () (at ./Library/PackageCache/com.unity.test-framework@4c309923fa3b/UnityEngine.TestRunner/NUnitExtensions/Commands/IgnoreTestCommand.cs:42)
UnityEngine.TestTools.StrictCheckCommand/<ExecuteEnumerable>d__2:MoveNext () (at ./Library/PackageCache/com.unity.test-framework@4c309923fa3b/UnityEngine.TestRunner/NUnitExtensions/Commands/StrictCheckCommand.cs:29)
UnityEngine.TestRunner.NUnitExtensions.Runner.DefaultTestWorkItem/<PerformWork>d__2:MoveNext () (at ./Library/PackageCache/com.unity.test-framework@4c309923fa3b/UnityEngine.TestRunner/NUnitExtensions/Runner/DefaultTestWorkItem.cs:58)
UnityEngine.TestRunner.NUnitExtensions.Runner.CompositeWorkItem/<RunChildren>d__26:MoveNext () (at ./Library/PackageCache/com.unity.test-framework@4c309923fa3b/UnityEngine.TestRunner/NUnitExtensions/Runner/CompositeWorkItem.cs:460)
UnityEngine.TestRunner.NUnitExtensions.Runner.CompositeWorkItem/<PerformWork>d__15:MoveNext () (at ./Library/PackageCache/com.unity.test-framework@4c309923fa3b/UnityEngine.TestRunner/NUnitExtensions/Runner/CompositeWorkItem.cs:109)
UnityEngine.TestRunner.NUnitExtensions.Runner.CompositeWorkItem/<RunChildren>d__26:MoveNext () (at ./Library/PackageCache/com.unity.test-framework@4c309923fa3b/UnityEngine.TestRunner/NUnitExtensions/Runner/CompositeWorkItem.cs:460)
UnityEngine.TestRunner.NUnitExtensions.Runner.CompositeWorkItem/<PerformWork>d__15:MoveNext () (at ./Library/PackageCache/com.unity.test-framework@4c309923fa3b/UnityEngine.TestRunner/NUnitExtensions/Runner/CompositeWorkItem.cs:109)
UnityEngine.TestRunner.NUnitExtensions.Runner.CompositeWorkItem/<RunChildren>d__26:MoveNext () (at ./Library/PackageCache/com.unity.test-framework@4c309923fa3b/UnityEngine.TestRunner/NUnitExtensions/Runner/CompositeWorkItem.cs:460)
UnityEngine.TestRunner.NUnitExtensions.Runner.CompositeWorkItem/<PerformWork>d__15:MoveNext () (at ./Library/PackageCache/com.unity.test-framework@4c309923fa3b/UnityEngine.TestRunner/NUnitExtensions/Runner/CompositeWorkItem.cs:109)
UnityEngine.TestRunner.NUnitExtensions.Runner.CompositeWorkItem/<RunChildren>d__26:MoveNext () (at ./Library/PackageCache/com.unity.test-framework@4c309923fa3b/UnityEngine.TestRunner/NUnitExtensions/Runner/CompositeWorkItem.cs:460)
UnityEngine.TestRunner.NUnitExtensions.Runner.CompositeWorkItem/<PerformWork>d__15:MoveNext () (at ./Library/PackageCache/com.unity.test-framework@4c309923fa3b/UnityEngine.TestRunner/NUnitExtensions/Runner/CompositeWorkItem.cs:109)
UnityEngine.TestRunner.NUnitExtensions.Runner.CompositeWorkItem/<RunChildren>d__26:MoveNext () (at ./Library/PackageCache/com.unity.test-framework@4c309923fa3b/UnityEngine.TestRunner/NUnitExtensions/Runner/CompositeWorkItem.cs:460)
UnityEngine.TestRunner.NUnitExtensions.Runner.CompositeWorkItem/<PerformWork>d__15:MoveNext () (at ./Library/PackageCache/com.unity.test-framework@4c309923fa3b/UnityEngine.TestRunner/NUnitExtensions/Runner/CompositeWorkItem.cs:109)
UnityEngine.TestRunner.NUnitExtensions.Runner.CompositeWorkItem/<RunChildren>d__26:MoveNext () (at ./Library/PackageCache/com.unity.test-framework@4c309923fa3b/UnityEngine.TestRunner/NUnitExtensions/Runner/CompositeWorkItem.cs:460)
UnityEngine.TestRunner.NUnitExtensions.Runner.CompositeWorkItem/<PerformWork>d__15:MoveNext () (at ./Library/PackageCache/com.unity.test-framework@4c309923fa3b/UnityEngine.TestRunner/NUnitExtensions/Runner/CompositeWorkItem.cs:109)
UnityEditor.TestTools.TestRunner.EditModeRunner:MoveNextAndUpdateYieldObject () (at ./Library/PackageCache/com.unity.test-framework@4c309923fa3b/UnityEditor.TestRunner/TestRunner/EditModeRunner.cs:213)
UnityEditor.TestTools.TestRunner.EditModeRunner:TestConsumer (UnityEditor.TestTools.TestRunner.TestRunnerStateSerializer) (at ./Library/PackageCache/com.unity.test-framework@4c309923fa3b/UnityEditor.TestRunner/TestRunner/EditModeRunner.cs:253)
UnityEditor.TestTools.TestRunner.TestRun.Tasks.EditModeRunTask/<Execute>d__1:MoveNext () (at ./Library/PackageCache/com.unity.test-framework@4c309923fa3b/UnityEditor.TestRunner/TestRun/Tasks/EditModeRunTask.cs:48)
UnityEditor.TestTools.TestRunner.TestRun.TestJobRunner:ExecuteStep () (at ./Library/PackageCache/com.unity.test-framework@4c309923fa3b/UnityEditor.TestRunner/TestRun/TestJobRunner.cs:194)
UnityEditor.TestTools.TestRunner.TestRun.TestJobRunner:ExecuteCallback () (at ./Library/PackageCache/com.unity.test-framework@4c309923fa3b/UnityEditor.TestRunner/TestRun/TestJobRunner.cs:129)
UnityEditor.EditorApplication:Internal_CallUpdateFunctions () (at /Users/bokken/build/output/unity/unity/Editor/Mono/EditorApplication.cs:463)

(Filename: Assets/Janseon/Foundation/Editor/RuntimeSlotPromoter.cs Line: 108)

Asset Pipeline Refresh (id=98ed5f8e95b7f468b86519cbb29f87fb): Total: 0.003 seconds - Initiated by StopAssetImportingV2(NoUpdateAssetOptions)
Asset Pipeline Refresh (id=1ddc3bf16943841c484aa0229d5193dd): Total: 0.017 seconds - Initiated by StopAssetImportingV2(NoUpdateAssetOptions)
Importing 'GUID: a505542a3a5bb4195aaeeb2ce3bb88a7 - Path: Assets/Janseon/ArtCandidates/UI/ImportProbe-b641c752dc4e42d196416180ce2e05dd' with importer (DefaultImporter)
Imported 'GUID: a505542a3a5bb4195aaeeb2ce3bb88a7' -> (Import Result ID: 'ebdd2f3201f31918b1646ba3cfa38d2c') in 0.001 seconds [static dependencies only]. Details - ImportResultOutputID=c44a8300fda4ccb5b86fe22957b09cd4 DependenciesID=544e02feb1b6b8965cf490681a87e73b StaticDependenciesID=b04dae6138ad3d17579b3d13fa959ad7 
Importing 'GUID: 5a994a337938d40cc8637b63e6daabe3 - Path: Assets/Janseon/ArtCandidates/UI/ImportProbe-b641c752dc4e42d196416180ce2e05dd/tile.png' with importer (TextureImporter)
Imported 'GUID: 5a994a337938d40cc8637b63e6daabe3' -> (Import Result ID: '101f337c560bfc8b11ae3c689b3793e9') in 0.001 seconds [static and dynamic dependencies]. Details - ImportResultOutputID=0bd40429beb34eaeb440c353d67403a1 DependenciesID=d834b60caf505cc7c9bef0a1d1e8ba8c StaticDependenciesID=a2eb00ec8d7ab9bbad118722f9dea763 
Asset Pipeline Refresh (id=90c32d501e804401b8b0a54679712522): Total: 0.020 seconds - Initiated by StopAssetImportingV2(NoUpdateAssetOptions)
Importing 'GUID: 5a994a337938d40cc8637b63e6daabe3 - Path: Assets/Janseon/ArtCandidates/UI/ImportProbe-b641c752dc4e42d196416180ce2e05dd/tile.png' with importer (TextureImporter)
Imported 'GUID: 5a994a337938d40cc8637b63e6daabe3' -> (Import Result ID: 'e7d3d493674f7ac4f1eab25305352849') in 0.001 seconds [static and dynamic dependencies]. Details - ImportResultOutputID=1325190e398768d887b7910197fc4cfd DependenciesID=71229a885f04228f147c21ba4f57be61 StaticDependenciesID=8615b797dc38a685d52c10b3b06e8736 
Asset Pipeline Refresh (id=964f9325f095a49938de10cf152c0d48): Total: 0.018 seconds - Initiated by StopAssetImportingV2(NoUpdateAssetOptions)
Asset Pipeline Refresh (id=91aaa0cb82b044b89a8da8b364220d45): Total: 0.015 seconds - Initiated by StopAssetImportingV2(NoUpdateAssetOptions)
Importing 'GUID: 3d2fd8928629b4ca898ef75d8b331e45 - Path: Assets/Janseon/ArtCandidates/UI/ImportProbe-d4e968b89d394615a350be9559abd685' with importer (DefaultImporter)
Imported 'GUID: 3d2fd8928629b4ca898ef75d8b331e45' -> (Import Result ID: 'f147544c74c7dccb51f93b9598cdbfb3') in 0.000 seconds [static dependencies only]. Details - ImportResultOutputID=3bdbd96fc11d9d105db5e11c37375c23 DependenciesID=eb74ef3eed77a88091a44f85f6b9bdfc StaticDependenciesID=f964e215d5f38e8a1c542309a4140eaf 
Importing 'GUID: 1956a751370644a77b2b33a476412428 - Path: Assets/Janseon/ArtCandidates/UI/ImportProbe-d4e968b89d394615a350be9559abd685/icon.png' with importer (TextureImporter)
Imported 'GUID: 1956a751370644a77b2b33a476412428' -> (Import Result ID: 'c23b28844883c5f9a738264d0ee02bb3') in 0.001 seconds [static and dynamic dependencies]. Details - ImportResultOutputID=d5f33dc6d7c643effcc48c23838d752e DependenciesID=d011d0d7f77009cd65b2d4b76a27cbd4 StaticDependenciesID=e4ee8d88e64cd36b0a0e5be0d2d65a76 
Asset Pipeline Refresh (id=add986bffe66a49e7852d63ae15edb18): Total: 0.018 seconds - Initiated by StopAssetImportingV2(NoUpdateAssetOptions)
Importing 'GUID: 1956a751370644a77b2b33a476412428 - Path: Assets/Janseon/ArtCandidates/UI/ImportProbe-d4e968b89d394615a350be9559abd685/icon.png' with importer (TextureImporter)
Imported 'GUID: 1956a751370644a77b2b33a476412428' -> (Import Result ID: 'd1bac3ba65c0ac924d2b03724f3bb6a0') in 0.001 seconds [static and dynamic dependencies]. Details - ImportResultOutputID=ee766c6775b8c6748d18efc74930c1b9 DependenciesID=0d2b6bb73a80f35d8abf593ef0cd4676 StaticDependenciesID=7cdd3669dc74ecc9a21f9e5b3baa9d47 
Asset Pipeline Refresh (id=e49baf040e2124d69b26e09ca4ad7896): Total: 0.018 seconds - Initiated by StopAssetImportingV2(NoUpdateAssetOptions)
Asset Pipeline Refresh (id=90807f7cb939f46749a3c20fb1c70085): Total: 0.015 seconds - Initiated by StopAssetImportingV2(NoUpdateAssetOptions)
Saving results to: /Users/ilseoblee/Library/Application Support/Janseon Studio/잔선_ 서울/TestResults.xml
Saving results to: /Users/ilseoblee/workspace/seoul-kenshi-wt/rtfc-phase-c/docs/verification/ulw-execute/rtfc/phase-c/simple-repair/final-editmode.xml
Executing IPostBuildCleanup for: Unity.PerformanceTesting.Editor.TestRunBuilder.
UnityEngine.Debug:ExtractStackTraceNoAlloc (byte*,int,string)
UnityEngine.StackTraceUtility:ExtractStackTrace () (at /Users/bokken/build/output/unity/unity/Runtime/Export/Scripting/StackTrace.cs:23)
UnityEngine.DebugLogHandler:Internal_Log (UnityEngine.LogType,UnityEngine.LogOption,string,UnityEngine.Object)
UnityEngine.DebugLogHandler:LogFormat (UnityEngine.LogType,UnityEngine.Object,string,object[])
UnityEngine.Logger:Log (UnityEngine.LogType,object)
UnityEngine.Debug:Log (object)
UnityEditor.TestTools.TestRunner.TestRun.Tasks.BuildActionTaskBase`1/<ExecuteMethods>d__8<UnityEngine.TestTools.IPostBuildCleanup>:MoveNext () (at ./Library/PackageCache/com.unity.test-framework@4c309923fa3b/UnityEditor.TestRunner/TestRun/Tasks/BuildActionTaskBase.cs:48)
UnityEditor.TestTools.TestRunner.TestRun.Tasks.BuildActionTaskBase`1/<Execute>d__7<UnityEngine.TestTools.IPostBuildCleanup>:MoveNext () (at ./Library/PackageCache/com.unity.test-framework@4c309923fa3b/UnityEditor.TestRunner/TestRun/Tasks/BuildActionTaskBase.cs:34)
UnityEditor.TestTools.TestRunner.TestRun.TestJobRunner:ExecuteStep () (at ./Library/PackageCache/com.unity.test-framework@4c309923fa3b/UnityEditor.TestRunner/TestRun/TestJobRunner.cs:194)
UnityEditor.TestTools.TestRunner.TestRun.TestJobRunner:ExecuteCallback () (at ./Library/PackageCache/com.unity.test-framework@4c309923fa3b/UnityEditor.TestRunner/TestRun/TestJobRunner.cs:129)
UnityEditor.EditorApplication:Internal_CallUpdateFunctions () (at /Users/bokken/build/output/unity/unity/Editor/Mono/EditorApplication.cs:463)

(Filename: ./Library/PackageCache/com.unity.test-framework@4c309923fa3b/UnityEditor.TestRunner/TestRun/Tasks/BuildActionTaskBase.cs Line: 48)

Unloading 0 Unused Serialized files (Serialized files now loaded: 0)
Unloading 65 unused Assets / (81.8 KB). Loaded Objects now: 5001.
Memory consumption went from 473.6 MB to 473.5 MB.
Total: 9.515750 ms (FindLiveObjects: 0.136083 ms CreateObjectMapping: 0.035792 ms MarkObjects: 8.926333 ms  DeleteObjects: 0.360208 ms)

DisplayProgressbar: Undo
Test run completed. Exiting with code 2 (Failed). One or more tests failed.
UnityEngine.Debug:ExtractStackTraceNoAlloc (byte*,int,string)
UnityEngine.StackTraceUtility:ExtractStackTrace () (at /Users/bokken/build/output/unity/unity/Runtime/Export/Scripting/StackTrace.cs:23)
UnityEngine.DebugLogHandler:Internal_Log (UnityEngine.LogType,UnityEngine.LogOption,string,UnityEngine.Object)
UnityEngine.DebugLogHandler:LogFormat (UnityEngine.LogType,UnityEngine.Object,string,object[])
UnityEngine.Logger:Log (UnityEngine.LogType,object)
UnityEngine.Debug:Log (object)
UnityEditor.TestTools.TestRunner.CommandLineTest.Executer:ExitApplication (UnityEditor.TestTools.TestRunner.CommandLineTest.Executer/ReturnCodes,string) (at ./Library/PackageCache/com.unity.test-framework@4c309923fa3b/UnityEditor.TestRunner/CommandLineTest/Executer.cs:81)
UnityEditor.TestTools.TestRunner.CommandLineTest.Executer:ExitIfRunIsCompleted () (at ./Library/PackageCache/com.unity.test-framework@4c309923fa3b/UnityEditor.TestRunner/CommandLineTest/Executer.cs:74)
UnityEditor.EditorApplication:Internal_CallUpdateFunctions () (at /Users/bokken/build/output/unity/unity/Editor/Mono/EditorApplication.cs:463)

(Filename: ./Library/PackageCache/com.unity.test-framework@4c309923fa3b/UnityEditor.TestRunner/CommandLineTest/Executer.cs Line: 81)

MonoPathRemapper: Attempts to remap: 65668; Successful remaps: 182
Serialized file version minimum: 0, current 23
Thread 0x16ba07000 may have been prematurely finalized
Killing ADB server in 0.023255 seconds.
Input System module state changed to: ShutdownInProgress.
Input Polling Thread exited.
Input System module state changed to: Shutdown.
Thread 0x16d217000 may have been prematurely finalized
Thread 0x16d2a3000 may have been prematurely finalized
Thread 0x16d32f000 may have been prematurely finalized
Thread 0x16d3bb000 may have been prematurely finalized
Thread 0x16d447000 may have been prematurely finalized
Thread 0x16d4d3000 may have been prematurely finalized
Thread 0x16d5eb000 may have been prematurely finalized
Thread 0x16d55f000 may have been prematurely finalized
Thread 0x16d677000 may have been prematurely finalized
Thread 0x16d703000 may have been prematurely finalized
Thread 0x16d78f000 may have been prematurely finalized
Thread 0x16d81b000 may have been prematurely finalized
Thread 0x16d8a7000 may have been prematurely finalized
Thread 0x16d933000 may have been prematurely finalized
Thread 0x16d9bf000 may have been prematurely finalized
Thread 0x16da4b000 may have been prematurely finalized
Thread 0x16dad7000 may have been prematurely finalized
[Physics::Module] Cleanup current backend.
[Physics::Module] Id: 0xf2b8ea05
[Licensing::IpcConnector] LicenseClient-ilseoblee-6000.7.0-notifications channel disconnected successfully.
[Licensing::IpcConnector] LicenseClient-ilseoblee-6000.7.0 channel disconnected successfully.
Shut down UDS service system complete
Lingering sessions upon destruction of worker manager
Unity Data Store service was successfully shut down
UDS shutting down local client system
AcceleratorClientConnectionCallback - disconnected - :0
Cleanup mono
CodeReloadManager destroyed
debugger-agent: Unable to listen on 52
[usbmuxd] Stop listen thread
[usbmuxd] Error: 
[usbmuxd] Listen thread exiting
